setting,b_cap,head_lr,backbone_lr,train_sampling_mode,unfreeze_scope,train_threshold,train_size,init_head,train_mae_mean,train_mae_std,train_mae_count,train_rmse_mean,train_rmse_std,train_rmse_count,train_pearson_mean,train_pearson_std,train_pearson_count,train_spearman_mean,train_spearman_std,train_spearman_count,train_r2_mean,train_r2_std,train_r2_count,train_pearson_sq_mean,train_pearson_sq_std,train_pearson_sq_count,train_loss_standardized_mean,train_loss_standardized_std,train_loss_standardized_count,val_mae_mean,val_mae_std,val_mae_count,val_rmse_mean,val_rmse_std,val_rmse_count,val_pearson_mean,val_pearson_std,val_pearson_count,val_spearman_mean,val_spearman_std,val_spearman_count,val_r2_mean,val_r2_std,val_r2_count,val_pearson_sq_mean,val_pearson_sq_std,val_pearson_sq_count,val_loss_standardized_mean,val_loss_standardized_std,val_loss_standardized_count,test_mae_mean,test_mae_std,test_mae_count,test_rmse_mean,test_rmse_std,test_rmse_count,test_pearson_mean,test_pearson_std,test_pearson_count,test_spearman_mean,test_spearman_std,test_spearman_count,test_r2_mean,test_r2_std,test_r2_count,test_pearson_sq_mean,test_pearson_sq_std,test_pearson_sq_count,test_loss_standardized_mean,test_loss_standardized_std,test_loss_standardized_count,best_epoch_mean,best_epoch_std,best_epoch_count,best_val_loss_standardized_mean,best_val_loss_standardized_std,best_val_loss_standardized_count,initial_trainable_params_mean,initial_trainable_params_std,initial_trainable_params_count,final_trainable_params_mean,final_trainable_params_std,final_trainable_params_count
B1_no_RC,,0.0002,1e-05,hq_first,branched_only,1,161,HepG2,0.1976633332669735,0.011305514577889213,4,0.2693074345588684,0.008029312900086225,4,0.31499306936551724,0.08012816499748175,4,0.24809332354855154,0.10696245846439573,4,0.07552875344658819,0.0746703209778396,4,0.10403602586770731,0.053814412927116057,4,0.9187292009592056,0.07420644900014141,4,0.25182200968265533,0.0013600670137956957,4,0.3349587693810463,0.0012377975677648617,4,0.31835364248972664,0.011001910883087085,4,0.260054855176982,0.014165109877173378,4,0.10065419064879333,0.00663566642785505,4,0.10143982321878622,0.007115729463176113,4,1.420819103717804,0.09045704775000203,4,0.21913811191916466,0.003131250453446266,4,0.28811217844486237,0.004049838485190326,4,0.2833416582596413,0.030370738402563806,4,0.2400776491487774,0.017456122240178826,4,0.06888041004309584,0.026001267924298858,4,0.0809742816186611,0.018109461726456638,4,1.051505297422409,0.07619316445554766,4,31.25,24.62214450449026,4,1.420819103717804,0.09045704775000203,4,179761.0,0.0,4,179761.0,0.0,4
B1_no_RC,,0.0002,1e-05,hq_first,branched_only,1,161,K562,0.19627268612384796,0.006695513774870416,4,0.2686336860060692,0.006445051247185086,4,0.30707357147192427,0.09570011875745514,4,0.23746087043760916,0.0725074057688797,4,0.07934870081810139,0.08428133449399913,4,0.10116306284416626,0.05844089383438426,4,0.9149329662322998,0.08375783410705483,4,0.2528458386659622,0.0020857449206449176,4,0.333868607878685,0.002016385635184382,4,0.3290913966531182,0.019419305118898802,4,0.23411503287696458,0.018944216303847402,4,0.10648340616781721,0.01077512414347634,4,0.10858397940957563,0.013041101124672116,4,1.4120619595050812,0.09974977286668758,4,0.21177935600280762,0.003612446086984455,4,0.2816568911075592,0.0036166204542261234,4,0.3386619425767903,0.02847604671086806,4,0.3021243350634365,0.026122962292757724,4,0.11015910297010603,0.02285037009972412,4,0.11530007527709486,0.01928626815753471,4,1.0057816356420517,0.08661730510034318,4,40.25,24.046829312822098,4,1.4120619595050812,0.09974977286668758,4,179761.0,0.0,4,179761.0,0.0,4
B1_no_RC,,0.0002,1e-05,hq_first,branched_only,1,161,SKNSH,0.1980845034122467,0.00945659467219469,4,0.26982245594263077,0.00484654866228508,4,0.3021005095014393,0.07093765478064243,4,0.2053076067576163,0.10293371713237806,4,0.07225434005000625,0.0638941484675392,4,0.09503883099036241,0.04220693256971532,4,0.9219832718372345,0.06349723392196922,4,0.2524925544857979,0.0016006959740292382,4,0.33616428822278976,0.0018909511776133514,4,0.31096119278918516,0.012411279641937011,4,0.26577371395798816,0.008367941939262288,4,0.09415680555882022,0.01019166655161415,4,0.09681239331763555,0.007728071923514615,4,1.431638091802597,0.10253229111991069,4,0.21490154787898064,0.002070623264088593,4,0.2840902805328369,0.003070687825041031,4,0.31602874011373505,0.02184977049379083,4,0.25519865127811336,0.01158190984667447,4,0.09474963264580313,0.019588577166358253,4,0.10023222393084819,0.013834397512724994,4,1.0227925181388855,0.08043326383149572,4,33.75,23.371991785040485,4,1.431638091802597,0.10253229111991069,4,179761.0,0.0,4,179761.0,0.0,4
B1_no_RC,,0.0002,1e-05,hq_first,branched_only,1,322,HepG2,0.20000100508332253,0.006904404059647624,4,0.27013396471738815,0.010525903124654958,4,0.34447845549750694,0.10308020898928853,4,0.24917485205338702,0.06910112213578988,4,0.10894960566786058,0.08490141891849712,4,0.1266345534159044,0.08052622243475642,4,0.8882831484079361,0.08463777192402812,4,0.25079815834760666,0.0036759305618827144,4,0.33342427760362625,0.004386380125098042,4,0.3309760799814866,0.0357916654089633,4,0.2668913328795055,0.02157166182453203,4,0.10876876816711928,0.02329384784271589,4,0.11050594800447179,0.024964214438016327,4,1.3509416282176971,0.06409167353487534,4,0.21687833964824677,0.006805442184996405,4,0.2857005298137665,0.008545164511679474,4,0.3037483615038554,0.06973083967143445,4,0.24976419606368938,0.03403224710895239,4,0.08392442495689581,0.053964966190953055,4,0.09590985961723933,0.047118097995597255,4,0.9929260760545731,0.0784979049251777,4,25.75,28.86029567878102,4,1.3509416282176971,0.06409167353487534,4,179761.0,0.0,4,179761.0,0.0,4
B1_no_RC,,0.0002,1e-05,hq_first,branched_only,1,322,K562,0.19484981521964073,0.0074652559014630766,4,0.26253943890333176,0.009218188879980037,4,0.4038762154947151,0.09127076736112281,4,0.29705536079787065,0.04744668485333558,4,0.15865367780344838,0.07653452851968519,4,0.1693637621733497,0.0681355692472089,4,0.8387333899736404,0.0762968747717493,4,0.24873456358909607,0.0039004729077102003,4,0.32968514412641525,0.0038152760724832714,4,0.36606949205393824,0.03120837866192508,4,0.26779565996776766,0.030629495116856798,4,0.12867140357475293,0.020214708526806485,4,0.13473734518665792,0.022088111052293354,4,1.3207285702228546,0.059857129167592005,4,0.2062651626765728,0.005596913096368362,4,0.2747320160269737,0.006277457567053819,4,0.4012971847624123,0.0521514787162466,4,0.33043039857142165,0.027906600799102274,4,0.15315006572239728,0.03903296919605873,4,0.163079263047456,0.03939617707694188,4,0.9176522493362427,0.06083219318756843,4,53.5,27.718826333979823,4,1.3207285702228546,0.059857129167592005,4,179761.0,0.0,4,179761.0,0.0,4
B1_no_RC,,0.0002,1e-05,hq_first,branched_only,1,322,SKNSH,0.19945107772946358,0.0048880797176691715,4,0.26978588849306107,0.007029997898114592,4,0.34824230328646516,0.0743477583411564,4,0.23908075214596186,0.04278602629781678,4,0.11241436681782391,0.058504814658517326,4,0.12541839367602864,0.053734796993323335,4,0.8848292082548141,0.05832313366689021,4,0.2503596358001232,0.0036222433556236428,4,0.33356404304504395,0.004423514914776628,4,0.3332690930373009,0.034506168755838194,4,0.27852474771572755,0.018039878282889915,4,0.10801957325220529,0.02362653673890097,4,0.11196129513555993,0.023158058417130176,4,1.3518979251384735,0.05945882378069402,4,0.21192456409335136,0.005228985028406641,4,0.2806524410843849,0.006615559803147588,4,0.34925898603639294,0.056841189906491174,4,0.26765864859283883,0.024443660760929777,4,0.11623558524986494,0.04158555893359869,4,0.12440502997965867,0.04002881903394789,4,0.9574458748102188,0.05928536452725893,4,40.75,32.62284475639732,4,1.3518979251384735,0.05945882378069402,4,179761.0,0.0,4,179761.0,0.0,4
B1_no_RC,,0.0002,1e-05,hq_first,branched_only,1,643,HepG2,0.20187179371714592,0.0014932272681196003,4,0.27114640176296234,0.0025878376188702675,4,0.44925550655110424,0.012043909022443263,4,0.30884058546362037,0.00820173374551021,4,0.2006813910076922,0.01006980066832317,4,0.20193930197489496,0.010772950607065554,4,0.7980755120515823,0.010054134142722769,4,0.2434200532734394,0.0005852794919037307,4,0.3236532136797905,0.0004193094311539558,4,0.40188787419386185,0.0035696253235446393,4,0.3177876296252844,0.007471857799597873,4,0.16034678588870138,0.002175177786374377,4,0.1615234200927742,0.0028681209618252866,4,1.137267917394638,0.02242518874820721,4,0.20554789900779724,0.0017939580432499533,4,0.27100785076618195,0.0012201420656907682,4,0.42196995040160734,0.008808305537030972,4,0.29321096171132727,0.012686923666922593,4,0.1762636440867402,0.0074293163301550015,4,0.1781168287267602,0.007381019234825074,4,0.7973242253065109,0.012167252160679168,4,67.75,1.8929694486000928,4,1.137267917394638,0.02242518874820721,4,179761.0,0.0,4,179761.0,0.0,4
B1_no_RC,,0.0002,1e-05,hq_first,branched_only,1,643,K562,0.20448289811611176,0.0010524642462327316,4,0.27444324642419815,0.002803062821638001,4,0.42866737742997896,0.017695688542994744,4,0.2805911622089674,0.012480446810619392,4,0.1810385005791609,0.017822004815007095,4,0.18399057351745407,0.01491680049926081,4,0.8176878243684769,0.017794256889370395,4,0.24420035630464554,0.0009147536266197251,4,0.32417868077754974,0.0006960964936370362,4,0.39917085402676133,0.0022228983950732055,4,0.2972741210743982,0.006744655983450315,4,0.15761623970091382,0.0036196756996625737,4,0.1593410766624101,0.0017743310711820209,4,1.1410261392593384,0.026570350505582235,4,0.20207520201802254,0.00043154653505463324,4,0.26907040923833847,0.00015872807063009296,4,0.43548824395834873,0.0023575827928863182,4,0.3234995202049057,0.00443579663131496,4,0.18801148776219975,0.0009583019435285726,4,0.18965417927339523,0.0020514757489524665,4,0.7860254496335983,0.015656060183591045,4,66.25,3.774917217635375,4,1.1410261392593384,0.026570350505582235,4,179761.0,0.0,4,179761.0,0.0,4
B1_no_RC,,0.0002,1e-05,hq_first,branched_only,1,643,SKNSH,0.2070031836628914,0.0032397245948940978,4,0.2787844389677048,0.005366074774824798,4,0.39484156062757164,0.04688124528959042,4,0.26587058998039503,0.028478733838758707,4,0.15465565430569833,0.036618171959665664,4,0.15754824636874337,0.03593260411413321,4,0.8440296649932861,0.036561257976584605,4,0.2470969669520855,0.001525606097061991,4,0.3282240033149719,0.0023905760939140937,4,0.3699472839031074,0.01669379692541407,4,0.3082782312207449,0.004876942555280319,4,0.136429979782704,0.012573825575189412,4,0.13707000500912658,0.012350075405031769,4,1.1697478592395782,0.0331298916826164,4,0.2070840634405613,0.0028589544157125936,4,0.2730650156736374,0.0033815999932898444,4,0.4054674142087578,0.025909811708869912,4,0.2879941397687717,0.013064874862746826,4,0.16362702901875179,0.02075848615197046,4,0.1649073127422282,0.02066776427546954,4,0.8097380697727203,0.030265550112619163,4,57.75,16.17353805861084,4,1.1697478592395782,0.0331298916826164,4,179761.0,0.0,4,179761.0,0.0,4
B1_no_RC,,0.0002,1e-05,hq_first,branched_only,1,1125,HepG2,0.2410898543894291,0.0023331621576430472,4,0.3184777647256851,0.0022119098408015176,4,0.4288528497966886,0.02133583415693524,4,0.3239642223122685,0.03333465564779917,4,0.18200908660021248,0.017336266817390745,4,0.18425618014312029,0.018055704339787912,4,0.8172638267278671,0.01732093883308954,4,0.2447492815554142,0.0005756951652261877,4,0.32510732114315033,0.0014946832819431992,4,0.3943022804054804,0.010373456669755112,4,0.3098690582361824,0.01756290843896711,4,0.15277262360026977,0.007797444468759331,4,0.15555499478542154,0.008133002862285238,4,0.8516098409891129,0.014511782638966684,4,0.2039414718747139,0.0015170520285445912,4,0.2696645259857178,0.0015003355424107884,4,0.43223971922647775,0.008816963319290598,4,0.3186025642193364,0.011199231051710164,4,0.18440299229225116,0.00905997432861775,4,0.1868894790086146,0.007689335452362442,4,0.5858717709779739,0.006146975176317269,4,46.0,2.160246899469288,4,0.8516098409891129,0.014511782638966684,4,179761.0,0.0,4,179761.0,0.0,4
B1_no_RC,,0.0002,1e-05,hq_first,branched_only,1,1125,K562,0.24219893664121628,0.0018986784893690277,4,0.320127435028553,0.002399743943284073,4,0.4186285665606234,0.02559102741301244,4,0.30005725636463565,0.0381250684603402,4,0.1734825714468665,0.019651154502819897,4,0.17574105225364248,0.021050844716896333,4,0.8257827758789062,0.019633757828685244,4,0.2450028881430626,0.0012817670631426554,4,0.3243853524327278,0.001824239939070109,4,0.4005464844017859,0.011531217926784427,4,0.30699078423836285,0.02148031701200979,4,0.1565246721398033,0.00948913204985905,4,0.16053721290678638,0.009239255946156336,4,0.8478236943483353,0.014343884789855913,4,0.20286371558904648,0.0014122374873084737,4,0.26877060532569885,0.0009776620200605019,4,0.43922621770085335,0.007756285495048427,4,0.3113242398813907,0.01044084773621928,4,0.18981211212497398,0.005893175883275344,4,0.19296479028930796,0.006834381676828493,4,0.5819868594408035,0.0037663529011951686,4,48.75,3.095695936834451,4,0.8478236943483353,0.014343884789855913,4,179761.0,0.0,4,179761.0,0.0,4
B1_no_RC,,0.0002,1e-05,hq_first,branched_only,1,1125,SKNSH,0.24243682995438576,0.0014966342118211662,4,0.3194608986377716,0.002656240834927788,4,0.42274730387616216,0.029085432984700427,4,0.30559936382536723,0.04707742703231162,4,0.1768576791742158,0.023182337303885598,4,0.17934975474349482,0.024362471396604878,4,0.8224106729030609,0.02316183972745355,4,0.24595659971237183,0.0010182949134136213,4,0.32658977061510086,0.0014146904873163764,4,0.38403085282212585,0.009236927174834045,4,0.29700709016723237,0.010916310027595988,4,0.14502998345250945,0.007419945158305253,4,0.14754368653701416,0.007018660115792408,4,0.8594072610139847,0.015528903192310947,4,0.20373054593801498,0.002737868682772382,4,0.2690557986497879,0.0012958919825864816,4,0.4364969857838117,0.008026237096154026,4,0.2973585915150037,0.009206618951193193,4,0.18808574947224188,0.00783291252633308,4,0.19057793395979586,0.00695049180279526,4,0.5832345485687256,0.006291907237919141,4,56.5,4.654746681256313,4,0.8594072610139847,0.015528903192310947,4,179761.0,0.0,4,179761.0,0.0,4
B1_no_RC,,0.0002,1e-05,hq_first,branched_only,1,1608,HepG2,0.25796154141426086,0.005455049722181993,4,0.33754292130470276,0.008372138199532995,4,0.4151106841473171,0.011779977805018644,4,0.31626651127796856,0.012671209238267356,4,0.17046457336837015,0.010556279745564008,4,0.17242095600106871,0.009824119786231036,4,0.8290195316076279,0.010549693797701152,4,0.24499748274683952,0.0007579383274752059,4,0.3248630240559578,0.00106090384435157,4,0.3982196105953709,0.006723317507215135,4,0.3115648655262161,0.016919888839998027,4,0.15405210836910704,0.005516595099054484,4,0.15861276051145598,0.005364547706963,4,0.7685060352087021,0.024704633405359427,4,0.20339902117848396,0.0010391271274954518,4,0.2690572515130043,0.0002899145018845781,4,0.4381088720532242,0.005665371481665813,4,0.32945877332574325,0.02376625785022345,4,0.18809034836772656,0.0017496180730785264,4,0.1919634560972673,0.004989088686846581,4,0.5272576808929443,0.02074105062278341,4,38.75,5.852349955359813,4,0.7685060352087021,0.024704633405359427,4,179761.0,0.0,4,179761.0,0.0,4
B1_no_RC,,0.0002,1e-05,hq_first,branched_only,1,1608,K562,0.2583119794726372,0.0059108324920195306,4,0.3382178097963333,0.00859482856797561,4,0.4102470616194538,0.018662702716523368,4,0.3050838936385227,0.013551510805191649,4,0.1671058055368683,0.015619607417769675,4,0.1685638739219099,0.015558612149529154,4,0.8323762565851212,0.01560981315091716,4,0.24571997672319412,0.0017447599080714924,4,0.32452479004859924,0.0022674068981427763,4,0.4009687879444585,0.014918818228439979,4,0.31748844880321275,0.02061212985025022,4,0.15578855496679053,0.011764354358170678,4,0.16094289725864808,0.012074384062676104,4,0.7667788416147232,0.019834818810181072,4,0.20362893864512444,0.001073465389086701,4,0.2690379396080971,0.0014454417300276397,4,0.4394589091089614,0.006949820757234365,4,0.3151226171015914,0.014142363774107092,4,0.1881900433634036,0.008722418130993264,4,0.1931603578016567,0.0060882512956212135,4,0.5272602140903473,0.023540788289169837,4,45.25,11.954775893619532,4,0.7667788416147232,0.019834818810181072,4,179761.0,0.0,4,179761.0,0.0,4
B1_no_RC,,0.0002,1e-05,hq_first,branched_only,1,1608,SKNSH,0.25951648503541946,0.004140476397672626,4,0.339122973382473,0.006173603182594722,4,0.4063303109231369,0.004159522064112358,4,0.3066852845270176,0.010678341268776844,4,0.16255014228264913,0.0027500967189286224,4,0.16511729779274448,0.00337374141740726,4,0.8369290828704834,0.0027483611340092576,4,0.2460905984044075,0.0007858089104412191,4,0.32637307792901993,0.0014784833947289193,4,0.38881161510590345,0.01151754210326713,4,0.2982928703959248,0.018083654086431325,4,0.14616310557510206,0.007722327776530633,4,0.1512739623733366,0.008959897078416238,4,0.7756731510162354,0.025411629359716956,4,0.20400170609354973,0.0013419854788006664,4,0.2690667510032654,0.0009218815584521226,4,0.4379674963188835,0.009637690326315344,4,0.30368219114243755,0.017132397233597135,4,0.18802660837311144,0.0055708814685578355,4,0.19188519163795068,0.008449814198347031,4,0.5273454785346985,0.022575614141280162,4,44.0,6.164414002968977,4,0.7756731510162354,0.025411629359716956,4,179761.0,0.0,4,179761.0,0.0,4
B1_no_RC,,0.0002,1e-05,hq_first,branched_only,1,2411,HepG2,0.2707193046808243,0.0019589130209511736,4,0.35246332734823227,0.003410000985351762,4,0.3839012568015201,0.004725153032604078,4,0.2851120084983979,0.008314474631500163,4,0.1456781610607162,0.003882182421539433,4,0.14739692027717283,0.003619870421581651,4,0.8539673984050751,0.0038805352082179802,4,0.24423138797283173,0.00022473456503052292,4,0.32487568259239197,0.0003810616922720385,4,0.39853742967954786,0.00525871873670655,4,0.3155299056950783,0.0098992178966932,4,0.1539921202105633,0.0019852479622725185,4,0.1588528234476444,0.004197572787763696,4,0.7256195247173309,0.010547093245338684,4,0.2030405029654503,0.0006741227051543017,4,0.26898307353258133,0.00044063837432632973,4,0.4376960944602963,0.00422667273510263,4,0.3317771016451059,0.00648543452231906,4,0.1885371206120266,0.0026602387536143407,4,0.19159126967760384,0.003707641206376018,4,0.4974093586206436,0.006093829159010366,4,23.25,2.7537852736430515,4,0.7256195247173309,0.010547093245338684,4,179761.0,0.0,4,179761.0,0.0,4
B1_no_RC,,0.0002,1e-05,hq_first,branched_only,1,2411,K562,0.27014487981796265,0.0018290349653742332,4,0.35203228890895844,0.003254043458901965,4,0.3864219800342164,0.00631273551677208,4,0.28696760924712766,0.010638505413481422,4,0.1477578526891756,0.00478454619821485,4,0.1493518346258429,0.004882930680903603,4,0.8518886119127274,0.004782521256018447,4,0.24506346136331558,0.0009981462746698295,4,0.32475467026233673,0.0005917147555294092,4,0.3991280147722021,0.004603748639956279,4,0.31541943015672547,0.011047326499659381,4,0.15462099740680288,0.0030819870987834628,4,0.15931906805215412,0.003664485527806783,4,0.7250559031963348,0.008284256652059403,4,0.2031225599348545,0.001214317074427158,4,0.2681259736418724,0.001044669314045156,4,0.4437412267974532,0.007776965674356901,4,0.3271828518706942,0.013596074987783363,4,0.193692639230864,0.006284883921947096,4,0.19695163725603387,0.006900800954251726,4,0.49422550201416016,0.004205896054627203,4,30.0,5.477225575051662,4,0.7250559031963348,0.008284256652059403,4,179761.0,0.0,4,179761.0,0.0,4
B1_no_RC,,0.0002,1e-05,hq_first,branched_only,1,2411,SKNSH,0.26978325843811035,0.002733878730623955,4,0.350761815905571,0.0038925091959657494,4,0.39457913887333385,0.013839019529600444,4,0.29679564464252517,0.010706790427770447,4,0.15388689560756166,0.010048044110695455,4,0.15583633568017716,0.010893219954653855,4,0.8457621037960052,0.010043893872353625,4,0.24508149176836014,0.0003773154835618814,4,0.3259253054857254,0.000471629349982311,4,0.39144615662045273,0.004419450522318293,4,0.3090582994636337,0.008018493493361041,4,0.1485161376621545,0.002462708690450967,4,0.15324474219011341,0.003472858361412672,4,0.7303112000226974,0.010239300143354297,4,0.2048380821943283,0.001108813643404293,4,0.26903656870126724,0.0010754990780434878,4,0.4375402522049487,0.007424443952809559,4,0.31151403392815347,0.01616733193062704,4,0.18820619175777592,0.006489626263335385,4,0.1914828140755764,0.00651012415597551,4,0.49759797006845474,0.005618635792283884,4,35.75,6.3966136874651625,4,0.7303112000226974,0.010239300143354297,4,179761.0,0.0,4,179761.0,0.0,4
B1_no_RC,,0.0002,1e-05,hq_first,branched_only,1,3215,HepG2,0.2787843123078346,0.0005437325828413289,4,0.3618437349796295,0.0008228672057125127,4,0.36262788595531387,0.00470149422201652,4,0.2756280878324393,0.0031634799389173335,4,0.13057206355257392,0.003957453715950051,4,0.13151556170835987,0.003395160754374224,4,0.8691575080156326,0.003956237286404437,4,0.2450668141245842,0.0002462451727048836,4,0.32564903795719147,0.00018437409251936246,4,0.395790339502164,0.0005889347568372471,4,0.32109930367032596,0.0042037790170618245,4,0.14996021958312034,0.0009625252265324568,4,0.15665025297634913,0.0004659490602216898,4,0.7039703279733658,0.0007971051534667022,4,0.20385495200753212,0.00043719969129046946,4,0.2697034850716591,0.0006942135438005372,4,0.4357148342029648,0.006004522907377619,4,0.33833601271156083,0.004684944991057665,4,0.18418219304881128,0.004204877484524751,4,0.18987445746602605,0.005197553319850276,4,0.4828697144985199,0.0024888208065367958,4,20.0,2.160246899469287,4,0.7039703279733658,0.0007971051534667022,4,179761.0,0.0,4,179761.0,0.0,4
B1_no_RC,,0.0002,1e-05,hq_first,branched_only,1,3215,K562,0.2786909341812134,0.0007322532914671924,4,0.36221039295196533,0.0009851632941699888,4,0.3598145339959981,0.006546505349732432,4,0.27106536383675556,0.0062113990163433315,4,0.12880771227903776,0.004735862389232116,4,0.12949864142397782,0.004726543397603974,4,0.8709213137626648,0.004734376366122095,4,0.24553019553422928,0.0004395836562250932,4,0.325335793197155,0.0002985352542009938,4,0.39679596530980543,0.0017440158758117628,4,0.32672173612503635,0.0019791729831891303,4,0.15159438894929103,0.0015562680874335781,4,0.15744931927967165,0.0013848388984599213,4,0.7026170194149017,0.0012888452545786666,4,0.203206367790699,0.0002923929923949723,4,0.2686161547899246,0.00028070478919696765,4,0.4419356324624623,0.0011157435970622132,4,0.3321306131460279,0.0058846878106555926,4,0.19075033906402164,0.001692077610602726,4,0.19530803690282736,0.0009852786427209767,4,0.4789821207523346,0.001001528764578448,4,22.0,3.1622776601683795,4,0.7026170194149017,0.0012888452545786666,4,179761.0,0.0,4,179761.0,0.0,4
B1_no_RC,,0.0002,1e-05,hq_first,branched_only,1,3215,SKNSH,0.2786918878555298,0.0009451481122852301,4,0.3613166958093643,0.0012579912876882157,4,0.3666764707175585,0.009600278708804647,4,0.28271805529371924,0.008659997811749868,4,0.13309837329100632,0.00603379318594681,4,0.13452075819134957,0.0070682292671793495,4,0.8666320294141769,0.006031903387412551,4,0.24517180770635605,0.00032831983133611305,4,0.3259657248854637,0.00026036011627276714,4,0.39319749477326316,0.0029453055203413287,4,0.31896672659586084,0.0032093024340752825,4,0.14830585622715914,0.0013606557151690513,4,0.15461077601442644,0.002307625348349768,4,0.7053404599428177,0.0011268402293438304,4,0.2041938230395317,0.000760246550801578,4,0.26902735233306885,0.0005657265921734066,4,0.4394415365208355,0.002129251475413422,4,0.3193539640865258,0.01538074911665798,4,0.18826881686863717,0.003415936435453993,4,0.19311226430367695,0.001873509265347226,4,0.48045090585947037,0.0020218374410429884,4,28.25,6.3966136874651625,4,0.7053404599428177,0.0011268402293438304,4,179761.0,0.0,4,179761.0,0.0,4
B1_no_RC,,0.0002,1e-05,hq_first,conv3_plus,1,161,HepG2,0.18085290864109993,0.018550542002665087,4,0.24817105755209923,0.02031129884382103,4,0.46114115813601314,0.17706746416394167,4,0.38166405107051377,0.182414187192692,4,0.20662969879527573,0.16965433820281609,4,0.23616583287611004,0.16363767254384978,4,0.78844253718853,0.16860054513534653,4,0.25168926268815994,0.001089505928110999,4,0.33436862379312515,0.0015104607809669005,4,0.32467160113195503,0.01395645750404125,4,0.26476315568998576,0.013373278105748301,4,0.10381585730682791,0.008084821990979886,4,0.10555773561113388,0.009142872083717314,4,1.4161238968372345,0.09642184097742525,4,0.21916721761226654,0.002253396481640005,4,0.2868216037750244,0.004019394858173509,4,0.3005825277422021,0.03855958557204272,4,0.25407451385691904,0.025460571641782476,4,0.07720425408981171,0.025826995499761595,4,0.09146498721350749,0.02339923814405075,4,1.0428039729595184,0.08724439422484961,4,39.0,26.217042802980913,4,1.4161238968372345,0.09642184097742525,4,179761.0,0.0,4,3063361.0,0.0,4
B1_no_RC,,0.0002,1e-05,hq_first,conv3_plus,1,161,K562,0.1825946643948555,0.014778820234610726,4,0.2503432296216488,0.019030954221999064,4,0.43336263615499526,0.1693137161811476,4,0.3567523615396562,0.14480304287743484,4,0.1947412793443102,0.15569807299353808,4,0.20930352528050947,0.14581940193477833,4,0.800257071852684,0.15473094022043,4,0.25352809578180313,0.001459959950965917,4,0.33346039801836014,0.0030067671438241935,4,0.3323862050493208,0.025030251640265882,4,0.2346904085431555,0.018529994200754577,4,0.10863699184352052,0.016006633615529745,4,0.11095047442997041,0.017175226327877952,4,1.4086221754550934,0.10080662578255534,4,0.21174338087439537,0.003429444431693011,4,0.2813619449734688,0.003647018573873278,4,0.34546233462730114,0.033636845213271226,4,0.31164312823266843,0.03289755443884226,4,0.1120196174945329,0.023015993757820565,4,0.12019280266307159,0.023269408045363302,4,1.003688469529152,0.08670833409248661,4,40.5,24.677925358506133,4,1.4086221754550934,0.10080662578255534,4,179761.0,0.0,4,3063361.0,0.0,4
B1_no_RC,,0.0002,1e-05,hq_first,conv3_plus,1,161,SKNSH,0.19142211601138115,0.011734589532629328,4,0.260628130286932,0.008933696743087095,4,0.3809987577364935,0.11250136067038254,4,0.2805995269529607,0.13225903553326587,4,0.13231349061564893,0.09817463806104587,4,0.1546524705112669,0.08598326720719002,4,0.8622971624135971,0.09756485125212408,4,0.25286487489938736,0.0014561475858956173,4,0.33615928143262863,0.001839355571223244,4,0.3126949341652695,0.01241467097572725,4,0.2666057865783304,0.005906997843811796,4,0.09418496758403988,0.009915360893061434,4,0.0978937148941989,0.007773082713722505,4,1.4316459894180298,0.10324343080905708,4,0.21515419706702232,0.0022209228692413453,4,0.2838612496852875,0.003102466910605816,4,0.3201415410612097,0.023684732598242986,4,0.25617711968527024,0.01041060232671091,4,0.09620694249262363,0.01978264702031427,4,0.1029113312317339,0.015204070975922256,4,1.0213150084018707,0.08292675886541698,4,28.5,15.716233645501712,4,1.4316459894180298,0.10324343080905708,4,179761.0,0.0,4,3063361.0,0.0,4
B1_no_RC,,0.0002,1e-05,hq_first,conv3_plus,1,322,HepG2,0.176231250166893,0.01751320424677271,4,0.2400539442896843,0.02205100793938578,4,0.5416322154867526,0.1531829063734026,4,0.4786910441992266,0.14912324857340314,4,0.29200837958810266,0.14739047493956964,4,0.3109642089568399,0.14301120096499018,4,0.7057928442955017,0.14693272607064312,4,0.2486635074019432,0.0027788710063423767,4,0.33111804723739624,0.002953025388607606,4,0.3514014221606205,0.024197800785597006,4,0.2735098529587918,0.012436785372070836,4,0.12111673425767652,0.015732376773030344,4,0.12392210966865118,0.01643365891964414,4,1.3319334089756012,0.04899955152855781,4,0.21470868587493896,0.004685717615422046,4,0.281258299946785,0.0063328351800659025,4,0.35120512950880245,0.05456403528120471,4,0.27619321148340864,0.02552806454136388,4,0.11244825545777404,0.04040063477525615,4,0.12557796845292113,0.035391195176024584,4,0.9615938812494278,0.060253511979968206,4,40.0,20.688160865577203,4,1.3319334089756012,0.04899955152855781,4,179761.0,0.0,4,3063361.0,0.0,4
B1_no_RC,,0.0002,1e-05,hq_first,conv3_plus,1,322,K562,0.17373954504728317,0.018383228703701283,4,0.23719124495983124,0.02195986757792869,4,0.5510470021001914,0.15682557302210098,4,0.4886413823029578,0.1575510729676795,4,0.3087769903752832,0.14467126034391523,4,0.32209849378889105,0.14828743004886957,4,0.689076378941536,0.1442219771625765,4,0.24885286763310432,0.0030494264878331255,4,0.3289102390408516,0.0036706599889937356,4,0.3654321113398084,0.0286719651016185,4,0.2568171079821005,0.022565184255427,4,0.13276874208312214,0.019462505580270135,4,0.13415718918536146,0.020152915757348875,4,1.314354568719864,0.05428818553554284,4,0.20650304853916168,0.0047326859083753805,4,0.2743195667862892,0.005881916696144053,4,0.3991582158714,0.04876268612743648,4,0.33185724958181584,0.030230198587715838,4,0.1557303422302915,0.03656885169532722,4,0.16111063096641132,0.03673153556928327,4,0.9146663993597031,0.055077826250944574,4,45.25,22.425803590209796,4,1.314354568719864,0.05428818553554284,4,179761.0,0.0,4,3063361.0,0.0,4
B1_no_RC,,0.0002,1e-05,hq_first,conv3_plus,1,322,SKNSH,0.17487956583499908,0.019908043293880583,4,0.23963425308465958,0.023470711822309843,4,0.5363157092811246,0.1621122085303921,4,0.47594393702186577,0.1653463364844403,4,0.2935425261772716,0.15696469134779562,4,0.30734481613766673,0.1495561003301682,4,0.7042635083198547,0.15647719206194796,4,0.248975969851017,0.003422798248140817,4,0.3311625346541405,0.004055223831927718,4,0.3538253220425105,0.033090326545651465,4,0.27703464992179155,0.011583503090692835,4,0.12083411864072915,0.021642573896713528,4,0.12601358580165964,0.022566585655504998,4,1.3325493931770325,0.059891163490316895,4,0.20859294012188911,0.005842368880876942,4,0.2750142961740494,0.007749858674679762,4,0.3959454882709354,0.06263991569416962,4,0.28052501695022825,0.022551416649592478,4,0.15123587999725738,0.04832418124674497,4,0.15971564896073895,0.045895702287018794,4,0.9196910858154297,0.06788639894657073,4,49.0,26.242459234352765,4,1.3325493931770325,0.059891163490316895,4,179761.0,0.0,4,3063361.0,0.0,4
B1_no_RC,,0.0002,1e-05,hq_first,conv3_plus,1,643,HepG2,0.18599103763699532,0.004271242543075957,4,0.25190623104572296,0.005097302125465955,4,0.5617820401901432,0.01406359147386882,4,0.44738408423550324,0.03777871118322077,4,0.3101740611072257,0.015207050352154534,4,0.3157473991340576,0.01580881437754457,4,0.688753142952919,0.015183367718305108,4,0.24504968523979187,0.0009764708362914702,4,0.3259446546435356,0.0004978271037318913,4,0.38857195396742183,0.0038781423005471924,4,0.2767299738359633,0.014205072707707794,4,0.14841485149643419,0.002602595452018128,4,0.15099944340083765,0.0030018600845468655,4,1.1534191370010376,0.022161729020920753,4,0.20839804038405418,0.001268098155294755,4,0.27417686581611633,0.0012846027460088442,4,0.40448029959380977,0.008438769902208135,4,0.27582995366159296,0.010490426411395899,4,0.1568853269591713,0.007900236780162643,4,0.16365772238759493,0.006776786786807594,4,0.8161032050848007,0.014428790759904806,4,41.25,2.7537852736430515,4,1.1534191370010376,0.022161729020920753,4,179761.0,0.0,4,3063361.0,0.0,4
B1_no_RC,,0.0002,1e-05,hq_first,conv3_plus,1,643,K562,0.1921987645328045,0.002493477405905055,4,0.25893302261829376,0.004375303294458412,4,0.523705298623073,0.02463829660001857,4,0.3706143036777274,0.019266005424150977,4,0.2708874193132802,0.025457328750129547,4,0.27472252405039493,0.02547592406813315,4,0.7279786467552185,0.025417753783651603,4,0.24525325000286102,0.0012711926487541142,4,0.3248586282134056,0.000567750340964669,4,0.3937960676318981,0.003657687617522886,4,0.27266047181361397,0.007734422875612092,4,0.1540798012198655,0.002958922150734433,4,0.155085376891377,0.0028704883051446166,4,1.145836740732193,0.027637166195477944,4,0.20196564495563507,0.0003611500415389526,4,0.26961659640073776,0.0007687417947772313,4,0.43301624711427256,0.005648130578684316,4,0.3378835173955065,0.004537681098776264,4,0.18470686779541215,0.004651750465098073,4,0.1875269962992042,0.004870278854620157,4,0.7892598211765289,0.01853111655686657,4,42.0,5.291502622129181,4,1.145836740732193,0.027637166195477944,4,179761.0,0.0,4,3063361.0,0.0,4
B1_no_RC,,0.0002,1e-05,hq_first,conv3_plus,1,643,SKNSH,0.19604060053825378,0.007042654393203093,4,0.26456405967473984,0.0095990112105563,4,0.4898556807045332,0.05581459896397644,4,0.3542667712641772,0.053655042809003475,4,0.23815452008918275,0.056660822312374674,4,0.24229504001163377,0.056010504907169856,4,0.7606606632471085,0.056572723527156664,4,0.2475496120750904,0.000308511782635164,4,0.32874229550361633,0.0009536761979864354,4,0.3680375583808678,0.008355275923402378,4,0.294637068418651,0.009659207399770553,4,0.13372956231063748,0.005021150997534049,4,0.13550400235576782,0.00619291853750632,4,1.1733687818050385,0.026997710109297027,4,0.20521312952041626,0.0031225791509938137,4,0.27060215920209885,0.0033044901331317116,4,0.4238886929063465,0.024174775551652084,4,0.29451494686790336,0.005955740146151359,4,0.17864865915718134,0.01997514346049156,4,0.18011993880358051,0.020848623767153848,4,0.7951434701681137,0.02743611134623553,4,36.75,7.182153808805081,4,1.1733687818050385,0.026997710109297027,4,179761.0,0.0,4,3063361.0,0.0,4
B1_no_RC,,0.0002,1e-05,hq_first,conv3_plus,1,1125,HepG2,0.2288765050470829,0.0035065743047843255,4,0.30403517186641693,0.003784601072521256,4,0.509616150225914,0.02390846371912014,4,0.41258645774641145,0.03593824778547619,4,0.25445582998172256,0.022211660433326442,4,0.2601373315491377,0.023951520102925037,4,0.7448814660310745,0.022192014671014726,4,0.24457714706659317,0.0005990985572880892,4,0.325858399271965,0.0013285111995605075,4,0.387700524534817,0.007563371775571036,4,0.27753311181820783,0.018330657330359046,4,0.14885635881983647,0.006939551550079392,4,0.15035460016903388,0.005857983635055369,4,0.8555419594049454,0.013685011602625582,4,0.2077443040907383,0.0017732333769325368,4,0.2734452188014984,0.002329164212020889,4,0.41001143874726104,0.011258819913960588,4,0.3072606980164876,0.011825934751258229,4,0.16134717884240507,0.014295697863792667,4,0.16820445067299025,0.00927454889396635,4,0.6024322062730789,0.009900321153320015,4,22.75,0.9574271077563377,4,0.8555419594049454,0.013685011602625582,4,179761.0,0.0,4,3063361.0,0.0,4
B1_no_RC,,0.0002,1e-05,hq_first,conv3_plus,1,1125,K562,0.23139797523617744,0.0025183752329104945,4,0.30683114379644394,0.0036688666756456,4,0.4941726677938751,0.022847821975277266,4,0.38221093161270303,0.02419364912551063,4,0.24070415737520096,0.02123047143826571,4,0.24459814282127607,0.02212683241269288,4,0.7586209177970886,0.02121169218216543,4,0.24594414234161377,0.0028287238962847287,4,0.3248607739806175,0.0022463819713278996,4,0.3962982712190067,0.011866922230861329,4,0.27863688220162963,0.015584929865905981,4,0.15404023849254508,0.011718000373738819,4,0.15715793765359834,0.009362961635947636,4,0.8502617031335831,0.010839935700533257,4,0.20159566029906273,0.002256646615845579,4,0.2693893611431122,0.0020757655238606114,4,0.4353953542244185,0.012033687251375024,4,0.32288846531494225,0.008263239439804273,4,0.18604924009523338,0.01250696216952684,4,0.1896777217018548,0.010600603886521974,4,0.5846714675426483,0.007013597443713361,4,24.25,1.2583057392117916,4,0.8502617031335831,0.010839935700533257,4,179761.0,0.0,4,3063361.0,0.0,4
B1_no_RC,,0.0002,1e-05,hq_first,conv3_plus,1,1125,SKNSH,0.23416542634367943,0.003798704559692366,4,0.30937227606773376,0.004063371886879925,4,0.4836727272800807,0.021785226622771076,4,0.37116989074366613,0.02785214769255715,4,0.2281259923182172,0.0198001166554303,4,0.23429525418880542,0.020885815421841824,4,0.7711879462003708,0.019782567998073444,4,0.24682721123099327,0.0006483202190202263,4,0.3286656364798546,0.001388080282732645,4,0.3700708075283972,0.010006068393686214,4,0.2806854816420201,0.02184472145900547,4,0.1341273694962809,0.007316155910443898,4,0.13702749363824437,0.0073258606558219705,4,0.8703509122133255,0.014414054188167148,4,0.2031208872795105,0.0017056657998695693,4,0.26891161501407623,0.001533332099736998,4,0.43573000242603865,0.010270045949477925,4,0.30538318334903,0.010609085313811252,4,0.18895001084224453,0.009237534329709918,4,0.18993974039704897,0.008987105663667581,4,0.5826179683208466,0.007708238082134535,4,23.0,1.4142135623730951,4,0.8703509122133255,0.014414054188167148,4,179761.0,0.0,4,3063361.0,0.0,4
B1_no_RC,,0.0002,1e-05,hq_first,conv3_plus,1,1608,HepG2,0.24569294229149818,0.004781768441423388,4,0.3228037804365158,0.00633962017127514,4,0.493853881283422,0.023275665901106225,4,0.3890442415037085,0.033673227717676994,4,0.2410033676822823,0.022309443182908565,4,0.24429797352605526,0.022673360683804506,4,0.7585246115922928,0.02229551230568385,4,0.24472271278500557,0.00013340530760255577,4,0.32528726011514664,0.0008192598325788178,4,0.39452183965435506,0.005809842479276821,4,0.284000881733445,0.01217450043972115,4,0.1518439913205442,0.0042725120892020295,4,0.15567279766648215,0.004558865132704169,4,0.7706644535064697,0.030196387984069893,4,0.20698996633291245,0.0020914116658882244,4,0.27222083508968353,0.0015213770678074673,4,0.42360925481510997,0.010871022610104223,4,0.3170952023773053,0.029521256804097323,4,0.16886646006012568,0.009295110467740068,4,0.17953343511445483,0.009220349958468217,4,0.5398489385843277,0.025357141408325897,4,20.75,2.629955639676583,4,0.7706644535064697,0.030196387984069893,4,179761.0,0.0,4,3063361.0,0.0,4
B1_no_RC,,0.0002,1e-05,hq_first,conv3_plus,1,1608,K562,0.2487817108631134,0.006440330165076683,4,0.3261232525110245,0.010278321459230603,4,0.47712331116652484,0.026136640004152344,4,0.3678127213490095,0.027433574259627534,4,0.22564007395255764,0.023804268312311687,4,0.22815899702153852,0.025015878779893558,4,0.7738783657550812,0.023789469076914316,4,0.2462499625980854,0.0025186929200289357,4,0.3247288763523102,0.002354168717759789,4,0.3999376983804959,0.013049133324713568,4,0.29220178525857227,0.008846654226570789,4,0.15472406294042948,0.012244866283849179,4,0.16007787249628314,0.010456000920989375,4,0.7677111327648163,0.01824399455049662,4,0.2013862244784832,0.0010684048107598263,4,0.26882191002368927,0.0015876256592360694,4,0.442397516555978,0.007929025970374898,4,0.31984013960429186,0.010209441779362498,4,0.1894896145791119,0.009568296229440403,4,0.19576271474452595,0.0070348906835852,4,0.5263265371322632,0.020854871513743597,4,21.5,3.415650255319866,4,0.7677111327648163,0.01824399455049662,4,179761.0,0.0,4,3063361.0,0.0,4
B1_no_RC,,0.0002,1e-05,hq_first,conv3_plus,1,1608,SKNSH,0.2495219074189663,0.0063140908524821,4,0.3260936513543129,0.008460075282637574,4,0.4794068649256056,0.020051118403526174,4,0.37580494766905115,0.022689515012477977,4,0.22566852994791547,0.02032476030966425,4,0.230132477649722,0.019176999360824776,4,0.7738498896360397,0.020312077034363208,4,0.2464415729045868,0.0010422632912003202,4,0.3269176334142685,0.0015805230114264797,4,0.38621078206131576,0.011055075781944371,4,0.29182997363911334,0.014410917573985379,4,0.1433096524352757,0.008278929783593889,4,0.14925042920582154,0.008531546756611798,4,0.778329387307167,0.027983590910059676,4,0.20273642241954803,0.0010116967037024935,4,0.2677713707089424,0.0009526259542822728,4,0.44652132192894123,0.008782874547260892,4,0.3078577638554844,0.019867606285136223,4,0.195825498952288,0.0057218567110014235,4,0.19943914510115388,0.007830726508689689,4,0.5222929194569588,0.0226829331223011,4,21.25,3.3040379335998353,4,0.778329387307167,0.027983590910059676,4,179761.0,0.0,4,3063361.0,0.0,4
B1_no_RC,,0.0002,1e-05,hq_first,conv3_plus,1,2411,HepG2,0.2618290036916733,0.003810609920253974,4,0.34118182957172394,0.0047434517768726,4,0.4484256920779045,0.018743465804381392,4,0.3366963606772604,0.02119428706606246,4,0.19943251076915597,0.016343041508814073,4,0.20134908944831761,0.016895412797686745,4,0.8002353757619858,0.016336264903128946,4,0.24373813718557358,0.0006228916089054091,4,0.32426103204488754,0.0009113736737478859,4,0.4005895602593355,0.007259926206258189,4,0.3070166534517078,0.006572211205617134,4,0.15718615701252853,0.00473778236343895,4,0.16051152568515803,0.005817248092194208,4,0.722873643040657,0.010578192772248718,4,0.2051595374941826,0.0009242810513330177,4,0.27027560770511627,0.000585640475473885,4,0.4326685736739932,0.004725913031576824,4,0.31720490032949056,0.011772265678893187,4,0.180718545366571,0.0035513079801550163,4,0.1872188453355742,0.004094068396781836,4,0.5022076889872551,0.006907297008993169,4,15.5,2.0816659994661326,4,0.722873643040657,0.010578192772248718,4,179761.0,0.0,4,3063361.0,0.0,4
B1_no_RC,,0.0002,1e-05,hq_first,conv3_plus,1,2411,K562,0.26191002130508423,0.004888158456617268,4,0.3412536159157753,0.005282868281636792,4,0.4479208845107542,0.025939114765026423,4,0.34464207577991834,0.030991847670125687,4,0.199008182812484,0.022667138096277767,4,0.20113774703699128,0.02339423382272164,4,0.8006595522165298,0.02265769880096253,4,0.24534114450216293,0.0008565856553222269,4,0.32465657591819763,0.0014956049807881807,4,0.3998295900619856,0.009486109653841217,4,0.30269597640199114,0.006069669458003635,4,0.1551202695267664,0.007782052164408046,4,0.159931190796409,0.0075863921471986135,4,0.7245828658342361,0.004410025981599397,4,0.201278917491436,0.0012515676590742488,4,0.268150269985199,0.001198828298899875,4,0.44559759059952037,0.006966657716291655,4,0.3332533063655569,0.012361216846411203,4,0.19354357578896142,0.0072196867257172895,4,0.19859361348789972,0.006188612932395393,4,0.494307741522789,0.003214424082959762,4,16.75,2.753785273643051,4,0.7245828658342361,0.004410025981599397,4,179761.0,0.0,4,3063361.0,0.0,4
B1_no_RC,,0.0002,1e-05,hq_first,conv3_plus,1,2411,SKNSH,0.26314616203308105,0.0008716344790033337,4,0.34180083870887756,0.0022601605870027023,4,0.4452979847455971,0.007098308790935135,4,0.33747714369806125,0.01807474755268614,4,0.19654444058744563,0.006037072309430724,4,0.19832808470925864,0.006290448328436528,4,0.8031222969293594,0.006034535469155257,4,0.2447163239121437,0.0002694754595198387,4,0.3257865011692047,0.0007585862545625625,4,0.39294852125120766,0.005712941104183879,4,0.3016277178645439,0.003975862129502908,4,0.1492391372769,0.003960928979032124,4,0.1544330186255557,0.004487534710415533,4,0.7296770960092545,0.009184649942245009,4,0.20264417678117752,0.0012706015359461812,4,0.267353780567646,0.0009867022562971516,4,0.44959040775601916,0.0043263179514630165,4,0.3096093021411792,0.0034975341492327343,4,0.1983312001890843,0.0059264764229407536,4,0.20214557251648643,0.0038855159234844005,4,0.49139276146888733,0.005463830639016871,4,15.75,1.7078251276599328,4,0.7296770960092545,0.009184649942245009,4,179761.0,0.0,4,3063361.0,0.0,4
B1_no_RC,,0.0002,1e-05,hq_first,conv3_plus,1,3215,HepG2,0.27270980179309845,0.002614308792485968,4,0.35447103530168533,0.0034643208193854552,4,0.40870517982805377,0.020839190194825313,4,0.31138333714465527,0.020898551811437672,4,0.1655844599930993,0.01625070525757481,4,0.16736562790426385,0.01736336725573578,4,0.8341560214757919,0.016245639643619924,4,0.24495497718453407,0.0005130893005978446,4,0.325379453599453,0.000216590325808031,4,0.39493322906205885,0.0003520643758675095,4,0.3097254895509436,0.006645324003644158,4,0.15136685173756956,0.0011301029534482795,4,0.15597234837937818,0.00027801257953218765,4,0.7028054147958755,0.0009359093363537467,4,0.20502163842320442,0.000673844005264424,4,0.2702975496649742,0.0010201503728349197,4,0.4316776846764403,0.0064293104551654025,4,0.32455144891369136,0.007250679330331787,4,0.1805796029787464,0.00617438596493212,4,0.18637662547230893,0.005587723965330664,4,0.4850020408630371,0.00365452953231049,4,12.25,2.629955639676583,4,0.7028054147958755,0.0009359093363537467,4,179761.0,0.0,4,3063361.0,0.0,4
B1_no_RC,,0.0002,1e-05,hq_first,conv3_plus,1,3215,K562,0.2719620391726494,0.0026120152819661545,4,0.3531377241015434,0.0033817107501543883,4,0.4175931298715517,0.01954218542950318,4,0.32125729663999836,0.01827895140334314,4,0.17185209389350345,0.015829126213881342,4,0.1746704448744395,0.01646721694745421,4,0.8278903365135193,0.01582413223146574,4,0.2453504204750061,0.0004085568011709248,4,0.32452382892370224,0.0005225014461345321,4,0.39973491691674257,0.004386563843481254,4,0.30890852760520976,0.005115387477302431,4,0.1558228261506142,0.0027191238896155387,4,0.1598024352591998,0.003519496100453227,4,0.6991151720285416,0.0022518344687702677,4,0.20127112790942192,0.00042882844889614635,4,0.26741817593574524,0.0003202056908864179,4,0.4482638187891445,0.002514569903951885,4,0.34238446851593185,0.003738560284063864,4,0.19795231391335902,0.001920833415050077,4,0.20094519353177837,0.0022504171950640767,4,0.4747193977236748,0.0011369140492466653,4,14.25,2.217355782608345,4,0.6991151720285416,0.0022518344687702677,4,179761.0,0.0,4,3063361.0,0.0,4
B1_no_RC,,0.0002,1e-05,hq_first,conv3_plus,1,3215,SKNSH,0.2691364958882332,0.0027606186266214768,4,0.34874995052814484,0.003557052079520204,4,0.4409349426873617,0.018856054639144904,4,0.34401160892913807,0.016914095727727375,4,0.19229648236581592,0.01649817443230594,4,0.19469028678012276,0.01656215841255023,4,0.8074522912502289,0.016493039361147436,4,0.24440348148345947,0.00013058323857459178,4,0.3254023790359497,0.0001181483167502242,4,0.39427113415103143,0.0012761811773269178,4,0.3081131659396019,0.002379761134922047,4,0.15124750550690852,0.0006163222636958906,4,0.15545094870353862,0.0010060862630479504,4,0.7029042690992355,0.0005104043271173162,4,0.20259388536214828,0.00048508050516273275,4,0.2673116847872734,0.00023338891270413428,4,0.4496345197644711,0.0014257101594062093,4,0.32085822338672243,0.009487664291342322,4,0.19859133392496497,0.0013994534517110095,4,0.20217272585092055,0.0012831142129088374,4,0.47434117645025253,0.000828323463236526,4,16.5,2.0816659994661326,4,0.7029042690992355,0.0005104043271173162,4,179761.0,0.0,4,3063361.0,0.0,4
B1_no_RC,,0.0002,1e-05,hq_first,full,1,161,HepG2,0.17066280916333199,0.009707746150000847,4,0.23627714440226555,0.010980536266445058,4,0.5561780100134442,0.09321989427513803,4,0.4683463361980264,0.10077436069291087,4,0.285839810864617,0.09841455953980231,4,0.3158514403390158,0.10196448038304635,4,0.7097244113683701,0.0978032460766822,4,0.2537449076771736,0.001099325546703925,4,0.33606574684381485,0.0007076493419566479,4,0.31599609272128226,0.001053800126849137,4,0.25923481666658016,0.005085809949766471,4,0.09470627630198697,0.0038129546586599793,4,0.09985436348614773,0.0006653530897123445,4,1.4299442172050476,0.08441684097633421,4,0.22328485921025276,0.0018541628973030187,4,0.29179632663726807,0.001560852623067137,4,0.2774018027005443,0.007340759223574574,4,0.23901384859166924,0.004839771696409654,4,0.04503628667897869,0.01019765004743246,4,0.07699217520099559,0.00402518751724857,4,1.0777426362037659,0.0573467723465314,4,20.25,4.645786621588784,4,1.4299442172050476,0.08441684097633421,4,179761.0,0.0,4,3747661.0,0.0,4
B1_no_RC,,0.0002,1e-05,hq_first,full,1,161,K562,0.17086293920874596,0.005793076001863818,4,0.23814086616039276,0.011418432672080776,4,0.5390081257634873,0.09206636564388743,4,0.440626279435234,0.0718141859898972,4,0.2762782316503192,0.08368548250766038,4,0.2968869214012229,0.09105999538202099,4,0.7192265391349792,0.0831656111280576,4,0.25695909559726715,0.0017414687206714556,4,0.33655964583158493,0.0010196053726773421,4,0.32069843101816503,0.0027236670963167006,4,0.22478167020179127,0.003081089939090294,4,0.0920401716474192,0.005499679388259367,4,0.10285304742935143,0.001749467861728702,4,1.4340421259403229,0.08245362345759964,4,0.21692143753170967,0.001022411021607017,4,0.2865869998931885,0.0007763351484216337,4,0.3209863895088669,0.006115740675762883,4,0.28659503166708533,0.006531854179847953,4,0.07884383001032941,0.004992160347848329,4,0.1030603139629479,0.003916790849723704,4,1.039975345134735,0.06352141987010336,4,22.25,2.3629078131263044,4,1.4340421259403229,0.08245362345759964,4,179761.0,0.0,4,3747661.0,0.0,4
B1_no_RC,,0.0002,1e-05,hq_first,full,1,161,SKNSH,0.17086200416088104,0.012975968636257022,4,0.23542975261807442,0.013647514276685755,4,0.545950665656495,0.12073478910179461,4,0.45597655892332484,0.14337138895555296,4,0.2884506824403917,0.1227464513426779,4,0.30899479630536114,0.13302568311870985,4,0.7071297764778137,0.12198405338306764,4,0.2546564117074013,0.0013529446958194366,4,0.33713217824697495,0.0018033264833137515,4,0.31391779916221846,0.015335518542146088,4,0.2710715629562802,0.009102198644660641,4,0.08893515274126315,0.009728462376979701,4,0.0987207682275683,0.00979932185275899,4,1.439735233783722,0.09946921066584268,4,0.2177761308848858,0.001821212158900576,4,0.2859281301498413,0.00303116316353682,4,0.3140578440163936,0.02546186586961612,4,0.2551535094827759,0.016841873582699503,4,0.08300225931192717,0.019380293969725605,4,0.09911855934839715,0.016570104204103465,4,1.035927027463913,0.07803423693614575,4,24.0,8.12403840463596,4,1.439735233783722,0.09946921066584268,4,179761.0,0.0,4,3747661.0,0.0,4
B1_no_RC,,0.0002,1e-05,hq_first,full,1,322,HepG2,0.17499245330691338,0.013191616027393284,4,0.23965102434158325,0.015688419221468134,4,0.5582259857603324,0.10644702877350884,4,0.47291152251866597,0.08385102575881166,4,0.29734385063619706,0.1030444856155413,4,0.3201144786291261,0.10834235569365468,4,0.7004739791154861,0.10272452512243166,4,0.25197208672761917,0.0007560475683837726,4,0.3341103047132492,0.0007897854018281341,4,0.3292439453809739,0.007595982290832266,4,0.27088612372554893,0.007567232003845488,4,0.1052099450727175,0.0042341470279513085,4,0.10844484978025172,0.004944620340412922,4,1.3558529019355774,0.03538879496003748,4,0.2206035517156124,0.0012584539293264163,4,0.2880728095769882,0.0020061864930373814,4,0.30291945842003426,0.0201866683480091,4,0.25728094236860105,0.011554437577053019,4,0.06923891485019587,0.0130066041070112,4,0.09206582447373127,0.011892073998401968,4,1.0081088691949844,0.03496225388193414,4,17.75,6.3966136874651625,4,1.3558529019355774,0.03538879496003748,4,179761.0,0.0,4,3747661.0,0.0,4
B1_no_RC,,0.0002,1e-05,hq_first,full,1,322,K562,0.1696619763970375,0.006003819880870268,4,0.2341047041118145,0.004409521867885178,4,0.5889984510654478,0.027596614015090306,4,0.4732332399668703,0.0476458744784477,4,0.3319164077008935,0.03505526076590111,4,0.34749035518632004,0.03258640970079697,4,0.6660088002681732,0.03494634825506045,4,0.25433652848005295,0.0007500049966685104,4,0.3331792578101158,0.0002829017360919387,4,0.3427738828713621,0.00505077469495239,4,0.24242345694012285,0.00918472045582993,4,0.11019315467884461,0.001511295615078463,4,0.11751306752247467,0.0034569377618843323,4,1.3482841849327087,0.033713940168834784,4,0.2133755274116993,0.0009187403967366075,4,0.2816077619791031,0.00026573216260124564,4,0.3563062614810912,0.006462321820094494,4,0.3106928027086042,0.007014959906848896,4,0.11057890896360961,0.001678715657945954,4,0.12698547317311157,0.0046053178436314965,4,0.9632032513618469,0.02447284237190458,4,22.25,2.9860788111948193,4,1.3482841849327087,0.033713940168834784,4,179761.0,0.0,4,3747661.0,0.0,4
B1_no_RC,,0.0002,1e-05,hq_first,full,1,322,SKNSH,0.16430212929844856,0.00987661322139414,4,0.22901849448680878,0.008206628470843164,4,0.6155137275160263,0.042678629458552636,4,0.5427351141502397,0.07116477499479629,4,0.3601864004041648,0.05215421555716263,4,0.3802232478200184,0.05104316057350199,4,0.6378265768289566,0.05199219847898741,4,0.25137942284345627,0.0010359832224233275,4,0.33326132595539093,0.0011220611359379971,4,0.34266742718312304,0.009075009106825252,4,0.29513672268361835,0.004886683044076796,4,0.10974769182844046,0.0059938146251333965,4,0.11748273249501764,0.006170707693826051,4,1.3490839302539825,0.04076210530746577,4,0.2157868780195713,0.00199388375686821,4,0.28232642263174057,0.002267013375249626,4,0.348105747569034,0.015339805656578201,4,0.27463805119529305,0.011284564094281132,4,0.1059908835955447,0.014357771498011858,4,0.12135409371878222,0.010645731267587055,4,0.9684050679206848,0.037950794275982726,4,28.25,4.9916597106239795,4,1.3490839302539825,0.04076210530746577,4,179761.0,0.0,4,3747661.0,0.0,4
B1_no_RC,,0.0002,1e-05,hq_first,full,1,643,HepG2,0.19117936864495277,0.005284207779099393,4,0.2585641033947468,0.007344051655234969,4,0.5333054209486763,0.032387752509193436,4,0.4142005247512595,0.024120585583890974,4,0.2728342437258757,0.037426220091873796,4,0.2852013968976924,0.035481323761308345,4,0.7260348945856094,0.037367993531835085,4,0.2506018728017807,0.0010527770567712188,4,0.3322068899869919,0.0010548148645807551,4,0.3442371925413632,0.010024230600490269,4,0.2771171307202521,0.0050417594071745005,4,0.11537314993470757,0.005610013102364832,4,0.11857460862810841,0.006976679384497556,4,1.1982037425041199,0.025994576106118293,4,0.21911072731018066,0.0011331457914775817,4,0.2857728451490402,0.0015764866945223522,4,0.32291947247533775,0.019549994932918945,4,0.26356032065708684,0.012928961894659361,4,0.08405430891422025,0.010078236969654247,4,0.10456363743015828,0.012973952585236027,4,0.8866802155971527,0.021464515098809218,4,15.25,3.8622100754188224,4,1.1982037425041199,0.025994576106118293,4,179761.0,0.0,4,3747661.0,0.0,4
B1_no_RC,,0.0002,1e-05,hq_first,full,1,643,K562,0.1860443577170372,0.007119095750604876,4,0.2528817467391491,0.009316137748823257,4,0.5606518051891993,0.03798971958884352,4,0.415039479869043,0.03585841836216926,4,0.304607144322524,0.03948496302171339,4,0.31541286075773706,0.04171721701192343,4,0.6943113952875137,0.039423557528891255,4,0.25018129497766495,0.0016451487307218553,4,0.32870299369096756,0.0011274183188154344,4,0.37026996406183127,0.006781280075337226,4,0.2544032874559392,0.005084117271148569,4,0.1339345400848307,0.005944648904720208,4,0.13713433560594493,0.005011974470936071,4,1.1731283366680145,0.02942606986604283,4,0.2089558020234108,0.0008631869951742469,4,0.27721190452575684,0.0010315703257959261,4,0.38273316484875197,0.01053411922343691,4,0.3168542919879836,0.009893626195940699,4,0.13812125851980228,0.006414558108485046,4,0.14656790122600216,0.008062397629959273,4,0.8342716842889786,0.014324790050048355,4,19.0,3.4641016151377544,4,1.1731283366680145,0.02942606986604283,4,179761.0,0.0,4,3747661.0,0.0,4
B1_no_RC,,0.0002,1e-05,hq_first,full,1,643,SKNSH,0.18271726742386818,0.011599010808562156,4,0.24928659573197365,0.015202928036244942,4,0.575845936089396,0.06665507667662257,4,0.4582627732301311,0.059682526286617014,4,0.32267212203422435,0.0800808280185477,4,0.3349307165457477,0.0768264459997732,4,0.6762745082378387,0.07995628228686903,4,0.24935369193553925,0.0009395069687562687,4,0.3310782089829445,0.0008240669177370085,4,0.3602481943819954,0.010507462095626491,4,0.2955757216788189,0.00802361195690286,4,0.12137654199749878,0.00436966392654433,4,0.12986156662525622,0.0075814947224083,4,1.1900662183761597,0.024992936068609466,4,0.21082423627376556,0.0015851801289345575,4,0.2764846831560135,0.0016689261376279622,4,0.39039221154510667,0.02019443944010842,4,0.28024514071065126,0.00970484696075196,4,0.14262279329664992,0.010353698930158004,4,0.15271194037330446,0.015788349334603373,4,0.8299186825752258,0.016695780557111645,4,22.5,5.259911279353167,4,1.1900662183761597,0.024992936068609466,4,179761.0,0.0,4,3747661.0,0.0,4
B1_no_RC,,0.0002,1e-05,hq_first,full,1,1125,HepG2,0.2289591282606125,0.0036771750412892606,4,0.3041839078068733,0.004194184335797477,4,0.5119236709837196,0.012713274857480868,4,0.39638841215481213,0.009917564537265113,4,0.25389950932308375,0.01347952944573508,4,0.26218706543164905,0.01314647696724097,4,0.7454372942447662,0.013467601830655561,4,0.24982446804642677,0.00020937205619361117,4,0.33127953112125397,0.00015254642270325772,4,0.3575371032270955,0.0024201983562284987,4,0.2829299792483413,0.006750396184912591,4,0.12031154222343057,0.0008101761598604469,4,0.12783717320408536,0.001734126360805073,4,0.8842201679944992,0.010760059884074833,4,0.2173413373529911,0.0008053890501068476,4,0.28358326107263565,0.0016175090678424244,4,0.35366662045038405,0.01259022518206479,4,0.27758154378942024,0.0036213698052355225,4,0.09803503828789528,0.010288386433397417,4,0.1251989637483973,0.008987849452387502,4,0.6478991210460663,0.005001791304069251,4,11.0,1.1547005383792515,4,0.8842201679944992,0.010760059884074833,4,179761.0,0.0,4,3747661.0,0.0,4
B1_no_RC,,0.0002,1e-05,hq_first,full,1,1125,K562,0.22185786813497543,0.002050090742511532,4,0.2958333343267441,0.0006181003571954977,4,0.5466423969508798,0.00813497917190625,4,0.41832184618107393,0.022731047574106406,4,0.2942507492825895,0.008632004466532764,4,0.2988675435587987,0.008881333959115535,4,0.7051219940185547,0.008624393118027823,4,0.2517976462841034,0.0023724552786536044,4,0.3291870057582855,0.002463680869609225,4,0.38173734792158187,0.01189476566860783,4,0.27508740839383594,0.010806511450816826,4,0.13135322318408055,0.013036617558402259,4,0.14582951688593615,0.00896991206610688,4,0.8730222433805466,0.007165929089916905,4,0.20867695286870003,0.0033859471988822933,4,0.27696023881435394,0.003302303984812256,4,0.40405918350052433,0.015202847777757425,4,0.32252908732827273,0.007639909344459105,4,0.13960271256791731,0.02041084418833734,4,0.16343716870652564,0.012417095980858068,4,0.6180067956447601,0.011650606307475796,4,14.0,1.4142135623730951,4,0.8730222433805466,0.007165929089916905,4,179761.0,0.0,4,3747661.0,0.0,4
B1_no_RC,,0.0002,1e-05,hq_first,full,1,1125,SKNSH,0.22373179346323013,0.0038406538546394186,4,0.29640085995197296,0.005436366052693695,4,0.5453511040591171,0.030268536288872768,4,0.43142748237401224,0.04178765145716547,4,0.29115855269867497,0.033364915579454826,4,0.2980949649153011,0.033492130081973395,4,0.708211362361908,0.0333353496837976,4,0.2487507350742817,0.00028090496809656787,4,0.3311144933104515,0.0011172418875493493,4,0.36773978031674415,0.011198555983692342,4,0.2938524899121129,0.014216530046556862,4,0.12118050619240439,0.005928727439250545,4,0.13532660176949718,0.008167961341121917,4,0.8833555281162262,0.013094993551317874,4,0.21104199066758156,0.0008289118829914633,4,0.27607011049985886,0.0009876487191351714,4,0.4012966997763421,0.011801034822583246,4,0.2774108343558618,0.012933165719649276,4,0.14520726803867978,0.0061091562273136515,4,0.16114348956854652,0.009371411432071234,4,0.6140576899051666,0.00800059577741443,4,14.0,1.4142135623730951,4,0.8833555281162262,0.013094993551317874,4,179761.0,0.0,4,3747661.0,0.0,4
B1_no_RC,,0.0002,1e-05,hq_first,full,1,1608,HepG2,0.24023988842964172,0.005772852771429125,4,0.31657297164201736,0.006394151611103219,4,0.5233956299135285,0.026073988147407752,4,0.407792746949445,0.0250967277837875,4,0.26985565451658583,0.028096168372018296,4,0.27445287505601257,0.027548544043976803,4,0.7296902537345886,0.028078671679873556,4,0.24835491925477982,0.0007401621519691719,4,0.3297630324959755,0.0009535830416111337,4,0.3739661894540937,0.005115536424486126,4,0.28157846284541677,0.005691734327582297,4,0.12834174748438007,0.005037896234451631,4,0.1398703373894978,0.003815666482084274,4,0.7920674681663513,0.03272270191602508,4,0.21494699269533157,0.0012060485437578945,4,0.2805273234844208,0.0015794281749205222,4,0.3885026292614159,0.01195917158332861,4,0.2868818739825748,0.009268388633870039,4,0.1173702756104128,0.009920270874475008,4,0.15104155928175275,0.00926245118470533,4,0.5732752233743668,0.026105019817120653,4,10.5,1.2909944487358056,4,0.7920674681663513,0.03272270191602508,4,179761.0,0.0,4,3747661.0,0.0,4
B1_no_RC,,0.0002,1e-05,hq_first,full,1,1608,K562,0.23937009274959564,0.005135256277680529,4,0.3150470182299614,0.007977525724861616,4,0.5288430240713495,0.027494277671031454,4,0.4060114718937431,0.03975885280711731,4,0.27695329725525875,0.029607952361592037,4,0.2802418955874188,0.029336882479027025,4,0.7225970178842545,0.029589581553294803,4,0.25093622878193855,0.0016315387491936469,4,0.3275362625718117,0.0019420692969518347,4,0.3941594049565001,0.009980618704223147,4,0.28039350028776283,0.011087521145252927,4,0.14005672708543732,0.010196590884392802,4,0.15543634607795154,0.007833544811818907,4,0.7810843735933304,0.020259511397816458,4,0.20749995112419128,0.0008761541477077791,4,0.27566345036029816,0.001600907078607192,4,0.41659443317759726,0.012519094584343724,4,0.3241835252999586,0.007740497723443657,4,0.14771028658644333,0.009872286064705407,4,0.17366846755147233,0.010501079629378974,4,0.5534173101186752,0.02060742701356786,4,11.5,1.9148542155126762,4,0.7810843735933304,0.020259511397816458,4,179761.0,0.0,4,3747661.0,0.0,4
B1_no_RC,,0.0002,1e-05,hq_first,full,1,1608,SKNSH,0.2346474751830101,0.014039372202312685,4,0.3083604797720909,0.018800538805113967,4,0.5580842106794882,0.06389826862957308,4,0.4529767995674045,0.06264938577389685,4,0.306762465067818,0.06949424095593168,4,0.31452022776014016,0.07075581189263125,4,0.6928064227104187,0.06945097914112698,4,0.24821370095014572,0.002015852435488387,4,0.329649843275547,0.0014413839044438825,4,0.38346619296777024,0.015465104402494049,4,0.301891957103861,0.015501710343027053,4,0.12893302552134514,0.007630791459351344,4,0.14722569823983023,0.011954804216826898,4,0.7914305329322815,0.02968595663507444,4,0.2096554934978485,0.0015710266578986877,4,0.27416469156742096,0.0021191680496432976,4,0.42277131580446187,0.012429220700196987,4,0.2854945713544944,0.006477877277364586,4,0.1569362806307343,0.013032484688420557,4,0.1788514496124467,0.010399166002714367,4,0.5475859940052032,0.025955460782983802,4,13.0,3.366501646120693,4,0.7914305329322815,0.02968595663507444,4,179761.0,0.0,4,3747661.0,0.0,4
B1_no_RC,,0.0002,1e-05,hq_first,full,1,2411,HepG2,0.24822228774428368,0.0017364825378668493,4,0.3250958174467087,0.003525014871439781,4,0.5257166899457171,0.014759866064158756,4,0.4021548756313391,0.01830239581074337,4,0.2731016935065255,0.014988655667819508,4,0.2765414283221551,0.015325535689016456,4,0.726596787571907,0.014982431333656667,4,0.24446450173854828,0.000599935443993405,4,0.32539595663547516,0.0006821663339257707,4,0.39998768858813494,0.0033535454793547615,4,0.29681775497204227,0.005679491801732417,4,0.15127830694386402,0.0035599156127378287,4,0.15999858572254036,0.00267562786899766,4,0.727933794260025,0.009614899589191843,4,0.2100730948150158,0.001425728282325941,4,0.27463383227586746,0.0012459236686629166,4,0.42437804248636074,0.008276908542720009,4,0.3022585025021205,0.0036975663011469704,4,0.15407343335141302,0.007665669720373897,4,0.18014810335582382,0.007042133068245492,4,0.5185523480176926,0.009179118950048226,4,10.0,0.8164965809277263,4,0.727933794260025,0.009614899589191843,4,179761.0,0.0,4,3747661.0,0.0,4
B1_no_RC,,0.0002,1e-05,hq_first,full,1,2411,K562,0.25561176240444183,0.0005990692392120156,4,0.33374035358428955,0.001562569334707327,4,0.4875181596754992,0.00985978170016609,4,0.37328311351279936,0.01052078228792128,4,0.2339559455003488,0.009045081911615445,4,0.23774686748476676,0.009610150914621272,4,0.7657262980937958,0.009041347359181155,4,0.2479850985109806,0.0011349734032065247,4,0.3250652328133583,0.0018128690032445567,4,0.4016950616201794,0.008577071968370088,4,0.29089241677291977,0.006015393835506181,4,0.15298570753565,0.009439020276359773,4,0.16141409715270266,0.006901183235584114,4,0.7263975739479065,0.003088583000934411,4,0.20395848527550697,0.0009703120919559717,4,0.27126147598028183,0.0006592874762817466,4,0.4326482893187596,0.003382482352336322,4,0.32673685400554786,0.004180086595510499,4,0.174729982122839,0.0040152973489222575,4,0.18719312314059702,0.002927174811984189,4,0.5058692842721939,0.006085887862118701,4,8.5,0.5773502691896255,4,0.7263975739479065,0.003088583000934411,4,179761.0,0.0,4,3747661.0,0.0,4
B1_no_RC,,0.0002,1e-05,hq_first,full,1,2411,SKNSH,0.2541797533631325,0.003692591553828035,4,0.33115311712026596,0.005138408428054044,4,0.4996449531938849,0.013525799060677019,4,0.3888247482613744,0.010974770773943151,4,0.24584574675306184,0.014527038952254493,4,0.2497822896822918,0.013459111973941276,4,0.7538414299488068,0.014521008532566056,4,0.24564868956804276,0.00032092264622471926,4,0.3272736147046089,0.000734163586921331,4,0.39230260094964703,0.006801084954655193,4,0.312539341685024,0.003742944164697964,4,0.1414547401643567,0.0038511502300389465,4,0.15393602177927834,0.005328842812214298,4,0.7363474816083908,0.008521982213983103,4,0.20604901015758514,0.00099440039935253,4,0.2702068090438843,0.0012369527753795177,4,0.4396854251928892,0.008375643658464181,4,0.2960958208536956,0.004530630158749859,4,0.1811256347172571,0.007492161472334527,4,0.19337588668207195,0.007410650917738892,4,0.5019542053341866,0.007692409324420764,4,8.75,0.5000000000000001,4,0.7363474816083908,0.008521982213983103,4,179761.0,0.0,4,3747661.0,0.0,4
B1_no_RC,,0.0002,1e-05,hq_first,full,1,3215,HepG2,0.25696030259132385,0.004029029958584176,4,0.3353462368249893,0.004865845906000575,4,0.5060511832114415,0.02115321973229114,4,0.38571436224479105,0.019099555290789834,4,0.25312961746451534,0.021723366326303433,4,0.2564233940584819,0.021234578566389037,4,0.7466380596160889,0.02171659487370846,4,0.24435030668973923,0.0008527588920875104,4,0.32506508380174637,0.0005580734897939525,4,0.3996369530303281,0.003509388796987741,4,0.3010277491149624,0.00458916241063845,4,0.15300435771857615,0.002908271939913146,4,0.159718931084661,0.0028058049586139468,4,0.7014493495225906,0.0024084588515830554,4,0.20785056427121162,0.0012345970760719942,4,0.2718932181596756,0.0011659675744044276,4,0.4366682167213197,0.0033686285908606714,4,0.31532430939064393,0.005792982106713254,4,0.1708737908388887,0.007103603844595843,4,0.19068764223851484,0.0029355191991799687,4,0.49074675142765045,0.004204529090657183,4,9.25,0.9574271077563381,4,0.7014493495225906,0.0024084588515830554,4,179761.0,0.0,4,3747661.0,0.0,4
B1_no_RC,,0.0002,1e-05,hq_first,full,1,3215,K562,0.2522781006991863,0.0034159193465306504,4,0.32914063334465027,0.004260043528156166,4,0.5322075599232212,0.01738728233168751,4,0.42357652061493567,0.014881627246548866,4,0.28053884900874493,0.01866445562218028,4,0.2834716250295904,0.018398147421927795,4,0.719237357378006,0.018658655893329216,4,0.24618763849139214,0.0008737281768221895,4,0.3232438713312149,0.0007144718786132301,4,0.41646222523742094,0.006610494948754306,4,0.3008148854075588,0.005854925766532664,4,0.16246735844486257,0.003703184646814056,4,0.17347355903230496,0.005529425492215837,4,0.6936124712228775,0.0030668113123442603,4,0.20399782434105873,0.0014311646783421305,4,0.2701582685112953,0.0015462365735876902,4,0.45128814919869287,0.002063511736653937,4,0.34769232524300403,0.0031862755022981923,4,0.1814125082431718,0.009380526883404247,4,0.20366418716769719,0.0018660655526711086,4,0.48450908809900284,0.005552158066488804,4,11.25,0.957427107756338,4,0.6936124712228775,0.0030668113123442603,4,179761.0,0.0,4,3747661.0,0.0,4
B1_no_RC,,0.0002,1e-05,hq_first,full,1,3215,SKNSH,0.25798200070858,0.004369658270866913,4,0.3352610543370247,0.005372382223350353,4,0.5063121617231727,0.025001441986622953,4,0.3990475188232405,0.02215601552198337,4,0.2534831148844396,0.023849067078035194,4,0.2568208091848502,0.025606693881903408,4,0.746284693479538,0.0238416632469744,4,0.24433507397770882,0.0012234953767956093,4,0.3254704102873802,0.0007418643955256053,4,0.40540408642044895,0.004822266090921975,4,0.32805941811289185,0.011664647242790397,4,0.15088936721448237,0.003868192968838007,4,0.16436991397408757,0.0038916242069946877,4,0.7032008916139603,0.0032035054906223797,4,0.20591581240296364,0.0016677445465589236,4,0.26929544657468796,0.0015793234782933822,4,0.4513135216654731,0.002278154770499745,4,0.3065166078899684,0.0038593581810518183,4,0.18663195847726946,0.009541874718172142,4,0.20368778732996023,0.002053939847864077,4,0.48141974210739136,0.005647669447587098,4,9.25,1.2583057392117918,4,0.7032008916139603,0.0032035054906223797,4,179761.0,0.0,4,3747661.0,0.0,4
B1_no_RC,,0.0002,0.0001,hq_first,branched_only,1,161,HepG2,0.1976633332669735,0.011305514577889213,4,0.2693074345588684,0.008029312900086225,4,0.31499306936551724,0.08012816499748175,4,0.24809332354855154,0.10696245846439573,4,0.07552875344658819,0.0746703209778396,4,0.10403602586770731,0.053814412927116057,4,0.9187292009592056,0.07420644900014141,4,0.25182200968265533,0.0013600670137956957,4,0.3349587693810463,0.0012377975677648617,4,0.31835364248972664,0.011001910883087085,4,0.260054855176982,0.014165109877173378,4,0.10065419064879333,0.00663566642785505,4,0.10143982321878622,0.007115729463176113,4,1.420819103717804,0.09045704775000203,4,0.21913811191916466,0.003131250453446266,4,0.28811217844486237,0.004049838485190326,4,0.2833416582596413,0.030370738402563806,4,0.2400776491487774,0.017456122240178826,4,0.06888041004309584,0.026001267924298858,4,0.0809742816186611,0.018109461726456638,4,1.051505297422409,0.07619316445554766,4,31.25,24.62214450449026,4,1.420819103717804,0.09045704775000203,4,179761.0,0.0,4,179761.0,0.0,4
B1_no_RC,,0.0002,0.0001,hq_first,branched_only,1,161,K562,0.19627268612384796,0.006695513774870416,4,0.2686336860060692,0.006445051247185086,4,0.30707357147192427,0.09570011875745514,4,0.23746087043760916,0.0725074057688797,4,0.07934870081810139,0.08428133449399913,4,0.10116306284416626,0.05844089383438426,4,0.9149329662322998,0.08375783410705483,4,0.2528458386659622,0.0020857449206449176,4,0.333868607878685,0.002016385635184382,4,0.3290913966531182,0.019419305118898802,4,0.23411503287696458,0.018944216303847402,4,0.10648340616781721,0.01077512414347634,4,0.10858397940957563,0.013041101124672116,4,1.4120619595050812,0.09974977286668758,4,0.21177935600280762,0.003612446086984455,4,0.2816568911075592,0.0036166204542261234,4,0.3386619425767903,0.02847604671086806,4,0.3021243350634365,0.026122962292757724,4,0.11015910297010603,0.02285037009972412,4,0.11530007527709486,0.01928626815753471,4,1.0057816356420517,0.08661730510034318,4,40.25,24.046829312822098,4,1.4120619595050812,0.09974977286668758,4,179761.0,0.0,4,179761.0,0.0,4
B1_no_RC,,0.0002,0.0001,hq_first,branched_only,1,161,SKNSH,0.1980845034122467,0.00945659467219469,4,0.26982245594263077,0.00484654866228508,4,0.3021005095014393,0.07093765478064243,4,0.2053076067576163,0.10293371713237806,4,0.07225434005000625,0.0638941484675392,4,0.09503883099036241,0.04220693256971532,4,0.9219832718372345,0.06349723392196922,4,0.2524925544857979,0.0016006959740292382,4,0.33616428822278976,0.0018909511776133514,4,0.31096119278918516,0.012411279641937011,4,0.26577371395798816,0.008367941939262288,4,0.09415680555882022,0.01019166655161415,4,0.09681239331763555,0.007728071923514615,4,1.431638091802597,0.10253229111991069,4,0.21490154787898064,0.002070623264088593,4,0.2840902805328369,0.003070687825041031,4,0.31602874011373505,0.02184977049379083,4,0.25519865127811336,0.01158190984667447,4,0.09474963264580313,0.019588577166358253,4,0.10023222393084819,0.013834397512724994,4,1.0227925181388855,0.08043326383149572,4,33.75,23.371991785040485,4,1.431638091802597,0.10253229111991069,4,179761.0,0.0,4,179761.0,0.0,4
B1_no_RC,,0.0002,0.0001,hq_first,branched_only,1,322,HepG2,0.20000100508332253,0.006904404059647624,4,0.27013396471738815,0.010525903124654958,4,0.34447845549750694,0.10308020898928853,4,0.24917485205338702,0.06910112213578988,4,0.10894960566786058,0.08490141891849712,4,0.1266345534159044,0.08052622243475642,4,0.8882831484079361,0.08463777192402812,4,0.25079815834760666,0.0036759305618827144,4,0.33342427760362625,0.004386380125098042,4,0.3309760799814866,0.0357916654089633,4,0.2668913328795055,0.02157166182453203,4,0.10876876816711928,0.02329384784271589,4,0.11050594800447179,0.024964214438016327,4,1.3509416282176971,0.06409167353487534,4,0.21687833964824677,0.006805442184996405,4,0.2857005298137665,0.008545164511679474,4,0.3037483615038554,0.06973083967143445,4,0.24976419606368938,0.03403224710895239,4,0.08392442495689581,0.053964966190953055,4,0.09590985961723933,0.047118097995597255,4,0.9929260760545731,0.0784979049251777,4,25.75,28.86029567878102,4,1.3509416282176971,0.06409167353487534,4,179761.0,0.0,4,179761.0,0.0,4
B1_no_RC,,0.0002,0.0001,hq_first,branched_only,1,322,K562,0.19484981521964073,0.0074652559014630766,4,0.26253943890333176,0.009218188879980037,4,0.4038762154947151,0.09127076736112281,4,0.29705536079787065,0.04744668485333558,4,0.15865367780344838,0.07653452851968519,4,0.1693637621733497,0.0681355692472089,4,0.8387333899736404,0.0762968747717493,4,0.24873456358909607,0.0039004729077102003,4,0.32968514412641525,0.0038152760724832714,4,0.36606949205393824,0.03120837866192508,4,0.26779565996776766,0.030629495116856798,4,0.12867140357475293,0.020214708526806485,4,0.13473734518665792,0.022088111052293354,4,1.3207285702228546,0.059857129167592005,4,0.2062651626765728,0.005596913096368362,4,0.2747320160269737,0.006277457567053819,4,0.4012971847624123,0.0521514787162466,4,0.33043039857142165,0.027906600799102274,4,0.15315006572239728,0.03903296919605873,4,0.163079263047456,0.03939617707694188,4,0.9176522493362427,0.06083219318756843,4,53.5,27.718826333979823,4,1.3207285702228546,0.059857129167592005,4,179761.0,0.0,4,179761.0,0.0,4
B1_no_RC,,0.0002,0.0001,hq_first,branched_only,1,322,SKNSH,0.19945107772946358,0.0048880797176691715,4,0.26978588849306107,0.007029997898114592,4,0.34824230328646516,0.0743477583411564,4,0.23908075214596186,0.04278602629781678,4,0.11241436681782391,0.058504814658517326,4,0.12541839367602864,0.053734796993323335,4,0.8848292082548141,0.05832313366689021,4,0.2503596358001232,0.0036222433556236428,4,0.33356404304504395,0.004423514914776628,4,0.3332690930373009,0.034506168755838194,4,0.27852474771572755,0.018039878282889915,4,0.10801957325220529,0.02362653673890097,4,0.11196129513555993,0.023158058417130176,4,1.3518979251384735,0.05945882378069402,4,0.21192456409335136,0.005228985028406641,4,0.2806524410843849,0.006615559803147588,4,0.34925898603639294,0.056841189906491174,4,0.26765864859283883,0.024443660760929777,4,0.11623558524986494,0.04158555893359869,4,0.12440502997965867,0.04002881903394789,4,0.9574458748102188,0.05928536452725893,4,40.75,32.62284475639732,4,1.3518979251384735,0.05945882378069402,4,179761.0,0.0,4,179761.0,0.0,4
B1_no_RC,,0.0002,0.0001,hq_first,branched_only,1,643,HepG2,0.20187179371714592,0.0014932272681196003,4,0.27114640176296234,0.0025878376188702675,4,0.44925550655110424,0.012043909022443263,4,0.30884058546362037,0.00820173374551021,4,0.2006813910076922,0.01006980066832317,4,0.20193930197489496,0.010772950607065554,4,0.7980755120515823,0.010054134142722769,4,0.2434200532734394,0.0005852794919037307,4,0.3236532136797905,0.0004193094311539558,4,0.40188787419386185,0.0035696253235446393,4,0.3177876296252844,0.007471857799597873,4,0.16034678588870138,0.002175177786374377,4,0.1615234200927742,0.0028681209618252866,4,1.137267917394638,0.02242518874820721,4,0.20554789900779724,0.0017939580432499533,4,0.27100785076618195,0.0012201420656907682,4,0.42196995040160734,0.008808305537030972,4,0.29321096171132727,0.012686923666922593,4,0.1762636440867402,0.0074293163301550015,4,0.1781168287267602,0.007381019234825074,4,0.7973242253065109,0.012167252160679168,4,67.75,1.8929694486000928,4,1.137267917394638,0.02242518874820721,4,179761.0,0.0,4,179761.0,0.0,4
B1_no_RC,,0.0002,0.0001,hq_first,branched_only,1,643,K562,0.20448289811611176,0.0010524642462327316,4,0.27444324642419815,0.002803062821638001,4,0.42866737742997896,0.017695688542994744,4,0.2805911622089674,0.012480446810619392,4,0.1810385005791609,0.017822004815007095,4,0.18399057351745407,0.01491680049926081,4,0.8176878243684769,0.017794256889370395,4,0.24420035630464554,0.0009147536266197251,4,0.32417868077754974,0.0006960964936370362,4,0.39917085402676133,0.0022228983950732055,4,0.2972741210743982,0.006744655983450315,4,0.15761623970091382,0.0036196756996625737,4,0.1593410766624101,0.0017743310711820209,4,1.1410261392593384,0.026570350505582235,4,0.20207520201802254,0.00043154653505463324,4,0.26907040923833847,0.00015872807063009296,4,0.43548824395834873,0.0023575827928863182,4,0.3234995202049057,0.00443579663131496,4,0.18801148776219975,0.0009583019435285726,4,0.18965417927339523,0.0020514757489524665,4,0.7860254496335983,0.015656060183591045,4,66.25,3.774917217635375,4,1.1410261392593384,0.026570350505582235,4,179761.0,0.0,4,179761.0,0.0,4
B1_no_RC,,0.0002,0.0001,hq_first,branched_only,1,643,SKNSH,0.2070031836628914,0.0032397245948940978,4,0.2787844389677048,0.005366074774824798,4,0.39484156062757164,0.04688124528959042,4,0.26587058998039503,0.028478733838758707,4,0.15465565430569833,0.036618171959665664,4,0.15754824636874337,0.03593260411413321,4,0.8440296649932861,0.036561257976584605,4,0.2470969669520855,0.001525606097061991,4,0.3282240033149719,0.0023905760939140937,4,0.3699472839031074,0.01669379692541407,4,0.3082782312207449,0.004876942555280319,4,0.136429979782704,0.012573825575189412,4,0.13707000500912658,0.012350075405031769,4,1.1697478592395782,0.0331298916826164,4,0.2070840634405613,0.0028589544157125936,4,0.2730650156736374,0.0033815999932898444,4,0.4054674142087578,0.025909811708869912,4,0.2879941397687717,0.013064874862746826,4,0.16362702901875179,0.02075848615197046,4,0.1649073127422282,0.02066776427546954,4,0.8097380697727203,0.030265550112619163,4,57.75,16.17353805861084,4,1.1697478592395782,0.0331298916826164,4,179761.0,0.0,4,179761.0,0.0,4
B1_no_RC,,0.0002,0.0001,hq_first,branched_only,1,1125,HepG2,0.2410898543894291,0.0023331621576430472,4,0.3184777647256851,0.0022119098408015176,4,0.4288528497966886,0.02133583415693524,4,0.3239642223122685,0.03333465564779917,4,0.18200908660021248,0.017336266817390745,4,0.18425618014312029,0.018055704339787912,4,0.8172638267278671,0.01732093883308954,4,0.2447492815554142,0.0005756951652261877,4,0.32510732114315033,0.0014946832819431992,4,0.3943022804054804,0.010373456669755112,4,0.3098690582361824,0.01756290843896711,4,0.15277262360026977,0.007797444468759331,4,0.15555499478542154,0.008133002862285238,4,0.8516098409891129,0.014511782638966684,4,0.2039414718747139,0.0015170520285445912,4,0.2696645259857178,0.0015003355424107884,4,0.43223971922647775,0.008816963319290598,4,0.3186025642193364,0.011199231051710164,4,0.18440299229225116,0.00905997432861775,4,0.1868894790086146,0.007689335452362442,4,0.5858717709779739,0.006146975176317269,4,46.0,2.160246899469288,4,0.8516098409891129,0.014511782638966684,4,179761.0,0.0,4,179761.0,0.0,4
B1_no_RC,,0.0002,0.0001,hq_first,branched_only,1,1125,K562,0.24219893664121628,0.0018986784893690277,4,0.320127435028553,0.002399743943284073,4,0.4186285665606234,0.02559102741301244,4,0.30005725636463565,0.0381250684603402,4,0.1734825714468665,0.019651154502819897,4,0.17574105225364248,0.021050844716896333,4,0.8257827758789062,0.019633757828685244,4,0.2450028881430626,0.0012817670631426554,4,0.3243853524327278,0.001824239939070109,4,0.4005464844017859,0.011531217926784427,4,0.30699078423836285,0.02148031701200979,4,0.1565246721398033,0.00948913204985905,4,0.16053721290678638,0.009239255946156336,4,0.8478236943483353,0.014343884789855913,4,0.20286371558904648,0.0014122374873084737,4,0.26877060532569885,0.0009776620200605019,4,0.43922621770085335,0.007756285495048427,4,0.3113242398813907,0.01044084773621928,4,0.18981211212497398,0.005893175883275344,4,0.19296479028930796,0.006834381676828493,4,0.5819868594408035,0.0037663529011951686,4,48.75,3.095695936834451,4,0.8478236943483353,0.014343884789855913,4,179761.0,0.0,4,179761.0,0.0,4
B1_no_RC,,0.0002,0.0001,hq_first,branched_only,1,1125,SKNSH,0.24243682995438576,0.0014966342118211662,4,0.3194608986377716,0.002656240834927788,4,0.42274730387616216,0.029085432984700427,4,0.30559936382536723,0.04707742703231162,4,0.1768576791742158,0.023182337303885598,4,0.17934975474349482,0.024362471396604878,4,0.8224106729030609,0.02316183972745355,4,0.24595659971237183,0.0010182949134136213,4,0.32658977061510086,0.0014146904873163764,4,0.38403085282212585,0.009236927174834045,4,0.29700709016723237,0.010916310027595988,4,0.14502998345250945,0.007419945158305253,4,0.14754368653701416,0.007018660115792408,4,0.8594072610139847,0.015528903192310947,4,0.20373054593801498,0.002737868682772382,4,0.2690557986497879,0.0012958919825864816,4,0.4364969857838117,0.008026237096154026,4,0.2973585915150037,0.009206618951193193,4,0.18808574947224188,0.00783291252633308,4,0.19057793395979586,0.00695049180279526,4,0.5832345485687256,0.006291907237919141,4,56.5,4.654746681256313,4,0.8594072610139847,0.015528903192310947,4,179761.0,0.0,4,179761.0,0.0,4
B1_no_RC,,0.0002,0.0001,hq_first,branched_only,1,1608,HepG2,0.25796154141426086,0.005455049722181993,4,0.33754292130470276,0.008372138199532995,4,0.4151106841473171,0.011779977805018644,4,0.31626651127796856,0.012671209238267356,4,0.17046457336837015,0.010556279745564008,4,0.17242095600106871,0.009824119786231036,4,0.8290195316076279,0.010549693797701152,4,0.24499748274683952,0.0007579383274752059,4,0.3248630240559578,0.00106090384435157,4,0.3982196105953709,0.006723317507215135,4,0.3115648655262161,0.016919888839998027,4,0.15405210836910704,0.005516595099054484,4,0.15861276051145598,0.005364547706963,4,0.7685060352087021,0.024704633405359427,4,0.20339902117848396,0.0010391271274954518,4,0.2690572515130043,0.0002899145018845781,4,0.4381088720532242,0.005665371481665813,4,0.32945877332574325,0.02376625785022345,4,0.18809034836772656,0.0017496180730785264,4,0.1919634560972673,0.004989088686846581,4,0.5272576808929443,0.02074105062278341,4,38.75,5.852349955359813,4,0.7685060352087021,0.024704633405359427,4,179761.0,0.0,4,179761.0,0.0,4
B1_no_RC,,0.0002,0.0001,hq_first,branched_only,1,1608,K562,0.2583119794726372,0.0059108324920195306,4,0.3382178097963333,0.00859482856797561,4,0.4102470616194538,0.018662702716523368,4,0.3050838936385227,0.013551510805191649,4,0.1671058055368683,0.015619607417769675,4,0.1685638739219099,0.015558612149529154,4,0.8323762565851212,0.01560981315091716,4,0.24571997672319412,0.0017447599080714924,4,0.32452479004859924,0.0022674068981427763,4,0.4009687879444585,0.014918818228439979,4,0.31748844880321275,0.02061212985025022,4,0.15578855496679053,0.011764354358170678,4,0.16094289725864808,0.012074384062676104,4,0.7667788416147232,0.019834818810181072,4,0.20362893864512444,0.001073465389086701,4,0.2690379396080971,0.0014454417300276397,4,0.4394589091089614,0.006949820757234365,4,0.3151226171015914,0.014142363774107092,4,0.1881900433634036,0.008722418130993264,4,0.1931603578016567,0.0060882512956212135,4,0.5272602140903473,0.023540788289169837,4,45.25,11.954775893619532,4,0.7667788416147232,0.019834818810181072,4,179761.0,0.0,4,179761.0,0.0,4
B1_no_RC,,0.0002,0.0001,hq_first,branched_only,1,1608,SKNSH,0.25951648503541946,0.004140476397672626,4,0.339122973382473,0.006173603182594722,4,0.4063303109231369,0.004159522064112358,4,0.3066852845270176,0.010678341268776844,4,0.16255014228264913,0.0027500967189286224,4,0.16511729779274448,0.00337374141740726,4,0.8369290828704834,0.0027483611340092576,4,0.2460905984044075,0.0007858089104412191,4,0.32637307792901993,0.0014784833947289193,4,0.38881161510590345,0.01151754210326713,4,0.2982928703959248,0.018083654086431325,4,0.14616310557510206,0.007722327776530633,4,0.1512739623733366,0.008959897078416238,4,0.7756731510162354,0.025411629359716956,4,0.20400170609354973,0.0013419854788006664,4,0.2690667510032654,0.0009218815584521226,4,0.4379674963188835,0.009637690326315344,4,0.30368219114243755,0.017132397233597135,4,0.18802660837311144,0.0055708814685578355,4,0.19188519163795068,0.008449814198347031,4,0.5273454785346985,0.022575614141280162,4,44.0,6.164414002968977,4,0.7756731510162354,0.025411629359716956,4,179761.0,0.0,4,179761.0,0.0,4
B1_no_RC,,0.0002,0.0001,hq_first,branched_only,1,2411,HepG2,0.2707193046808243,0.0019589130209511736,4,0.35246332734823227,0.003410000985351762,4,0.3839012568015201,0.004725153032604078,4,0.2851120084983979,0.008314474631500163,4,0.1456781610607162,0.003882182421539433,4,0.14739692027717283,0.003619870421581651,4,0.8539673984050751,0.0038805352082179802,4,0.24423138797283173,0.00022473456503052292,4,0.32487568259239197,0.0003810616922720385,4,0.39853742967954786,0.00525871873670655,4,0.3155299056950783,0.0098992178966932,4,0.1539921202105633,0.0019852479622725185,4,0.1588528234476444,0.004197572787763696,4,0.7256195247173309,0.010547093245338684,4,0.2030405029654503,0.0006741227051543017,4,0.26898307353258133,0.00044063837432632973,4,0.4376960944602963,0.00422667273510263,4,0.3317771016451059,0.00648543452231906,4,0.1885371206120266,0.0026602387536143407,4,0.19159126967760384,0.003707641206376018,4,0.4974093586206436,0.006093829159010366,4,23.25,2.7537852736430515,4,0.7256195247173309,0.010547093245338684,4,179761.0,0.0,4,179761.0,0.0,4
B1_no_RC,,0.0002,0.0001,hq_first,branched_only,1,2411,K562,0.27014487981796265,0.0018290349653742332,4,0.35203228890895844,0.003254043458901965,4,0.3864219800342164,0.00631273551677208,4,0.28696760924712766,0.010638505413481422,4,0.1477578526891756,0.00478454619821485,4,0.1493518346258429,0.004882930680903603,4,0.8518886119127274,0.004782521256018447,4,0.24506346136331558,0.0009981462746698295,4,0.32475467026233673,0.0005917147555294092,4,0.3991280147722021,0.004603748639956279,4,0.31541943015672547,0.011047326499659381,4,0.15462099740680288,0.0030819870987834628,4,0.15931906805215412,0.003664485527806783,4,0.7250559031963348,0.008284256652059403,4,0.2031225599348545,0.001214317074427158,4,0.2681259736418724,0.001044669314045156,4,0.4437412267974532,0.007776965674356901,4,0.3271828518706942,0.013596074987783363,4,0.193692639230864,0.006284883921947096,4,0.19695163725603387,0.006900800954251726,4,0.49422550201416016,0.004205896054627203,4,30.0,5.477225575051662,4,0.7250559031963348,0.008284256652059403,4,179761.0,0.0,4,179761.0,0.0,4
B1_no_RC,,0.0002,0.0001,hq_first,branched_only,1,2411,SKNSH,0.26978325843811035,0.002733878730623955,4,0.350761815905571,0.0038925091959657494,4,0.39457913887333385,0.013839019529600444,4,0.29679564464252517,0.010706790427770447,4,0.15388689560756166,0.010048044110695455,4,0.15583633568017716,0.010893219954653855,4,0.8457621037960052,0.010043893872353625,4,0.24508149176836014,0.0003773154835618814,4,0.3259253054857254,0.000471629349982311,4,0.39144615662045273,0.004419450522318293,4,0.3090582994636337,0.008018493493361041,4,0.1485161376621545,0.002462708690450967,4,0.15324474219011341,0.003472858361412672,4,0.7303112000226974,0.010239300143354297,4,0.2048380821943283,0.001108813643404293,4,0.26903656870126724,0.0010754990780434878,4,0.4375402522049487,0.007424443952809559,4,0.31151403392815347,0.01616733193062704,4,0.18820619175777592,0.006489626263335385,4,0.1914828140755764,0.00651012415597551,4,0.49759797006845474,0.005618635792283884,4,35.75,6.3966136874651625,4,0.7303112000226974,0.010239300143354297,4,179761.0,0.0,4,179761.0,0.0,4
B1_no_RC,,0.0002,0.0001,hq_first,branched_only,1,3215,HepG2,0.2787843123078346,0.0005437325828413289,4,0.3618437349796295,0.0008228672057125127,4,0.36262788595531387,0.00470149422201652,4,0.2756280878324393,0.0031634799389173335,4,0.13057206355257392,0.003957453715950051,4,0.13151556170835987,0.003395160754374224,4,0.8691575080156326,0.003956237286404437,4,0.2450668141245842,0.0002462451727048836,4,0.32564903795719147,0.00018437409251936246,4,0.395790339502164,0.0005889347568372471,4,0.32109930367032596,0.0042037790170618245,4,0.14996021958312034,0.0009625252265324568,4,0.15665025297634913,0.0004659490602216898,4,0.7039703279733658,0.0007971051534667022,4,0.20385495200753212,0.00043719969129046946,4,0.2697034850716591,0.0006942135438005372,4,0.4357148342029648,0.006004522907377619,4,0.33833601271156083,0.004684944991057665,4,0.18418219304881128,0.004204877484524751,4,0.18987445746602605,0.005197553319850276,4,0.4828697144985199,0.0024888208065367958,4,20.0,2.160246899469287,4,0.7039703279733658,0.0007971051534667022,4,179761.0,0.0,4,179761.0,0.0,4
B1_no_RC,,0.0002,0.0001,hq_first,branched_only,1,3215,K562,0.2786909341812134,0.0007322532914671924,4,0.36221039295196533,0.0009851632941699888,4,0.3598145339959981,0.006546505349732432,4,0.27106536383675556,0.0062113990163433315,4,0.12880771227903776,0.004735862389232116,4,0.12949864142397782,0.004726543397603974,4,0.8709213137626648,0.004734376366122095,4,0.24553019553422928,0.0004395836562250932,4,0.325335793197155,0.0002985352542009938,4,0.39679596530980543,0.0017440158758117628,4,0.32672173612503635,0.0019791729831891303,4,0.15159438894929103,0.0015562680874335781,4,0.15744931927967165,0.0013848388984599213,4,0.7026170194149017,0.0012888452545786666,4,0.203206367790699,0.0002923929923949723,4,0.2686161547899246,0.00028070478919696765,4,0.4419356324624623,0.0011157435970622132,4,0.3321306131460279,0.0058846878106555926,4,0.19075033906402164,0.001692077610602726,4,0.19530803690282736,0.0009852786427209767,4,0.4789821207523346,0.001001528764578448,4,22.0,3.1622776601683795,4,0.7026170194149017,0.0012888452545786666,4,179761.0,0.0,4,179761.0,0.0,4
B1_no_RC,,0.0002,0.0001,hq_first,branched_only,1,3215,SKNSH,0.2786918878555298,0.0009451481122852301,4,0.3613166958093643,0.0012579912876882157,4,0.3666764707175585,0.009600278708804647,4,0.28271805529371924,0.008659997811749868,4,0.13309837329100632,0.00603379318594681,4,0.13452075819134957,0.0070682292671793495,4,0.8666320294141769,0.006031903387412551,4,0.24517180770635605,0.00032831983133611305,4,0.3259657248854637,0.00026036011627276714,4,0.39319749477326316,0.0029453055203413287,4,0.31896672659586084,0.0032093024340752825,4,0.14830585622715914,0.0013606557151690513,4,0.15461077601442644,0.002307625348349768,4,0.7053404599428177,0.0011268402293438304,4,0.2041938230395317,0.000760246550801578,4,0.26902735233306885,0.0005657265921734066,4,0.4394415365208355,0.002129251475413422,4,0.3193539640865258,0.01538074911665798,4,0.18826881686863717,0.003415936435453993,4,0.19311226430367695,0.001873509265347226,4,0.48045090585947037,0.0020218374410429884,4,28.25,6.3966136874651625,4,0.7053404599428177,0.0011268402293438304,4,179761.0,0.0,4,179761.0,0.0,4
B1_no_RC,,0.0002,0.0001,hq_first,conv3_plus,1,161,HepG2,0.1515810191631317,0.01980259334614555,4,0.21485226973891258,0.024939867430105615,4,0.661841327902044,0.13662165850061173,4,0.6060323530646632,0.15448880289039763,4,0.4011149336382147,0.16826616261181354,4,0.4520330514977342,0.17646788622628506,4,0.5951652675867081,0.16722100891134553,4,0.2549855038523674,0.0021135667632139464,4,0.33729758858680725,0.0015440255492076213,4,0.31200647713237817,0.004295194778251768,4,0.26199136538797896,0.0037741119675835178,4,0.08804611918826435,0.008357083902870772,4,0.09736187829619454,0.0026901609647523705,4,1.4402777254581451,0.08148393115929772,4,0.22374240681529045,0.0014221301649599725,4,0.29106924682855606,0.0006624042080677815,4,0.29225017105665035,0.012292214539787915,4,0.24945666853421736,0.01090606996389065,4,0.049806072939039825,0.004321025516733272,4,0.08552348638636051,0.007189889419535646,4,1.072732850909233,0.06484231754318533,4,14.25,4.573474244670748,4,1.4402777254581451,0.08148393115929772,4,179761.0,0.0,4,3063361.0,0.0,4
B1_no_RC,,0.0002,0.0001,hq_first,conv3_plus,1,161,K562,0.14649222791194916,0.011462416762488572,4,0.21120117604732513,0.01900666303609879,4,0.6827695304480306,0.09253949781259395,4,0.6605203871968477,0.08538910088104738,4,0.42702213994364413,0.11937559164259481,4,0.47259690069977944,0.11971285884142312,4,0.5694189891219139,0.1186340923701797,4,0.25764792412519455,0.002695241424976094,4,0.336253821849823,0.0017742184761283552,4,0.3254417589813066,0.006581478262294867,4,0.22801902273907554,0.0026619841314428606,4,0.09367678122444006,0.009567132047864834,4,0.10594482538093467,0.004259308305177997,4,1.4311166405677795,0.07509192355018576,4,0.21618304774165154,0.001456362504601878,4,0.28502127528190613,0.0017099664626430374,4,0.3354409299640704,0.012688429529551244,4,0.29617851671976153,0.011229213856643841,4,0.08886198380185395,0.010933703115295753,4,0.11264136467810515,0.008463770872150668,4,1.0290150791406631,0.07087738260638948,4,17.0,2.943920288775949,4,1.4311166405677795,0.07509192355018576,4,179761.0,0.0,4,3063361.0,0.0,4
B1_no_RC,,0.0002,0.0001,hq_first,conv3_plus,1,161,SKNSH,0.15649430081248283,0.011647315153638333,4,0.2200847491621971,0.015916406396792274,4,0.6419913264374906,0.10102321159117106,4,0.5821702607191191,0.11327165849610177,4,0.37853578783947234,0.11510741951079699,4,0.4198071301811144,0.12207385444508341,4,0.6176041811704636,0.11439247687793482,4,0.2549060359597206,0.0008442099057815694,4,0.337501160800457,0.0013767244274189574,4,0.31368647330861016,0.009321585314133915,4,0.2725657044348673,0.009343016287318545,4,0.08694794960536312,0.007441702442797873,4,0.09846437250136991,0.005901927801889827,4,1.442696362733841,0.09580721361422591,4,0.21696600690484047,0.0011493873785645185,4,0.2846919223666191,0.0018749933061046197,4,0.324584454593255,0.017715745043757215,4,0.2594467511344056,0.012844425488705522,4,0.09096144927083818,0.011948847851148052,4,0.10559045388044241,0.011644823116120194,4,1.0268820077180862,0.07501949645516501,4,15.0,3.366501646120693,4,1.442696362733841,0.09580721361422591,4,179761.0,0.0,4,3063361.0,0.0,4
B1_no_RC,,0.0002,0.0001,hq_first,conv3_plus,1,322,HepG2,0.16772139817476273,0.012932404753684963,4,0.2315867394208908,0.017327833965828623,4,0.6183428996055736,0.10854620700079756,4,0.5326048315939298,0.08404468734080675,4,0.34310894400774883,0.10592847113422893,4,0.39118465078332354,0.1312848667428806,4,0.6548510044813156,0.10559946543183597,4,0.25217895209789276,0.0007188922303466204,4,0.33440975844860077,0.0006598942630262448,4,0.32399525799154505,0.005921471748055303,4,0.2681966586956699,0.005375326097174263,4,0.10360642753953742,0.003534636096087793,4,0.10499922507175509,0.0038694357478072728,4,1.3583069443702698,0.036412955454354586,4,0.21904048696160316,0.00210726624694843,4,0.2860713228583336,0.002439849275265595,4,0.31111325603269274,0.01838204448693575,4,0.2621180206912337,0.009695536935522218,4,0.08211084007048297,0.015712095686356203,4,0.0970448827489036,0.0113366797277534,4,0.9941955655813217,0.03687665422171354,4,10.0,2.943920288775949,4,1.3583069443702698,0.036412955454354586,4,179761.0,0.0,4,3063361.0,0.0,4
B1_no_RC,,0.0002,0.0001,hq_first,conv3_plus,1,322,K562,0.1550038531422615,0.005019510730536634,4,0.21746304258704185,0.003320808708904902,4,0.6792247840377214,0.019341994420810648,4,0.6080794184697023,0.03862861562375367,4,0.4234577181855833,0.0306518202616648,4,0.46162689181222016,0.02624660312421888,4,0.5747517049312592,0.030556629078548593,4,0.253804050385952,0.0008180476448155644,4,0.33229101449251175,0.000859844155913382,4,0.3446537689879554,0.0072869982247280585,4,0.23557412908857536,0.0049880373634277955,4,0.11492726332375414,0.004580364096988493,4,0.11882604573494834,0.005023753687142616,4,1.3410881757736206,0.03290924696076493,4,0.2118719294667244,0.0008887008494108878,4,0.27981236577033997,0.0007910339415285619,4,0.363168954464295,0.007258328723743172,4,0.31108053001691865,0.0035356963191036195,4,0.12187912681189514,0.004961069410951471,4,0.13193120198858557,0.00528554786582628,4,0.9510292112827301,0.027716196718563103,4,13.25,0.957427107756338,4,1.3410881757736206,0.03290924696076493,4,179761.0,0.0,4,3063361.0,0.0,4
B1_no_RC,,0.0002,0.0001,hq_first,conv3_plus,1,322,SKNSH,0.1437034234404564,0.005403422397011376,4,0.2072998620569706,0.005718925385244134,4,0.7211717078390875,0.02521172628339868,4,0.6817720266324367,0.03942467091243507,4,0.4759309929103972,0.0354077449678893,4,0.5205653555441879,0.03675593339745153,4,0.5224414318799973,0.03529774408228844,4,0.25100651010870934,0.001467207366461851,4,0.33350181579589844,0.001321030919810532,4,0.3387811249781315,0.0071697634711347,4,0.285839365983813,0.004345772820931402,4,0.10845945947846466,0.007055879552364519,4,0.11481120477262238,0.0048756235382586945,4,1.351061075925827,0.042229908566321445,4,0.21249743551015854,0.0014969217513594387,4,0.27872384339571,0.002293910661362794,4,0.37259806104508386,0.010301578773847086,4,0.27645750267444846,0.005195593497276945,4,0.12865889169963468,0.01433432779143478,4,0.13890890698848138,0.007777148129027854,4,0.9437800794839859,0.03462374215858801,4,17.0,0.816496580927726,4,1.351061075925827,0.042229908566321445,4,179761.0,0.0,4,3063361.0,0.0,4
B1_no_RC,,0.0002,0.0001,hq_first,conv3_plus,1,643,HepG2,0.17561382800340652,0.005992317320170721,4,0.2417759709060192,0.006653939475413576,4,0.6280187048640026,0.03654762553876396,4,0.5238228367121256,0.04136851113151017,4,0.3636786196540327,0.044595508406392675,4,0.39540929035845046,0.044959064892013505,4,0.635331779718399,0.04452615569205742,4,0.2512134239077568,0.0007919827822448103,4,0.33291077613830566,0.00110304312220671,4,0.3372720913510711,0.009075761915476916,4,0.2712230456043643,0.0037043291493839467,4,0.11161980673346628,0.00589455251757051,4,0.11381424069508506,0.006042872332189234,4,1.2033718824386597,0.030996306597029424,4,0.2172389067709446,0.0012607668784999527,4,0.2827650383114815,0.0008969463809897662,4,0.34155693962364575,0.007944286681514838,4,0.2734832676958006,0.00870169108983298,4,0.10324750307847277,0.005686712288609458,4,0.11670847677322936,0.005385848193036902,4,0.8680690377950668,0.017533190060836524,4,10.0,1.8257418583505538,4,1.2033718824386597,0.030996306597029424,4,179761.0,0.0,4,3063361.0,0.0,4
B1_no_RC,,0.0002,0.0001,hq_first,conv3_plus,1,643,K562,0.17744756117463112,0.00873957112608121,4,0.24390355870127678,0.009920339966363736,4,0.6087837655824142,0.027446471448773553,4,0.48528877825732486,0.04299070475597823,4,0.35311574599180473,0.0397107907629663,4,0.37118265483294505,0.033270210244485635,4,0.645878255367279,0.0396490330143419,4,0.2516189515590668,0.002303781221987625,4,0.3297499567270279,0.0018518454622380525,4,0.36404878605081675,0.007323622661016242,4,0.2511091878864967,0.006851917090921552,4,0.12839573433834178,0.009810484108997975,4,0.13257174521173407,0.005312856441051168,4,1.1807145178318024,0.03542668410428874,4,0.20780133828520775,0.0013128177796823304,4,0.2760196924209595,0.0011610147295674261,4,0.38931494718994064,0.005654478547224193,4,0.31833448855263047,0.004581085918488608,4,0.14551626503908502,0.0071914789776446,4,0.15159010795123706,0.004381017085601611,4,0.8272070288658142,0.020563317644927435,4,9.5,1.2909944487358058,4,1.1807145178318024,0.03542668410428874,4,179761.0,0.0,4,3063361.0,0.0,4
B1_no_RC,,0.0002,0.0001,hq_first,conv3_plus,1,643,SKNSH,0.16998380050063133,0.00613358342351256,4,0.23598133772611618,0.0076655132682088055,4,0.6484577257494913,0.032122920792773006,4,0.5649382678777228,0.037715733730401234,4,0.3937447388232139,0.046257902591435314,4,0.42127133361439656,0.040918739306913206,4,0.6053124368190765,0.04618597532215434,4,0.24869216978549957,0.00046178629411244767,4,0.33010298758745193,0.0007832105453714095,4,0.3607193197077443,0.00882884567701763,4,0.29178010152841627,0.010717808712898982,4,0.12654543156609793,0.004146871652936286,4,0.13017688899740928,0.006353103957996462,4,1.1831162571907043,0.027737992798479504,4,0.2077307216823101,0.001327026463539569,4,0.2727876678109169,0.0011670767106310962,4,0.4115126326111985,0.008491076500042025,4,0.29570119854177035,0.004472699640421292,4,0.16540972814117103,0.00713780991053739,4,0.16939672058369645,0.0070543517599922145,4,0.8078539222478867,0.014080455601489045,4,12.5,1.0,4,1.1831162571907043,0.027737992798479504,4,179761.0,0.0,4,3063361.0,0.0,4
B1_no_RC,,0.0002,0.0001,hq_first,conv3_plus,1,1125,HepG2,0.22002414613962173,0.0027339400776225944,4,0.294054239988327,0.004247236286653578,4,0.5715730080732491,0.016857406498981684,4,0.4528558194135426,0.022665338147514976,4,0.3025875763250572,0.022374498121986327,4,0.3269088326733064,0.01942885209107852,4,0.696792483329773,0.02235466290676833,4,0.24982957914471626,0.0007253804754465909,4,0.33194034546613693,0.001300338243463991,4,0.3486948026798721,0.011421216486736266,4,0.26298792628603523,0.008686571568370218,4,0.11678854965182245,0.006927402541302603,4,0.12168589855548258,0.007879695069269641,4,0.887790635228157,0.015328472117615134,4,0.21473776176571846,0.0014382646599471454,4,0.28033870458602905,0.0022655639465691563,4,0.3674103713390357,0.016972723801080336,4,0.2853640328650792,0.006163279645917172,4,0.11853454523055515,0.01426968041758054,4,0.13520643598240892,0.01228903764195412,4,0.6331638544797897,0.007708883365855677,4,6.75,0.5,4,0.887790635228157,0.015328472117615134,4,179761.0,0.0,4,3063361.0,0.0,4
B1_no_RC,,0.0002,0.0001,hq_first,conv3_plus,1,1125,K562,0.22202997282147408,0.0038946253862213115,4,0.29654812812805176,0.0040142914923359556,4,0.5560735146123656,0.014558219258570522,4,0.42838218920323035,0.015391289323122974,4,0.29078483760162754,0.018853371516024238,4,0.30937670996433425,0.016026877286667063,4,0.7085847407579422,0.018836654992651653,4,0.25181563198566437,0.0018570673735475245,4,0.32945234328508377,0.0018792423466104837,4,0.3709870542801379,0.01269104044721173,4,0.2644180427576463,0.010865271282623804,4,0.12996763132459166,0.009930726693271465,4,0.13775219132417857,0.009406110754967235,4,0.8744594901800156,0.009196615993523899,4,0.20654282718896866,0.0020540137108028037,4,0.2747282087802887,0.001726223274211081,4,0.40221921326717014,0.009729723847846558,4,0.33035999695560525,0.007053555145268255,4,0.15347991453301144,0.01062409735976955,4,0.1618512961658778,0.007802677536939311,4,0.6080627888441086,0.004192587018185074,4,6.75,0.4999999999999999,4,0.8744594901800156,0.009196615993523899,4,179761.0,0.0,4,3063361.0,0.0,4
B1_no_RC,,0.0002,0.0001,hq_first,conv3_plus,1,1125,SKNSH,0.2254403755068779,0.0028031174691797037,4,0.2994658127427101,0.0037729620973657725,4,0.547157951320656,0.013767262618028329,4,0.4409569545652636,0.025627856257793603,4,0.27681377649299993,0.015458092343404678,4,0.2995239768334127,0.014916316656282133,4,0.7225433886051178,0.01544440294077019,4,0.2488863728940487,0.0015985093664506829,4,0.33085543662309647,0.002356428245088045,4,0.3562547747690592,0.016155779043381363,4,0.2878366937776028,0.018147667711335903,4,0.12252922056668944,0.01248864412951994,4,0.12711322144312703,0.011477823321313176,4,0.8819959163665771,0.01693963263764791,4,0.20850569754838943,0.0009824595223973218,4,0.273992195725441,0.0016426181789352937,4,0.4018896505007198,0.010923164914119538,4,0.29310504823480815,0.0076374790896806015,4,0.15801184731221035,0.01008277465287581,4,0.1616047778283965,0.008801750190039377,4,0.6048347800970078,0.007494594280016016,4,6.75,0.5,4,0.8819959163665771,0.01693963263764791,4,179761.0,0.0,4,3063361.0,0.0,4
B1_no_RC,,0.0002,0.0001,hq_first,conv3_plus,1,1608,HepG2,0.2392251081764698,0.009269616239432574,4,0.31577957421541214,0.013284045992889957,4,0.5346091210955362,0.04668392033199072,4,0.42544763427550647,0.04252226253646238,4,0.27341294892301193,0.04996249675887451,4,0.2874414536717144,0.04778802163627133,4,0.7261352241039276,0.049931480754367805,4,0.2492881752550602,0.001200849415796062,4,0.330793172121048,0.0015313485843052453,4,0.36052394608501664,0.009362406594914037,4,0.27156479587468485,0.008754532776521646,4,0.1228787128343855,0.008134419962672446,4,0.13004325669364836,0.006680039617895768,4,0.796908974647522,0.029186881303907897,4,0.21462088078260422,0.0017563630234288152,4,0.28037407994270325,0.0019926054410310586,4,0.3757388808638194,0.018166388604885442,4,0.2891162108827118,0.013275008821749087,4,0.11832188115450673,0.012507958089063163,4,0.14142721984900328,0.01359509334818926,4,0.5726497769355774,0.02622836386011281,4,5.5,1.0,4,0.796908974647522,0.029186881303907897,4,179761.0,0.0,4,3063361.0,0.0,4
B1_no_RC,,0.0002,0.0001,hq_first,conv3_plus,1,1608,K562,0.24142011627554893,0.004862597964952054,4,0.3179449066519737,0.004076150729568696,4,0.523293830043023,0.029499659112388908,4,0.40856182505869554,0.036458979459510286,4,0.26329519005885216,0.031252309474541176,4,0.27448910497690665,0.030836499972673355,4,0.7362466603517532,0.03123286151146814,4,0.25091319903731346,0.0021955903930240632,4,0.3274462893605232,0.0018722881722110529,4,0.3870976629659092,0.008334523940611387,4,0.27860842088273907,0.00799466031869872,4,0.1405306756409213,0.009830068134121833,4,0.14989669889065613,0.00647904823423804,4,0.7807799726724625,0.02564579266695268,4,0.2050890251994133,0.0012645687572924102,4,0.27372265607118607,0.001594759947609507,4,0.4135111524409673,0.005279564280931683,4,0.32947132753074204,0.003798916780626246,4,0.15966886071144074,0.009778747015840396,4,0.17101237854230428,0.0043487440443428374,4,0.5456182658672333,0.019001091615378905,4,5.5,0.5773502691896257,4,0.7807799726724625,0.02564579266695268,4,179761.0,0.0,4,3063361.0,0.0,4
B1_no_RC,,0.0002,0.0001,hq_first,conv3_plus,1,1608,SKNSH,0.22909557074308395,0.013715201485532215,4,0.3031482994556427,0.015503190702375968,4,0.5866353490181799,0.0609265550748257,4,0.49528032207457684,0.06776596750164453,4,0.32930208148328044,0.07017381198389215,4,0.34692506655264604,0.06889308594423153,4,0.6702807992696762,0.07013015083441294,4,0.2475808784365654,0.0015283830584612741,4,0.32910165190696716,0.002232118841998257,4,0.3759446531912877,0.019102726309067994,4,0.29338146026326956,0.016291183137239006,4,0.13181018329865685,0.011765188414717088,4,0.14160806787744695,0.01441315630409524,4,0.7887616753578186,0.028765867221235236,4,0.2053636647760868,0.0031523519217323886,4,0.2709156945347786,0.003178299225115961,4,0.4305199292331063,0.02490147888655245,4,0.3057906106676612,0.010377516817315642,4,0.17675130120870122,0.019351798186746597,4,0.18581247220493188,0.021029616339312503,4,0.5348486974835396,0.030290625627834963,4,7.0,1.4142135623730951,4,0.7887616753578186,0.028765867221235236,4,179761.0,0.0,4,3063361.0,0.0,4
B1_no_RC,,0.0002,0.0001,hq_first,conv3_plus,1,2411,HepG2,0.2527944818139076,0.0058086511428791406,4,0.3311716988682747,0.007408751515426749,4,0.5042050552048207,0.025648088595494146,4,0.39339309587818283,0.021614831083092846,4,0.245670344524667,0.026382610163311084,4,0.25471610603054806,0.02545263226608935,4,0.7540167719125748,0.026371648533740088,4,0.24678943678736687,0.0002927063193894124,4,0.3277485892176628,0.0005513626002641469,4,0.37942035038587807,0.0049705815080679835,4,0.27773472578754366,0.006389069269398702,4,0.1389623386821427,0.0028962172763524526,4,0.14397833229733878,0.003766973952635528,4,0.7384988814592361,0.009756325874463786,4,0.21010739356279373,0.001238111743750741,4,0.27537112683057785,0.0011668567296322645,4,0.4059232391083928,0.006386988956369065,4,0.3024881631487087,0.006683239748485311,4,0.14952698966335531,0.007208132851685764,4,0.164804271269196,0.005214454175141415,4,0.5213435143232346,0.009409762980228257,4,4.75,0.4999999999999999,4,0.7384988814592361,0.009756325874463786,4,179761.0,0.0,4,3063361.0,0.0,4
B1_no_RC,,0.0002,0.0001,hq_first,conv3_plus,1,2411,K562,0.24973737448453903,0.003969076141195991,4,0.32715097814798355,0.003904078667876013,4,0.5207913002464797,0.02417720200433794,4,0.4124272437687968,0.026303754166906907,4,0.2637038110520442,0.024342200197929244,4,0.2716619812349879,0.02573532288327036,4,0.7359907627105713,0.02433212550694048,4,0.24789376184344292,0.0004705289442338202,4,0.32462120801210403,0.0012881842072578488,4,0.4051211393125985,0.008453209031183084,4,0.28676240729749125,0.01629487789207195,4,0.15530781716067824,0.006700099876672499,4,0.1641767300751315,0.006875112743279465,4,0.7244473844766617,0.0075194302557251924,4,0.20253577828407288,0.0010096303455713004,4,0.27092259377241135,0.001303796184900372,4,0.4341649413703722,0.007487984165292055,4,0.33035585844582693,0.007937628968637431,4,0.17678009656565635,0.007925016389051964,4,0.18854124874528344,0.0065020506976800315,4,0.5045971125364304,0.005772284896485513,4,5.25,0.4999999999999999,4,0.7244473844766617,0.0075194302557251924,4,179761.0,0.0,4,3063361.0,0.0,4
B1_no_RC,,0.0002,0.0001,hq_first,conv3_plus,1,2411,SKNSH,0.24649964645504951,0.004399701858169886,4,0.3224676698446274,0.004917891849745572,4,0.5425074619505681,0.028268906699642618,4,0.4380145023963262,0.03601670128390996,4,0.2845855836783977,0.027445473993558227,4,0.2949136945865419,0.030750947400298326,4,0.7151176184415817,0.027434128213370167,4,0.24584029614925385,0.001129032871042376,4,0.3276333287358284,0.0008087977477926478,4,0.3880242474786018,0.004299189046569869,4,0.30150273428831986,0.00664033562627513,4,0.13956571816500926,0.004246339435866848,4,0.15057667890117885,0.003332982319666679,4,0.738016813993454,0.01308312325258431,4,0.20396531000733376,0.0008927036249998719,4,0.26872318238019943,0.001347560760423923,4,0.44696820323459907,0.006461514529387863,4,0.3091908842904765,0.0054494049687228195,4,0.190090711123028,0.008120080784343398,4,0.19981188808027595,0.005781760385129031,4,0.4965103790163994,0.011412501027744852,4,5.5,0.5773502691896258,4,0.738016813993454,0.01308312325258431,4,179761.0,0.0,4,3063361.0,0.0,4
B1_no_RC,,0.0002,0.0001,hq_first,conv3_plus,1,3215,HepG2,0.26444489508867264,0.00040598844389672193,4,0.34462426602840424,0.0004774780024593332,4,0.46549444565518694,0.002740130545559572,4,0.36208919588044486,0.003922889461239153,4,0.21135396902295475,0.0021856767581573218,4,0.2166907101723848,0.0025520055600252952,4,0.7884007096290588,0.0021849849527940776,4,0.24730993434786797,0.0008163678169078531,4,0.32798780500888824,0.0008719549306907172,4,0.3803734006885676,0.004019551546149345,4,0.27915281488942323,0.005718342057605361,4,0.1377022187791456,0.004582226380395274,4,0.14469604154735977,0.0030611039667987846,4,0.7141219973564148,0.0037948128464196226,4,0.2092318907380104,0.0008240710668032601,4,0.27381865680217743,0.0006469992872351782,4,0.4176076461455853,0.0026733000252739648,4,0.31247031390263774,0.004085374928140988,4,0.15909722148670863,0.003973022589929595,4,0.17440150601902527,0.002234974643865321,4,0.49771714955568314,0.002351578133680706,4,4.0,0.0,4,0.7141219973564148,0.0037948128464196226,4,179761.0,0.0,4,3063361.0,0.0,4
B1_no_RC,,0.0002,0.0001,hq_first,conv3_plus,1,3215,K562,0.25458215549588203,0.010463694896508925,4,0.3329845815896988,0.012011426323142034,4,0.5170413219877082,0.05301378702560154,4,0.41777512762770963,0.05466301450190844,4,0.2630098648361258,0.0533745711146965,4,0.2694395748538939,0.05392901753778926,4,0.7367609143257141,0.05335798029079498,4,0.24670616537332535,0.0006571328334781941,4,0.324009969830513,0.000844227152436708,4,0.40644064028321586,0.0064583674654087805,4,0.2907378677306467,0.007181536703457982,4,0.15849152041669637,0.004390430872233781,4,0.16522527695656916,0.005227372407331311,4,0.6969050318002701,0.0036359367367904656,4,0.20193751528859138,0.001422620281545183,4,0.2703675702214241,0.001698388090466765,4,0.436874958183625,0.003962416078739379,4,0.3278120766030749,0.004937636998637706,4,0.18013953745702818,0.010296868203497945,4,0.19087150464382985,0.0034656382433521397,4,0.48526253551244736,0.006094530718060073,4,5.25,0.9574271077563381,4,0.6969050318002701,0.0036359367367904656,4,179761.0,0.0,4,3063361.0,0.0,4
B1_no_RC,,0.0002,0.0001,hq_first,conv3_plus,1,3215,SKNSH,0.26173652708530426,0.005813085056845065,4,0.3404115214943886,0.007069479619728466,4,0.4878026019920617,0.03256225789912279,4,0.3924371432471252,0.02917136442312901,4,0.23026936651522675,0.03195888057225545,4,0.2387466039898425,0.03179539178885084,4,0.7694912105798721,0.03194889391681577,4,0.24667970836162567,0.0007451163673433781,4,0.3274379223585129,0.0010074877004617505,4,0.3866763961294976,0.007017438796248589,4,0.3083380132261438,0.0019871251666787335,4,0.1405895858175344,0.005281168487688979,4,0.14955556865914046,0.005454258967774645,4,0.7117307484149933,0.004373646245443936,4,0.20422405749559402,0.0010379404020683677,4,0.2693692743778229,0.0009429803988414068,4,0.44146205348533585,0.006968920361068949,4,0.31780355567558827,0.004427058731975644,4,0.1861994184208898,0.005699490132013739,4,0.19492516905573873,0.006148526493781132,4,0.48167578876018524,0.0033733801651651537,4,4.5,0.5773502691896257,4,0.7117307484149933,0.004373646245443936,4,179761.0,0.0,4,3063361.0,0.0,4
B1_no_RC,,0.0002,0.0001,hq_first,full,1,161,HepG2,0.09555544517934322,0.01873652779458665,4,0.14628297835588455,0.03090324770913438,4,0.8837955851136707,0.05018258994133689,4,0.8957092470970817,0.046940178368110666,4,0.7144860327153331,0.12823916305733926,4,0.7829833555163308,0.0880280107497916,4,0.2837406024336815,0.12744265592720969,4,0.25347834825515747,0.0028959041158659027,4,0.33571434020996094,0.003432721075998716,4,0.3277949076879959,0.018910242746149452,4,0.28125019117057926,0.021979164004890164,4,0.09653073231424816,0.018499092416473517,4,0.10771769946672047,0.012661097431874154,4,1.4275745153427124,0.09806312924902194,4,0.22591887414455414,0.002984833267748106,4,0.2935378924012184,0.00209351943955371,4,0.28872363786888056,0.008447944999127497,4,0.2433171147752251,0.004648718105336009,4,0.03358691828849736,0.013797687924035159,4,0.0834148648952717,0.004948702875073635,4,1.0906429588794708,0.05833855430141911,4,12.0,2.9439202887759492,4,1.4275745153427124,0.09806312924902194,4,179761.0,0.0,4,3747661.0,0.0,4
B1_no_RC,,0.0002,0.0001,hq_first,full,1,161,K562,0.09540981240570545,0.014359429468180999,4,0.15268947184085846,0.028816651992472055,4,0.8631400224263082,0.06213196848837306,4,0.9100782589126455,0.026905128624537693,4,0.6917995990111735,0.13370433950970032,4,0.747905984445268,0.10426558812585332,4,0.30628612264990807,0.1328738799751541,4,0.2567065358161926,0.0020379958502219336,4,0.3355328366160393,0.002154462115638273,4,0.33228680443912095,0.014925979495175273,4,0.2411389649580628,0.011248736165917435,4,0.0975501926471766,0.01162037358030878,4,0.1105816090522804,0.009837126173597246,4,1.4256035387516022,0.08873256795178991,4,0.21881502866744995,0.0014246048863188249,4,0.2870430126786232,0.0017253900339003422,4,0.327353333539329,0.01615913871143759,4,0.276346767879615,0.012615190702068112,4,0.07589011970506865,0.011090702820298868,4,0.10735604330223279,0.010704664684339322,4,1.0438576191663742,0.0753188111144112,4,15.0,3.1622776601683795,4,1.4256035387516022,0.08873256795178991,4,179761.0,0.0,4,3747661.0,0.0,4
B1_no_RC,,0.0002,0.0001,hq_first,full,1,161,SKNSH,0.08695757947862148,0.028209484253278537,4,0.14198358543217182,0.040360656369202594,4,0.8762113531143683,0.08830152766449359,4,0.9152511004902244,0.08067664530088059,4,0.7252488473451613,0.17568732226142658,4,0.7735942051674247,0.14706470792385667,4,0.2730446271598339,0.1745960821282494,4,0.25392429530620575,0.0020170742197810187,4,0.33511749655008316,0.003519962736660748,4,0.3310670048424613,0.023411063741104295,4,0.29917688207119164,0.020351048443905288,4,0.09973639746791768,0.018908768156750428,4,0.11001642012447585,0.015521229833607923,4,1.4224834144115448,0.09764653504851555,4,0.21993233263492584,0.00231076503792116,4,0.2874809354543686,0.0020870944071423605,4,0.31536077048251954,0.014785986013244387,4,0.2562644736783856,0.0136203740390091,4,0.07305671232487265,0.01348226853546182,4,0.09961638459611626,0.009351365091141053,4,1.047250747680664,0.07979859046975747,4,15.5,4.43471156521669,4,1.4224834144115448,0.09764653504851555,4,179761.0,0.0,4,3747661.0,0.0,4
B1_no_RC,,0.0002,0.0001,hq_first,full,1,322,HepG2,0.11543614976108074,0.016141946737407684,4,0.17358094826340675,0.022686699592691484,4,0.8330376874505989,0.04708690994690865,4,0.839560083991447,0.04097355902255357,4,0.6270177721982308,0.097316032562316,4,0.6956146715293029,0.07933767441874391,4,0.37182388827204704,0.09701379944343244,4,0.25168295204639435,0.000553623177735723,4,0.33398590236902237,0.0012284691209471913,4,0.33363670261838363,0.012893362570600963,4,0.2850474184264202,0.008801786469672156,4,0.10587084384585518,0.006586925856350306,4,0.1114381284328505,0.00865438588722451,4,1.3548857271671295,0.0378038727943854,4,0.22124476358294487,0.0020945022305010764,4,0.2880861237645149,0.0013672013313554723,4,0.3152453605655481,0.015083952066240582,4,0.25751229464686887,0.0051365656929648175,4,0.06917097662144514,0.008816151042968205,4,0.09955028156555493,0.00963046695915861,4,1.0080801397562027,0.028952914827279897,4,8.0,1.4142135623730951,4,1.3548857271671295,0.0378038727943854,4,179761.0,0.0,4,3747661.0,0.0,4
B1_no_RC,,0.0002,0.0001,hq_first,full,1,322,K562,0.10904002375900745,0.006414803629418138,4,0.1721683368086815,0.011101347904400703,4,0.8233803996091732,0.024865789349811263,4,0.8577132359112729,0.012664445577110798,4,0.6370433105696992,0.05293247907654531,4,0.6784190130705536,0.041139928082820756,4,0.361829474568367,0.052768071643251535,4,0.25488801300525665,0.0010713783444307658,4,0.33282511681318283,0.0016134646971131801,4,0.3512132391462103,0.013749250320444259,4,0.24938616348823428,0.01265546604842246,4,0.11206858125810668,0.00862092417038378,4,0.12349252076485376,0.009710719119654864,4,1.345473825931549,0.03755699395455933,4,0.21597545966506004,0.0014077396393448829,4,0.2829177677631378,0.0009590072377354165,4,0.355679856530761,0.011635052346106175,4,0.2935214960844792,0.005796612462293606,4,0.10227755421261611,0.0060953997147348725,4,0.12660969117406518,0.00837853969659674,4,0.9722294509410858,0.02728535822735657,4,10.0,0.816496580927726,4,1.345473825931549,0.03755699395455933,4,179761.0,0.0,4,3747661.0,0.0,4
B1_no_RC,,0.0002,0.0001,hq_first,full,1,322,SKNSH,0.08674400113523006,0.0059251197161059215,4,0.14402616769075394,0.011916401731350092,4,0.8837008089175145,0.023349702493423163,4,0.9183631445451423,0.008018067484938798,4,0.7458293522377876,0.043093790096603427,4,0.781336026136368,0.0412172357263597,4,0.25338128954172134,0.04295996685594751,4,0.24939732253551483,0.0004649871815396827,4,0.33091069012880325,0.0016266605608149425,4,0.359586596126684,0.01209436881055036,4,0.32315582836808354,0.0054201385398223645,4,0.12225359843605468,0.008624226227668291,4,0.12941222543166914,0.00873724053549759,4,1.3301401734352112,0.041519182833617684,4,0.21860156580805779,0.00192254947290286,4,0.2849745973944664,0.0023530859342399766,4,0.33777433801077095,0.015660297148883336,4,0.26360770436611203,0.009347461503669323,4,0.08913842271263481,0.015053468228111289,4,0.11427543709870802,0.010727831264677213,4,0.9866656363010406,0.039084960874853816,4,12.75,0.5000000000000001,4,1.3301401734352112,0.041519182833617684,4,179761.0,0.0,4,3747661.0,0.0,4
B1_no_RC,,0.0002,0.0001,hq_first,full,1,643,HepG2,0.142120573669672,0.009506809693411281,4,0.20561054348945618,0.012401554681015019,4,0.7730259772327661,0.029353417305417764,4,0.720016215413422,0.03410950267443223,4,0.5396842036750046,0.04837543035135204,4,0.5982153788073026,0.04572957120618937,4,0.45959991216659546,0.04830021870363865,4,0.2514089122414589,0.0007925546196241666,4,0.3327583074569702,0.0007591522882662152,4,0.34081657306018087,0.004734314939139798,4,0.2897474317534378,0.006992993315369845,4,0.11243720249518185,0.004048228924160734,4,0.1161727467759428,0.003226562573002838,4,1.2022610008716583,0.030087656605940274,4,0.21807951107621193,0.0026723982922815556,4,0.28484800457954407,0.0027552781319926797,4,0.33188078366553503,0.01740535980453936,4,0.26326039486858716,0.010149449933137166,4,0.08993011211828472,0.01754468906829234,4,0.11037206447889375,0.01157293342254107,4,0.880888894200325,0.020154449611834154,4,6.25,0.9574271077563381,4,1.2022610008716583,0.030087656605940274,4,179761.0,0.0,4,3747661.0,0.0,4
B1_no_RC,,0.0002,0.0001,hq_first,full,1,643,K562,0.14201471582055092,0.006903941286203606,4,0.21108051389455795,0.008325227702170099,4,0.7370556774540283,0.02463397327102217,4,0.6899554778371726,0.030722322560704906,4,0.5146808407706456,0.04447843335276428,4,0.5437061961465547,0.03596929765536058,4,0.4845644161105156,0.044409291014310695,4,0.2527901455760002,0.0012552455074760437,4,0.3306196480989456,0.0003230663851368422,4,0.3649639786642667,0.007160364200946081,4,0.2614064308505618,0.009118415727416587,4,0.12381217132036729,0.0017123538730887484,4,0.13323715883406895,0.005228929383808958,4,1.186797946691513,0.026227046903542436,4,0.21246270090341568,0.0012635037965831077,4,0.2801525220274925,0.0018354177078063944,4,0.3709520009377821,0.012700211447807938,4,0.30111947901088154,0.013800548782883452,4,0.11971973634114108,0.01153912663721733,4,0.13772635852785856,0.009385673863148598,4,0.8521199524402618,0.019516963608507243,4,6.5,0.9999999999999999,4,1.186797946691513,0.026227046903542436,4,179761.0,0.0,4,3747661.0,0.0,4
B1_no_RC,,0.0002,0.0001,hq_first,full,1,643,SKNSH,0.12004024162888527,0.013849272247283707,4,0.18339814618229866,0.015311319549850273,4,0.8118429992365116,0.029080197334249394,4,0.7945267917723902,0.0433961981107188,4,0.6332543193120095,0.05471809717292969,4,0.6597232988170837,0.046936462543943444,4,0.3661753311753273,0.0546329807804028,4,0.24738530442118645,0.0009098910309205232,4,0.32836219668388367,0.0013873760854584895,4,0.3799549507835511,0.008053630150187516,4,0.331816571416998,0.005447308205903855,4,0.1357255053173285,0.007299578030227475,4,0.14441441034387775,0.006155698661008627,4,1.170491486787796,0.015231824913174423,4,0.21665503457188606,0.0010847609237386792,4,0.28119608014822006,0.0016632689104900428,4,0.3726519996861851,0.013705183867173659,4,0.27134125446877355,0.015101971672247345,4,0.11315479561672304,0.010509450033834765,4,0.13901038691873732,0.0101551928284895,4,0.8583825528621674,0.0123695609199485,4,10.0,2.5819888974716116,4,1.170491486787796,0.015231824913174423,4,179761.0,0.0,4,3747661.0,0.0,4
B1_no_RC,,0.0002,0.0001,hq_first,full,1,1125,HepG2,0.19143667072057724,0.01053248803443951,4,0.26442018523812294,0.010510790812055495,4,0.7035239189549923,0.022566762182513717,4,0.6069703587539852,0.02985997860676952,4,0.4357002541005203,0.04146698602223041,4,0.4953278486083422,0.03205428881283969,4,0.563798114657402,0.04143007586054177,4,0.2512371689081192,0.0005492260500192714,4,0.3322027176618576,0.0005360128519454158,4,0.3492714453874895,0.0029579741343329323,4,0.2811826409000613,0.00760187135403306,4,0.11540024394105652,0.0028535963875418314,4,0.1219971047713006,0.002072886817726031,4,0.8891395181417465,0.00916479712047892,4,0.21599822118878365,0.0022228189606148564,4,0.28240741044282913,0.0026145312156409762,4,0.3589078421889338,0.011765749167560673,4,0.2854694797624066,0.00509940798433519,4,0.10546370036049771,0.01649168526008955,4,0.12891866382482206,0.0085211034826095,4,0.642573669552803,0.01149409019706534,4,4.25,0.4999999999999999,4,0.8891395181417465,0.00916479712047892,4,179761.0,0.0,4,3747661.0,0.0,4
B1_no_RC,,0.0002,0.0001,hq_first,full,1,1125,K562,0.1863504759967327,0.019425466463934112,4,0.262054655700922,0.019898345995253426,4,0.691000636179652,0.047504344955314616,4,0.5893390233890019,0.07101214817724591,4,0.44334548736803414,0.08542991025761282,4,0.47917437629290893,0.06757903715624998,4,0.5561597347259521,0.08535399474142975,4,0.25265447422862053,0.0033758954228139014,4,0.3300464227795601,0.0023022873814049737,4,0.37712110848180175,0.004218458697723978,4,0.2696575175390517,0.010763241148141213,4,0.12681654691021782,0.01219046732145892,4,0.1422336770078812,0.003164196610401528,4,0.8775806277990341,0.0052163122708275686,4,0.2113809734582901,0.003943486453831271,4,0.27892544120550156,0.00260265083596769,4,0.3890960794574154,0.017518432975471915,4,0.31618651348037585,0.01209088814853644,4,0.12738534605155558,0.016285139265296993,4,0.15162593066956842,0.013631555637731874,4,0.6267622411251068,0.004344196955864977,4,4.75,0.9574271077563381,4,0.8775806277990341,0.0052163122708275686,4,179761.0,0.0,4,3747661.0,0.0,4
B1_no_RC,,0.0002,0.0001,hq_first,full,1,1125,SKNSH,0.18307353183627129,0.00236712542646798,4,0.25510210543870926,0.0011095294192162626,4,0.7196483903914153,0.007243740427274586,4,0.6437286926285198,0.007215549445067504,4,0.4751553106118931,0.01129808299567127,4,0.517933159624488,0.010466550378734866,4,0.5243781507015228,0.011288072550300609,4,0.24655012786388397,0.0009928241280460664,4,0.32782477885484695,0.0018101018244468003,4,0.3818107846980646,0.01129726973005306,4,0.3276679666974498,0.0055546667564635895,4,0.13854405183876087,0.009523964124812604,4,0.145875196539267,0.008546611144654036,4,0.8659143298864365,0.015872405038017703,4,0.2121962569653988,0.0015052490402332923,4,0.27742859721183777,0.001842040635517756,4,0.39162743275117895,0.008575706453946497,4,0.29335931550779115,0.005329463143609123,4,0.13675369681516733,0.01144461276985501,4,0.15342720313916738,0.006673202010313934,4,0.6201106607913971,0.009004480904438988,4,5.0,0.0,4,0.8659143298864365,0.015872405038017703,4,179761.0,0.0,4,3747661.0,0.0,4
B1_no_RC,,0.0002,0.0001,hq_first,full,1,1608,HepG2,0.21202941238880157,0.013066692009079423,4,0.2878008186817169,0.013997366510819774,4,0.6586731676699442,0.033800318835870286,4,0.560185925373234,0.03860801997360425,4,0.39558855402019866,0.06090956826933466,4,0.43470718797341323,0.04339312101333429,4,0.6040355265140533,0.060871661451868474,4,0.24996963143348694,0.0011678770089444013,4,0.33080143481492996,0.0012608137102963627,4,0.36290851402613783,0.007842571117813259,4,0.2873506078878958,0.008910054193546867,4,0.12283949512506642,0.006683700549241262,4,0.13174871899396295,0.005650140748027576,4,0.7970533221960068,0.032629834609271026,4,0.2144831120967865,0.0016142588896958807,4,0.28122397512197495,0.0019084321764224093,4,0.37695634691231844,0.012314325186159979,4,0.2867358793729836,0.004974445234636103,4,0.11297146691944798,0.01205157780375339,4,0.14220981943107305,0.009176623909819014,4,0.5760627239942551,0.02454669230492813,4,3.75,0.5,4,0.7970533221960068,0.032629834609271026,4,179761.0,0.0,4,3747661.0,0.0,4
B1_no_RC,,0.0002,0.0001,hq_first,full,1,1608,K562,0.2136838100850582,0.012000316442439478,4,0.2892097979784012,0.013943597029345901,4,0.6486769357079449,0.030670118507946254,4,0.5382795435739742,0.039171707380903274,4,0.39027450976222233,0.051445801087349224,4,0.421487259046418,0.03886820060761281,4,0.6093462705612183,0.05141382952298821,4,0.25189895182847977,0.0008000629940930116,4,0.32845453917980194,0.002386607264711208,4,0.39152180383800667,0.018114010454215294,4,0.28743864264257574,0.019420578000880633,4,0.1352166434447029,0.012595297327663648,4,0.15353541091161813,0.014053709707298577,4,0.7855659574270248,0.02507712889718556,4,0.20995929837226868,0.0012776522760351587,4,0.2780737802386284,0.0016451721644681152,4,0.4008786242896266,0.017298413520891544,4,0.3242638287630658,0.013676842035830002,4,0.132739854000398,0.010250439142237524,4,0.16092809774509845,0.013670944938948134,4,0.5631282180547714,0.02057668683028727,4,3.75,0.5,4,0.7855659574270248,0.02507712889718556,4,179761.0,0.0,4,3747661.0,0.0,4
B1_no_RC,,0.0002,0.0001,hq_first,full,1,1608,SKNSH,0.1876685470342636,0.014102163269643404,4,0.260109256953001,0.011535894626899528,4,0.7241407116270978,0.036499603034383224,4,0.6516257086412559,0.05002624120804446,4,0.5051798643038989,0.06055076572587829,4,0.5253789360020503,0.05281030089677478,4,0.4945124313235283,0.06051311782273684,4,0.24644532799720764,0.0014772883794637785,4,0.32713548839092255,0.0016244069872878284,4,0.39687696570267583,0.004139427230749488,4,0.3308888568422325,0.007408258742840707,4,0.142166638033872,0.008521242260307519,4,0.1575241770487119,0.003274366151772598,4,0.7792469561100006,0.023337244107501248,4,0.21214019879698753,0.0014915786822620259,4,0.2777099460363388,0.0016004769510787867,4,0.4141533419097244,0.012119599807693164,4,0.2979394826086878,0.0025086033674143085,4,0.13500902568078982,0.009982975168281375,4,0.17163315413961708,0.01010864168324593,4,0.5617047846317291,0.022029410324822116,4,5.0,0.816496580927726,4,0.7792469561100006,0.023337244107501248,4,179761.0,0.0,4,3747661.0,0.0,4
B1_no_RC,,0.0002,0.0001,hq_first,full,1,2411,HepG2,0.2298084832727909,0.01153724519318929,4,0.30642520636320114,0.012456007569600868,4,0.6144824779741569,0.03971013899327542,4,0.5094005288586748,0.04460509257318791,4,0.352977480930581,0.05820081744604307,4,0.3787713870914091,0.05019982121981533,4,0.6467541456222534,0.0581766620258446,4,0.24698049947619438,0.0023033006090528263,4,0.3267492726445198,0.001654563723077669,4,0.39327987889010546,0.009551353660623402,4,0.30714097083367414,0.003041896949831623,4,0.14419034102793235,0.00866584619963848,4,0.15473748440737878,0.0074295741831974195,4,0.7339594960212708,0.005921140111528075,4,0.21078697964549065,0.0032149546895912607,4,0.27641522884368896,0.003620142690669696,4,0.41244268147532803,0.010630400167404068,4,0.3097072319293067,0.014536460086568679,4,0.1429667000945979,0.022531488611536164,4,0.17019371955834825,0.008763475894969237,4,0.5252743065357208,0.011409827931868066,4,3.25,0.5,4,0.7339594960212708,0.005921140111528075,4,179761.0,0.0,4,3747661.0,0.0,4
B1_no_RC,,0.0002,0.0001,hq_first,full,1,2411,K562,0.21864338964223862,0.025449458685489108,4,0.2959982752799988,0.026460248865781008,4,0.6419623282190703,0.06548656938273884,4,0.5335019779966059,0.06995148626198108,4,0.39485302959357516,0.0984805132394927,4,0.4153319989295895,0.08563172714341236,4,0.6048959419131279,0.09843969053894445,4,0.24804605543613434,0.002492794763322986,4,0.3244181126356125,0.00244574412150468,4,0.41243435985569143,0.017388064278565374,4,0.3160438683826573,0.02060509418606057,4,0.15633839539304126,0.012672782813927114,4,0.1703288597740906,0.01449859037145633,4,0.7235148996114731,0.00701895307350712,4,0.20860537514090538,0.004164905114141649,4,0.27567072957754135,0.003453412540862186,4,0.4218049560244571,0.00269188273140364,4,0.33336264142281524,0.006854510512265679,4,0.14758651706970646,0.021364620361603675,4,0.17792485560127394,0.0022657775020981114,4,0.5226432830095291,0.019896400907606734,4,3.75,0.9574271077563382,4,0.7235148996114731,0.00701895307350712,4,179761.0,0.0,4,3747661.0,0.0,4
B1_no_RC,,0.0002,0.0001,hq_first,full,1,2411,SKNSH,0.2174805998802185,0.016523094692014257,4,0.2910752519965172,0.01940006510690087,4,0.6575026248424741,0.052248293517212156,4,0.5656551487024756,0.05048357366004371,4,0.4160970651897363,0.07194077196701602,4,0.4343571148063389,0.06601713286001465,4,0.5836607366800308,0.07191092564792798,4,0.24409695714712143,0.0019333857389287816,4,0.3248969838023186,0.002491282785234399,4,0.4107945273389264,0.010397898025965432,4,0.33808203661364394,0.010714027752341069,4,0.15384471155512547,0.01294625183162356,4,0.16883323090413074,0.008643097010828184,4,0.7256809622049332,0.01035354933389912,4,0.20880380645394325,0.0024398160538668875,4,0.2733830288052559,0.003548028883956576,4,0.43333895716215676,0.01902775218587776,4,0.3024212349557639,0.015999570261339656,4,0.16166836988386812,0.02166119673099445,4,0.1880541933093209,0.01656503112392524,4,0.5138887912034988,0.015025952330617492,4,3.75,0.5,4,0.7256809622049332,0.01035354933389912,4,179761.0,0.0,4,3747661.0,0.0,4
B1_no_RC,,0.0002,0.0001,hq_first,full,1,3215,HepG2,0.23148684948682785,0.014215601826773465,4,0.30848290026187897,0.015188060703761904,4,0.6154892431931946,0.04409414260903042,4,0.504578787703518,0.04183296023422514,4,0.3669458907063443,0.06069226947091638,4,0.3802852285458506,0.05621389585837148,4,0.6328571885824203,0.06067343502452122,4,0.24767903611063957,0.0003649335265350351,4,0.32833822816610336,0.0006205793541154875,4,0.3908775439078048,0.006733831968249537,4,0.298936438360783,0.0029973674680639955,4,0.13586093029204047,0.0032678733478861423,4,0.15281926270113036,0.005265276686146121,4,0.7156468629837036,0.0027063087810135318,4,0.21043060347437859,0.0006040753393598439,4,0.27631041407585144,0.0009279601038326328,4,0.42858110813714145,0.006346467299412231,4,0.3164383107175043,0.008862251926888765,4,0.1437194208290387,0.005752696775501327,4,0.18371197448744703,0.005441366698362065,4,0.5068189948797226,0.0034049227948440906,4,3.25,0.49999999999999994,4,0.7156468629837036,0.0027063087810135318,4,179761.0,0.0,4,3747661.0,0.0,4
B1_no_RC,,0.0002,0.0001,hq_first,full,1,3215,K562,0.2365262359380722,0.011219435418663277,4,0.31393951922655106,0.01195109450645073,4,0.6017118145860252,0.04092084401653358,4,0.48776684241722146,0.039784313383868966,4,0.34483070573168495,0.04889450819807828,4,0.3633129944186762,0.05091915219269484,4,0.6549654901027679,0.04887930540908076,4,0.24585943669080734,0.0016384900416130887,4,0.32153312861919403,0.0020067233281350436,4,0.4302465590640684,0.006527275797251706,4,0.3311721221362542,0.01336970462255078,4,0.17128786161434786,0.010334902588537814,4,0.18514405558347097,0.0055889444741745445,4,0.6863076388835907,0.008558969557799934,4,0.20568958297371864,0.0011791518266057951,4,0.2729336768388748,0.00136049672689775,4,0.43617252652471705,0.004181867182710498,4,0.3424094655422076,0.012359055039969388,4,0.1645118983181421,0.008339455327694676,4,0.19025958890480538,0.0036484117691021655,4,0.49451224505901337,0.004936006661600135,4,3.25,0.5,4,0.6863076388835907,0.008558969557799934,4,179761.0,0.0,4,3747661.0,0.0,4
B1_no_RC,,0.0002,0.0001,hq_first,full,1,3215,SKNSH,0.21986156702041626,0.01249467095433475,4,0.29397375881671906,0.013510868288676946,4,0.6665499200612137,0.04383652415863595,4,0.5724013630509577,0.04345098708803221,4,0.42522958344001444,0.053937637191872036,4,0.4457300265713434,0.05658657076616856,4,0.5745916217565536,0.05392092047228466,4,0.24131450802087784,0.001588125306442293,4,0.32183369249105453,0.0018988396965079744,4,0.42258250123298435,0.0075713574867353655,4,0.34785771290163964,0.009005002161442802,4,0.16974035708352372,0.00979478140793391,4,0.17861896443896919,0.006449237454051857,4,0.6875892728567123,0.008111667757181156,4,0.20607658103108406,0.0023162003119097077,4,0.2701543867588043,0.0026015019695707253,4,0.44779512462376747,0.00966295938117647,4,0.30512770532050026,0.012272625896981141,4,0.18139921673841872,0.015731148605541662,4,0.20059050322481714,0.008696264329318944,4,0.4845169186592102,0.009310993017322283,4,3.75,0.49999999999999994,4,0.6875892728567123,0.008111667757181156,4,179761.0,0.0,4,3747661.0,0.0,4
B1_no_RC,,0.0005,1e-05,hq_first,branched_only,1,161,HepG2,0.20100760832428932,0.008780947572686488,4,0.27397532016038895,0.0025505321020998085,4,0.2838152053208035,0.041774315467438414,4,0.1969723733359579,0.05437243572783038,4,0.04384643088159887,0.054533670263863354,4,0.08185989084586964,0.023165983996728666,4,0.9502147734165192,0.054194931028403254,4,0.2519381418824196,0.0008947134932994922,4,0.334394671022892,0.0008979082843531341,4,0.32679733147812384,0.0059193469683569,4,0.2729285355539923,0.004216028814340409,4,0.10368513172556967,0.004814341489439598,4,0.10682277486262158,0.00386931067663253,4,1.4157716929912567,0.08395523821632674,4,0.22100849449634552,0.0006344665720656561,4,0.28932593017816544,0.0005791594632698322,4,0.281282434456282,0.009231264352393135,4,0.2451994444626205,0.00818880181903489,4,0.061154945011146045,0.003759675315466565,4,0.07918372011481038,0.005211631175145924,4,1.059875562787056,0.06306909800499613,4,5.25,1.5,4,1.4157716929912567,0.08395523821632674,4,179761.0,0.0,4,179761.0,0.0,4
B1_no_RC,,0.0005,1e-05,hq_first,branched_only,1,161,K562,0.2019643448293209,0.004183313649732636,4,0.27540969103574753,0.004562881252274453,4,0.263627456501984,0.04649417940973398,4,0.1931672754368655,0.056807550514104896,4,0.03382483207185255,0.05800827729382929,4,0.07112071736094386,0.025529647301031497,4,0.9601740539073944,0.05764789267040818,4,0.2537638023495674,0.000651955666482453,4,0.33282942324876785,0.0007917604126312998,4,0.33867815890689407,0.00589318471848203,4,0.24535626883862152,0.004963224150082215,4,0.11205754495266787,0.004224394317299228,4,0.11472894254015802,0.0039784844602930546,4,1.4024788737297058,0.0816493838381358,4,0.21415507793426514,0.0009940465293078512,4,0.2835087925195694,0.0004206172661451466,4,0.3298179743110085,0.002720838026915565,4,0.2887024069817938,0.005796344088856683,4,0.09852917567167566,0.0026744151170730508,4,0.1087854483982936,0.0018001786359991686,4,1.0179195404052734,0.06568246966325884,4,5.75,1.5,4,1.4024788737297058,0.0816493838381358,4,179761.0,0.0,4,179761.0,0.0,4
B1_no_RC,,0.0005,1e-05,hq_first,branched_only,1,161,SKNSH,0.20166270807385445,0.00781773619288848,4,0.27319858223199844,0.004083540180445728,4,0.2758986960101455,0.04132060733130187,4,0.18366800646963585,0.07405572675373086,4,0.04985660188813848,0.0409037815792371,4,0.07740063490276941,0.021272427586453334,4,0.9442418962717056,0.040649687830368146,4,0.25275829434394836,0.0004771394150381441,4,0.3357691615819931,0.0006358898514138878,4,0.31432246693731364,0.0041847565676895624,4,0.27811512435290614,0.004185713389910684,4,0.09630404170629106,0.003422379111096822,4,0.09881174736220674,0.002627069426790394,4,1.4277870059013367,0.09198759209569639,4,0.21692956611514091,0.000961835063888202,4,0.285687617957592,0.0010997264642181744,4,0.3024473358258028,0.003765537276202882,4,0.24787512060070377,0.005506628328740955,4,0.0846112978696244,0.0070598636181671585,4,0.0914850254013598,0.0022812924558061683,4,1.0337029695510864,0.06826967930285448,4,6.0,1.414213562373095,4,1.4277870059013367,0.09198759209569639,4,179761.0,0.0,4,179761.0,0.0,4
B1_no_RC,,0.0005,1e-05,hq_first,branched_only,1,322,HepG2,0.20523228496313095,0.002959785599210984,4,0.2776211202144623,0.00226986275833618,4,0.2974781990854809,0.021439230879711422,4,0.20962971558649324,0.023033321590958725,4,0.06081997156146729,0.032335947343609665,4,0.08883800939667622,0.012809703047074728,4,0.9362632483243942,0.03223549413725748,4,0.25224943459033966,0.0005057611580198074,4,0.33450229465961456,0.0006018179055922278,4,0.32628383818845963,0.003870502303465507,4,0.2763697147322828,0.005503259338735851,4,0.10311074121267277,0.003228752066429223,4,0.10647237865405375,0.002539932389681339,4,1.3589911758899689,0.032963340109423554,4,0.22155515477061272,0.0015955299607511215,4,0.28985822200775146,0.0014100346095175286,4,0.28147926616639596,0.004906430296196972,4,0.24810380931269915,0.003841520449356976,4,0.05768337120221817,0.00916765228727165,4,0.07924863207526134,0.002739253964751721,4,1.0206216275691986,0.033660838032596764,4,3.0,0.816496580927726,4,1.3589911758899689,0.032963340109423554,4,179761.0,0.0,4,179761.0,0.0,4
B1_no_RC,,0.0005,1e-05,hq_first,branched_only,1,322,K562,0.2057397998869419,0.000961025443153856,4,0.27662161737680435,0.0008410455051016105,4,0.2868730427724585,0.026545397876279603,4,0.21035622217527447,0.022553452227594997,4,0.06777209806402232,0.020376422409121447,4,0.08282463628083628,0.015256321569099267,4,0.9293327182531357,0.020313121428029362,4,0.2531605586409569,0.0006165885982899352,4,0.3327611833810806,0.0005604714582880888,4,0.3383014511360152,0.0026832070169258613,4,0.24175493311672774,0.0038517193858980782,4,0.11242340786033536,0.0029886444526029364,4,0.11445327154065542,0.0018150691876088624,4,1.3448502719402313,0.030856603705166907,4,0.21308526769280434,0.0004556140185921983,4,0.2828524634242058,0.0002250389096390164,4,0.32920469739348757,0.004345120213286033,4,0.2897051893490522,0.00164912804521419,4,0.10269925899251298,0.001427614680223997,4,0.10838989283818867,0.0028531393163646495,4,0.9717025458812714,0.022809488214679575,4,3.5,0.5773502691896257,4,1.3448502719402313,0.030856603705166907,4,179761.0,0.0,4,179761.0,0.0,4
B1_no_RC,,0.0005,1e-05,hq_first,branched_only,1,322,SKNSH,0.2055397629737854,0.0010486148087283024,4,0.2777957245707512,0.0014590588511301007,4,0.2757055611869439,0.03407666877891319,4,0.1939875529072213,0.02091341288175844,4,0.059877602286310005,0.019204477949368387,4,0.07688447098570847,0.01880084266120645,4,0.9372027069330215,0.019144759501761,4,0.25236187875270844,0.000485421228206266,4,0.3354309946298599,0.00036598517134125486,4,0.31619887693840115,0.0033937076693594448,4,0.2813213775630087,0.003086587673308277,4,0.09812496680079541,0.001967494756455316,4,0.09999036771591496,0.002139289586830876,4,1.366589069366455,0.03518524739219662,4,0.21607714518904686,0.001359738358352019,4,0.2849196344614029,0.0010843776151945829,4,0.3068390726123733,0.008081498862094277,4,0.2515059354688831,0.008265636113633406,4,0.08952636741886019,0.006919338457983822,4,0.09419919944951481,0.004942883273477294,4,0.9860938191413879,0.0302680368451703,4,3.75,0.9574271077563381,4,1.366589069366455,0.03518524739219662,4,179761.0,0.0,4,179761.0,0.0,4
B1_no_RC,,0.0005,1e-05,hq_first,branched_only,1,643,HepG2,0.1994694359600544,0.002400577040375694,4,0.26781517267227173,0.0031427635593795013,4,0.47153569106164095,0.012118270024541399,4,0.339187448876217,0.016434748687728085,4,0.22022285194860602,0.010466729372110822,4,0.22245604729627008,0.01128287628197257,4,0.7785644829273224,0.010450478070563138,4,0.2427775040268898,0.001131270140467515,4,0.32218942046165466,0.0007103658346088431,4,0.4102789063664624,0.004408226423447658,4,0.3332917992635634,0.004283758391201371,4,0.16792260755464886,0.0036691678160847337,4,0.16834335535441072,0.0036171770984101547,4,1.126976728439331,0.020463679477989355,4,0.2049158364534378,0.0018242690845053067,4,0.26976432651281357,0.002244033479329834,4,0.43010388575390246,0.0149654651170408,4,0.3137969540710782,0.012052745415075174,4,0.18377576566035403,0.013574444622010184,4,0.18515732640023297,0.012891752824425673,4,0.7899455279111862,0.006355203400906606,4,34.5,7.32575365861197,4,1.126976728439331,0.020463679477989355,4,179761.0,0.0,4,179761.0,0.0,4
B1_no_RC,,0.0005,1e-05,hq_first,branched_only,1,643,K562,0.19974038749933243,0.0032303449054432447,4,0.26794080436229706,0.004363242169577673,4,0.46877846113417165,0.04139385251570522,4,0.32820906695976604,0.04541387039586986,4,0.2189465698525648,0.037472681229525774,4,0.22103833389289104,0.03858229697960264,4,0.7798387408256531,0.03741444997478278,4,0.24281197413802147,0.0010733448899552037,4,0.322131484746933,0.0013735380717721582,4,0.41092640812898396,0.008064492448539509,4,0.33346795001798035,0.018925602441848842,4,0.16821354053302143,0.007095206032157196,4,0.16890928992662768,0.006614745748486464,4,1.1267478168010712,0.031354392602375776,4,0.20289554074406624,0.0016903783589134885,4,0.26779869198799133,0.0012671189088378986,4,0.4444020582842892,0.009321491499141975,4,0.31761507528113964,0.010092303420466672,4,0.19565549659988324,0.0076201510403393425,4,0.19755835706013922,0.008276622619426076,4,0.7785573750734329,0.012370753791038363,4,43.25,13.073510112692254,4,1.1267478168010712,0.031354392602375776,4,179761.0,0.0,4,179761.0,0.0,4
B1_no_RC,,0.0005,1e-05,hq_first,branched_only,1,643,SKNSH,0.20044244825839996,0.0035312745619007356,4,0.26892025768756866,0.0053520538339672345,4,0.4631589797092536,0.03933884261934089,4,0.33568719523989266,0.04162171682365109,4,0.21339936129113063,0.03508982116589574,4,0.21567689888928876,0.035819340311665775,4,0.7853773534297943,0.035035252175174156,4,0.24465519189834595,0.0011202433081003822,4,0.324161171913147,0.0014601547864623882,4,0.39789546334392495,0.009728195399716477,4,0.319087622398507,0.011001176460256215,4,0.15769732706907913,0.0075886164925093955,4,0.15839177808897803,0.0077233033986441255,4,1.1409258544445038,0.028675480958849607,4,0.20368055254220963,0.0006072425295897691,4,0.2679787576198578,0.0007637152706325039,4,0.4423907297866619,0.00592882644000323,4,0.30881622119953006,0.013801626868198634,4,0.19458207258562168,0.004595902214775414,4,0.19573592103839207,0.005224774867833511,4,0.7797305434942245,0.019941054693765663,4,46.0,14.89966442575134,4,1.1409258544445038,0.028675480958849607,4,179761.0,0.0,4,179761.0,0.0,4
B1_no_RC,,0.0005,1e-05,hq_first,branched_only,1,1125,HepG2,0.24048828706145287,0.003978454522555871,4,0.31754211336374283,0.0046561438719362955,4,0.43446132583137714,0.028546754505425268,4,0.33868968168997177,0.03628957503424701,4,0.18679361222276514,0.02352263572184334,4,0.18936783153775283,0.024429993516430246,4,0.8124835193157196,0.02350184150091095,4,0.24494430795311928,0.0012580603795240264,4,0.32470906525850296,0.0014131352616362765,4,0.3963238552281438,0.009087995090057,4,0.30420744035285996,0.01763539762087124,4,0.1548484713576581,0.007364685125228546,4,0.15713454196396634,0.007164185501134996,4,0.8495322316884995,0.014941695792962024,4,0.2035527341067791,0.0005886299383203969,4,0.269415058195591,0.0009279037116508575,4,0.43330915772366946,0.005659806043326293,4,0.31746182993772776,0.010124054720623884,4,0.1859229098298743,0.005598466498390994,4,0.1877808512205319,0.004936551211136299,4,0.5847986787557602,0.006390201454140081,4,19.75,5.5,4,0.8495322316884995,0.014941695792962024,4,179761.0,0.0,4,179761.0,0.0,4
B1_no_RC,,0.0005,1e-05,hq_first,branched_only,1,1125,K562,0.24114293605089188,0.0032155198991268568,4,0.3184373453259468,0.00442767007093316,4,0.4281086311661906,0.03365998418813176,4,0.32481678645579265,0.04393588939022234,4,0.18211391815848482,0.0270143348797372,4,0.18412674598064835,0.027820379172027367,4,0.817159116268158,0.026990433537927964,4,0.24560069665312767,0.0012882341035581452,4,0.324381560087204,0.0023792992165452254,4,0.3992514739790135,0.01395900853303174,4,0.3063062610058843,0.023697109089080737,4,0.15653041154161337,0.012375337628883857,4,0.15954787991383385,0.01114959440267599,4,0.847812607884407,0.016070635367226846,4,0.20342053845524788,0.0015653880452524522,4,0.26926489919424057,0.0010856197209712063,4,0.4358351059502072,0.009805265164184,4,0.29905393292916316,0.018796184744465462,4,0.186827498635661,0.006544412053766135,4,0.1900243469973333,0.008637153216866844,4,0.5841394364833832,0.005660970468932451,4,22.75,3.4034296427770228,4,0.847812607884407,0.016070635367226846,4,179761.0,0.0,4,179761.0,0.0,4
B1_no_RC,,0.0005,1e-05,hq_first,branched_only,1,1125,SKNSH,0.2426900789141655,0.0016534095183222497,4,0.3201155737042427,0.0018279100126970262,4,0.41958584712850444,0.025304261145320632,4,0.30922227056012264,0.038435682592669794,4,0.17354759781912232,0.018527363261097888,4,0.17653251233462766,0.021061403277486165,4,0.8257177770137787,0.018510965439533785,4,0.24612631276249886,0.001072978493554149,4,0.32714493572711945,0.0018112315399899162,4,0.37898233278371896,0.013339894317533536,4,0.285006981579909,0.014806529676410907,4,0.14211318429295935,0.009525254311636384,4,0.1437610731474917,0.00993352807855257,4,0.8623662441968918,0.018459579468670887,4,0.20326262712478638,0.0016705504855706985,4,0.2689688578248024,0.0006772654930726125,4,0.43567813007896217,0.0043179239242109825,4,0.30127894541018296,0.011533494047147172,4,0.18862061495315535,0.004081380378552525,4,0.18982941637936251,0.0037787657773557977,4,0.5828901529312134,0.008866109349305736,4,22.25,0.49999999999999967,4,0.8623662441968918,0.018459579468670887,4,179761.0,0.0,4,179761.0,0.0,4
B1_no_RC,,0.0005,1e-05,hq_first,branched_only,1,1608,HepG2,0.25890034437179565,0.0052642964436098285,4,0.33883100748062134,0.008084134085750564,4,0.40683178250188534,0.009963733695044547,4,0.3103815629617833,0.013091766044669103,4,0.16410642957157537,0.008952552100778227,4,0.16558655624552068,0.008024204180249945,4,0.8353736996650696,0.008946909032743087,4,0.24525364115834236,0.0010103532247247421,4,0.3250803053379059,0.0011228905732953293,4,0.39682605293102613,0.007858753444027292,4,0.31264126327507646,0.022373921715801985,4,0.15291932757197088,0.005842937178260828,4,0.15751723628908806,0.006264482732109716,4,0.7695341408252716,0.02476786962281563,4,0.20300287753343582,0.0014680827772178095,4,0.2688555121421814,0.000671140005669259,4,0.43977426867305186,0.0072919153286075105,4,0.3394184245942052,0.026134876012447635,4,0.18930445677567814,0.00404414509545672,4,0.19344128640878727,0.006462476496917442,4,0.5264724045991898,0.02099744420909726,4,14.75,2.0615528128088303,4,0.7695341408252716,0.02476786962281563,4,179761.0,0.0,4,179761.0,0.0,4
B1_no_RC,,0.0005,1e-05,hq_first,branched_only,1,1608,K562,0.25927498936653137,0.005061965594998566,4,0.33934658020734787,0.008064328141089247,4,0.40348796702065903,0.010713493656811627,4,0.30527207109326926,0.009654142544761194,4,0.16156092236778075,0.008723440007264625,4,0.16288862374021532,0.00867526193870726,4,0.837917685508728,0.00871795285357413,4,0.24586911872029305,0.001912966442620665,4,0.3245381489396095,0.0025444902749752626,4,0.40004312721633445,0.015747224579824026,4,0.32063531677766594,0.01640758720972513,4,0.15571106578382418,0.013197599648164679,4,0.16022048494449992,0.012693027621097442,4,0.7668236643075943,0.019279498929291226,4,0.20306146517395973,0.0011833123600683137,4,0.2687245011329651,0.0014129696765934517,4,0.4407318619854368,0.007475697973833536,4,0.3166401321389868,0.027679033094921743,4,0.19008128687129613,0.008517196011489385,4,0.19428648871429705,0.006559344450218997,4,0.5260024815797806,0.022556458442331034,4,16.75,1.5,4,0.7668236643075943,0.019279498929291226,4,179761.0,0.0,4,179761.0,0.0,4
B1_no_RC,,0.0005,1e-05,hq_first,branched_only,1,1608,SKNSH,0.25914522260427475,0.005024998176541267,4,0.3384425938129425,0.007649604097545944,4,0.40973458301982735,0.009121694798005939,4,0.31651014457232296,0.00930058655172015,4,0.16599534428761903,0.007803667344262542,4,0.16794483250942277,0.007556299513705868,4,0.8334860652685165,0.007798786729490769,4,0.24652458727359772,0.0008741989422440491,4,0.32659028470516205,0.0015880298033784303,4,0.385996858543487,0.013124507443066178,4,0.2959106217153087,0.01476682853978745,4,0.14502422433016532,0.008307797543395222,4,0.14912276432715801,0.010125310245352718,4,0.776661142706871,0.023695289358871822,4,0.20408426597714424,0.0012300598580984373,4,0.2688315510749817,0.0007176558108910378,4,0.438957283118989,0.00852761785571673,4,0.3097914235523449,0.015922965639302303,4,0.18944834646016045,0.004330844008678267,4,0.19273803660292413,0.0075197804904850295,4,0.5263854563236237,0.021250628404408643,4,19.25,3.304037933599835,4,0.776661142706871,0.023695289358871822,4,179761.0,0.0,4,179761.0,0.0,4
B1_no_RC,,0.0005,1e-05,hq_first,branched_only,1,2411,HepG2,0.27031557261943817,0.0030632983850803247,4,0.35164739191532135,0.004525838406621637,4,0.3881130015306923,0.01649138569438885,4,0.28999818110937564,0.01595353029535916,4,0.14960915097497587,0.01276811358524591,4,0.15083567630875394,0.01295557438198291,4,0.8500380963087082,0.012762764147515619,4,0.2449009008705616,0.00014830343546877068,4,0.3248363360762596,0.00055761061250838,4,0.3997587750676433,0.005775755248446925,4,0.31947167706136226,0.00904702021272498,4,0.1541960023171047,0.0029040033412546847,4,0.1598320977551001,0.004628441346265511,4,0.7254523038864136,0.011375261481439747,4,0.20374036952853203,0.001126674202157821,4,0.2693728506565094,0.0011224831593661722,4,0.4370998305617649,0.009319198447469004,4,0.33321333608146675,0.011194091459335033,4,0.18617469935765973,0.00678120451551432,4,0.19112139747190104,0.00818374240204478,4,0.4988371580839157,0.004998834636154307,4,11.0,2.8284271247461903,4,0.7254523038864136,0.011375261481439747,4,179761.0,0.0,4,179761.0,0.0,4
B1_no_RC,,0.0005,1e-05,hq_first,branched_only,1,2411,K562,0.26893776655197144,0.0033140118040385575,4,0.34994199126958847,0.004721516021454747,4,0.39993974436391894,0.018527830928197247,4,0.3058007364671618,0.01772481577420689,4,0.1578302285998788,0.014103829498327175,4,0.16020925951105472,0.01494227463437736,4,0.8418203890323639,0.014097991457231484,4,0.24580666422843933,0.00041561279522111757,4,0.32564298063516617,0.0008606679907752821,4,0.39366821051995693,0.006650302442356365,4,0.3057934388447454,0.011441885603882984,4,0.14998755990468635,0.004491928476176546,4,0.1550078298659162,0.0052240877125244905,4,0.7290159612894058,0.007066048014921963,4,0.202944815158844,0.0008273890907004209,4,0.26834234595298767,0.0009240636652372524,4,0.4438261452600294,0.0078958310633008,4,0.327427546735682,0.010892734752501226,4,0.1923927718741586,0.005567520116038776,4,0.19702840532751187,0.006948865634498355,4,0.4950239583849907,0.004087062548754292,4,16.0,4.242640687119285,4,0.7290159612894058,0.007066048014921963,4,179761.0,0.0,4,179761.0,0.0,4
B1_no_RC,,0.0005,1e-05,hq_first,branched_only,1,2411,SKNSH,0.26999593526124954,0.0021987572026457383,4,0.350857712328434,0.0036758566390242375,4,0.3943625801303946,0.006544990822118776,4,0.2997545097302472,0.009523537663859596,4,0.15344731627547917,0.005555153034324056,4,0.1555539722857481,0.005174205200673014,4,0.8462014943361282,0.005552759319423936,4,0.24499071389436722,0.0008991751616256433,4,0.32601505517959595,0.0008968636916454527,4,0.3896080136817441,0.007965643471289575,4,0.3025817163895416,0.01658734663978489,4,0.14804360826109977,0.0046854214716593005,4,0.15184199293196787,0.00625259174263469,4,0.7306962311267853,0.008785259834904252,4,0.20402763411402702,0.0014391242508065918,4,0.2685791999101639,0.0010771512543099194,4,0.43954255834030276,0.007319464174319094,4,0.31919548268774023,0.013919801388309084,4,0.19096390898312013,0.006501470231586973,4,0.19323784150918777,0.00639680347993275,4,0.4959022179245949,0.004927735866687973,4,14.25,1.5,4,0.7306962311267853,0.008785259834904252,4,179761.0,0.0,4,179761.0,0.0,4
B1_no_RC,,0.0005,1e-05,hq_first,branched_only,1,3215,HepG2,0.27933136373758316,0.0009827120036068199,4,0.3625142574310303,0.0013962373248787624,4,0.3592742250419753,0.011102256063667604,4,0.27633025197329925,0.008561447415489023,4,0.12734052386133585,0.0067275386598226366,4,0.12917041384678934,0.007943896614762955,4,0.8723880648612976,0.006725473581207382,4,0.24593748897314072,0.0006536853046423117,4,0.32621046900749207,0.00024137841735061066,4,0.3921849080500459,0.0038682848900711358,4,0.3162880447250515,0.004004173395042256,4,0.14702648853857866,0.0012619515409144839,4,0.15382022482321603,0.0030324895055629346,4,0.706399992108345,0.0010451126225603429,4,0.20342432707548141,0.0010897493931468182,4,0.26940327882766724,0.0014234308197629871,4,0.4383628446849908,0.008449383264602789,4,0.3475118627800755,0.007686451760405597,4,0.18598436779680574,0.008611762967613583,4,0.1922155276584815,0.007350154169818417,4,0.4818030372262001,0.005097159019617552,4,7.75,2.217355782608345,4,0.706399992108345,0.0010451126225603429,4,179761.0,0.0,4,179761.0,0.0,4
B1_no_RC,,0.0005,1e-05,hq_first,branched_only,1,3215,K562,0.27911849319934845,0.0007069820530811648,4,0.36250007152557373,0.000947649115887089,4,0.35857309902320017,0.007035945853803103,4,0.27438903855724767,0.006997594556606036,4,0.12741408183201325,0.004565128226497964,4,0.12861179574364495,0.0050128839801162955,4,0.8723144829273224,0.004563692504446582,4,0.2457520104944706,0.0007156493854777125,4,0.3257075324654579,0.000561920863899837,4,0.39390188169925866,0.004508056039869638,4,0.3273063421878339,0.002480546157934255,4,0.14965310161755102,0.0029322167044294333,4,0.15517393433316073,0.0035583432359541545,4,0.704224705696106,0.002428318429049739,4,0.202309999614954,0.0009652759380526438,4,0.2681199312210083,0.0011047431784486752,4,0.4454621563350447,0.007343571375355647,4,0.330509457823351,0.00653598939659937,4,0.19372786258946245,0.006647835301684454,4,0.1984769787570765,0.0065157883375364265,4,0.4772197753190994,0.0039347710289134395,4,9.0,1.8257418583505538,4,0.704224705696106,0.002428318429049739,4,179761.0,0.0,4,179761.0,0.0,4
B1_no_RC,,0.0005,1e-05,hq_first,branched_only,1,3215,SKNSH,0.27861395478248596,0.0009736887464599307,4,0.3611238971352577,0.0012330995039424632,4,0.36830190309212546,0.009106630164619958,4,0.2854056619543276,0.008693448454687757,4,0.13402361532320312,0.005906125770831896,4,0.13570848985599776,0.006781805859194365,4,0.8657070398330688,0.005904270609668186,4,0.24595724418759346,0.00021946134716380804,4,0.3263901025056839,0.00030132807081872644,4,0.3907729450179546,0.003486533523601769,4,0.3160151996953231,0.009999870299790622,4,0.14608663385960877,0.001576559666468627,4,0.15271261149501375,0.002731622355565187,4,0.7071783095598221,0.0013056320730233295,4,0.20429185032844543,0.000610386921538397,4,0.2692674845457077,0.0004496704347294867,4,0.43854147237515023,0.002800096902187926,4,0.3254917096692601,0.0064685610035383504,4,0.18682007769067435,0.0027148827296847567,4,0.19232450339996088,0.0024548674733741714,4,0.48130838572978973,0.0016068718576448251,4,11.75,2.8722813232690143,4,0.7071783095598221,0.0013056320730233295,4,179761.0,0.0,4,179761.0,0.0,4
B1_no_RC,,0.0005,1e-05,hq_first,conv3_plus,1,161,HepG2,0.20056862756609917,0.008443362789111255,4,0.2731199711561203,0.004176905077510501,4,0.2972059318420482,0.04565308656643633,4,0.2087915084281326,0.05955183482513437,4,0.04953910520654392,0.06234330997480633,4,0.08989451915688208,0.02672318281938018,4,0.9445574134588242,0.06195597889949045,4,0.2518768385052681,0.0005591534972497273,4,0.33421309292316437,0.0009146245791843964,4,0.32818414326770134,0.006561936486552335,4,0.2758085321566181,0.003635045959405412,4,0.10465807865168092,0.0049027145312940746,4,0.10773712615019528,0.004303683298452565,4,1.414227694272995,0.08368668178826084,4,0.22117121890187263,0.000781920320883084,4,0.2892271652817726,0.0009553684487421717,4,0.2834588380669275,0.008405696187750215,4,0.2475678522818938,0.007122644230350175,4,0.06179096877266352,0.006192985857743003,4,0.08040190467455319,0.004770271216985493,4,1.0591498613357544,0.06312356799010028,4,4.75,1.5,4,1.414227694272995,0.08368668178826084,4,179761.0,0.0,4,3063361.0,0.0,4
B1_no_RC,,0.0005,1e-05,hq_first,conv3_plus,1,161,K562,0.20045993104577065,0.005120966431539662,4,0.273269385099411,0.006262263379455915,4,0.2828899627962427,0.049662049746343744,4,0.20578074910054447,0.057664946475422606,4,0.04844702394834419,0.06812282001747254,4,0.0818764704396158,0.02875006364804871,4,0.9456426501274109,0.06769961739178465,4,0.2533356249332428,0.00037282119499760754,4,0.33270010352134705,0.0008554564122413806,4,0.33957832614301725,0.0077181793538698956,4,0.24847078733586578,0.006950698656103229,4,0.11274678001728267,0.004562386962288257,4,0.11535811730549728,0.0052503669169148524,4,1.4013698101043701,0.08115955051032624,4,0.21359479054808617,0.0015044049566286515,4,0.28300757706165314,0.000779122673908219,4,0.33165514125291085,0.004739671616833902,4,0.2911264749629871,0.004908570205616719,4,0.10171014806213693,0.0049505095158754895,4,0.1100119810847648,0.0031572599195365055,4,1.014410823583603,0.06717462482959818,4,5.25,1.707825127659933,4,1.4013698101043701,0.08115955051032624,4,179761.0,0.0,4,3063361.0,0.0,4
B1_no_RC,,0.0005,1e-05,hq_first,conv3_plus,1,161,SKNSH,0.2000374048948288,0.009008447024279574,4,0.27109837532043457,0.004733856082701515,4,0.2918657874070233,0.04535641421659864,4,0.2009510984212271,0.07712698156704628,4,0.0643716562357369,0.04312168604185145,4,0.08672854109166245,0.02507287190306226,4,0.9298170357942581,0.04285381261127963,4,0.2524840086698532,0.00031816911041156464,4,0.33545828610658646,0.0007165137573153529,4,0.3165413075992257,0.003313053848235352,4,0.28104599971135713,0.003001229397839028,4,0.09797595964030695,0.0038552453495737486,4,0.10020663166097862,0.0021044890853542915,4,1.425174355506897,0.09247830209556274,4,0.21652184054255486,0.0008162590704290492,4,0.2853025048971176,0.001183543174817976,4,0.3052405534205578,0.0024590858117773894,4,0.25078233024681507,0.0037908719394328535,4,0.0870759051880558,0.007589476484768743,4,0.09317633077976065,0.0015035193206060728,4,1.0308825224637985,0.06746843617281231,4,5.5,1.2909944487358056,4,1.425174355506897,0.09247830209556274,4,179761.0,0.0,4,3063361.0,0.0,4
B1_no_RC,,0.0005,1e-05,hq_first,conv3_plus,1,322,HepG2,0.18239999189972878,0.01660252517850927,4,0.24680889025330544,0.021760782326636058,4,0.5027320586673893,0.1467041730087738,4,0.43852587338168664,0.14648374319823215,4,0.2521165604239364,0.1492586765117189,4,0.26888110859559256,0.12672356150459022,4,0.7455607652664185,0.1487951245336719,4,0.24687880277633667,0.003297783969016874,4,0.3285115733742714,0.0036347857170353523,4,0.3693072436638851,0.025575966564278654,4,0.2866160641835316,0.012093057921093912,4,0.13487108295705325,0.019222232250286825,4,0.13687843777188904,0.01831147176137159,4,1.3111321926116943,0.052746484656452805,4,0.21167664974927902,0.007149202056262172,4,0.2776995226740837,0.008434114567095597,4,0.3769461683322951,0.06200261576711639,4,0.28877602280981973,0.02393424749778001,4,0.13449711983718238,0.05329649490154487,4,0.14497165709187249,0.04302859819407283,4,0.9379518181085587,0.07483870935376546,4,22.25,13.524668819112232,4,1.3111321926116943,0.052746484656452805,4,179761.0,0.0,4,3063361.0,0.0,4
B1_no_RC,,0.0005,1e-05,hq_first,conv3_plus,1,322,K562,0.19825535267591476,0.013978501073990979,4,0.2666669748723507,0.01745666991336115,4,0.3575947656276868,0.14050275013301294,4,0.2714882457145831,0.11108396765930026,4,0.12927144967916676,0.12488473978384135,4,0.14267978350052513,0.1194118573954633,4,0.8680244386196136,0.12449689305060281,4,0.2508774884045124,0.004132988344181688,4,0.3306626230478287,0.00396164463472728,4,0.35388524532234517,0.026358149233382564,4,0.2597138896135155,0.028254518760780407,4,0.12349061074287146,0.02088430717006346,4,0.12575583088011338,0.01934039100935218,4,1.3285536468029022,0.05934331225382135,4,0.2102089822292328,0.005768211137295406,4,0.2792486324906349,0.006667599089097536,4,0.35776009498076305,0.049622607084995704,4,0.29478618490468655,0.007932225359509574,4,0.1250451005318553,0.04128254399266246,4,0.12983908791107848,0.03796136207400878,4,0.948171928524971,0.06389777861777038,4,9.0,12.0,4,1.3285536468029022,0.05934331225382135,4,179761.0,0.0,4,3063361.0,0.0,4
B1_no_RC,,0.0005,1e-05,hq_first,conv3_plus,1,322,SKNSH,0.19528743997216225,0.014703033475086889,4,0.2643960416316986,0.02071728389511341,4,0.3640293857720411,0.1605072261280779,4,0.2746011176562707,0.14872983015404456,4,0.14250179826215761,0.1432232028827792,4,0.15183932093506694,0.14013429615338016,4,0.8548351377248764,0.14277837950648392,4,0.2506497763097286,0.0026349833113569576,4,0.3330612853169441,0.004247128188411691,4,0.3341420220820944,0.032600197493220955,4,0.28361355773151564,0.0049962898974703586,4,0.11071523480096246,0.022533415401951164,4,0.11244797057855861,0.022841959648044592,4,1.347969800233841,0.0627782456382847,4,0.2122793085873127,0.006662974403630124,4,0.2804059013724327,0.008821925398614117,4,0.34302782126074305,0.07108569792078659,4,0.2657799933984682,0.027862155584040968,4,0.11750049054885167,0.054616804218626185,4,0.12145796849555626,0.053781218361628816,4,0.9565456807613373,0.07782801672522267,4,11.25,15.840349322747484,4,1.347969800233841,0.0627782456382847,4,179761.0,0.0,4,3063361.0,0.0,4
B1_no_RC,,0.0005,1e-05,hq_first,conv3_plus,1,643,HepG2,0.190474271774292,0.004844317734994215,4,0.25665291398763657,0.007117424227419348,4,0.5331888156554341,0.0355506331786436,4,0.3895228652226328,0.03758129731607509,4,0.2834813650241337,0.03851450023443132,4,0.28523819877959633,0.03777501632804993,4,0.7154043167829514,0.038454610231121414,4,0.24352718517184258,0.0006764202505453534,4,0.3229945972561836,0.0013963542498261503,4,0.4057441941530344,0.00879873880473283,4,0.30916307236978635,0.016344766583917317,4,0.16374988435594556,0.007218396097447856,4,0.1646864144423107,0.007198983605558621,4,1.1326309442520142,0.022495407638505178,4,0.2080116644501686,0.0018545528126562366,4,0.27221260964870453,0.002015534215096362,4,0.4209943093556124,0.01139123773808595,4,0.29494601419891486,0.013362007427048402,4,0.16890199697977992,0.01229698747605347,4,0.17733352873271327,0.009590232043855665,4,0.804381400346756,0.009622752241278835,4,24.75,4.9916597106239795,4,1.1326309442520142,0.022495407638505178,4,179761.0,0.0,4,3063361.0,0.0,4
B1_no_RC,,0.0005,1e-05,hq_first,conv3_plus,1,643,K562,0.19093187153339386,0.004491695796842685,4,0.25796280056238174,0.004322541882016883,4,0.5279770600368562,0.03750190408412044,4,0.3804191864400729,0.049105526999909235,4,0.27588817296961077,0.03859931838791446,4,0.27981457053261294,0.039725587942399,4,0.7229857295751572,0.03853935891366003,4,0.24301691725850105,0.0008998622181051637,4,0.322905994951725,0.0006957156671745432,4,0.4067032345529219,0.0045622680981943714,4,0.30345178253697325,0.018218710465212166,4,0.16421739631318463,0.003604709403693086,4,0.16542313171345888,0.003693385564076415,4,1.1320975124835968,0.027075321908183122,4,0.20147638395428658,0.0012300993657009755,4,0.26811353117227554,0.001310033248226706,4,0.44368312324850634,0.006870177651222886,4,0.3252577461256817,0.01300877090928893,4,0.19376224978524553,0.007871596731372348,4,0.1968901133612688,0.006103849694634051,4,0.7804698050022125,0.01806195410861729,4,27.0,4.0824829046386295,4,1.1320975124835968,0.027075321908183122,4,179761.0,0.0,4,3063361.0,0.0,4
B1_no_RC,,0.0005,1e-05,hq_first,conv3_plus,1,643,SKNSH,0.19033988192677498,0.0025289171811833503,4,0.2568645104765892,0.004091345303826089,4,0.5335686593376499,0.018494241093369074,4,0.3972191217760666,0.019056873787189912,4,0.2825757982510484,0.020591331916593323,4,0.28495204194259177,0.019725107316253675,4,0.7163084596395493,0.020559254815253346,4,0.24527909979224205,0.0008996383029364511,4,0.32520652562379837,0.0010047029778968975,4,0.39341088316893336,0.005366691398438308,4,0.2985894927651869,0.005870075569076585,4,0.15226288990285408,0.005230915024209199,4,0.15479372402818467,0.004247556102674685,4,1.1482174396514893,0.023586424333539992,4,0.2007380574941635,0.0008457552860318597,4,0.26582589000463486,0.001034038360800871,4,0.4588559590540155,0.0051862070987558385,4,0.327667990545812,0.007482013373478658,4,0.20746695832954737,0.006169144559152192,4,0.21056896371743372,0.004758123436138184,4,0.7671514004468918,0.01367108621565964,4,29.75,3.304037933599835,4,1.1482174396514893,0.023586424333539992,4,179761.0,0.0,4,3063361.0,0.0,4
B1_no_RC,,0.0005,1e-05,hq_first,conv3_plus,1,1125,HepG2,0.2355843037366867,0.0036204130475397376,4,0.31201259791851044,0.004230949596544695,4,0.4668419120883617,0.029206896879878715,4,0.35386584507352575,0.038216493733900195,4,0.2147760797059419,0.026032202985903728,4,0.21858115300133155,0.026590448719211707,4,0.7845260053873062,0.026009157763963602,4,0.24429214000701904,0.0008862586837454453,4,0.32489926367998123,0.0009404428752391961,4,0.3954028504538122,0.004347039252410016,4,0.3008739854139982,0.012815348831095533,4,0.15386476749918473,0.004899922172911812,4,0.15635758670969627,0.003439281913313584,4,0.8505074381828308,0.012712785043834095,4,0.20500962436199188,0.0018554390718399896,4,0.27071429044008255,0.0020188484450218854,4,0.42615120931680506,0.011689105443275654,4,0.31412864003425456,0.01271187329462822,4,0.1780254042986573,0.012227810367370704,4,0.18170732959172342,0.01004649462258383,4,0.5904296189546585,0.006002508407781235,4,12.75,1.7078251276599332,4,0.8505074381828308,0.012712785043834095,4,179761.0,0.0,4,3063361.0,0.0,4
B1_no_RC,,0.0005,1e-05,hq_first,conv3_plus,1,1125,K562,0.23727983236312866,0.0039038745924101725,4,0.31378864496946335,0.004242639534086789,4,0.4550399258802058,0.027511619738349397,4,0.3334180425238304,0.02992573904984643,4,0.2058705510135571,0.02369774309011332,4,0.2076290010605338,0.024430945465798656,4,0.7934235632419586,0.023676785441230613,4,0.24437480047345161,0.000983660447863816,4,0.32394687086343765,0.0013408688060775405,4,0.4008961791772132,0.008569174789552002,4,0.30424201183360083,0.016901759856620242,4,0.15881259410079748,0.006960335344284329,4,0.16077281954631867,0.006866800763856042,4,0.8455058485269547,0.011025359680190755,4,0.20193719863891602,0.0013850541902847252,4,0.26870977133512497,0.0015629138742665255,4,0.4394769364759206,0.010087065175117673,4,0.3076904174520563,0.01205830843840033,4,0.19016633159764515,0.009394426745531976,4,0.1932162893571457,0.008946596956831967,4,0.5817376673221588,0.007114412436233171,4,13.5,1.2909944487358054,4,0.8455058485269547,0.011025359680190755,4,179761.0,0.0,4,3063361.0,0.0,4
B1_no_RC,,0.0005,1e-05,hq_first,conv3_plus,1,1125,SKNSH,0.23717107623815536,0.0031394022354542064,4,0.3133402243256569,0.005063025183804908,4,0.4596917021689746,0.039430666482816346,4,0.33636146290837615,0.061234459752718844,4,0.207960860627587,0.032291581425398716,4,0.2124825441374686,0.035265038065310214,4,0.7913350909948349,0.032262952544698145,4,0.24577658623456955,0.0010844901502822801,4,0.32686490565538406,0.0021145987540665927,4,0.38122367782949085,0.01473338963050841,4,0.2891566315057279,0.012086034712990204,4,0.14357407375566364,0.011103827084585587,4,0.14549429711534673,0.011053202273276285,4,0.860879972577095,0.018245279489159542,4,0.20305008068680763,0.0016965020661949793,4,0.2683802917599678,0.0014644017633558596,4,0.4400628719555312,0.009083533290924529,4,0.30378235014225885,0.010071718389346226,4,0.19215347252842815,0.008827482998827746,4,0.19371721420653573,0.007958025186448916,4,0.5803556591272354,0.010764790764021304,4,13.75,2.8722813232690143,4,0.860879972577095,0.018245279489159542,4,179761.0,0.0,4,3063361.0,0.0,4
B1_no_RC,,0.0005,1e-05,hq_first,conv3_plus,1,1608,HepG2,0.2535841315984726,0.007645524572833793,4,0.33250759541988373,0.01083235127979204,4,0.44374843724746255,0.030322577081765577,4,0.3318326002682862,0.03069484346337052,4,0.1949807779682479,0.028128304794909437,4,0.19760226957022492,0.027786389619661876,4,0.8045185655355453,0.028110832689281127,4,0.24465858563780785,0.0006885637516051271,4,0.32469315826892853,0.000712493816433619,4,0.39742684315298,0.00477616490279737,4,0.30118648965857414,0.01529516569269994,4,0.1549402205867308,0.0037090137406021197,4,0.1579652044719274,0.0037847457679267794,4,0.7678203135728836,0.028975013525053665,4,0.20398258790373802,0.0017680394203037377,4,0.2696322426199913,0.0010002385881046822,4,0.43401291561353483,0.006485823756569619,4,0.3207552569256405,0.01590367423138655,4,0.18460875802507262,0.006050443645002827,4,0.18839876035171227,0.005632125266228997,4,0.5295952558517456,0.023577836316877984,4,10.5,3.1091263510296048,4,0.7678203135728836,0.028975013525053665,4,179761.0,0.0,4,3063361.0,0.0,4
B1_no_RC,,0.0005,1e-05,hq_first,conv3_plus,1,1608,K562,0.25346383824944496,0.004784027108678476,4,0.33180105686187744,0.008313592837972044,4,0.4480690121249328,0.012803140906464512,4,0.33736288607915293,0.017134985775974814,4,0.1984331443714405,0.012263781151171743,4,0.20088877993941623,0.011444090848660491,4,0.8010683655738831,0.012256149227755203,4,0.24524089694023132,0.0016259951476207501,4,0.32381467521190643,0.002314501373723363,4,0.4046159847259357,0.01572523927058635,4,0.31277942250065627,0.010471088443914403,4,0.15947759360131816,0.011983038693819848,4,0.16389955745832652,0.012783226624068066,4,0.763422280550003,0.019588971019489466,4,0.20151960477232933,0.0006986136475451034,4,0.26817280799150467,0.0017279311202921723,4,0.44498977300317694,0.008803513205260868,4,0.31963588160258594,0.011949369956385299,4,0.19339508720899443,0.010394802444050652,4,0.19807402446098532,0.00778852985977765,4,0.5238668397068977,0.023358698216622044,4,12.0,1.414213562373095,4,0.763422280550003,0.019588971019489466,4,179761.0,0.0,4,3063361.0,0.0,4
B1_no_RC,,0.0005,1e-05,hq_first,conv3_plus,1,1608,SKNSH,0.2516121156513691,0.00843715075064989,4,0.32897403836250305,0.011707046242964892,4,0.4638029875730309,0.03787751884110539,4,0.36284264332300686,0.03872409306178033,4,0.21189762481692254,0.035047736771412784,4,0.21618924110683774,0.03620143512981217,4,0.7876122891902924,0.035025943238951814,4,0.24590438604354858,0.00040807992722100884,4,0.3258143439888954,0.0015009371998270424,4,0.3906670024012145,0.012776060095653302,4,0.2945426120925699,0.016672994481878492,4,0.14908358976340902,0.007840432833001577,4,0.15274312754882635,0.0099188437194541,4,0.7730663567781448,0.027185031540510093,4,0.20291484519839287,0.001492554333869084,4,0.2677534744143486,0.0011616400487107438,4,0.44600451682352144,0.009114498237206234,4,0.31792996439341425,0.020953747903919705,4,0.19592923540157273,0.006983100510596735,4,0.19898233458556983,0.008125362704334595,4,0.52225261926651,0.023697583708686215,4,13.5,4.123105625617661,4,0.7730663567781448,0.027185031540510093,4,179761.0,0.0,4,3063361.0,0.0,4
B1_no_RC,,0.0005,1e-05,hq_first,conv3_plus,1,2411,HepG2,0.26519598811864853,0.0020562028531490657,4,0.34507185965776443,0.003148919595573859,4,0.42823934937885466,0.0134198330587543,4,0.3224884099629053,0.015844617849220526,4,0.18107804900165986,0.011038752864268291,4,0.18352400929591836,0.011548609349965511,4,0.8185822516679764,0.011034179506091554,4,0.24417217448353767,0.0004451528653526714,4,0.3241801857948303,0.00047656300854518675,4,0.40246412376569907,0.006376974603379946,4,0.3146688600749453,0.009183280317397478,4,0.15760998179702304,0.002476867889714345,4,0.16200787027231106,0.005150797261818459,4,0.7225169390439987,0.010628874133490738,4,0.2039940319955349,0.0003328941805450214,4,0.2691529840230942,0.0005169227296893745,4,0.438866863858125,0.002389717107787498,4,0.32963763705900734,0.014192623413191479,4,0.18751095721689337,0.003120889390284159,4,0.19260840725355743,0.0020963424236078803,4,0.4980577081441879,0.007987788162983558,4,8.75,1.2583057392117913,4,0.7225169390439987,0.010628874133490738,4,179761.0,0.0,4,3063361.0,0.0,4
B1_no_RC,,0.0005,1e-05,hq_first,conv3_plus,1,2411,K562,0.2626614570617676,0.005346961879311737,4,0.3418542966246605,0.007597841223137215,4,0.44639127540747237,0.030211661771227256,4,0.3436019500486472,0.021582326946090625,4,0.1962663185289452,0.026061217013360602,4,0.19994972914014408,0.02620241129682048,4,0.8034002631902695,0.026050356703305362,4,0.24488505348563194,0.0009876967715157585,4,0.32463838160037994,0.001478150396640132,4,0.3985903540409373,0.010932210937900757,4,0.3048753150604986,0.009650096835047639,4,0.1552152634491474,0.00768931920723128,4,0.1589639052614728,0.008718449884204966,4,0.7245076298713684,0.0055106780353509285,4,0.20203978940844536,0.0009540926229141156,4,0.26787207275629044,0.001035411034808469,4,0.4461947605352373,0.009305533763840173,4,0.33016906238192933,0.017060642256915736,4,0.19521915897071704,0.006230124018395936,4,0.19915470904807026,0.008257327361988503,4,0.4932938739657402,0.004775352423147777,4,11.25,2.217355782608345,4,0.7245076298713684,0.0055106780353509285,4,179761.0,0.0,4,3063361.0,0.0,4
B1_no_RC,,0.0005,1e-05,hq_first,conv3_plus,1,2411,SKNSH,0.26630156487226486,0.0018392459194857412,4,0.3458852767944336,0.0027015209370054227,4,0.4226053303722989,0.0044714331745329666,4,0.31872710152339445,0.013181416388667384,4,0.17724873945453293,0.00380446774959796,4,0.17861026054505566,0.0037828794966941527,4,0.8224099278450012,0.0038029416562436755,4,0.24491606652736664,0.00035283479413286516,4,0.3252629190683365,0.0007513729086313907,4,0.39558906430695306,0.007453837647158497,4,0.2996896005481087,0.008865357777162262,4,0.15197157582641474,0.003917724035650866,4,0.15653237757100327,0.005877010628661556,4,0.7273456305265427,0.010336879701349899,4,0.20330584421753883,0.0012821592966235158,4,0.2678370624780655,0.0009552906485676969,4,0.44636282961739737,0.005481861538480163,4,0.32356691497704215,0.011555788055645135,4,0.1954308649435395,0.005747316456803764,4,0.19926231376849501,0.004870689437494684,4,0.4931739494204521,0.00580012590676004,4,9.0,0.816496580927726,4,0.7273456305265427,0.010336879701349899,4,179761.0,0.0,4,3063361.0,0.0,4
B1_no_RC,,0.0005,1e-05,hq_first,conv3_plus,1,3215,HepG2,0.27496034651994705,0.0021393180729277214,4,0.35695547610521317,0.003066448048576699,4,0.3935244316608812,0.018912207146358256,4,0.3018613628442362,0.016694582041000095,4,0.1538605832523061,0.014528474164049265,4,0.15512973199837962,0.014909143284895812,4,0.8458761870861053,0.014523953474176086,4,0.24568141624331474,0.0004890613775759473,4,0.32607147097587585,0.0005179239449079004,4,0.3910994954509619,0.0045376210291351625,4,0.31334932282590894,0.002471470622552522,4,0.1477519781643957,0.002707133681598079,4,0.15297425784545002,0.0035512874131059303,4,0.7057991623878479,0.0022419503553464536,4,0.20296573638916016,0.00015818940732836403,4,0.268577478826046,0.0005172048091522774,4,0.4434247251982238,0.0038552729196508046,4,0.3407922501753083,0.009153087669816156,4,0.1909817993833578,0.0031153644982235104,4,0.196636634264084,0.003418920967330242,4,0.47884514182806015,0.0018439434806618456,4,7.0,1.8257418583505538,4,0.7057991623878479,0.0022419503553464536,4,179761.0,0.0,4,3063361.0,0.0,4
B1_no_RC,,0.0005,1e-05,hq_first,conv3_plus,1,3215,K562,0.2727090194821358,0.0020993058750177593,4,0.3538738340139389,0.002833536122733621,4,0.41310895170738754,0.016367611529490293,4,0.3204687492478381,0.01905480408845124,4,0.16841321149057442,0.013311648596185813,4,0.17085993001116187,0.013541729559529812,4,0.8313281238079071,0.013307509594992864,4,0.24544182419776917,0.00044969893693807644,4,0.32498566806316376,0.0006346632596657104,4,0.39672182586895044,0.0059103087871950405,4,0.3192823413670915,0.002174321431491614,4,0.15341759995601645,0.0033079904637069854,4,0.15741440593326383,0.00469216582545083,4,0.7011070847511292,0.002739568279410485,4,0.20191098749637604,0.000981638376995072,4,0.2675515487790108,0.0011623250336141252,4,0.44796181549593556,0.006608630659649692,4,0.3429911769915574,0.011859012824636915,4,0.19714154954348298,0.0069668538587569105,4,0.20070254364181134,0.0059357671125972716,4,0.47519928961992264,0.004123570742129766,4,9.5,1.7320508075688772,4,0.7011070847511292,0.002739568279410485,4,179761.0,0.0,4,3063361.0,0.0,4
B1_no_RC,,0.0005,1e-05,hq_first,conv3_plus,1,3215,SKNSH,0.2738722190260887,0.001511389377283006,4,0.35483529418706894,0.0019510870235222686,4,0.4071818668640495,0.011739024366901227,4,0.3174174319016976,0.011738542155105888,4,0.16390953491570584,0.009190025468625638,4,0.16590042622270754,0.009585229094026385,4,0.8358304351568222,0.009187159278670939,4,0.2447652481496334,0.0003391479536108855,4,0.3253900110721588,0.00023261460947046828,4,0.39326257637304773,0.0014102348800011696,4,0.308523081510581,0.006474390493285306,4,0.1513117726926661,0.001213330159523551,4,0.15465694554737977,0.001108418357902257,4,0.7028510868549347,0.001004821530074798,4,0.20242637768387794,0.0008249919305282234,4,0.26725491881370544,0.00046952272640626727,4,0.448736877154525,0.003199586721691711,4,0.3423576661334745,0.007439212683014001,4,0.1989302760061965,0.002815809139017569,4,0.20137246293478747,0.002869534523395739,4,0.47414054721593857,0.001666661632913328,4,8.75,0.957427107756338,4,0.7028510868549347,0.001004821530074798,4,179761.0,0.0,4,3063361.0,0.0,4
B1_no_RC,,0.0005,1e-05,hq_first,full,1,161,HepG2,0.1891777068376541,0.02158052746177271,4,0.25876234471797943,0.021532624997632633,4,0.40439730385050243,0.1608585013252968,4,0.3089608203290617,0.1556452808317925,4,0.1406332306332951,0.1591119276337833,4,0.18294377244802099,0.1481601190775479,4,0.8540290594100952,0.15812362269822788,4,0.25162138044834137,0.00024031517724729397,4,0.33380018174648285,0.0003788994621486603,4,0.33060089992560826,0.003824219471537907,4,0.27696435201939523,0.0031350612679314593,4,0.10687316760085241,0.0020272952622400722,4,0.10930792352254692,0.0025289104262848448,4,1.4108368456363678,0.08571559205709976,4,0.2208060808479786,0.0014971052597494005,4,0.28849075734615326,0.001879392811585674,4,0.29240292919942085,0.01385577039734117,4,0.2509645487975726,0.0076732212591136524,4,0.06654037356409939,0.012145835164752204,4,0.08564345978437939,0.008183474571632153,4,1.0539452731609344,0.06747966434555974,4,8.5,8.426149773176359,4,1.4108368456363678,0.08571559205709976,4,179761.0,0.0,4,3747661.0,0.0,4
B1_no_RC,,0.0005,1e-05,hq_first,full,1,161,K562,0.18833662569522858,0.016802114224823222,4,0.2574358135461807,0.019331269609000064,4,0.3960129308692659,0.15773530772775668,4,0.30316148170242374,0.12353345143926152,4,0.1508338909511804,0.14253238346893932,4,0.1754865618936436,0.13963142016958174,4,0.8438917994499207,0.14164703989885685,4,0.2528166100382805,0.0009456776389059069,4,0.3321142941713333,0.0010013761705303156,4,0.34236976778610184,0.008021574174160105,4,0.24902845292294332,0.0059399940184416055,4,0.11586688839053255,0.005333866410381766,4,0.11726531713308296,0.005491511259947687,4,1.3965842425823212,0.08441864065029817,4,0.2127191312611103,0.0017178397457912763,4,0.2820809856057167,0.0014022162960738035,4,0.3377860760278685,0.011539185920221474,4,0.29589436232713995,0.012987907246715917,4,0.10757124873669738,0.008853595000088671,4,0.11419929776708101,0.007914572726309372,4,1.007825642824173,0.06820763599243951,4,9.5,9.03696114115064,4,1.3965842425823212,0.08441864065029817,4,179761.0,0.0,4,3747661.0,0.0,4
B1_no_RC,,0.0005,1e-05,hq_first,full,1,161,SKNSH,0.1838483177125454,0.017546342861562488,4,0.2509213909506798,0.015910398963376145,4,0.44610318754350126,0.17015019559402525,4,0.34184991526369124,0.1939061762749256,4,0.19075774825177413,0.14977988417028323,4,0.22072137073198606,0.1517101360728445,4,0.8042159080505371,0.1488494973638859,4,0.2518490254878998,0.0009442986811240401,4,0.33447403460741043,0.0017875428632732687,4,0.32498614092075817,0.012409220858549648,4,0.2837558832334577,0.001621533916827431,4,0.10324522146955273,0.009576810805355215,4,0.10573148336230409,0.008178514213139764,4,1.4173125326633453,0.10173350465604393,4,0.21531501412391663,0.002366259263743597,4,0.28332872688770294,0.0037064581536803633,4,0.32453424779642903,0.029780084711995416,4,0.2605253266992514,0.01481438455735101,4,0.09955983344194161,0.023483475623279883,4,0.10598761807688421,0.020048348564807358,4,1.0177421271800995,0.08679288578165023,4,12.25,9.105858919765158,4,1.4173125326633453,0.10173350465604393,4,179761.0,0.0,4,3747661.0,0.0,4
B1_no_RC,,0.0005,1e-05,hq_first,full,1,322,HepG2,0.1828482374548912,0.015587470479713515,4,0.24818908795714378,0.019677033326020027,4,0.5021953847773104,0.13842954385392803,4,0.4003855661976667,0.11232282737167228,4,0.24460474726671294,0.13719228932491842,4,0.26657225845033583,0.12096920482160184,4,0.753049299120903,0.13676625966332343,4,0.25029265135526657,0.001053065571242073,4,0.33200760930776596,0.0011487762554257298,4,0.3449705374614936,0.008818623751607248,4,0.2833088413948842,0.004913119879996407,4,0.11643287379065545,0.006124054737590851,4,0.11906299781012605,0.006012066228895126,4,1.3388815820217133,0.037310924330175445,4,0.21811212971806526,0.002965628005496248,4,0.2848164439201355,0.0037970640350074767,4,0.32654577881895475,0.029433812616340743,4,0.271254892721992,0.012988314780955126,4,0.09007438504405743,0.024393123065826534,4,0.1072819076583281,0.018567376863825247,4,0.9857371300458908,0.04686514590581903,4,11.5,6.3508529610858835,4,1.3388815820217133,0.037310924330175445,4,179761.0,0.0,4,3747661.0,0.0,4
B1_no_RC,,0.0005,1e-05,hq_first,full,1,322,K562,0.17318252101540565,0.005110005518719171,4,0.23722243309020996,0.005225755755522951,4,0.5671904947161227,0.027210473864482887,4,0.45712113138312743,0.04938928341307128,4,0.3142293418731939,0.0318879496955049,4,0.32226036471226727,0.030424336356399143,4,0.6836409121751785,0.03178892081555105,4,0.25058887898921967,0.0006109548295474358,4,0.3296685069799423,0.0006384644039676038,4,0.3639637720688596,0.004614067887809274,4,0.26497426324721624,0.011224159123879751,4,0.12884443423938324,0.0033743370133933553,4,0.1324855945954478,0.003359562529949006,4,1.3200775384902954,0.036106548080194596,4,0.2096795029938221,0.0019431666595149514,4,0.2772180140018463,0.0014596611597219812,4,0.38355725793024215,0.010798605209144826,4,0.3240443291744305,0.01159069786476497,4,0.1380743288817883,0.00909939644465556,4,0.14720362751681354,0.008245347717155859,4,0.9335179328918457,0.02975588552011478,4,16.75,2.6299556396765835,4,1.3200775384902954,0.036106548080194596,4,179761.0,0.0,4,3747661.0,0.0,4
B1_no_RC,,0.0005,1e-05,hq_first,full,1,322,SKNSH,0.16993700712919235,0.025557566437454108,4,0.2356615997850895,0.02709255650702139,4,0.5518918254974081,0.1702700894005825,4,0.4762037726544591,0.17739415110779141,4,0.3156952253807127,0.16820161454599608,4,0.3263285145592234,0.16441438262961278,4,0.6821795552968979,0.16767927621932602,4,0.2495950311422348,0.0020149918058005568,4,0.3315322920680046,0.002701384640784699,4,0.35545498412349963,0.026129987906844628,4,0.2958238898637534,0.007635540503382086,4,0.11892497717444014,0.014392135041597082,4,0.12686032793924626,0.01811491862069261,4,1.3353013396263123,0.04980833008177559,4,0.21229879930615425,0.0025562468225903486,4,0.27829068899154663,0.0045960330054286595,4,0.3757711309846258,0.04616220278112538,4,0.2799860337328527,0.019391754435511655,4,0.13123150338172113,0.02891574808245769,4,0.14280215460566908,0.032944764980988375,4,0.9410915523767471,0.04711296904367295,4,18.5,12.013880860626733,4,1.3353013396263123,0.04980833008177559,4,179761.0,0.0,4,3747661.0,0.0,4
B1_no_RC,,0.0005,1e-05,hq_first,full,1,643,HepG2,0.18351273238658905,0.0024377216183665965,4,0.24817189574241638,0.003953015233113928,4,0.5789630780870691,0.014708787465433063,4,0.4318121904370448,0.014595776475433428,4,0.3303273789933795,0.01835597265789319,4,0.33536050710958115,0.01717755426545115,4,0.6686311364173889,0.018327380573236022,4,0.24756542220711708,0.000978013632141757,4,0.3276849761605263,0.0007032521518764445,4,0.3824315924075832,0.003538292043882518,4,0.28488427130338095,0.013679861995098245,4,0.13929538466614239,0.0036955210760124184,4,0.14626331250434066,0.002709777487039427,4,1.1657434105873108,0.020693404682851108,4,0.21232585236430168,0.0016433924148648942,4,0.2770262509584427,0.0015822698265568948,4,0.3974705767906346,0.01489781629919467,4,0.28356832508256885,0.010351978169834958,4,0.1392631956247502,0.009850191304730553,4,0.15814931811214314,0.01188668194438946,4,0.833110511302948,0.011569343346345608,4,13.75,2.217355782608345,4,1.1657434105873108,0.020693404682851108,4,179761.0,0.0,4,3747661.0,0.0,4
B1_no_RC,,0.0005,1e-05,hq_first,full,1,643,K562,0.18302344530820847,0.009569286739322315,4,0.2487742081284523,0.010734406976842444,4,0.5748825122302462,0.044154420091619406,4,0.42386280113368735,0.04726877135511504,4,0.3266265577551487,0.05074761096599331,4,0.33195211247837964,0.051065092962081574,4,0.6723262220621109,0.05066865040312553,4,0.2462974637746811,0.000810510319399212,4,0.3253016397356987,0.0009890342543570946,4,0.3937371411361803,0.0059139260177161895,4,0.2841201704306529,0.015138271442445526,4,0.15176712872710896,0.005160100953720194,4,0.15505516720079965,0.0046711907599071515,4,1.1489726603031158,0.028536417043656184,4,0.20441355556249619,0.0014580972685413187,4,0.2721049562096596,0.001053966782392981,4,0.4206184642710606,0.009810538479969065,4,0.3251072484152877,0.010286208436268733,4,0.16958402711620266,0.006435762503953348,4,0.1769920774846957,0.008163994239960809,4,0.8039148449897766,0.019984192202465438,4,15.75,4.9916597106239795,4,1.1489726603031158,0.028536417043656184,4,179761.0,0.0,4,3747661.0,0.0,4
B1_no_RC,,0.0005,1e-05,hq_first,full,1,643,SKNSH,0.1780688278377056,0.008845227500150906,4,0.2433130368590355,0.011297614798631372,4,0.6013669140223028,0.04533023220952423,4,0.476613473347913,0.04646658553605907,4,0.35579715054108685,0.05240894649736311,4,0.3631832877448348,0.05395722799281882,4,0.6432009935379028,0.05232743831880995,4,0.2475544773042202,0.0014759237690694133,4,0.32799383997917175,0.001397469554923213,4,0.37989019695657666,0.007404321285791347,4,0.2967241281197357,0.01008396639453849,4,0.13766325717436034,0.007361614543379576,4,0.14435767972398403,0.005578141585000705,4,1.1678947508335114,0.01792000972817692,4,0.20397411659359932,0.002525044497991439,4,0.2694573327898979,0.0029533477923792562,4,0.4401849244679411,0.017908812706889207,4,0.3033925491486479,0.011301607798712442,4,0.18560133554712083,0.017899549696708466,4,0.19400331190827483,0.015619607229775855,4,0.7881405502557755,0.009245640907683183,4,18.25,3.403429642777023,4,1.1678947508335114,0.01792000972817692,4,179761.0,0.0,4,3747661.0,0.0,4
B1_no_RC,,0.0005,1e-05,hq_first,full,1,1125,HepG2,0.2253504991531372,0.00349471703361113,4,0.3001306354999542,0.0033147059766247,4,0.5279247872697523,0.02254601187424021,4,0.39817603627445036,0.030671205496653794,4,0.27345503413381567,0.02198117198777869,4,0.2790858230023882,0.023682625796506374,4,0.7258991599082947,0.021961615128579238,4,0.24472180008888245,0.0008410925585460691,4,0.3256840482354164,0.0011176620795667822,4,0.3891907393198709,0.006707960995810837,4,0.289889575269798,0.016578839614862246,4,0.1497699940616026,0.005832154267122756,4,0.1515031791278887,0.00522602849300153,4,0.854646846652031,0.015000608500761462,4,0.2084132507443428,0.0011163846335719408,4,0.27354006469249725,0.0016940058612144651,4,0.4121673230734504,0.0073281621151125974,4,0.3048414849074499,0.005584806678973012,4,0.16078684523573938,0.01041954837712565,4,0.16992217867952303,0.006011950764212996,4,0.6028412729501724,0.0076615429678178765,4,9.0,0.816496580927726,4,0.854646846652031,0.015000608500761462,4,179761.0,0.0,4,3747661.0,0.0,4
B1_no_RC,,0.0005,1e-05,hq_first,full,1,1125,K562,0.2244807481765747,0.006411361590356631,4,0.29888205975294113,0.009259994480196704,4,0.5304130008101858,0.044265469365067825,4,0.40232008165393063,0.05949644386399998,4,0.2790687917192911,0.046203045755243664,4,0.28280752526204855,0.04713988890416093,4,0.7202903777360916,0.046162015715597006,4,0.24609539657831192,0.0021734311401669106,4,0.3249349668622017,0.001799891309358053,4,0.3988558894547948,0.008473485904102582,4,0.2902784947858579,0.01487959431952446,4,0.1536645954958692,0.009401295565359822,4,0.15913987052530076,0.006722599512557994,4,0.8506258726119995,0.0061472557309383245,4,0.20404014736413956,0.00365838585756359,4,0.2709335684776306,0.0033582297377562033,4,0.4324856771621034,0.01684658390138641,4,0.31702696020350407,0.007784227312073856,4,0.17663275770956052,0.02032665865381346,4,0.18725671649222297,0.014835595105537188,4,0.5914285182952881,0.013128235802133712,4,10.25,2.3629078131263044,4,0.8506258726119995,0.0061472557309383245,4,179761.0,0.0,4,3747661.0,0.0,4
B1_no_RC,,0.0005,1e-05,hq_first,full,1,1125,SKNSH,0.2238597609102726,0.006621207757982359,4,0.2969401180744171,0.007008696157441281,4,0.539097420340418,0.03515235425206754,4,0.4138153343443192,0.044249234814374774,4,0.2885183413277469,0.03799846188384333,4,0.2915527946247905,0.03867754406806201,4,0.71084925532341,0.037964665784355776,4,0.24698763713240623,0.0007003414699809993,4,0.32891783118247986,0.0016163400030678753,4,0.3789131767610977,0.009650666379800254,4,0.2958324956541647,0.017963564862231586,4,0.13279394352633733,0.008519026133680203,4,0.1436450470443675,0.0072314653381763665,4,0.8716766387224197,0.013880771240339602,4,0.20459893718361855,0.0014867498292426798,4,0.26980574429035187,0.001284632793693801,4,0.43800559542330353,0.00882063680069415,4,0.2993831638503891,0.01029557913274575,4,0.1835536076523391,0.007789791356305479,4,0.19190725434729997,0.007777712469654284,4,0.5864797830581665,0.0048008414471438655,4,10.25,1.2583057392117916,4,0.8716766387224197,0.013880771240339602,4,179761.0,0.0,4,3747661.0,0.0,4
B1_no_RC,,0.0005,1e-05,hq_first,full,1,1608,HepG2,0.2411445416510105,0.003664628798176907,4,0.3176893964409828,0.0031474443858436033,4,0.5171163950908935,0.03636296665256139,4,0.3896913434787439,0.04244834471368405,4,0.264251279895092,0.03702403717920875,4,0.26840106507963246,0.03690841149756415,4,0.7352911829948425,0.037001040323309996,4,0.24444490298628807,0.0009841460048709743,4,0.3251720517873764,0.0007051449545884956,4,0.39568173327275347,0.003641296513901134,4,0.29666440600796534,0.01774592251233295,4,0.15244567772966902,0.003674677731782527,4,0.15657397832595704,0.0028854206973219216,4,0.770126685500145,0.03043133388190881,4,0.20734159648418427,0.0010245291498710914,4,0.27252259850502014,0.0012673803626608662,4,0.42523170959840845,0.01632045932074932,4,0.30876681564734076,0.025702712860216203,4,0.16702881807271158,0.007751719082740512,4,0.18102177489231536,0.01370929150396023,4,0.5410328656435013,0.024849684711109897,4,8.25,1.707825127659933,4,0.770126685500145,0.03043133388190881,4,179761.0,0.0,4,3747661.0,0.0,4
B1_no_RC,,0.0005,1e-05,hq_first,full,1,1608,K562,0.24085744470357895,0.005650922264446996,4,0.3164469227194786,0.006652069007632429,4,0.5229663010270567,0.020237955597916902,4,0.39962838534585327,0.012674305203513378,4,0.2706624843938133,0.019738545541083334,4,0.2738009331450094,0.0212522393094942,4,0.7288839817047119,0.019726238012472457,4,0.24697868525981903,0.0014544078148365973,4,0.3242974057793617,0.0020645104911537586,4,0.40744105552618687,0.014274244903049021,4,0.3116003255300797,0.01364609793796447,4,0.15697643974284586,0.010721830157752504,4,0.16616102927895746,0.011635403864842719,4,0.7657021433115005,0.01945568371836948,4,0.20381294190883636,0.0009649182356860313,4,0.27083148807287216,0.002253837025019496,4,0.4402403545248261,0.009389070962437686,4,0.3246808468761934,0.005752632242116705,4,0.17730511971343027,0.013684904773595689,4,0.19387768574229788,0.008218357564237775,4,0.5343126505613327,0.024428499223833066,4,9.0,0.8164965809277263,4,0.7657021433115005,0.01945568371836948,4,179761.0,0.0,4,3747661.0,0.0,4
B1_no_RC,,0.0005,1e-05,hq_first,full,1,1608,SKNSH,0.2407458871603012,0.005878591172574925,4,0.31561393290758133,0.010143414637625582,4,0.5284303638609152,0.02952136884448448,4,0.4186232704911723,0.03903425723991504,4,0.27446435804647684,0.03319006028890469,4,0.27989228286401835,0.030382087878569285,4,0.7250844389200211,0.033169445971229596,4,0.2458990290760994,0.0011799505173744154,4,0.3268292397260666,0.0011684148330849368,4,0.39111486190988387,0.01115459416723608,4,0.30511591429723994,0.013129286221325571,4,0.14377961709276024,0.006122641507646553,4,0.15306415393506437,0.00873306905414893,4,0.7779096513986588,0.027884548809051907,4,0.2038671113550663,0.0013161576412145707,4,0.26849211007356644,0.001217516461085811,4,0.44840641081530674,0.008040372074335472,4,0.3043640270095114,0.008471003318396573,4,0.1914857965203363,0.00733908998693989,4,0.20111679494758594,0.0072648073881607786,4,0.5251476168632507,0.024112283590678085,4,9.0,1.414213562373095,4,0.7779096513986588,0.027884548809051907,4,179761.0,0.0,4,3747661.0,0.0,4
B1_no_RC,,0.0005,1e-05,hq_first,full,1,2411,HepG2,0.2545475512742996,0.0015783137436444947,4,0.33214709162712097,0.0005610134307687346,4,0.49430503992774605,0.013089601077098539,4,0.3722619997982702,0.024532387996761357,4,0.241199234930392,0.012910369712939433,4,0.2444659757402388,0.012899188412705077,4,0.7584860175848007,0.012905003935600415,4,0.2427593320608139,0.0004920829720504407,4,0.3227881118655205,0.0005837898889622355,4,0.41100593403931485,0.004704378457081033,4,0.32193437639289224,0.014132497985585487,4,0.16482843674316114,0.0030218878925824645,4,0.1689424761980302,0.0038554913924525877,4,0.7163213640451431,0.010250025263677456,4,0.2055354043841362,0.0012168241437644101,4,0.2695743665099144,0.001223778682579544,4,0.4431632547648687,0.005099458186126637,4,0.33069785213253866,0.012166490178061089,4,0.18495459844953116,0.007406449845465003,4,0.19641317372913594,0.004521152739204067,4,0.49959802627563477,0.006765118931484863,4,7.0,0.816496580927726,4,0.7163213640451431,0.010250025263677456,4,179761.0,0.0,4,3747661.0,0.0,4
B1_no_RC,,0.0005,1e-05,hq_first,full,1,2411,K562,0.2547107860445976,0.003844522701020758,4,0.3321400359272957,0.002970463466871096,4,0.49400896284772755,0.01884927233505937,4,0.3788276045495175,0.022917094130950468,4,0.2412009836409937,0.017856003217575096,4,0.24431132667455838,0.018445148803099016,4,0.7584842294454575,0.017848610247832575,4,0.24559401348233223,0.0004176926589841801,4,0.3237081617116928,0.0012040989790059204,4,0.40826045644819264,0.008342596929858214,4,0.3150164614286085,0.008125178076142983,4,0.16005392766378398,0.0062459273730500085,4,0.16672879949193717,0.006815354711172127,4,0.7203710675239563,0.006395720809584301,4,0.20294851437211037,0.0012278846755416695,4,0.2685821130871773,0.0010557990455391283,4,0.4500915213957097,0.006458415347867283,4,0.3373451630717169,0.01053977279171282,4,0.1909467850654632,0.0063663825492165935,4,0.20261366097890876,0.005800296289768879,4,0.49592528492212296,0.006350387624053769,4,7.25,0.9574271077563381,4,0.7203710675239563,0.006395720809584301,4,179761.0,0.0,4,3747661.0,0.0,4
B1_no_RC,,0.0005,1e-05,hq_first,full,1,2411,SKNSH,0.25738269090652466,0.0028203740650474185,4,0.3347022905945778,0.004491326220698234,4,0.4814937251780751,0.013307967722601625,4,0.36531001195688834,0.015928780982903137,4,0.22958465146056153,0.01291150071232846,4,0.23196903388953907,0.01289589658771792,4,0.7700957506895065,0.01290610478944237,4,0.2447722740471363,0.000744241995766456,4,0.3253364935517311,0.0008929836964087748,4,0.3989525482821028,0.005324296087565901,4,0.3126179683551221,0.0036417704739623545,4,0.15158644581397265,0.004657656355215748,4,0.15918439687740463,0.004226799338327804,4,0.7276574075222015,0.008695352801867874,4,0.2038615308701992,0.0014998921011423524,4,0.26775339245796204,0.0014168740205558774,4,0.45142915633156033,0.005692523323556559,4,0.31853216260351996,0.010768299828817144,4,0.19592420100462177,0.00852154986037805,4,0.2038125868025663,0.005143828917559431,4,0.4928573668003082,0.005460841408131863,4,6.5,0.5773502691896257,4,0.7276574075222015,0.008695352801867874,4,179761.0,0.0,4,3747661.0,0.0,4
B1_no_RC,,0.0005,1e-05,hq_first,full,1,3215,HepG2,0.2559497132897377,0.0032672499683183962,4,0.3332887589931488,0.0037932299725978065,4,0.5186889309054229,0.022066614796943936,4,0.40540028191028166,0.027845293768908343,4,0.26231098532509034,0.01669637571281814,4,0.2694034086602581,0.023376328161130614,4,0.7374595403671265,0.016691212454128357,4,0.24377268180251122,0.0003591609837695706,4,0.3237864598631859,0.00048193695820574546,4,0.40506748310940816,0.0032744245975650484,4,0.30711412443648384,0.013291010672512966,4,0.15965497808989457,0.002500820676389038,4,0.1640877072649245,0.002659849365966782,4,0.6959415525197983,0.002071059229915376,4,0.2045133039355278,0.0006932523091333861,4,0.26759588718414307,0.0008388883208087487,4,0.4564202916221018,0.0031041800788721547,4,0.350410563771798,0.01186911146370556,4,0.19688085836572536,0.0050322915994569,4,0.20832670955487598,0.002833666727988118,4,0.47535359114408493,0.0029785316498296102,4,8.5,1.0,4,0.6959415525197983,0.002071059229915376,4,179761.0,0.0,4,3747661.0,0.0,4
B1_no_RC,,0.0005,1e-05,hq_first,full,1,3215,K562,0.2607313022017479,0.0023031856067513693,4,0.33887288719415665,0.002900971209682337,4,0.4895659706703361,0.013613527273567268,4,0.3806993170791221,0.016739401856979287,4,0.23741665478519497,0.013058614702019631,4,0.23981383573200948,0.013326076752842916,4,0.7623461484909058,0.013054523500701161,4,0.2450285442173481,0.0004933450533099297,4,0.32329120486974716,0.0007511766842784508,4,0.41117840492952573,0.005271921333089697,4,0.3206014638792406,0.008263731978291066,4,0.1622217313027061,0.003890012083054137,4,0.16908852554629575,0.004361099587815122,4,0.6938158571720123,0.0032215722685131963,4,0.2030535452067852,0.0008118125314496158,4,0.26750726252794266,0.0006871015304145499,4,0.4576696683504666,0.0018539381069506927,4,0.3595917017378188,0.0015595118102952068,4,0.1974146960631782,0.004117862968472767,4,0.20946410314290437,0.0016970485494580607,4,0.4750376120209694,0.0024372838739615105,4,7.5,0.5773502691896258,4,0.6938158571720123,0.0032215722685131963,4,179761.0,0.0,4,3747661.0,0.0,4
B1_no_RC,,0.0005,1e-05,hq_first,full,1,3215,SKNSH,0.2626719996333122,0.002802282340935447,4,0.34088134765625,0.0036328253734947275,4,0.4838219218012901,0.01775429209955748,4,0.37972208419110914,0.016518563531298186,4,0.2283270452929265,0.016449067110157537,4,0.23432006318146095,0.017028948911076987,4,0.7714329212903976,0.01644392899233426,4,0.2434397079050541,0.0009429235582871008,4,0.3236663118004799,0.00035312566463889587,4,0.40418316351557265,0.0012494249226010785,4,0.31991574827821107,0.011373091332863511,4,0.16027914916520883,0.0018323271389740154,4,0.16336520046643405,0.0010104735783976464,4,0.6954245865345001,0.0015174892049547761,4,0.2023986242711544,0.0013043181419380232,4,0.2659827396273613,0.001253117682511828,4,0.45885674756346256,0.007278922321456403,4,0.3377880932140912,0.01276864656574113,4,0.20652723326545552,0.007491793156188744,4,0.21058925181714055,0.006646087856760286,4,0.46964406967163086,0.0044342588975633855,4,7.0,0.816496580927726,4,0.6954245865345001,0.0015174892049547761,4,179761.0,0.0,4,3747661.0,0.0,4
B1_no_RC,,0.0005,0.0001,hq_first,branched_only,1,161,HepG2,0.20100760832428932,0.008780947572686488,4,0.27397532016038895,0.0025505321020998085,4,0.2838152053208035,0.041774315467438414,4,0.1969723733359579,0.05437243572783038,4,0.04384643088159887,0.054533670263863354,4,0.08185989084586964,0.023165983996728666,4,0.9502147734165192,0.054194931028403254,4,0.2519381418824196,0.0008947134932994922,4,0.334394671022892,0.0008979082843531341,4,0.32679733147812384,0.0059193469683569,4,0.2729285355539923,0.004216028814340409,4,0.10368513172556967,0.004814341489439598,4,0.10682277486262158,0.00386931067663253,4,1.4157716929912567,0.08395523821632674,4,0.22100849449634552,0.0006344665720656561,4,0.28932593017816544,0.0005791594632698322,4,0.281282434456282,0.009231264352393135,4,0.2451994444626205,0.00818880181903489,4,0.061154945011146045,0.003759675315466565,4,0.07918372011481038,0.005211631175145924,4,1.059875562787056,0.06306909800499613,4,5.25,1.5,4,1.4157716929912567,0.08395523821632674,4,179761.0,0.0,4,179761.0,0.0,4
B1_no_RC,,0.0005,0.0001,hq_first,branched_only,1,161,K562,0.2019643448293209,0.004183313649732636,4,0.27540969103574753,0.004562881252274453,4,0.263627456501984,0.04649417940973398,4,0.1931672754368655,0.056807550514104896,4,0.03382483207185255,0.05800827729382929,4,0.07112071736094386,0.025529647301031497,4,0.9601740539073944,0.05764789267040818,4,0.2537638023495674,0.000651955666482453,4,0.33282942324876785,0.0007917604126312998,4,0.33867815890689407,0.00589318471848203,4,0.24535626883862152,0.004963224150082215,4,0.11205754495266787,0.004224394317299228,4,0.11472894254015802,0.0039784844602930546,4,1.4024788737297058,0.0816493838381358,4,0.21415507793426514,0.0009940465293078512,4,0.2835087925195694,0.0004206172661451466,4,0.3298179743110085,0.002720838026915565,4,0.2887024069817938,0.005796344088856683,4,0.09852917567167566,0.0026744151170730508,4,0.1087854483982936,0.0018001786359991686,4,1.0179195404052734,0.06568246966325884,4,5.75,1.5,4,1.4024788737297058,0.0816493838381358,4,179761.0,0.0,4,179761.0,0.0,4
B1_no_RC,,0.0005,0.0001,hq_first,branched_only,1,161,SKNSH,0.20166270807385445,0.00781773619288848,4,0.27319858223199844,0.004083540180445728,4,0.2758986960101455,0.04132060733130187,4,0.18366800646963585,0.07405572675373086,4,0.04985660188813848,0.0409037815792371,4,0.07740063490276941,0.021272427586453334,4,0.9442418962717056,0.040649687830368146,4,0.25275829434394836,0.0004771394150381441,4,0.3357691615819931,0.0006358898514138878,4,0.31432246693731364,0.0041847565676895624,4,0.27811512435290614,0.004185713389910684,4,0.09630404170629106,0.003422379111096822,4,0.09881174736220674,0.002627069426790394,4,1.4277870059013367,0.09198759209569639,4,0.21692956611514091,0.000961835063888202,4,0.285687617957592,0.0010997264642181744,4,0.3024473358258028,0.003765537276202882,4,0.24787512060070377,0.005506628328740955,4,0.0846112978696244,0.0070598636181671585,4,0.0914850254013598,0.0022812924558061683,4,1.0337029695510864,0.06826967930285448,4,6.0,1.414213562373095,4,1.4277870059013367,0.09198759209569639,4,179761.0,0.0,4,179761.0,0.0,4
B1_no_RC,,0.0005,0.0001,hq_first,branched_only,1,322,HepG2,0.20523228496313095,0.002959785599210984,4,0.2776211202144623,0.00226986275833618,4,0.2974781990854809,0.021439230879711422,4,0.20962971558649324,0.023033321590958725,4,0.06081997156146729,0.032335947343609665,4,0.08883800939667622,0.012809703047074728,4,0.9362632483243942,0.03223549413725748,4,0.25224943459033966,0.0005057611580198074,4,0.33450229465961456,0.0006018179055922278,4,0.32628383818845963,0.003870502303465507,4,0.2763697147322828,0.005503259338735851,4,0.10311074121267277,0.003228752066429223,4,0.10647237865405375,0.002539932389681339,4,1.3589911758899689,0.032963340109423554,4,0.22155515477061272,0.0015955299607511215,4,0.28985822200775146,0.0014100346095175286,4,0.28147926616639596,0.004906430296196972,4,0.24810380931269915,0.003841520449356976,4,0.05768337120221817,0.00916765228727165,4,0.07924863207526134,0.002739253964751721,4,1.0206216275691986,0.033660838032596764,4,3.0,0.816496580927726,4,1.3589911758899689,0.032963340109423554,4,179761.0,0.0,4,179761.0,0.0,4
B1_no_RC,,0.0005,0.0001,hq_first,branched_only,1,322,K562,0.2057397998869419,0.000961025443153856,4,0.27662161737680435,0.0008410455051016105,4,0.2868730427724585,0.026545397876279603,4,0.21035622217527447,0.022553452227594997,4,0.06777209806402232,0.020376422409121447,4,0.08282463628083628,0.015256321569099267,4,0.9293327182531357,0.020313121428029362,4,0.2531605586409569,0.0006165885982899352,4,0.3327611833810806,0.0005604714582880888,4,0.3383014511360152,0.0026832070169258613,4,0.24175493311672774,0.0038517193858980782,4,0.11242340786033536,0.0029886444526029364,4,0.11445327154065542,0.0018150691876088624,4,1.3448502719402313,0.030856603705166907,4,0.21308526769280434,0.0004556140185921983,4,0.2828524634242058,0.0002250389096390164,4,0.32920469739348757,0.004345120213286033,4,0.2897051893490522,0.00164912804521419,4,0.10269925899251298,0.001427614680223997,4,0.10838989283818867,0.0028531393163646495,4,0.9717025458812714,0.022809488214679575,4,3.5,0.5773502691896257,4,1.3448502719402313,0.030856603705166907,4,179761.0,0.0,4,179761.0,0.0,4
B1_no_RC,,0.0005,0.0001,hq_first,branched_only,1,322,SKNSH,0.2055397629737854,0.0010486148087283024,4,0.2777957245707512,0.0014590588511301007,4,0.2757055611869439,0.03407666877891319,4,0.1939875529072213,0.02091341288175844,4,0.059877602286310005,0.019204477949368387,4,0.07688447098570847,0.01880084266120645,4,0.9372027069330215,0.019144759501761,4,0.25236187875270844,0.000485421228206266,4,0.3354309946298599,0.00036598517134125486,4,0.31619887693840115,0.0033937076693594448,4,0.2813213775630087,0.003086587673308277,4,0.09812496680079541,0.001967494756455316,4,0.09999036771591496,0.002139289586830876,4,1.366589069366455,0.03518524739219662,4,0.21607714518904686,0.001359738358352019,4,0.2849196344614029,0.0010843776151945829,4,0.3068390726123733,0.008081498862094277,4,0.2515059354688831,0.008265636113633406,4,0.08952636741886019,0.006919338457983822,4,0.09419919944951481,0.004942883273477294,4,0.9860938191413879,0.0302680368451703,4,3.75,0.9574271077563381,4,1.366589069366455,0.03518524739219662,4,179761.0,0.0,4,179761.0,0.0,4
B1_no_RC,,0.0005,0.0001,hq_first,branched_only,1,643,HepG2,0.1994694359600544,0.002400577040375694,4,0.26781517267227173,0.0031427635593795013,4,0.47153569106164095,0.012118270024541399,4,0.339187448876217,0.016434748687728085,4,0.22022285194860602,0.010466729372110822,4,0.22245604729627008,0.01128287628197257,4,0.7785644829273224,0.010450478070563138,4,0.2427775040268898,0.001131270140467515,4,0.32218942046165466,0.0007103658346088431,4,0.4102789063664624,0.004408226423447658,4,0.3332917992635634,0.004283758391201371,4,0.16792260755464886,0.0036691678160847337,4,0.16834335535441072,0.0036171770984101547,4,1.126976728439331,0.020463679477989355,4,0.2049158364534378,0.0018242690845053067,4,0.26976432651281357,0.002244033479329834,4,0.43010388575390246,0.0149654651170408,4,0.3137969540710782,0.012052745415075174,4,0.18377576566035403,0.013574444622010184,4,0.18515732640023297,0.012891752824425673,4,0.7899455279111862,0.006355203400906606,4,34.5,7.32575365861197,4,1.126976728439331,0.020463679477989355,4,179761.0,0.0,4,179761.0,0.0,4
B1_no_RC,,0.0005,0.0001,hq_first,branched_only,1,643,K562,0.19974038749933243,0.0032303449054432447,4,0.26794080436229706,0.004363242169577673,4,0.46877846113417165,0.04139385251570522,4,0.32820906695976604,0.04541387039586986,4,0.2189465698525648,0.037472681229525774,4,0.22103833389289104,0.03858229697960264,4,0.7798387408256531,0.03741444997478278,4,0.24281197413802147,0.0010733448899552037,4,0.322131484746933,0.0013735380717721582,4,0.41092640812898396,0.008064492448539509,4,0.33346795001798035,0.018925602441848842,4,0.16821354053302143,0.007095206032157196,4,0.16890928992662768,0.006614745748486464,4,1.1267478168010712,0.031354392602375776,4,0.20289554074406624,0.0016903783589134885,4,0.26779869198799133,0.0012671189088378986,4,0.4444020582842892,0.009321491499141975,4,0.31761507528113964,0.010092303420466672,4,0.19565549659988324,0.0076201510403393425,4,0.19755835706013922,0.008276622619426076,4,0.7785573750734329,0.012370753791038363,4,43.25,13.073510112692254,4,1.1267478168010712,0.031354392602375776,4,179761.0,0.0,4,179761.0,0.0,4
B1_no_RC,,0.0005,0.0001,hq_first,branched_only,1,643,SKNSH,0.20044244825839996,0.0035312745619007356,4,0.26892025768756866,0.0053520538339672345,4,0.4631589797092536,0.03933884261934089,4,0.33568719523989266,0.04162171682365109,4,0.21339936129113063,0.03508982116589574,4,0.21567689888928876,0.035819340311665775,4,0.7853773534297943,0.035035252175174156,4,0.24465519189834595,0.0011202433081003822,4,0.324161171913147,0.0014601547864623882,4,0.39789546334392495,0.009728195399716477,4,0.319087622398507,0.011001176460256215,4,0.15769732706907913,0.0075886164925093955,4,0.15839177808897803,0.0077233033986441255,4,1.1409258544445038,0.028675480958849607,4,0.20368055254220963,0.0006072425295897691,4,0.2679787576198578,0.0007637152706325039,4,0.4423907297866619,0.00592882644000323,4,0.30881622119953006,0.013801626868198634,4,0.19458207258562168,0.004595902214775414,4,0.19573592103839207,0.005224774867833511,4,0.7797305434942245,0.019941054693765663,4,46.0,14.89966442575134,4,1.1409258544445038,0.028675480958849607,4,179761.0,0.0,4,179761.0,0.0,4
B1_no_RC,,0.0005,0.0001,hq_first,branched_only,1,1125,HepG2,0.24048828706145287,0.003978454522555871,4,0.31754211336374283,0.0046561438719362955,4,0.43446132583137714,0.028546754505425268,4,0.33868968168997177,0.03628957503424701,4,0.18679361222276514,0.02352263572184334,4,0.18936783153775283,0.024429993516430246,4,0.8124835193157196,0.02350184150091095,4,0.24494430795311928,0.0012580603795240264,4,0.32470906525850296,0.0014131352616362765,4,0.3963238552281438,0.009087995090057,4,0.30420744035285996,0.01763539762087124,4,0.1548484713576581,0.007364685125228546,4,0.15713454196396634,0.007164185501134996,4,0.8495322316884995,0.014941695792962024,4,0.2035527341067791,0.0005886299383203969,4,0.269415058195591,0.0009279037116508575,4,0.43330915772366946,0.005659806043326293,4,0.31746182993772776,0.010124054720623884,4,0.1859229098298743,0.005598466498390994,4,0.1877808512205319,0.004936551211136299,4,0.5847986787557602,0.006390201454140081,4,19.75,5.5,4,0.8495322316884995,0.014941695792962024,4,179761.0,0.0,4,179761.0,0.0,4
B1_no_RC,,0.0005,0.0001,hq_first,branched_only,1,1125,K562,0.24114293605089188,0.0032155198991268568,4,0.3184373453259468,0.00442767007093316,4,0.4281086311661906,0.03365998418813176,4,0.32481678645579265,0.04393588939022234,4,0.18211391815848482,0.0270143348797372,4,0.18412674598064835,0.027820379172027367,4,0.817159116268158,0.026990433537927964,4,0.24560069665312767,0.0012882341035581452,4,0.324381560087204,0.0023792992165452254,4,0.3992514739790135,0.01395900853303174,4,0.3063062610058843,0.023697109089080737,4,0.15653041154161337,0.012375337628883857,4,0.15954787991383385,0.01114959440267599,4,0.847812607884407,0.016070635367226846,4,0.20342053845524788,0.0015653880452524522,4,0.26926489919424057,0.0010856197209712063,4,0.4358351059502072,0.009805265164184,4,0.29905393292916316,0.018796184744465462,4,0.186827498635661,0.006544412053766135,4,0.1900243469973333,0.008637153216866844,4,0.5841394364833832,0.005660970468932451,4,22.75,3.4034296427770228,4,0.847812607884407,0.016070635367226846,4,179761.0,0.0,4,179761.0,0.0,4
B1_no_RC,,0.0005,0.0001,hq_first,branched_only,1,1125,SKNSH,0.2426900789141655,0.0016534095183222497,4,0.3201155737042427,0.0018279100126970262,4,0.41958584712850444,0.025304261145320632,4,0.30922227056012264,0.038435682592669794,4,0.17354759781912232,0.018527363261097888,4,0.17653251233462766,0.021061403277486165,4,0.8257177770137787,0.018510965439533785,4,0.24612631276249886,0.001072978493554149,4,0.32714493572711945,0.0018112315399899162,4,0.37898233278371896,0.013339894317533536,4,0.285006981579909,0.014806529676410907,4,0.14211318429295935,0.009525254311636384,4,0.1437610731474917,0.00993352807855257,4,0.8623662441968918,0.018459579468670887,4,0.20326262712478638,0.0016705504855706985,4,0.2689688578248024,0.0006772654930726125,4,0.43567813007896217,0.0043179239242109825,4,0.30127894541018296,0.011533494047147172,4,0.18862061495315535,0.004081380378552525,4,0.18982941637936251,0.0037787657773557977,4,0.5828901529312134,0.008866109349305736,4,22.25,0.49999999999999967,4,0.8623662441968918,0.018459579468670887,4,179761.0,0.0,4,179761.0,0.0,4
B1_no_RC,,0.0005,0.0001,hq_first,branched_only,1,1608,HepG2,0.25890034437179565,0.0052642964436098285,4,0.33883100748062134,0.008084134085750564,4,0.40683178250188534,0.009963733695044547,4,0.3103815629617833,0.013091766044669103,4,0.16410642957157537,0.008952552100778227,4,0.16558655624552068,0.008024204180249945,4,0.8353736996650696,0.008946909032743087,4,0.24525364115834236,0.0010103532247247421,4,0.3250803053379059,0.0011228905732953293,4,0.39682605293102613,0.007858753444027292,4,0.31264126327507646,0.022373921715801985,4,0.15291932757197088,0.005842937178260828,4,0.15751723628908806,0.006264482732109716,4,0.7695341408252716,0.02476786962281563,4,0.20300287753343582,0.0014680827772178095,4,0.2688555121421814,0.000671140005669259,4,0.43977426867305186,0.0072919153286075105,4,0.3394184245942052,0.026134876012447635,4,0.18930445677567814,0.00404414509545672,4,0.19344128640878727,0.006462476496917442,4,0.5264724045991898,0.02099744420909726,4,14.75,2.0615528128088303,4,0.7695341408252716,0.02476786962281563,4,179761.0,0.0,4,179761.0,0.0,4
B1_no_RC,,0.0005,0.0001,hq_first,branched_only,1,1608,K562,0.25927498936653137,0.005061965594998566,4,0.33934658020734787,0.008064328141089247,4,0.40348796702065903,0.010713493656811627,4,0.30527207109326926,0.009654142544761194,4,0.16156092236778075,0.008723440007264625,4,0.16288862374021532,0.00867526193870726,4,0.837917685508728,0.00871795285357413,4,0.24586911872029305,0.001912966442620665,4,0.3245381489396095,0.0025444902749752626,4,0.40004312721633445,0.015747224579824026,4,0.32063531677766594,0.01640758720972513,4,0.15571106578382418,0.013197599648164679,4,0.16022048494449992,0.012693027621097442,4,0.7668236643075943,0.019279498929291226,4,0.20306146517395973,0.0011833123600683137,4,0.2687245011329651,0.0014129696765934517,4,0.4407318619854368,0.007475697973833536,4,0.3166401321389868,0.027679033094921743,4,0.19008128687129613,0.008517196011489385,4,0.19428648871429705,0.006559344450218997,4,0.5260024815797806,0.022556458442331034,4,16.75,1.5,4,0.7668236643075943,0.019279498929291226,4,179761.0,0.0,4,179761.0,0.0,4
B1_no_RC,,0.0005,0.0001,hq_first,branched_only,1,1608,SKNSH,0.25914522260427475,0.005024998176541267,4,0.3384425938129425,0.007649604097545944,4,0.40973458301982735,0.009121694798005939,4,0.31651014457232296,0.00930058655172015,4,0.16599534428761903,0.007803667344262542,4,0.16794483250942277,0.007556299513705868,4,0.8334860652685165,0.007798786729490769,4,0.24652458727359772,0.0008741989422440491,4,0.32659028470516205,0.0015880298033784303,4,0.385996858543487,0.013124507443066178,4,0.2959106217153087,0.01476682853978745,4,0.14502422433016532,0.008307797543395222,4,0.14912276432715801,0.010125310245352718,4,0.776661142706871,0.023695289358871822,4,0.20408426597714424,0.0012300598580984373,4,0.2688315510749817,0.0007176558108910378,4,0.438957283118989,0.00852761785571673,4,0.3097914235523449,0.015922965639302303,4,0.18944834646016045,0.004330844008678267,4,0.19273803660292413,0.0075197804904850295,4,0.5263854563236237,0.021250628404408643,4,19.25,3.304037933599835,4,0.776661142706871,0.023695289358871822,4,179761.0,0.0,4,179761.0,0.0,4
B1_no_RC,,0.0005,0.0001,hq_first,branched_only,1,2411,HepG2,0.27031557261943817,0.0030632983850803247,4,0.35164739191532135,0.004525838406621637,4,0.3881130015306923,0.01649138569438885,4,0.28999818110937564,0.01595353029535916,4,0.14960915097497587,0.01276811358524591,4,0.15083567630875394,0.01295557438198291,4,0.8500380963087082,0.012762764147515619,4,0.2449009008705616,0.00014830343546877068,4,0.3248363360762596,0.00055761061250838,4,0.3997587750676433,0.005775755248446925,4,0.31947167706136226,0.00904702021272498,4,0.1541960023171047,0.0029040033412546847,4,0.1598320977551001,0.004628441346265511,4,0.7254523038864136,0.011375261481439747,4,0.20374036952853203,0.001126674202157821,4,0.2693728506565094,0.0011224831593661722,4,0.4370998305617649,0.009319198447469004,4,0.33321333608146675,0.011194091459335033,4,0.18617469935765973,0.00678120451551432,4,0.19112139747190104,0.00818374240204478,4,0.4988371580839157,0.004998834636154307,4,11.0,2.8284271247461903,4,0.7254523038864136,0.011375261481439747,4,179761.0,0.0,4,179761.0,0.0,4
B1_no_RC,,0.0005,0.0001,hq_first,branched_only,1,2411,K562,0.26893776655197144,0.0033140118040385575,4,0.34994199126958847,0.004721516021454747,4,0.39993974436391894,0.018527830928197247,4,0.3058007364671618,0.01772481577420689,4,0.1578302285998788,0.014103829498327175,4,0.16020925951105472,0.01494227463437736,4,0.8418203890323639,0.014097991457231484,4,0.24580666422843933,0.00041561279522111757,4,0.32564298063516617,0.0008606679907752821,4,0.39366821051995693,0.006650302442356365,4,0.3057934388447454,0.011441885603882984,4,0.14998755990468635,0.004491928476176546,4,0.1550078298659162,0.0052240877125244905,4,0.7290159612894058,0.007066048014921963,4,0.202944815158844,0.0008273890907004209,4,0.26834234595298767,0.0009240636652372524,4,0.4438261452600294,0.0078958310633008,4,0.327427546735682,0.010892734752501226,4,0.1923927718741586,0.005567520116038776,4,0.19702840532751187,0.006948865634498355,4,0.4950239583849907,0.004087062548754292,4,16.0,4.242640687119285,4,0.7290159612894058,0.007066048014921963,4,179761.0,0.0,4,179761.0,0.0,4
B1_no_RC,,0.0005,0.0001,hq_first,branched_only,1,2411,SKNSH,0.26999593526124954,0.0021987572026457383,4,0.350857712328434,0.0036758566390242375,4,0.3943625801303946,0.006544990822118776,4,0.2997545097302472,0.009523537663859596,4,0.15344731627547917,0.005555153034324056,4,0.1555539722857481,0.005174205200673014,4,0.8462014943361282,0.005552759319423936,4,0.24499071389436722,0.0008991751616256433,4,0.32601505517959595,0.0008968636916454527,4,0.3896080136817441,0.007965643471289575,4,0.3025817163895416,0.01658734663978489,4,0.14804360826109977,0.0046854214716593005,4,0.15184199293196787,0.00625259174263469,4,0.7306962311267853,0.008785259834904252,4,0.20402763411402702,0.0014391242508065918,4,0.2685791999101639,0.0010771512543099194,4,0.43954255834030276,0.007319464174319094,4,0.31919548268774023,0.013919801388309084,4,0.19096390898312013,0.006501470231586973,4,0.19323784150918777,0.00639680347993275,4,0.4959022179245949,0.004927735866687973,4,14.25,1.5,4,0.7306962311267853,0.008785259834904252,4,179761.0,0.0,4,179761.0,0.0,4
B1_no_RC,,0.0005,0.0001,hq_first,branched_only,1,3215,HepG2,0.27933136373758316,0.0009827120036068199,4,0.3625142574310303,0.0013962373248787624,4,0.3592742250419753,0.011102256063667604,4,0.27633025197329925,0.008561447415489023,4,0.12734052386133585,0.0067275386598226366,4,0.12917041384678934,0.007943896614762955,4,0.8723880648612976,0.006725473581207382,4,0.24593748897314072,0.0006536853046423117,4,0.32621046900749207,0.00024137841735061066,4,0.3921849080500459,0.0038682848900711358,4,0.3162880447250515,0.004004173395042256,4,0.14702648853857866,0.0012619515409144839,4,0.15382022482321603,0.0030324895055629346,4,0.706399992108345,0.0010451126225603429,4,0.20342432707548141,0.0010897493931468182,4,0.26940327882766724,0.0014234308197629871,4,0.4383628446849908,0.008449383264602789,4,0.3475118627800755,0.007686451760405597,4,0.18598436779680574,0.008611762967613583,4,0.1922155276584815,0.007350154169818417,4,0.4818030372262001,0.005097159019617552,4,7.75,2.217355782608345,4,0.706399992108345,0.0010451126225603429,4,179761.0,0.0,4,179761.0,0.0,4
B1_no_RC,,0.0005,0.0001,hq_first,branched_only,1,3215,K562,0.27911849319934845,0.0007069820530811648,4,0.36250007152557373,0.000947649115887089,4,0.35857309902320017,0.007035945853803103,4,0.27438903855724767,0.006997594556606036,4,0.12741408183201325,0.004565128226497964,4,0.12861179574364495,0.0050128839801162955,4,0.8723144829273224,0.004563692504446582,4,0.2457520104944706,0.0007156493854777125,4,0.3257075324654579,0.000561920863899837,4,0.39390188169925866,0.004508056039869638,4,0.3273063421878339,0.002480546157934255,4,0.14965310161755102,0.0029322167044294333,4,0.15517393433316073,0.0035583432359541545,4,0.704224705696106,0.002428318429049739,4,0.202309999614954,0.0009652759380526438,4,0.2681199312210083,0.0011047431784486752,4,0.4454621563350447,0.007343571375355647,4,0.330509457823351,0.00653598939659937,4,0.19372786258946245,0.006647835301684454,4,0.1984769787570765,0.0065157883375364265,4,0.4772197753190994,0.0039347710289134395,4,9.0,1.8257418583505538,4,0.704224705696106,0.002428318429049739,4,179761.0,0.0,4,179761.0,0.0,4
B1_no_RC,,0.0005,0.0001,hq_first,branched_only,1,3215,SKNSH,0.27861395478248596,0.0009736887464599307,4,0.3611238971352577,0.0012330995039424632,4,0.36830190309212546,0.009106630164619958,4,0.2854056619543276,0.008693448454687757,4,0.13402361532320312,0.005906125770831896,4,0.13570848985599776,0.006781805859194365,4,0.8657070398330688,0.005904270609668186,4,0.24595724418759346,0.00021946134716380804,4,0.3263901025056839,0.00030132807081872644,4,0.3907729450179546,0.003486533523601769,4,0.3160151996953231,0.009999870299790622,4,0.14608663385960877,0.001576559666468627,4,0.15271261149501375,0.002731622355565187,4,0.7071783095598221,0.0013056320730233295,4,0.20429185032844543,0.000610386921538397,4,0.2692674845457077,0.0004496704347294867,4,0.43854147237515023,0.002800096902187926,4,0.3254917096692601,0.0064685610035383504,4,0.18682007769067435,0.0027148827296847567,4,0.19232450339996088,0.0024548674733741714,4,0.48130838572978973,0.0016068718576448251,4,11.75,2.8722813232690143,4,0.7071783095598221,0.0013056320730233295,4,179761.0,0.0,4,179761.0,0.0,4
B1_no_RC,,0.0005,0.0001,hq_first,conv3_plus,1,161,HepG2,0.18167655915021896,0.02027865624783289,4,0.2496974989771843,0.0217768560887877,4,0.46913342814974873,0.1699855383913277,4,0.37210153432743553,0.17238993104953185,4,0.19860155425570572,0.15975320324490896,4,0.2417574858541776,0.17259264644114583,4,0.7964207828044891,0.15876091202098655,4,0.2514568865299225,0.0007541777203006808,4,0.33365634083747864,0.0007228053011243672,4,0.3295000288323099,0.006280036755093694,4,0.2784401413907196,0.002249049834888332,4,0.10764043961245068,0.0038673038186920476,4,0.10859984814672705,0.004128343991304983,4,1.4096121788024902,0.08540780378707287,4,0.21911728009581566,0.0014211434413680928,4,0.28690313547849655,0.001693032589354143,4,0.2976123642092077,0.009239475459559375,4,0.25926545919735844,0.008620398767793254,4,0.07679139869971108,0.010890939803737459,4,0.08863714526026996,0.005581580276764183,4,1.0425381362438202,0.06981483340738831,4,6.5,4.509249752822894,4,1.4096121788024902,0.08540780378707287,4,179761.0,0.0,4,3063361.0,0.0,4
B1_no_RC,,0.0005,0.0001,hq_first,conv3_plus,1,161,K562,0.18196646869182587,0.022410058059338694,4,0.24939977750182152,0.02579649094129307,4,0.45285362718259636,0.17828327387302212,4,0.36355918522314684,0.16133227599034605,4,0.19894260806900876,0.17790364773794706,4,0.2289151019595962,0.17786017288812778,4,0.7960818856954575,0.1767986349765883,4,0.2526394724845886,0.0009354855836689257,4,0.3314932584762573,0.0008647971629190549,4,0.3481049402988654,0.006053697806439686,4,0.2529746225634336,0.003744157055424024,4,0.11917183028562617,0.004598670025221875,4,0.12120453490332544,0.0041879680250727245,4,1.391359657049179,0.08387096492179621,4,0.21249665692448616,0.002173429482734935,4,0.28127802163362503,0.0022511189178817735,4,0.3471852149156995,0.013883892170273046,4,0.30222656774855433,0.015990849111161585,4,0.11261853653111722,0.014159626144354603,4,0.12068214530240726,0.00980211059779463,4,1.00231271982193,0.07254936559618855,4,6.75,5.560275772537425,4,1.391359657049179,0.08387096492179621,4,179761.0,0.0,4,3063361.0,0.0,4
B1_no_RC,,0.0005,0.0001,hq_first,conv3_plus,1,161,SKNSH,0.1703013926744461,0.027700165636329363,4,0.23598475754261017,0.02780629631078051,4,0.5258353974157899,0.20224726085464256,4,0.43799604778186124,0.2465783980040929,4,0.27597643404976846,0.20804220372580254,4,0.30718083106782607,0.21268365758662014,4,0.719526544213295,0.20674999296718644,4,0.2519810423254967,0.0006894107813940998,4,0.33447402715682983,0.001180353014818866,4,0.32730675883103977,0.009043921728370841,4,0.28548548426362436,0.0052582480397954275,4,0.10325607791782485,0.006330909673793942,4,0.10719105876665212,0.005908722028661633,4,1.4170247614383698,0.09627146552120742,4,0.2152719832956791,0.002156196725845074,4,0.28242190927267075,0.0035729606567392446,4,0.33597401429667434,0.03214847995746074,4,0.26394540401664823,0.014285636224490663,4,0.10532184882287787,0.022621136356577334,4,0.11365368185530336,0.021987617221706956,4,1.0112545639276505,0.08669666944726151,4,10.0,7.023769168568493,4,1.4170247614383698,0.09627146552120742,4,179761.0,0.0,4,3063361.0,0.0,4
B1_no_RC,,0.0005,0.0001,hq_first,conv3_plus,1,322,HepG2,0.1681632176041603,0.02357705960059122,4,0.23233072832226753,0.028065025135484412,4,0.583572475536547,0.17905072870513125,4,0.4956964144077029,0.16321463013911405,4,0.3331789415337893,0.1810146386389734,4,0.3646012067912327,0.1781419662953283,4,0.6647501438856125,0.18045246299079554,4,0.25055599212646484,0.0005260516171034821,4,0.33218350261449814,0.0008969342060950182,4,0.34364226512696266,0.00672021325978682,4,0.28218187906415215,0.0066991633122387125,4,0.11549946798330746,0.004777518965548447,4,0.11812387733128246,0.0045881936760107395,4,1.3402692675590515,0.03549650358896342,4,0.21719976887106895,0.0031034630870814275,4,0.2834087088704109,0.003955241038579906,4,0.33566887609055773,0.033830502832481776,4,0.27221261703036587,0.012082399767419982,4,0.09903545483633783,0.02530989500733898,4,0.1135319715673221,0.021853001346289373,4,0.9760005623102188,0.04640066835439642,4,9.0,4.69041575982343,4,1.3402692675590515,0.03549650358896342,4,179761.0,0.0,4,3063361.0,0.0,4
B1_no_RC,,0.0005,0.0001,hq_first,conv3_plus,1,322,K562,0.15788637101650238,0.0030297200500015316,4,0.2216586172580719,0.002955018822327212,4,0.6463178712453729,0.019680387994427916,4,0.5677557946173105,0.027398957382892622,4,0.4010593662845952,0.02959935377498047,4,0.41801727894485874,0.025241761023326776,4,0.5970805734395981,0.02950738009217146,4,0.250294741243124,0.0008950302049252689,4,0.3290093317627907,0.0009127418480256893,4,0.36610516106997837,0.007324713069243455,4,0.2611353484526044,0.008829083111162083,4,0.13232210797263078,0.004814799944104094,4,0.13407322752823486,0.005364385715941917,4,1.3147498071193695,0.03334070818320577,4,0.20840802416205406,0.0017394922911530045,4,0.27572058886289597,0.0016537539174390087,4,0.3914983844891746,0.010198776534991325,4,0.3305428785153252,0.010163446597781341,4,0.14735540515154338,0.010256634822817832,4,0.1533489963397416,0.007929817889765534,4,0.9234845638275146,0.03067115101644957,4,11.5,0.5773502691896257,4,1.3147498071193695,0.03334070818320577,4,179761.0,0.0,4,3063361.0,0.0,4
B1_no_RC,,0.0005,0.0001,hq_first,conv3_plus,1,322,SKNSH,0.1547079235315323,0.002606587916843039,4,0.21947473660111427,0.003237520518471583,4,0.6546722796513728,0.02472347698052779,4,0.6107836200158218,0.03951824999264685,4,0.41281666307365356,0.028760195502832736,4,0.4290542314794302,0.03297695639299177,4,0.5853597968816757,0.02867081977086051,4,0.2488851062953472,0.0017159438927447283,4,0.330315962433815,0.0015348961275391743,4,0.3609098512213403,0.008751315258479858,4,0.2965611365230292,0.0023624011303560078,4,0.12540754674283616,0.00813420689316567,4,0.13031335984767495,0.006338672708166889,4,1.325379341840744,0.04212423182160774,4,0.21052953228354454,0.00246459053263388,4,0.27596672624349594,0.002924563600443771,4,0.3935855362852744,0.012946192209657923,4,0.2857099754146691,0.004971433825062156,4,0.14578359325918985,0.018165312712948207,4,0.1550352772925141,0.01011766439045133,4,0.9252953827381134,0.038398963087433235,4,13.5,0.5773502691896257,4,1.325379341840744,0.04212423182160774,4,179761.0,0.0,4,3063361.0,0.0,4
B1_no_RC,,0.0005,0.0001,hq_first,conv3_plus,1,643,HepG2,0.1821460984647274,0.007311813783193648,4,0.24868587031960487,0.00893347595890631,4,0.5817638887535594,0.04550200370580313,4,0.455023290240519,0.04920409693795699,4,0.3268806408235707,0.04973797164347804,4,0.34000204651359606,0.052836790234238,4,0.6720724999904633,0.04966056129894786,4,0.2485821694135666,0.0009489246836449962,4,0.3292651027441025,0.0007460936476015813,4,0.36469756724387,0.005548771154393419,4,0.28317270401163,0.014248036930245081,4,0.13097419057926954,0.003937744888254455,4,0.13302740719958994,0.0040309203142268055,4,1.1771172285079956,0.027659352076515112,4,0.21413388848304749,0.002734830166245776,4,0.2795694023370743,0.0027700968905208785,4,0.36622444186871256,0.017032756676574255,4,0.27200333735853255,0.003750962641476788,4,0.12334413632464081,0.017329249857436065,4,0.13433792792205257,0.012605040550944658,4,0.848544254899025,0.019700804277617858,4,7.5,1.7320508075688774,4,1.1771172285079956,0.027659352076515112,4,179761.0,0.0,4,3063361.0,0.0,4
B1_no_RC,,0.0005,0.0001,hq_first,conv3_plus,1,643,K562,0.18524393439292908,0.003890250719360624,4,0.2521013729274273,0.00541903708422709,4,0.5604838727722598,0.030004717872666703,4,0.41936302558058974,0.02867328599252115,4,0.3086293569109445,0.0343878548719324,4,0.31481738395875436,0.033203110698358136,4,0.6902954876422882,0.03433439452837365,4,0.248688954859972,0.0017544333232164609,4,0.3267088606953621,0.0015729044187234149,4,0.3838905441608639,0.010963797164749782,4,0.27434596252357624,0.011880351088152993,4,0.14440359302790642,0.008252269220408412,4,0.1474621035323265,0.00830681975957985,4,1.158986210823059,0.032100815519284565,4,0.20432250946760178,0.0016501976634472988,4,0.2728657126426697,0.0022268041704988114,4,0.4120640892463312,0.013055721930728244,4,0.3279040882513763,0.005015346937299081,4,0.16490182891105404,0.013610011373034216,4,0.16992465255275777,0.010794330618031301,4,0.8083667755126953,0.019355313878226525,4,7.0,0.816496580927726,4,1.158986210823059,0.032100815519284565,4,179761.0,0.0,4,3063361.0,0.0,4
B1_no_RC,,0.0005,0.0001,hq_first,conv3_plus,1,643,SKNSH,0.1740071326494217,0.015209456245064807,4,0.24009940773248672,0.017018833891703968,4,0.6151168942328455,0.0660819107827548,4,0.5282848899697856,0.09339878306850019,4,0.37199531043646694,0.07819588494435792,4,0.3816439077701867,0.07949723893354349,4,0.6270280182361603,0.07807423632714874,4,0.24845539405941963,0.0003766112728154997,4,0.32970085740089417,0.0006286528756507515,4,0.3665614702638359,0.006889642920634809,4,0.28726807524732434,0.012234520222403695,4,0.12867351986171144,0.003320885649928235,4,0.13440291186666545,0.005086442878152698,4,1.18019500374794,0.0252999807734652,4,0.20393936708569527,0.00429293510447005,4,0.269444540143013,0.004344445908501102,4,0.437584935711682,0.033195786189873816,4,0.30870211666608977,0.02365515995195603,4,0.18559327005996404,0.026383077334871018,4,0.19230704612736976,0.028374396300065205,4,0.7879941761493683,0.010402486510887208,4,10.0,2.5819888974716116,4,1.18019500374794,0.0252999807734652,4,179761.0,0.0,4,3063361.0,0.0,4
B1_no_RC,,0.0005,0.0001,hq_first,conv3_plus,1,1125,HepG2,0.2247115783393383,0.0064964101557839484,4,0.29955483227968216,0.008951779629763875,4,0.5308301121738149,0.041521665679877286,4,0.402568803305363,0.05136844991896579,4,0.275802467275694,0.04595977722612657,4,0.2830736445310886,0.044506220358532245,4,0.7235538065433502,0.04591894589635997,4,0.24689147248864174,0.0009094322057847459,4,0.3279632478952408,0.0013556610743111065,4,0.3754131563120686,0.011365042272569868,4,0.27129489877008794,0.009994648661358447,4,0.13782473750377436,0.007127697706127337,4,0.14103191107158264,0.008533197112090222,4,0.8666403442621231,0.01467288705735754,4,0.21068472415208817,0.0019283661053000488,4,0.2763710469007492,0.0028132815087490376,4,0.39354194994487596,0.023930419968513417,4,0.29595108504079054,0.010328314810129422,4,0.14328428518391959,0.017510089324355653,4,0.15530476511631733,0.018606580586468913,4,0.6154103726148605,0.01240132887366508,4,5.25,0.9574271077563382,4,0.8666403442621231,0.01467288705735754,4,179761.0,0.0,4,3063361.0,0.0,4
B1_no_RC,,0.0005,0.0001,hq_first,conv3_plus,1,1125,K562,0.21836372837424278,0.006618401256059711,4,0.29214901477098465,0.00804438045236251,4,0.5623790735131379,0.041127355550092386,4,0.4504168430962927,0.03943463609236352,4,0.3112275080241163,0.04170486367982158,4,0.31753881685640317,0.04485163832251278,4,0.6881603002548218,0.04166785482430049,4,0.2473350092768669,0.0030097777670372804,4,0.3256134018301964,0.0014867752891528662,4,0.39313273037085755,0.00722041099985052,4,0.2765397651310281,0.0071860313891489586,4,0.15013308730749134,0.007768401990029354,4,0.15459244444010045,0.00567081858037712,4,0.8542188704013824,0.010421582013151132,4,0.2025531269609928,0.0030909792509428097,4,0.2704208865761757,0.0025218128464629453,4,0.43250730328454823,0.012112064042670437,4,0.32539871308710877,0.009181541105957074,4,0.1797869728899292,0.01527428563557549,4,0.18717259396600247,0.010510983089758084,4,0.5891867727041245,0.010761461082515147,4,6.5,0.5773502691896258,4,0.8542188704013824,0.010421582013151132,4,179761.0,0.0,4,3063361.0,0.0,4
B1_no_RC,,0.0005,0.0001,hq_first,conv3_plus,1,1125,SKNSH,0.22060514241456985,0.007145307476486896,4,0.29323168098926544,0.00892805193588133,4,0.5577947917309931,0.043617779642927984,4,0.444858102817591,0.056859399874571656,4,0.3059333918333129,0.0475774504352261,4,0.3125619127079563,0.04745023498195702,4,0.6934497207403183,0.04753526196357794,4,0.24787835031747818,0.0008835313565438256,4,0.32953958213329315,0.0021666206144654986,4,0.3709751925075491,0.014972519555833697,4,0.2883763197580208,0.014520661702015453,4,0.12949983283519229,0.011442934596906268,4,0.13779072571240047,0.011029318936540184,4,0.8749988228082657,0.01675791984532333,4,0.2031095176935196,0.002610610373475082,4,0.26856838911771774,0.0029111405891199724,4,0.4425534484368794,0.02003290374009965,4,0.30760756302706366,0.010919591862385104,4,0.19096753235532016,0.017519313084736837,4,0.1961545426475687,0.01769722008740566,4,0.5811984986066818,0.014905187666437081,4,6.25,0.9574271077563381,4,0.8749988228082657,0.01675791984532333,4,179761.0,0.0,4,3063361.0,0.0,4
B1_no_RC,,0.0005,0.0001,hq_first,conv3_plus,1,1608,HepG2,0.2403223216533661,0.0050288911892804634,4,0.31733301281929016,0.008346376272211707,4,0.5229936389582277,0.02368361222064454,4,0.3944453841221117,0.025743609066433807,4,0.26663069290543,0.023706673762196158,4,0.27394303150663235,0.024376988559286727,4,0.7329132854938507,0.023691964515810647,4,0.24593617394566536,0.0012043984507889049,4,0.32647646963596344,0.0012332474418219762,4,0.3851806756523277,0.00746321923700898,4,0.2810383643053939,0.0007893899204608143,4,0.14562606011444199,0.006460590681324181,4,0.14840592762701843,0.005749824686418624,4,0.7762417644262314,0.028152412346082484,4,0.20899206027388573,0.0009655868393049086,4,0.27499210089445114,0.001352799596992588,4,0.40615508381783166,0.01177619712444881,4,0.29538346553983064,0.014378977029704101,4,0.1518626014474536,0.008338515667141843,4,0.16506596122510525,0.009684900882022516,4,0.5508973002433777,0.02571758698499486,4,4.75,0.5,4,0.7762417644262314,0.028152412346082484,4,179761.0,0.0,4,3063361.0,0.0,4
B1_no_RC,,0.0005,0.0001,hq_first,conv3_plus,1,1608,K562,0.2383314184844494,0.0033855106320409864,4,0.31412551552057266,0.003177433800962721,4,0.5349700926869255,0.030872297673572333,4,0.4159887863939391,0.04081023864903757,4,0.28083922645785847,0.030572403407909565,4,0.28690782414219196,0.033949334815740896,4,0.7187135070562363,0.030553372047403212,4,0.24670123308897018,0.0011749833082494363,4,0.3237476646900177,0.0012540557070831579,4,0.40572952111566357,0.007763777530582051,4,0.3016070328622901,0.012861098730418229,4,0.15984820694638674,0.006501726515737685,4,0.16466165148590398,0.006316916776369277,4,0.7632151693105698,0.023665215915369603,4,0.20160935446619987,0.0011878445702367827,4,0.269275963306427,0.001540191243774983,4,0.44189223754181434,0.005879001177038023,4,0.32658910392817175,0.013125356494790666,4,0.1867506413368794,0.00928511895152315,4,0.19529467159084096,0.005188944125939167,4,0.5280845463275909,0.020212379342975213,4,5.25,0.4999999999999999,4,0.7632151693105698,0.023665215915369603,4,179761.0,0.0,4,3063361.0,0.0,4
B1_no_RC,,0.0005,0.0001,hq_first,conv3_plus,1,1608,SKNSH,0.23393993824720383,0.011155277856351661,4,0.3086529076099396,0.014628711482730424,4,0.5619821137118416,0.04538886600471514,4,0.46037181197656646,0.04934478185978275,4,0.30585279700997137,0.051214740720278325,4,0.31736900799992473,0.05206818446630112,4,0.6937154978513718,0.05118280659358413,4,0.2462352067232132,0.0017974033373883145,4,0.32742420583963394,0.0013948423174646965,4,0.38413950552193016,0.012855102214655434,4,0.29107929987311143,0.0030580578584328915,4,0.14065594794688463,0.007321644850576988,4,0.14768709994234494,0.009774076723690538,4,0.7808161526918411,0.030513684953834278,4,0.20179932564496994,0.001660927955821901,4,0.2670613005757332,0.0019032661276201985,4,0.45332312054080515,0.01262150208251763,4,0.31321673692511554,0.010922548197895345,4,0.20006193527653857,0.011400259938098112,4,0.2056213283529676,0.011455884825243989,4,0.519657701253891,0.026669385946997488,4,5.75,0.9574271077563381,4,0.7808161526918411,0.030513684953834278,4,179761.0,0.0,4,3063361.0,0.0,4
B1_no_RC,,0.0005,0.0001,hq_first,conv3_plus,1,2411,HepG2,0.2504539228975773,0.0077404508649378,4,0.32855814695358276,0.008816442186676028,4,0.5132663145843186,0.036133387947550256,4,0.39676867868761506,0.03061270723270729,4,0.2573507601669789,0.035501563163544775,4,0.2644215259803948,0.03699836049013886,4,0.7423412054777145,0.03548685966355498,4,0.24417629092931747,0.0007752277390554811,4,0.324692539870739,0.0003982288819690696,4,0.39681536910248594,0.003744003967598691,4,0.30197583763931624,0.012232566788601532,4,0.15494559525009474,0.002072396752481343,4,0.1574729503302242,0.002973838854794449,4,0.7247888594865799,0.009292363649760273,4,0.20584161952137947,0.0006688965853960433,4,0.2714720740914345,0.0002446940562896399,4,0.4279382389790105,0.004411529234901665,4,0.31657564052626547,0.007515674440709665,4,0.17345122787722228,0.0014899308330316276,4,0.18314573257309952,0.0037572950387954303,4,0.5066623091697693,0.006638402848888672,4,4.5,0.5773502691896257,4,0.7247888594865799,0.009292363649760273,4,179761.0,0.0,4,3063361.0,0.0,4
B1_no_RC,,0.0005,0.0001,hq_first,conv3_plus,1,2411,K562,0.25256527587771416,0.0077316122649374605,4,0.3303718939423561,0.009256324313795998,4,0.5050662570401477,0.03097002027003944,4,0.39463748912265095,0.027038306960065973,4,0.24928386303727837,0.032437793561429416,4,0.25581128061718955,0.031280486398839055,4,0.7504047453403473,0.03242429459287731,4,0.24547163769602776,0.0009452197004447558,4,0.3230373412370682,0.0018157367341146487,4,0.4108458112145731,0.010961813085683395,4,0.3169487724286216,0.00911873418699053,4,0.1635204712774235,0.009391974769178305,4,0.16888440160215473,0.009039155679790432,4,0.7173829674720764,0.006955263059385919,4,0.2011006586253643,0.0005101317994961729,4,0.2683276832103729,0.000982946009791074,4,0.4467569082237391,0.004840423325595957,4,0.33267049711297353,0.004274005196945266,4,0.19248018572848455,0.005919349776307389,4,0.19960930731911267,0.004321627277663394,4,0.4949984773993492,0.007434219111972027,4,4.5,0.5773502691896258,4,0.7173829674720764,0.006955263059385919,4,179761.0,0.0,4,3063361.0,0.0,4
B1_no_RC,,0.0005,0.0001,hq_first,conv3_plus,1,2411,SKNSH,0.2518046759068966,0.003973871355442826,4,0.3284788802266121,0.004737190265126591,4,0.5136598531974507,0.027623723354092668,4,0.4028278481926932,0.03435119329049045,4,0.2576734717994441,0.027690624774252773,4,0.26441874735578413,0.02842687460891996,4,0.7420185953378677,0.027679152771659887,4,0.2447352595627308,0.0006845309532385659,4,0.32591674476861954,0.0010653067261565108,4,0.3926921667778367,0.005407359271937888,4,0.3061467428306089,0.00844653806667997,4,0.1485554051367534,0.005574603786423944,4,0.1542290674993942,0.004230665113784255,4,0.7302778512239456,0.011073347506955577,4,0.20182086154818535,0.0008857847446915305,4,0.26667167246341705,0.0013133146308503946,4,0.4553195710837605,0.007476355189864797,4,0.3175364131216465,0.007987347973526893,4,0.20241028112351298,0.00786303298379206,4,0.20735783372709338,0.006811961738706753,4,0.4888814762234688,0.005019996038450198,4,4.5,0.5773502691896258,4,0.7302778512239456,0.011073347506955577,4,179761.0,0.0,4,3063361.0,0.0,4
B1_no_RC,,0.0005,0.0001,hq_first,conv3_plus,1,3215,HepG2,0.2655281126499176,0.0047572264160326795,4,0.3460003212094307,0.005911794883914503,4,0.4553844419317733,0.029967634170652586,4,0.3476794113167393,0.029250537447226936,4,0.20487045161820605,0.027165181929664578,4,0.20804853427685213,0.027287989835352057,4,0.7948822379112244,0.02715670259231189,4,0.245342705398798,0.0008333037695709058,4,0.32539503276348114,0.000858824449729958,4,0.39598147793427063,0.005643298855179277,4,0.3079899372419647,0.006542899190617725,4,0.15128149415803566,0.004477661993910846,4,0.15682521598348592,0.004458843679880784,4,0.7028761357069016,0.003708204315997322,4,0.20560329779982567,0.0006332439319324829,4,0.2701805531978607,0.0001383286129033947,4,0.43776191626722133,0.0031684507964432227,4,0.3301634634316288,0.0033022745309855346,4,0.1812974313357032,0.0008384204293890976,4,0.19164302464428679,0.002770605576896413,4,0.48457715660333633,0.0004962069448706334,4,3.5,0.5773502691896257,4,0.7028761357069016,0.003708204315997322,4,179761.0,0.0,4,3063361.0,0.0,4
B1_no_RC,,0.0005,0.0001,hq_first,conv3_plus,1,3215,K562,0.26149868965148926,0.005036946493748599,4,0.3403920754790306,0.005775133331262316,4,0.4857040206324212,0.02559619117375368,4,0.3839138169911483,0.027058123461192855,4,0.2304401035786993,0.025901277680200615,4,0.23639976941045193,0.025469032200445284,4,0.769320547580719,0.0258932335551694,4,0.24601585417985916,0.0013213021619571138,4,0.32386336475610733,0.000895292879956509,4,0.4055127322556158,0.0012305575159517656,4,0.3146874195506517,0.005816499570024485,4,0.1592522685992871,0.004650470812232981,4,0.1644417117252648,0.000998625119763915,4,0.6962750107049942,0.0038513581587989515,4,0.2006353959441185,0.0014888990813755598,4,0.2671978548169136,0.000976648737625251,4,0.4542404148723865,0.0003338082841804973,4,0.3515584611689426,0.005571312779346114,4,0.19926615215710497,0.0058556442723893395,4,0.20633443807441573,0.00030323815240646386,4,0.47394177317619324,0.0034658646504352915,4,4.25,0.5,4,0.6962750107049942,0.0038513581587989515,4,179761.0,0.0,4,3063361.0,0.0,4
B1_no_RC,,0.0005,0.0001,hq_first,conv3_plus,1,3215,SKNSH,0.2608696073293686,0.005873533825091969,4,0.3393581062555313,0.007146893610442046,4,0.4955598201828832,0.03215418499886643,4,0.397952492740658,0.03406339424818691,4,0.23501892967416782,0.03187566939498031,4,0.24635495408939753,0.03284560675460714,4,0.7647431641817093,0.03186570815686965,4,0.24490856006741524,0.0007222459891703403,4,0.32582473009824753,0.0009912282316162089,4,0.3892076425621182,0.005309699243211563,4,0.31059272226239926,0.005793002998216484,4,0.14903702307821942,0.0051743461556128965,4,0.15150373370830159,0.004153134857001737,4,0.7047348916530609,0.004285241511566765,4,0.20029839128255844,0.0012841773099507869,4,0.26550284773111343,0.0006794983202281327,4,0.459510762159518,0.004650102700003649,4,0.33449969491302256,0.009963135179418103,4,0.20939708340835572,0.004049233407096464,4,0.21116635813176154,0.004278921865640724,4,0.4679454267024994,0.002396690353693103,4,4.25,0.5,4,0.7047348916530609,0.004285241511566765,4,179761.0,0.0,4,3063361.0,0.0,4
B1_no_RC,,0.0005,0.0001,hq_first,full,1,161,HepG2,0.14404957741498947,0.026241349640213085,4,0.20408105105161667,0.034504359478620655,4,0.7050702178468067,0.15878767682285866,4,0.6593995769717567,0.18807625318095259,4,0.45077918150239515,0.21008922774461275,4,0.516034156827644,0.2212262697554432,4,0.5458094924688339,0.20878429680285382,4,0.2512393072247505,0.0002449343512094251,4,0.33292046934366226,0.0008632503215338198,4,0.33585170944291487,0.007112914679673839,4,0.28583038982752007,0.008248639208137003,4,0.11157092208894795,0.004602436157652138,4,0.11283431590215834,0.00480376692507056,4,1.4037724137306213,0.09269458411678176,4,0.2202013097703457,0.001377550812095469,4,0.2877305969595909,0.0015890213156448988,4,0.2988156462523418,0.012530477716162093,4,0.2557716623676707,0.008352071868309783,4,0.07146148787368814,0.010275606610819776,4,0.08940855009905109,0.0075909103646579585,4,1.048743948340416,0.07347809881533064,4,5.5,2.3804761428476167,4,1.4037724137306213,0.09269458411678176,4,179761.0,0.0,4,3747661.0,0.0,4
B1_no_RC,,0.0005,0.0001,hq_first,full,1,161,K562,0.1455702930688858,0.01410399564965981,4,0.21030862629413605,0.0211800467892376,4,0.6850889047663289,0.11477035583255703,4,0.665346777543805,0.12559118089539542,4,0.42850890213262965,0.1432412706526406,4,0.47922598336737693,0.14762999777160274,4,0.5679414793848991,0.14235158214418503,4,0.2523633912205696,0.0012481263855207531,4,0.3318892568349838,0.0012862762014238733,4,0.34408942042242574,0.0071957845073229035,4,0.25259508646944884,0.006769364710308217,4,0.11706069929869337,0.006852530333567905,4,0.11843636373264775,0.004927486713412695,4,1.3948094546794891,0.08648618725587418,4,0.21315475180745125,0.0010490002941570468,4,0.28187935799360275,0.0016264245434264952,4,0.341639572795821,0.013295483684771759,4,0.2957825388475258,0.014112925910818704,4,0.10884084003146202,0.010265481975182948,4,0.11685017511492013,0.009153930765696507,4,1.0066587775945663,0.07297220661472359,4,6.0,1.8257418583505538,4,1.3948094546794891,0.08648618725587418,4,179761.0,0.0,4,3747661.0,0.0,4
B1_no_RC,,0.0005,0.0001,hq_first,full,1,161,SKNSH,0.13831071369349957,0.03300217514574555,4,0.19912686571478844,0.038453501847254,4,0.6976044291785126,0.16010882255168893,4,0.6807923146311788,0.19618498642936846,4,0.4727504009550037,0.22194735390325684,4,0.5058780659036446,0.21487579579854751,4,0.5239747911691666,0.22056878929526352,4,0.25192466378211975,0.0010627968496010672,4,0.33403201401233673,0.0016476723443156478,4,0.33228384096535923,0.016169844108847323,4,0.29785941850659176,0.009461092912366702,4,0.1056167329142412,0.008806485950267638,4,0.11060864886057048,0.011002224163669926,4,1.4133956730365753,0.09797239325643052,4,0.21686457097530365,0.0011165632588858744,4,0.28457362204790115,0.0013929505299588097,4,0.3237286839149575,0.019764608720483124,4,0.2596939927026689,0.015869697279172038,4,0.09172991773830222,0.008894924457588438,4,0.10509324060771583,0.013120381410616772,4,1.0258631110191345,0.0718020765631675,4,7.0,3.6514837167011076,4,1.4133956730365753,0.09797239325643052,4,179761.0,0.0,4,3747661.0,0.0,4
B1_no_RC,,0.0005,0.0001,hq_first,full,1,322,HepG2,0.15828667022287846,0.031211481058685743,4,0.22086994349956512,0.03913582132546354,4,0.6495442145930489,0.18091123028469086,4,0.5820375944316518,0.17430756760502636,4,0.38907303939142324,0.2135834351519526,4,0.4464543416436411,0.22933840375777956,4,0.6090296357870102,0.21292008852751187,4,0.250220388174057,0.001104692156642516,4,0.33225032687187195,0.0019571160543712584,4,0.34228985531311973,0.014969124375925279,4,0.2889295112178236,0.011281335280363063,4,0.11512539350748296,0.010394022504200434,4,0.11733040106371286,0.01047132561687643,4,1.3410142362117767,0.045557165942785235,4,0.21771680191159248,0.0033380345460430135,4,0.2851674556732178,0.0035753440332628008,4,0.31444159049560416,0.028775718276320583,4,0.2639684219234395,0.011159405063330576,4,0.08784423429505067,0.022946844531579472,4,0.09949454530514387,0.018521757053429323,4,0.9881037175655365,0.04452911611302079,4,4.25,2.217355782608345,4,1.3410142362117767,0.045557165942785235,4,179761.0,0.0,4,3747661.0,0.0,4
B1_no_RC,,0.0005,0.0001,hq_first,full,1,322,K562,0.13059968315064907,0.011974580837056364,4,0.19456391409039497,0.010112645477376643,4,0.7497018520503038,0.02385574561318297,4,0.7254515993342023,0.055212231498974716,4,0.5374087853753013,0.05505521715812608,4,0.5624796894167263,0.035860329794204705,4,0.46115458756685257,0.0548842422286506,4,0.25039951130747795,0.0006326543437381517,4,0.3298705369234085,0.0017638006073974312,4,0.360327351742027,0.013408229163944678,4,0.26094887237965486,0.014321837977028356,4,0.1277601087718729,0.009316005077475903,4,0.1299706358704071,0.00965677685196845,4,1.321821004152298,0.04265868844531258,4,0.2112160213291645,0.0022281974396450434,4,0.27840424329042435,0.0024529529935058674,4,0.3728943190609502,0.018032463907621293,4,0.3106412280490981,0.008409969353511331,4,0.13064956890232451,0.015263412735609392,4,0.1392940505038645,0.013611155181155235,4,0.9417063593864441,0.03776943051146467,4,7.0,0.816496580927726,4,1.321821004152298,0.04265868844531258,4,179761.0,0.0,4,3747661.0,0.0,4
B1_no_RC,,0.0005,0.0001,hq_first,full,1,322,SKNSH,0.1039172001183033,0.013668797347630683,4,0.1655767783522606,0.016091821908344704,4,0.8187356133290149,0.04017097430019735,4,0.830728738333619,0.05338991712654235,4,0.66347869588513,0.06716748581105138,4,0.6715382849154086,0.06550251051810231,4,0.33547619730234146,0.06695885592103702,4,0.24880791082978249,0.0018416349236666672,4,0.3301554098725319,0.002022211363159137,4,0.36916254248342534,0.013506002332028293,4,0.32450709298899794,0.00651446875213607,4,0.1262470534328346,0.01067126054238327,4,0.13641779184707137,0.009948093200685288,4,1.324173390865326,0.045732352190064995,4,0.21737604960799217,0.004511219230109119,4,0.2825019061565399,0.004468864873270316,4,0.36400231153158835,0.017348415747474373,4,0.27702284112840875,0.013727314464496411,4,0.10475447751251596,0.028497069226404576,4,0.13272340844704988,0.012643384906241327,4,0.9698940217494965,0.05058917397607964,4,9.5,1.2909944487358058,4,1.324173390865326,0.045732352190064995,4,179761.0,0.0,4,3747661.0,0.0,4
B1_no_RC,,0.0005,0.0001,hq_first,full,1,643,HepG2,0.15355287119746208,0.008094247183161903,4,0.2193514108657837,0.008775667432105227,4,0.7074663217635011,0.020609417023041886,4,0.615473222601645,0.025687480906448058,4,0.4764557081269641,0.038406314962859595,4,0.5008271574820999,0.02917928671560096,4,0.5227301344275475,0.038346589685953225,4,0.24878877773880959,0.0013490853329405847,4,0.3294723629951477,0.0015172401847358984,4,0.3644207564919128,0.009502888665896629,4,0.2984417090963523,0.01636454163866113,4,0.12986932260388265,0.008018802902793649,4,0.13287021643188535,0.0068508492936862125,4,1.1786754727363586,0.032284479392138875,4,0.21575142443180084,0.001954988999061521,4,0.2816762626171112,0.0020339454635579022,4,0.3550742600565082,0.013173483969362939,4,0.27724348124395715,0.01101264781980061,4,0.1101119817114469,0.012815498515792877,4,0.12620788566459512,0.009348171033253442,4,0.8613897860050201,0.018653954208580244,4,4.75,0.5,4,1.1786754727363586,0.032284479392138875,4,179761.0,0.0,4,3747661.0,0.0,4
B1_no_RC,,0.0005,0.0001,hq_first,full,1,643,K562,0.15685749799013138,0.012296502148182025,4,0.22566712275147438,0.013777405382503749,4,0.6761747885285199,0.045827683910611774,4,0.5739856920047772,0.05331801945290747,4,0.4449521770364111,0.06514047562306435,4,0.4587874771010467,0.062648107654488,4,0.5541845932602882,0.06503917281551959,4,0.2494872435927391,0.0013587041454757416,4,0.3276342749595642,0.0015145620147942592,4,0.37738649611544844,0.011652634698552516,4,0.27592367348495306,0.00898222401122298,4,0.13955086000210654,0.00796444367753558,4,0.14252240537185884,0.008715292721744225,4,1.1655512750148773,0.03170299184090788,4,0.20847171917557716,0.0011687994436452172,4,0.276056744158268,0.0011373041335794591,4,0.39161991085547365,0.01121778325786517,4,0.3182576408493617,0.015664682992555995,4,0.14528734804831236,0.0070382946339455155,4,0.15346053357436445,0.008765265065791492,4,0.8274398148059845,0.021079708864114702,4,5.0,1.4142135623730951,4,1.1655512750148773,0.03170299184090788,4,179761.0,0.0,4,3747661.0,0.0,4
B1_no_RC,,0.0005,0.0001,hq_first,full,1,643,SKNSH,0.11462105438113213,0.016739468232506178,4,0.18032532930374146,0.015864906168175784,4,0.8072910778914439,0.03430726146853622,4,0.774124630538462,0.0529307632127601,4,0.6451285558973658,0.0565128214127066,4,0.6526016255852323,0.05537619181801971,4,0.35431956499814987,0.056424933582312396,4,0.24742169678211212,0.0004544499240433205,4,0.3281673341989517,0.0007084293526471086,4,0.38841719383644846,0.0026843594953778484,4,0.3350233688716652,0.005273980242927536,4,0.13675948234307095,0.0037275760243275476,4,0.1508733208072065,0.002081617656714134,4,1.1692546010017395,0.025750877751004733,4,0.2158796638250351,0.0017911793270031701,4,0.2786717489361763,0.002516601298639858,4,0.40120157256890354,0.013852471095667238,4,0.2830954729928328,0.009889044569074298,4,0.12897555352584775,0.015690922335521294,4,0.1611066200483534,0.011272987131381881,4,0.8432641178369522,0.02681164606389727,4,10.25,2.8722813232690143,4,1.1692546010017395,0.025750877751004733,4,179761.0,0.0,4,3747661.0,0.0,4
B1_no_RC,,0.0005,0.0001,hq_first,full,1,1125,HepG2,0.19686033949255943,0.021817842660873703,4,0.27075330168008804,0.022847578652710015,4,0.6485719687130609,0.06176599840044741,4,0.5259309825818871,0.07035642680730833,4,0.40603318558496904,0.0966911907042913,4,0.42350687751913874,0.08068909788703597,4,0.5934388637542725,0.09660517435810702,4,0.24820344895124435,0.000977287328803406,4,0.32896336913108826,0.001069267126880929,4,0.3774735990530698,0.010897511897631279,4,0.2949500910843361,0.00624833838366176,4,0.13256262155460774,0.005636536402715185,4,0.14257538480624699,0.00818764152154728,4,0.871862381696701,0.006562759991261943,4,0.21366848796606064,0.00250914162160096,4,0.279898926615715,0.00337620942484657,4,0.389631972414955,0.01591075099037919,4,0.302613569267015,0.00886263298230866,4,0.12124510635712288,0.021168487177862433,4,0.15200293792577663,0.012444007625858747,4,0.6312231421470642,0.01406086074243033,4,3.75,0.9574271077563381,4,0.871862381696701,0.006562759991261943,4,179761.0,0.0,4,3747661.0,0.0,4
B1_no_RC,,0.0005,0.0001,hq_first,full,1,1125,K562,0.19877339154481888,0.021649077705552956,4,0.2750563398003578,0.020525687853177054,4,0.6378901772924985,0.05088212853615515,4,0.5150836268054656,0.06883593608228557,4,0.3881182706097617,0.08311069905524322,4,0.40884562153953263,0.06620455776845136,4,0.6113378405570984,0.08303680545993812,4,0.24893033877015114,0.0016645671168196664,4,0.32686177641153336,0.0027060438650220804,4,0.3911683045575334,0.01893487821962734,4,0.29041238488528176,0.015380090382608862,4,0.14357330168540264,0.014183412306069667,4,0.15328153970030928,0.014699966049732786,4,0.8607369810342789,0.008906978345310988,4,0.20802510529756546,0.0013841248098980631,4,0.27535516023635864,0.0016526373825058562,4,0.40814195888606364,0.015377744866319617,4,0.326190394490398,0.0066942115448600575,4,0.1496140202763908,0.010206610552979306,4,0.16675721488123352,0.012759684274471805,4,0.6108986735343933,0.010464624976658487,4,4.0,1.414213562373095,4,0.8607369810342789,0.008906978345310988,4,179761.0,0.0,4,3747661.0,0.0,4
B1_no_RC,,0.0005,0.0001,hq_first,full,1,1125,SKNSH,0.16263778880238533,0.007741047557735477,4,0.2342749647796154,0.009193188952895157,4,0.7496114622249419,0.025151890402477787,4,0.6553781270059406,0.029467076208081342,4,0.5567084569582308,0.03854251764610907,4,0.5623918074921292,0.03734865323664976,4,0.4428974986076355,0.03850830070462512,4,0.2455553188920021,0.0011079262556973433,4,0.32673465460538864,0.000869852647617407,4,0.39797495527109983,0.009416716267937256,4,0.3372195043741081,0.00896686989384772,4,0.14427877195434646,0.00455468216993288,4,0.15845057093198703,0.007487717479876706,4,0.8601229041814804,0.010715071781803927,4,0.21014006435871124,0.0019224203895228296,4,0.27314071357250214,0.001223238112695046,4,0.43599934732788903,0.008921919304833084,4,0.29330738807761486,0.006531629338716508,4,0.16324695817903806,0.007483296962726905,4,0.19015513135340667,0.007796312188962042,4,0.6010777354240417,0.006180959530761585,4,5.75,0.4999999999999999,4,0.8601229041814804,0.010715071781803927,4,179761.0,0.0,4,3747661.0,0.0,4
B1_no_RC,,0.0005,0.0001,hq_first,full,1,1608,HepG2,0.2057119533419609,0.012612763788881053,4,0.2814708948135376,0.011992468793995742,4,0.6542830648378645,0.037499478257124415,4,0.526287365568143,0.04193164297849955,4,0.42194219867438176,0.05382531657597345,4,0.42914098708579657,0.04768759425373517,4,0.5776983052492142,0.053791751131455075,4,0.2474253587424755,0.0014062830458436296,4,0.32751530408859253,0.0012702637833648925,4,0.3892960030215889,0.006556618814401914,4,0.30535532116543035,0.008986216768323077,4,0.14017975828049017,0.00666748111778049,4,0.151583619906293,0.00510385250840542,4,0.7812781482934952,0.031384240644353585,4,0.21130092069506645,0.0020823608799266187,4,0.27783551067113876,0.0021087932662426792,4,0.4161250610516741,0.013230895301836151,4,0.30194278391572726,0.010438282722421472,4,0.1342107514929687,0.013105157017683321,4,0.17329135887812563,0.011124181206205333,4,0.5623686462640762,0.027013127164610122,4,3.75,0.5,4,0.7812781482934952,0.031384240644353585,4,179761.0,0.0,4,3747661.0,0.0,4
B1_no_RC,,0.0005,0.0001,hq_first,full,1,1608,K562,0.2013554833829403,0.0016977596704161229,4,0.27639495581388474,0.003586346075561318,4,0.6686942555324374,0.006946316943993999,4,0.5473762743877689,0.027590991473875944,4,0.44357631750238063,0.009742442255821136,4,0.4471881958713956,0.009266755578994248,4,0.5560776442289352,0.009736426793382906,4,0.2480062134563923,0.0029778809283689724,4,0.3235708773136139,0.003593033731611637,4,0.41977388905089746,0.014654881892478057,4,0.32088021890961305,0.010663613343494091,4,0.16069738798883454,0.018603579971796895,4,0.17637119210137706,0.012353150888817842,4,0.7621985822916031,0.017700564899681415,4,0.2099970355629921,0.0018369047995489543,4,0.27579664438962936,0.0016977010390248595,4,0.43136064978799266,0.009941624779424691,4,0.3241417923833664,0.016716211866601202,4,0.14688380932366132,0.010479611043095036,4,0.1861461371129604,0.008580800288943835,4,0.5538939982652664,0.018456373329358955,4,4.0,0.0,4,0.7621985822916031,0.017700564899681415,4,179761.0,0.0,4,3747661.0,0.0,4
B1_no_RC,,0.0005,0.0001,hq_first,full,1,1608,SKNSH,0.19250034540891647,0.013403106753682207,4,0.2648034542798996,0.013854265105235348,4,0.7059137685878966,0.02788420228984549,4,0.6043610208184087,0.03101268650636551,4,0.4887838303411538,0.04536083996552102,4,0.4988973952349721,0.0393080016753409,4,0.510898232460022,0.045332638146006944,4,0.24453698471188545,0.0020126713086424763,4,0.32593008875846863,0.002932236945225829,4,0.40252922937265995,0.010764116281409738,4,0.3270638940570538,0.01146268157526802,4,0.14844079359262324,0.01528645800376724,4,0.16211668014883726,0.008770403522717175,4,0.7734500914812088,0.021618423808200855,4,0.20756938308477402,0.002743986008259731,4,0.2724817991256714,0.001832575501192185,4,0.44095519896414953,0.004191931287154919,4,0.2966808593179727,0.004219277465287465,4,0.16726350110289875,0.011207022137403924,4,0.19445466670944986,0.0036986665851986016,4,0.5407292395830154,0.020500938531145825,4,4.5,0.5773502691896257,4,0.7734500914812088,0.021618423808200855,4,179761.0,0.0,4,3747661.0,0.0,4
B1_no_RC,,0.0005,0.0001,hq_first,full,1,2411,HepG2,0.21691927686333656,0.014320637486905296,4,0.292829267680645,0.015903924851447454,4,0.6442479515264147,0.050196048739275086,4,0.5206283428669874,0.058686205334947034,4,0.4089560233581632,0.06428189965858681,4,0.41694515552775835,0.06459645138859872,4,0.5907987952232361,0.06425521287170154,4,0.24516206979751587,0.0031004507143556686,4,0.32359835505485535,0.0023270670488088185,4,0.4124575188553847,0.011814794688906094,4,0.32797517468266024,0.00784911320809385,4,0.1605999248415058,0.012053944789386385,4,0.17022589689049575,0.009679020615660712,4,0.7199034988880157,0.010995914824904293,4,0.20770571008324623,0.0035078047695534104,4,0.27233731746673584,0.0032844446719947845,4,0.44485527740138014,0.007834240039103145,4,0.32656344207262744,0.007123237648364195,4,0.16808384650503455,0.020101604455763925,4,0.19794224931960158,0.007016515202744951,4,0.5099082514643669,0.011599547402584733,4,3.5,0.5773502691896257,4,0.7199034988880157,0.010995914824904293,4,179761.0,0.0,4,3747661.0,0.0,4
B1_no_RC,,0.0005,0.0001,hq_first,full,1,2411,K562,0.21151111647486687,0.01212758971770273,4,0.2875116169452667,0.010522135910007507,4,0.6617016795495378,0.03995415897457698,4,0.539456401367234,0.04512061425990073,4,0.430570045599415,0.04881370354464031,4,0.43904636383320367,0.05128839971786393,4,0.5691937506198883,0.048793451298430476,4,0.24636033922433853,0.0018264357130165167,4,0.3221845179796219,0.002604070754004003,4,0.4259692932816227,0.01491996480210506,4,0.338404252134774,0.008756879140512482,4,0.16791018649585324,0.01346704632069968,4,0.18161679283111712,0.012872801953462845,4,0.7136373072862625,0.012335109000849602,4,0.20846765860915184,0.0007323468218118073,4,0.27369994670152664,0.0008175362986021516,4,0.43993964534589897,0.004690301651135683,4,0.3320357938858451,0.005271551533359493,4,0.15982414311428284,0.0050215190567109635,4,0.19356339074425932,0.004109306693400488,4,0.5150586664676666,0.010654432022002162,4,3.75,0.49999999999999994,4,0.7136373072862625,0.012335109000849602,4,179761.0,0.0,4,3747661.0,0.0,4
B1_no_RC,,0.0005,0.0001,hq_first,full,1,2411,SKNSH,0.2098258025944233,0.013812985596428858,4,0.28321363776922226,0.013753333267635578,4,0.674595861866526,0.043086311890372576,4,0.5606630169972104,0.04116924346411787,4,0.44751422839698396,0.05307407293930414,4,0.45647189955167683,0.05635455160900139,4,0.5522565841674805,0.05305202432996912,4,0.24334710091352463,0.0016771840943038715,4,0.32393229752779007,0.003150740531282479,4,0.4171232092780657,0.011649697729022834,4,0.3420057065675278,0.018923422818967355,4,0.1588394745638397,0.01631064085883979,4,0.17409355831131618,0.009737772418806747,4,0.7213399559259415,0.008374347841717353,4,0.20631449297070503,0.0026452190026011,4,0.2706599608063698,0.0033441639870177013,4,0.4537010436252296,0.011618514076074166,4,0.30573799090326237,0.0075323505793432385,4,0.17829550230808808,0.020306799718378163,4,0.20594587938862446,0.010588450699801305,4,0.503622330725193,0.010109262107504974,4,3.75,0.5,4,0.7213399559259415,0.008374347841717353,4,179761.0,0.0,4,3747661.0,0.0,4
B1_no_RC,,0.0005,0.0001,hq_first,full,1,3215,HepG2,0.23406796902418137,0.0011070554082604103,4,0.31180238723754883,0.002210264475333489,4,0.6043186089089532,0.007820025410822646,4,0.4743265801938342,0.011233508272029033,4,0.3543977486848755,0.00915999281193761,4,0.3652468456717217,0.009398053620705471,4,0.6454014331102371,0.009157115023436656,4,0.2441098727285862,0.0007187186167855724,4,0.32275450974702835,0.0007706457710518087,4,0.41104872792548686,0.00322820291956525,4,0.3253382257111349,0.007285821413676244,4,0.1650008077595916,0.003986318867144206,4,0.16896887269972832,0.0026492583681045974,4,0.6915143579244614,0.0033013281070355116,4,0.20356157794594765,0.0012893404483365666,4,0.2672031670808792,0.0009743311413882713,4,0.4613373399661318,0.0019703614579540136,4,0.34086523482557823,0.010672433758697584,4,0.19923436055006136,0.005841773507031233,4,0.21283505299023253,0.0018217625594432931,4,0.47396059334278107,0.003457635944552411,4,3.0,0.0,4,0.6915143579244614,0.0033013281070355116,4,179761.0,0.0,4,3747661.0,0.0,4
B1_no_RC,,0.0005,0.0001,hq_first,full,1,3215,K562,0.23713848739862442,0.0025195878404061438,4,0.3137516751885414,0.002389257460468043,4,0.5986201786794489,0.004773316009626487,4,0.4806889293138782,0.00778429914974626,4,0.34629652321034465,0.009951984528566563,4,0.3583632067315111,0.005710027104806542,4,0.6535001248121262,0.009948902425118446,4,0.24271462857723236,0.0009109782403015133,4,0.3183436617255211,0.0013232434428393895,4,0.439134534648426,0.007383607424321508,4,0.3503335365924514,0.008586317487290461,4,0.18766044386339759,0.006743412593045365,4,0.19288002776483704,0.006438464840662254,4,0.6727484911680222,0.0055846499690707695,4,0.20265010744333267,0.002004568959384168,4,0.2675513029098511,0.002218187087152032,4,0.4623741722069478,0.0023214335165183428,4,0.3543648224215752,0.004842083979791017,4,0.19711299806734897,0.013304118266302173,4,0.21379391691423894,0.002147894869848732,4,0.47521618008613586,0.007874514632156045,4,3.0,0.0,4,0.6727484911680222,0.0055846499690707695,4,179761.0,0.0,4,3747661.0,0.0,4
B1_no_RC,,0.0005,0.0001,hq_first,full,1,3215,SKNSH,0.22692865505814552,0.012548243770997086,4,0.3026129677891731,0.011880454328838854,4,0.6334077045479982,0.03541714521568365,4,0.519722587868816,0.03041443924635511,4,0.3912112281105157,0.04681770430113468,4,0.4021461008121858,0.046104482780555185,4,0.6085994243621826,0.046803116656301796,4,0.24150163307785988,0.001063593943922411,4,0.32134851068258286,0.0014784791777553926,4,0.4268237595297701,0.001918426949059125,4,0.3497142307354998,0.005164563809995554,4,0.1722502508935156,0.007623828932704041,4,0.18218128197059616,0.0016373135417340364,4,0.6855106055736542,0.006313714756628239,4,0.20488673448562622,0.002424881358861985,4,0.26825860142707825,0.0025586530057866343,4,0.46123523543714295,0.006769620802138514,4,0.32215869165402256,0.01856020664245011,4,0.19284893353007315,0.015390126436532628,4,0.21277231323311027,0.0062708464946555145,4,0.47774001210927963,0.00910917298149621,4,3.25,0.5,4,0.6855106055736542,0.006313714756628239,4,179761.0,0.0,4,3747661.0,0.0,4
B2_with_RC,,0.0002,1e-05,hq_first,branched_only,1,161,HepG2,0.19952986389398575,0.009366765529799748,4,0.271933414041996,0.00461025917480531,4,0.3031849088540318,0.0464000507369879,4,0.2072238862768072,0.044594768897479986,4,0.057787185010408915,0.062330308871226064,4,0.09353581248812388,0.0274653808147085,4,0.9363605678081512,0.06194312169902909,4,0.25039292126893997,0.00031908656545969036,4,0.3311626985669136,0.0006756982623463596,4,0.3508971246364117,0.0038953296163133587,4,0.30516272772339326,0.006821139798979202,4,0.12092940460050464,0.0035891680928104744,4,0.12314017227271624,0.0027310629795772937,4,1.3886310756206512,0.08432389661336921,4,0.21795949339866638,0.001634226165131929,4,0.2853950262069702,0.0013730131077971338,4,0.3159156091659327,0.007764580493706296,4,0.2719175316126729,0.009281556346430063,4,0.08647961658032821,0.008777592771447372,4,0.09984788864736478,0.004873783300744643,4,1.0315110683441162,0.06700637692253397,4,10.75,3.8622100754188224,4,1.3886310756206512,0.08432389661336921,4,179761.0,0.0,4,179761.0,0.0,4
B2_with_RC,,0.0002,1e-05,hq_first,branched_only,1,161,K562,0.1963631920516491,0.010845522751181476,4,0.2669315040111542,0.011821018796801626,4,0.33012820791126957,0.11395727255162852,4,0.238372031381558,0.07321669621993061,4,0.09084556931909643,0.09566377315700025,4,0.11872432863426104,0.08455613936061328,4,0.9035074412822723,0.09506957018252639,4,0.2477698102593422,0.0028489187981917546,4,0.3272888883948326,0.0035091609411325372,4,0.37785162547178947,0.028084062094888243,4,0.300487432006314,0.030473480809239457,4,0.14130380814325252,0.018320590296158627,4,0.14336338677948562,0.021965928936662937,4,1.3567669093608856,0.09418550812119028,4,0.21171525120735168,0.005694780257615625,4,0.27916281670331955,0.004849737391453281,4,0.3639879557113476,0.033269103692607986,4,0.2943972652273266,0.012383022623230024,4,0.12575869581455917,0.030108514423119133,4,0.1333173568483081,0.02532020908228648,4,0.9875890612602234,0.07980881582133617,4,23.75,24.226363050748386,4,1.3567669093608856,0.09418550812119028,4,179761.0,0.0,4,179761.0,0.0,4
B2_with_RC,,0.0002,1e-05,hq_first,branched_only,1,161,SKNSH,0.19683688879013062,0.01349406844360131,4,0.2658202648162842,0.012229943962778562,4,0.34199544134513665,0.11087263240132719,4,0.23944494161745342,0.10609978724829176,4,0.09870689971689253,0.09192468581799637,4,0.1261804373625547,0.08397595374034086,4,0.8956950604915619,0.0913537337991215,4,0.2508288137614727,0.0017520729965496348,4,0.33295367658138275,0.0021253769716561136,4,0.3361679900615648,0.015257930142791058,4,0.30599700483612285,0.0018751504337160582,4,0.11137104890023183,0.011313211227707535,4,0.11318352086621404,0.010484254819014693,4,1.4041935503482819,0.09671122995725422,4,0.21203115209937096,0.004305475219978715,4,0.2795024514198303,0.0044552403614506065,4,0.35638331803531587,0.03349587012593306,4,0.28699227961990686,0.004888081322184305,4,0.12366151237325862,0.027727544785669266,4,0.1278505493604811,0.024988453188406867,4,0.9899652153253555,0.07887227022000669,4,24.0,26.08958923913266,4,1.4041935503482819,0.09671122995725422,4,179761.0,0.0,4,179761.0,0.0,4
B2_with_RC,,0.0002,1e-05,hq_first,branched_only,1,322,HepG2,0.19802478328347206,0.00582266396632389,4,0.266795851290226,0.010175869551321175,4,0.37838778973270326,0.07792754183866313,4,0.2697869705535982,0.051084528851427474,4,0.1314986473816724,0.07503792510124475,4,0.14773184575156292,0.05818279325086682,4,0.865804135799408,0.07480485371012185,4,0.24809570237994194,0.003003893786118463,4,0.3283025845885277,0.003373989911895519,4,0.36928917833577257,0.02472449725734023,4,0.3098823298165758,0.013096801697984614,4,0.13598239902689976,0.01775333787343995,4,0.13683297280938123,0.018288502254903402,4,1.3093598783016205,0.04799842158520793,4,0.21277447417378426,0.006635414896876053,4,0.28034021705389023,0.006421801685634225,4,0.3548784967267884,0.04812561296278343,4,0.28606903402375927,0.01725099114156813,4,0.11822136741607298,0.040389880061020594,4,0.12767580340634788,0.03417334457806249,4,0.9551040530204773,0.05407087024112212,4,30.0,29.631064780058107,4,1.3093598783016205,0.04799842158520793,4,179761.0,0.0,4,179761.0,0.0,4
B2_with_RC,,0.0002,1e-05,hq_first,branched_only,1,322,K562,0.19842958822846413,0.0048192625072953224,4,0.26557788252830505,0.00756578922789959,4,0.3766030841773885,0.0740538246903462,4,0.2563249382098406,0.027413354967029263,4,0.13978237982918504,0.06086208030330891,4,0.1459428597253726,0.054923196133923394,4,0.8575461208820343,0.06067307968548991,4,0.24611884355545044,0.002181143051977879,4,0.3254166692495346,0.0030163961514222816,4,0.3922896087709984,0.020244764013797115,4,0.3094467524006954,0.010674217204309768,4,0.15111830580613148,0.015738726986104925,4,0.15419852500218373,0.0158486028901931,4,1.2863751947879791,0.044150077365306455,4,0.20701448246836662,0.005019941183533832,4,0.2756912186741829,0.003942647726893628,4,0.38895796423946416,0.03340953918051259,4,0.31119624165646376,0.016366094803063558,4,0.1474293358804711,0.024375807937491157,4,0.1521254459264989,0.026000703925829427,4,0.9234858006238937,0.04122073671356583,4,29.25,24.253865671269807,4,1.2863751947879791,0.044150077365306455,4,179761.0,0.0,4,179761.0,0.0,4
B2_with_RC,,0.0002,1e-05,hq_first,branched_only,1,322,SKNSH,0.19535310566425323,0.005953646514624796,4,0.26366304606199265,0.007816374883030894,4,0.39424846552352866,0.07674232078758648,4,0.28305345556573597,0.0405616288442093,4,0.15186913710306077,0.06647339063664698,4,0.15984889041755557,0.0569337564619183,4,0.8454969227313995,0.06626691712563167,4,0.2476748563349247,0.002735801188787991,4,0.3292110562324524,0.003788669043584125,4,0.3642525485510301,0.027220457530779223,4,0.32466158247951493,0.012703582924779591,4,0.13117650361741945,0.02002287621993018,4,0.13323563410705927,0.019474901777812862,4,1.3168072998523712,0.055757181333782053,4,0.20643148943781853,0.005855978642041859,4,0.27347061038017273,0.0064294346277726485,4,0.4032279916458541,0.04872523327688577,4,0.3050629026549844,0.020974170957390268,4,0.16088937970097703,0.03958917670651372,4,0.16437342451516418,0.038004401044796764,4,0.9092755317687988,0.06092529388407625,4,42.75,24.944939366532843,4,1.3168072998523712,0.055757181333782053,4,179761.0,0.0,4,179761.0,0.0,4
B2_with_RC,,0.0002,1e-05,hq_first,branched_only,1,643,HepG2,0.20211204141378403,0.0018081161966624008,4,0.27176670730113983,0.003444139721877834,4,0.44715863548694346,0.012944392248182482,4,0.31057319823939444,0.0080166223724595,4,0.19706071332176625,0.010158325032974052,4,0.20007651325855125,0.01166098353434024,4,0.8016905337572098,0.01014255944039133,4,0.24435368180274963,0.0007149367152888013,4,0.324973426759243,0.0009515963273919333,4,0.39269037897612497,0.006155855707298117,4,0.324283860859412,0.007926556497344297,4,0.15347831391774613,0.00495600044502306,4,0.15423415466002946,0.00483766093799151,4,1.1466593444347382,0.028470005876335847,4,0.20326703041791916,0.0013197536480950317,4,0.27013688534498215,0.0016000399740242152,4,0.42785199813424174,0.010043614971946878,4,0.3255751755024445,0.0035073574478244295,4,0.18154065019463084,0.00969371569089629,4,0.18313298795874172,0.008604850938340071,4,0.7921562939882278,0.007442634060977525,4,33.5,3.8729833462074175,4,1.1466593444347382,0.028470005876335847,4,179761.0,0.0,4,179761.0,0.0,4
B2_with_RC,,0.0002,1e-05,hq_first,branched_only,1,643,K562,0.20580720528960228,0.0020391199713340595,4,0.27572210133075714,0.003789832802441233,4,0.4178074228189711,0.012873196638297625,4,0.2675078238988121,0.01186860380278426,4,0.17353659886079414,0.010333866098761413,4,0.17468733195639669,0.01075450353990724,4,0.8251781016588211,0.010317811903781567,4,0.24397100135684013,0.0004474354755631585,4,0.3230137228965759,0.0010660801600014887,4,0.40584974873268775,0.006546795372338603,4,0.3292526679797472,0.0051450973200873025,4,0.1636557118372621,0.0055168805621428115,4,0.16474616394362124,0.005333075860483521,4,1.1329053342342377,0.030003486815296958,4,0.20300662145018578,0.001276745318726636,4,0.2703782394528389,0.0016214534649297834,4,0.42645692084002157,0.009438802415013181,4,0.3234486714967187,0.0054068688982974525,4,0.1800769994464602,0.009839921886835372,4,0.18193232357562467,0.008038420884483767,4,0.7935943007469177,0.010163575292766642,4,25.25,4.031128874149275,4,1.1329053342342377,0.030003486815296958,4,179761.0,0.0,4,179761.0,0.0,4
B2_with_RC,,0.0002,1e-05,hq_first,branched_only,1,643,SKNSH,0.20330221205949783,0.002169519806945073,4,0.27285105735063553,0.0040231519755243115,4,0.4376421730406106,0.028541571573295302,4,0.2932671907496727,0.026038717223072414,4,0.19043766508456159,0.024904731468726796,4,0.19214163760461292,0.024890058049106715,4,0.8083032667636871,0.024866063786324808,4,0.2451990433037281,0.0006111129278511127,4,0.3258521556854248,0.0005343125873690002,4,0.38627507831066865,0.00390567494150258,4,0.33303480918131284,0.00648881076889076,4,0.1488978885901867,0.00278938939513247,4,0.14921987684647472,0.0030298301640696097,4,1.1528446972370148,0.027057315313510633,4,0.20105982199311256,0.0014816066887045078,4,0.2674587443470955,0.0016773601569040591,4,0.44522302428920557,0.011236932884811882,4,0.3130867686991569,0.005136025600440858,4,0.19768611799706673,0.010082081521077098,4,0.19831824285271987,0.00992948798449487,4,0.7767754942178726,0.024027146635270356,4,43.0,10.23067283548187,4,1.1528446972370148,0.027057315313510633,4,179761.0,0.0,4,179761.0,0.0,4
B2_with_RC,,0.0002,1e-05,hq_first,branched_only,1,1125,HepG2,0.24312077835202217,0.002855275441700299,4,0.3220764622092247,0.0031881719793701766,4,0.4061730985538231,0.029239770196226846,4,0.2977613938822243,0.032692348660211,4,0.16336635477653355,0.022391395554354668,4,0.16561780910965984,0.023456050093434502,4,0.8358900249004364,0.022371566466516876,4,0.2443271055817604,0.001409750941264605,4,0.32552868872880936,0.001700935930346354,4,0.3917420212513826,0.010964171954466594,4,0.30901787057614943,0.011874570947778882,4,0.15057113001498293,0.0088876600255075,4,0.15355197101410403,0.008543584628863366,4,0.8538594543933868,0.017664281813660677,4,0.20367899537086487,0.0013810154569404562,4,0.2707494869828224,0.00155082288995017,4,0.42560310798103285,0.011488292203425298,4,0.3284338711136763,0.008751470148317465,4,0.17782575300642342,0.009422760612845221,4,0.18123699116642816,0.009759138815678421,4,0.5906431972980499,0.010740393371159097,4,17.25,3.304037933599835,4,0.8538594543933868,0.017664281813660677,4,179761.0,0.0,4,179761.0,0.0,4
B2_with_RC,,0.0002,1e-05,hq_first,branched_only,1,1125,K562,0.2452007569372654,0.0019335020260308603,4,0.3248978480696678,0.0024739657861128114,4,0.38812353264059957,0.021351710840986228,4,0.2665141160859754,0.023284859659847175,4,0.14873864641124834,0.01570921626940758,4,0.15098179825629637,0.016177940191404783,4,0.8505047112703323,0.015695332305478323,4,0.24451926350593567,0.0001866990567845901,4,0.32394325733184814,0.000793163337529316,4,0.40921054842559795,0.004765311078952594,4,0.3297083082925505,0.007300189886574353,4,0.15883836590812395,0.004123012075425007,4,0.16747030408503805,0.003912584318872072,4,0.8455290794372559,0.014135789926176133,4,0.2016351781785488,0.0011754127839448316,4,0.26969488710165024,0.0013551368048385813,4,0.4343462072501498,0.009877080932706757,4,0.322389597510152,0.014426739479265946,4,0.18422283404565115,0.008200635448604174,4,0.1887297952984035,0.00858809832866895,4,0.5859922915697098,0.0039935012241302465,4,15.0,2.449489742783178,4,0.8455290794372559,0.014135789926176133,4,179761.0,0.0,4,179761.0,0.0,4
B2_with_RC,,0.0002,1e-05,hq_first,branched_only,1,1125,SKNSH,0.24413983151316643,0.0029148280809346816,4,0.3226218819618225,0.003231734609733331,4,0.40390323836761777,0.03288286287060847,4,0.2857436713502873,0.03850568819686589,4,0.16050977625987028,0.02354898746019131,4,0.16394878796677412,0.02622152809965723,4,0.8387440145015717,0.023528101087594296,4,0.24476700276136398,0.0015956755824844107,4,0.32608309388160706,0.0017995104283181314,4,0.38838301688731003,0.012110416118672243,4,0.3229407354499108,0.007342292937792192,4,0.14767337926535304,0.009408316224043324,4,0.1509513644404141,0.009430603511116884,4,0.8567318320274353,0.015246392533334355,4,0.20125888288021088,0.0017774889409882604,4,0.2678227126598358,0.0011895882346466752,4,0.44524878694575293,0.0060517757869183435,4,0.32053917891774447,0.01192927760937691,4,0.19551284373956537,0.00715859102730751,4,0.19827395026929584,0.00536084052871865,4,0.5779524445533752,0.01079666491783403,4,23.25,5.188127472091127,4,0.8567318320274353,0.015246392533334355,4,179761.0,0.0,4,179761.0,0.0,4
B2_with_RC,,0.0002,1e-05,hq_first,branched_only,1,1608,HepG2,0.2597057968378067,0.004901298292382129,4,0.3407668024301529,0.007646567899778523,4,0.39670883454625494,0.011095158627529198,4,0.2935671657045877,0.007841891589322521,4,0.15450007962188114,0.007270407633841455,4,0.1574702263157754,0.008839162913342566,4,0.8449741303920746,0.007265818293517477,4,0.24411945790052414,0.0005392614718220245,4,0.32538705319166183,0.0006765879149414695,4,0.396416277046477,0.005994933227196105,4,0.32606214894790636,0.014069078842307922,4,0.15132474935738996,0.003529385246744583,4,0.15717281912568812,0.004735333670333305,4,0.7711135298013687,0.02936098881992544,4,0.2031717449426651,0.0014839337921006036,4,0.2700252905488014,0.0017203950848527192,4,0.4332734317467617,0.011606254959905216,4,0.3268827896082896,0.015791697326019854,4,0.182213395439791,0.010416771137376515,4,0.18782689552326148,0.010006659418558382,4,0.5308566838502884,0.013203232404944441,4,14.5,2.380476142847617,4,0.7711135298013687,0.02936098881992544,4,179761.0,0.0,4,179761.0,0.0,4
B2_with_RC,,0.0002,1e-05,hq_first,branched_only,1,1608,K562,0.2618020549416542,0.004633094991629458,4,0.3433757796883583,0.007243559511272718,4,0.37776643140023913,0.012001977529500715,4,0.2737185158084894,0.0052031746293945995,4,0.14146122092789246,0.008269804105365146,4,0.14281551229133557,0.009081585065598325,4,0.8580048233270645,0.008264625220961346,4,0.2440868616104126,0.0010836233926344752,4,0.32356809079647064,0.0007794810512774569,4,0.41130060634481413,0.0035437733582596477,4,0.3292315682406062,0.0034614717113235004,4,0.16078579572474536,0.004042055513341476,4,0.1691776075268228,0.002922458141973541,4,0.7624322324991226,0.026007027897267238,4,0.20263762772083282,0.0011798817528940705,4,0.27028898894786835,0.001152733787565917,4,0.4324621056497123,0.0057717252705382985,4,0.3174344054496815,0.010794482528736401,4,0.1806291107854412,0.006982529917516545,4,0.18704845743243187,0.005014463092370235,4,0.5319739580154419,0.01653347208643722,4,12.0,2.160246899469287,4,0.7624322324991226,0.026007027897267238,4,179761.0,0.0,4,179761.0,0.0,4
B2_with_RC,,0.0002,1e-05,hq_first,branched_only,1,1608,SKNSH,0.2608080133795738,0.004932547515637706,4,0.3414700925350189,0.007247024965779745,4,0.3901022592664074,0.015790129520059936,4,0.29080369185885635,0.011384893825948681,4,0.1509247273390828,0.01277338289795076,4,0.15236676882745057,0.012258501870399181,4,0.8485471904277802,0.012765380455641311,4,0.24383579567074776,0.0013779508711992147,4,0.325286403298378,0.0010242837815103102,4,0.39688777477103415,0.007558388742278414,4,0.332447956485792,0.00991588966379762,4,0.15184620743986682,0.0053350907809117856,4,0.15756275269298767,0.006001234485830601,4,0.7705407589673996,0.025977022754461926,4,0.202177956700325,0.0014732311951175345,4,0.26855745911598206,0.0011195744574509338,4,0.444040548801665,0.008533313992012416,4,0.3244570962327003,0.005232098861392889,4,0.19109407166138306,0.006738560741587087,4,0.19722662206584857,0.007557891144762485,4,0.5252380818128586,0.01860888855279607,4,20.75,6.701989754294367,4,0.7705407589673996,0.025977022754461926,4,179761.0,0.0,4,179761.0,0.0,4
B2_with_RC,,0.0002,1e-05,hq_first,branched_only,1,2411,HepG2,0.2711329683661461,0.0018065024744234068,4,0.3534513786435127,0.002845137316266028,4,0.37768736803454833,0.005811806893628068,4,0.27819224423045014,0.008100591199694814,4,0.14086387652564442,0.0037005868792589123,4,0.142673080797391,0.004366493009846566,4,0.858779713511467,0.0036990111100654952,4,0.24365784227848053,0.0005148872292703087,4,0.3248753994703293,0.000642478497138501,4,0.4008833873875748,0.004408936105229909,4,0.3305405815411275,0.00853713933221218,4,0.1539919459097883,0.003346320520853685,4,0.1607220693215214,0.0035340938783044525,4,0.7256245762109756,0.01120323386566708,4,0.2035343013703823,0.0014088157091345387,4,0.27083080261945724,0.0013056506314540145,4,0.4299564566022752,0.0056767294671726445,4,0.32983753194515025,0.009502316152392528,4,0.1773377474832893,0.00794711076313924,4,0.18488672351706675,0.004883735781595154,4,0.5042438060045242,0.004242308725097342,4,9.0,0.816496580927726,4,0.7256245762109756,0.01120323386566708,4,179761.0,0.0,4,179761.0,0.0,4
B2_with_RC,,0.0002,1e-05,hq_first,branched_only,1,2411,K562,0.27147524803876877,0.0015842257347551069,4,0.35405731201171875,0.0027998427788628317,4,0.37272965417682463,0.0073712733758883545,4,0.26986943298282745,0.010115336970941032,4,0.13790904488447236,0.005089728903614034,4,0.13896814685616185,0.005495235923841375,4,0.8617333620786667,0.005087600766789479,4,0.24315635114908218,0.0009648774378612281,4,0.32339267432689667,0.0008055866716463499,4,0.41158311845937523,0.005362616292154063,4,0.3358946792297587,0.002842256292747372,4,0.16169523091167473,0.0041716471059483964,4,0.16942223164086676,0.004415510967967139,4,0.7189885973930359,0.00854585893882629,4,0.20170599594712257,0.0011335692368762173,4,0.26898178458213806,0.001707965005731926,4,0.44244819885112385,0.0066264438666496445,4,0.33017735712311536,0.012917664726990576,4,0.1885219651609976,0.010326055162023806,4,0.195793340985342,0.005861364070212237,4,0.4974355101585388,0.009837058918642186,4,9.75,1.7078251276599332,4,0.7189885973930359,0.00854585893882629,4,179761.0,0.0,4,179761.0,0.0,4
B2_with_RC,,0.0002,1e-05,hq_first,branched_only,1,2411,SKNSH,0.2721576541662216,0.0024770361551124,4,0.35420840978622437,0.0037605907096898857,4,0.3731425557021961,0.0107936200862999,4,0.27795779270037424,0.011586763399716064,4,0.13719105240981627,0.007703902783865446,4,0.13932274355189206,0.008006185378623248,4,0.8624510020017624,0.007700665481504143,4,0.24409710988402367,0.00029041892665905003,4,0.3251258507370949,0.000349289612241468,4,0.398486335302988,0.0024899283611221155,4,0.33825909422422107,0.004022149727854288,4,0.1526888235155849,0.0018206105967987962,4,0.15879600923063802,0.0019835632699531924,4,0.7267302423715591,0.00987519695708537,4,0.20107198506593704,0.0006499105402316448,4,0.26767798513174057,0.0005590834460996916,4,0.4485824761119397,0.005110618626926697,4,0.3272910982431719,0.005233393844189784,4,0.19639130245737102,0.003355741054626348,4,0.20124582669178137,0.0045843153232182415,4,0.49258872866630554,0.005460548684544795,4,11.75,1.2583057392117913,4,0.7267302423715591,0.00987519695708537,4,179761.0,0.0,4,179761.0,0.0,4
B2_with_RC,,0.0002,1e-05,hq_first,branched_only,1,3215,HepG2,0.2784939929842949,0.0003231938528121501,4,0.36186811327934265,0.0004875208478477362,4,0.36320751612645097,0.0031089828257785395,4,0.2760005311998695,0.0013922573965264543,4,0.13045704649431034,0.0023430435044565438,4,0.13192694910140434,0.002258297094362704,4,0.869272455573082,0.0023422590026438207,4,0.24354157596826553,0.00022683261339524624,4,0.3247388079762459,0.00013704809008985462,4,0.4035744537436998,0.0013589383108615443,4,0.3383708139732359,0.0018994507860012689,4,0.1547055581827939,0.0007134823869956005,4,0.16287372474952524,0.001098287340858419,4,0.7000404298305511,0.0005909052483421524,4,0.2028924524784088,0.0003403636984032392,4,0.26982681453227997,0.00044042320159537327,4,0.4364569366561084,0.0042407391961221666,4,0.34167184656378713,0.0020882906519062096,4,0.18343833912422536,0.002665985616508489,4,0.1905081454569314,0.0037042841685684166,4,0.4833100140094757,0.0015779591270447238,4,7.5,0.5773502691896257,4,0.7000404298305511,0.0005909052483421524,4,179761.0,0.0,4,179761.0,0.0,4
B2_with_RC,,0.0002,1e-05,hq_first,branched_only,1,3215,K562,0.2793353796005249,0.000508470293461743,4,0.3630528151988983,0.0006602278891603867,4,0.3547225090282301,0.004934359821508371,4,0.2660768490286829,0.003838770944009576,4,0.12475329400408622,0.003185436849405639,4,0.12584631934141888,0.003478874348045247,4,0.8749744743108749,0.003184399149860323,4,0.24337174743413925,0.0005130082427080573,4,0.32364968955516815,0.0001661808219454744,4,0.41204090878732136,0.0036897884606578845,4,0.3386860140075792,0.003484342883950733,4,0.1603659509511643,0.0008624215386202186,4,0.16978792141844495,0.003032927303915255,4,0.6953527331352234,0.0007142161175092678,4,0.20171426981687546,0.0010598933722063596,4,0.26932960748672485,0.0011987150403857548,4,0.4400247145425802,0.006501371155117355,4,0.3373996919580554,0.008000836904648215,4,0.18643448469236734,0.007251630756822679,4,0.19365345027845166,0.0056851250623590685,4,0.4815366491675377,0.004292120227922615,4,7.0,0.8164965809277259,4,0.6953527331352234,0.0007142161175092678,4,179761.0,0.0,4,179761.0,0.0,4
B2_with_RC,,0.0002,1e-05,hq_first,branched_only,1,3215,SKNSH,0.28022250533103943,0.0003610947137805778,4,0.36358542740345,0.0004492968190936645,4,0.3512901943622642,0.0036634015829326303,4,0.27065920297003354,0.0018025792479149795,4,0.12218453242910607,0.0021700453320734133,4,0.12341486603844574,0.0025714754694740657,4,0.8775424510240555,0.0021693332521988762,4,0.24425695464015007,0.0004245607843030396,4,0.32489100098609924,0.000378332298624622,4,0.403497929693177,0.0027800586674731984,4,0.33525620031709935,0.005285093819607742,4,0.15391231535571898,0.001970777774716734,4,0.16281637581132596,0.0022454064798953606,4,0.7006973922252655,0.001632152136960774,4,0.20182161778211594,0.0006088306810510532,4,0.2688414007425308,0.0004607283578729088,4,0.4429145662754084,0.0032765389509448635,4,0.3229594807115628,0.004049498745880814,4,0.18939152222883102,0.0027764095818491935,4,0.1961813647995559,0.0029010290174230264,4,0.4797864034771919,0.0016433074737590581,4,8.5,0.5773502691896257,4,0.7006973922252655,0.001632152136960774,4,179761.0,0.0,4,179761.0,0.0,4
B2_with_RC,,0.0002,1e-05,hq_first,conv3_plus,1,161,HepG2,0.18707645311951637,0.019172125700926,4,0.2549719922244549,0.020102650287692824,4,0.4307204478355888,0.1676961997123334,4,0.3199510782439421,0.15373412528935843,4,0.16342031105709104,0.17082870328491184,4,0.2066116157321593,0.1462580405663854,4,0.831383541226387,0.1697675838057282,4,0.24910836666822433,0.0017538465342046455,4,0.3293840289115906,0.0015086155124624033,4,0.36378467714481955,0.009428035496673193,4,0.3077778511662248,0.004285641923777813,4,0.13033604392618575,0.007966444415851785,4,0.13240595721535547,0.006857803652720447,4,1.3744301795959473,0.09750339197021607,4,0.2164001204073429,0.0038447834923069977,4,0.2830844596028328,0.004165494706340777,4,0.3408575401892891,0.02699893094115474,4,0.2838824884049897,0.005675447100352767,4,0.10108117942437436,0.02639692485768196,4,0.11673056940786676,0.018749756061201106,4,1.0158675760030746,0.0862289521563921,4,22.25,18.264263832230778,4,1.3744301795959473,0.09750339197021607,4,179761.0,0.0,4,3063361.0,0.0,4
B2_with_RC,,0.0002,1e-05,hq_first,conv3_plus,1,161,K562,0.1816249117255211,0.020121747002563167,4,0.2488287389278412,0.02370775427103644,4,0.4425664141858652,0.18955678440245982,4,0.3567692255941062,0.16185825070140927,4,0.20097407226266137,0.18635333475820204,4,0.22281386185008528,0.1709754021778378,4,0.794063076376915,0.1851958106332674,4,0.24750272557139397,0.0025691628384362747,4,0.3260038197040558,0.003906789223715822,4,0.3844610865898096,0.025895187115860845,4,0.3010819759629761,0.022422171409200043,4,0.14801547113599084,0.020336662380952022,4,0.14831324763864112,0.02033920531096826,4,1.346835047006607,0.10652151121705307,4,0.2115795575082302,0.004255166212388262,4,0.27872320264577866,0.003717040086677051,4,0.37723096299112063,0.034019253675533746,4,0.29585107414657535,0.014271418785429509,4,0.1285909360508253,0.023239374433337793,4,0.14317118165468848,0.025689954003197134,4,0.9850203543901443,0.08614827198293275,4,27.75,21.761969886325396,4,1.346835047006607,0.10652151121705307,4,179761.0,0.0,4,3063361.0,0.0,4
B2_with_RC,,0.0002,1e-05,hq_first,conv3_plus,1,161,SKNSH,0.19418901577591896,0.013099906857566408,4,0.2623128816485405,0.011493968019803645,4,0.36826064998481045,0.10168511491432759,4,0.2688252141743752,0.10140311493209501,4,0.1224054808121938,0.08714115079826273,4,0.1433708032735901,0.0810755858239208,4,0.8721436560153961,0.0865998810073563,4,0.2512570694088936,0.0008437219274463642,4,0.33346226811408997,0.000946942947798072,4,0.33256109463667627,0.006769085696555515,4,0.30740464790740263,0.004423975468491881,4,0.10867601031701227,0.005058785139560614,4,0.11063124705681983,0.004542055771057358,4,1.4083217978477478,0.09285960338515915,4,0.2132352665066719,0.001995755932431595,4,0.2805589661002159,0.0019849636165251146,4,0.34846730235082407,0.01437093269503639,4,0.2861709077214818,0.0036697577307324768,4,0.11715895287888067,0.012461857134328925,4,0.1215843535875546,0.0102148712625278,4,0.9970927536487579,0.0700004473247287,4,14.25,9.322910847297997,4,1.4083217978477478,0.09285960338515915,4,179761.0,0.0,4,3063361.0,0.0,4
B2_with_RC,,0.0002,1e-05,hq_first,conv3_plus,1,322,HepG2,0.186316080391407,0.013119202537000774,4,0.25149286165833473,0.017449955887923824,4,0.4812149710764927,0.1257991891141665,4,0.34579195737534557,0.07837266691601805,4,0.22565983765072112,0.12185359706334345,4,0.24343692537448605,0.10696427192699431,4,0.7719353288412094,0.1214752275222346,4,0.24671564996242523,0.003044957582197843,4,0.3271861746907234,0.0027748549998503095,4,0.37754697277638755,0.01994387836597947,4,0.3085180009837116,0.009577140575211678,4,0.14187032982446487,0.014574902557141186,4,0.14284003536582207,0.014925407971038102,4,1.3004472255706787,0.04586303024427142,4,0.2118569351732731,0.004827567494896793,4,0.27897150069475174,0.004750415942803609,4,0.37136768385802255,0.03476262146669771,4,0.28681970810109486,0.010813018228596892,4,0.12696428581382893,0.029950033826591064,4,0.13882028650249983,0.024789262783292066,4,0.9458458870649338,0.051198006999276104,4,25.5,16.299284237863535,4,1.3004472255706787,0.04586303024427142,4,179761.0,0.0,4,3063361.0,0.0,4
B2_with_RC,,0.0002,1e-05,hq_first,conv3_plus,1,322,K562,0.17921724170446396,0.0024167335298311264,4,0.24064376577734947,0.0016015659459734026,4,0.5457635678916731,0.022270870684011044,4,0.3890497630977675,0.037231344796750235,4,0.2942818809551019,0.025970414275746128,4,0.2982298657986169,0.024373878609546876,4,0.7035264223814011,0.025889729020394485,4,0.24349470064044,0.0013734238894381099,4,0.321490041911602,0.0014070141563593424,4,0.4163029007741262,0.008350562970429373,4,0.3152705914562978,0.010447286988053871,4,0.17152218028432908,0.007265998277856884,4,0.1733604041193943,0.006908604716522548,4,1.255147635936737,0.02029112270867065,4,0.2034386657178402,0.0027503121154057565,4,0.2721341922879219,0.0031706401838207487,4,0.4277473783521695,0.011277818154559251,4,0.32405739339179856,0.015422912004658302,4,0.1693303213819653,0.019383350088160792,4,0.18306321157389954,0.009641174489024304,4,0.8993561118841171,0.020669690405792047,4,38.25,5.909032633745278,4,1.255147635936737,0.02029112270867065,4,179761.0,0.0,4,3063361.0,0.0,4
B2_with_RC,,0.0002,1e-05,hq_first,conv3_plus,1,322,SKNSH,0.17746740579605103,0.005630700695196574,4,0.2412935271859169,0.004480432733474227,4,0.5449785280842735,0.032112920788017064,4,0.4255291159173636,0.03654800942723919,4,0.29037913761614775,0.03386981558374271,4,0.2977750258340544,0.03495356475265751,4,0.7074170559644699,0.03376454923369739,4,0.24709460511803627,0.0007323397565031092,4,0.32793764024972916,0.0011502679770471274,4,0.3748931771243318,0.006173692770965162,4,0.32096036681308254,0.007043101347920546,4,0.13796253113681414,0.006044144810811845,4,0.1405734801161983,0.004632893669831596,4,1.3062481582164764,0.035811182653228614,4,0.2033810093998909,0.0022415883473840626,4,0.26963963359594345,0.0020020848291555423,4,0.4344245716604457,0.011850540613949478,4,0.30276313381902553,0.010293261527690294,4,0.1845387642294007,0.01211583148859351,4,0.18883003494699388,0.01028531527465807,4,0.8832991272211075,0.03346338978848771,4,41.75,7.588368291888141,4,1.3062481582164764,0.035811182653228614,4,179761.0,0.0,4,3063361.0,0.0,4
B2_with_RC,,0.0002,1e-05,hq_first,conv3_plus,1,643,HepG2,0.18946179375052452,0.005472272979436935,4,0.2554887533187866,0.00741053470149945,4,0.5418477960912254,0.03858559798779165,4,0.37877721551142496,0.030300933129320615,4,0.2897937668532381,0.04287077199784366,4,0.29471567040797464,0.04228519473020061,4,0.7091017067432404,0.042804122638237525,4,0.24385279417037964,0.0007395933136814427,4,0.32517029345035553,0.001065984533332633,4,0.3916488387872427,0.006461933922731509,4,0.3161228841673965,0.00575125088349694,4,0.15245103490139905,0.0055480726825176555,4,0.15342013036591196,0.005101077879132563,4,1.1480853855609894,0.030468070340886638,4,0.20490487664937973,0.0009985449420707366,4,0.27139705419540405,0.0013189296020149912,4,0.4280880534674728,0.008258171266428572,4,0.3092930651334619,0.002920307389042346,4,0.17389385414756267,0.008038440028572083,4,0.18331052956606914,0.007050738148116554,4,0.7995924800634384,0.010116868423266402,4,23.75,5.560275772537426,4,1.1480853855609894,0.030468070340886638,4,179761.0,0.0,4,3063361.0,0.0,4
B2_with_RC,,0.0002,1e-05,hq_first,conv3_plus,1,643,K562,0.19702674448490143,0.0017970549684140906,4,0.2640417739748955,0.002717832913001037,4,0.4941352866281178,0.007336936625672047,4,0.32200862309323663,0.006437237453985993,4,0.24204060773181266,0.00822293600009648,4,0.24421005447033894,0.0072308924292957405,4,0.7567806243896484,0.008210222798779488,4,0.24268290400505066,0.00029195876904773753,4,0.3218483105301857,0.0006625473385060819,4,0.41294370733563945,0.0035602803113318807,4,0.32691692167261904,0.0032100908234413547,4,0.16968392937640422,0.0034158943004694068,4,0.1705320121250237,0.002947297883880346,4,1.1247121393680573,0.02781111097998109,4,0.20132697373628616,0.0010318643874016142,4,0.26881031692028046,0.0011770278643326137,4,0.44032797805048085,0.00564717956786635,4,0.3294316683496129,0.005358969205690212,4,0.18956908488669158,0.007104925392459374,4,0.19391264623182852,0.0049744185355776235,4,0.7844236046075821,0.00970566348291948,4,18.5,1.9148542155126762,4,1.1247121393680573,0.02781111097998109,4,179761.0,0.0,4,3063361.0,0.0,4
B2_with_RC,,0.0002,1e-05,hq_first,conv3_plus,1,643,SKNSH,0.19552502408623695,0.0022171270873991558,4,0.26295895874500275,0.003928471067354253,4,0.5020826931315983,0.0218803134417178,4,0.3511088243741992,0.00876974529950314,4,0.24809749437195042,0.02217471657178898,4,0.2524460918295095,0.022054198168083714,4,0.7507331520318985,0.022140232835474106,4,0.24539464339613914,0.0009919568096540138,4,0.3257715404033661,0.0012508918147734031,4,0.38701497647569105,0.008326353769993501,4,0.3306292315507865,0.00476727838299162,4,0.14931125532364206,0.006529999547684665,4,0.149832588141807,0.006465451027573413,4,1.1523493230342865,0.031484018083664495,4,0.20150307565927505,0.001824975155944789,4,0.2673177719116211,0.002072787171277114,4,0.447422708486749,0.01297982166603558,4,0.3122775467535981,0.008157480895797884,4,0.19851916262196131,0.012407116936251647,4,0.20031343689747994,0.011708588736553095,4,0.7757780700922012,0.015065403853587468,4,19.75,2.6299556396765835,4,1.1523493230342865,0.031484018083664495,4,179761.0,0.0,4,3063361.0,0.0,4
B2_with_RC,,0.0002,1e-05,hq_first,conv3_plus,1,1125,HepG2,0.2339300625026226,0.0027277285359986604,4,0.3102954626083374,0.004466421925970035,4,0.4761885391919823,0.028552828406058592,4,0.348670803122089,0.032548456975327426,4,0.22335854819982143,0.027463371171733756,4,0.22736697286528343,0.027229768159444858,4,0.7759511321783066,0.0274390409374208,4,0.24314811080694199,0.0019018924860043018,4,0.3245095983147621,0.0018673002010711132,4,0.3969239685318672,0.011497121750336538,4,0.30863749704936316,0.017831433236414486,4,0.15587750583574028,0.009716167768213173,4,0.1576477746514932,0.009097644565959417,4,0.848521962761879,0.01777732572564669,4,0.20393174141645432,0.0022665552166123105,4,0.27037226408720016,0.002825804844155964,4,0.43375178944986165,0.014522763010135584,4,0.32365425130434006,0.005018013943519673,4,0.18006815005666396,0.01716726352920676,4,0.18829879783504355,0.01253630725625933,4,0.5889386534690857,0.00856044235146868,4,13.5,3.0,4,0.848521962761879,0.01777732572564669,4,179761.0,0.0,4,3063361.0,0.0,4
B2_with_RC,,0.0002,1e-05,hq_first,conv3_plus,1,1125,K562,0.23670079559087753,0.00370086774815001,4,0.31339967250823975,0.004258595372781158,4,0.4572643210982311,0.02796949010020072,4,0.3169785004289517,0.024388875320189324,4,0.2078271838437567,0.02422178169696855,4,0.20967737863177516,0.024872888052860198,4,0.7914686948060989,0.024200299618217222,4,0.24264317750930786,0.0009614352102191577,4,0.32219984382390976,0.00041427474265114724,4,0.4147598658578522,0.003455193339979558,4,0.32707070191710536,0.007851301576897876,4,0.1678707572682727,0.002140190328782296,4,0.17203470009718605,0.002865806842448094,4,0.8364370465278625,0.01244428505045134,4,0.20053755864501,0.0018983613768578207,4,0.26829545199871063,0.0018761605938201148,4,0.44843118263649423,0.008003618525337607,4,0.3219341005840053,0.00775415104152248,4,0.19265260946904217,0.011289746142987962,4,0.20113856899288918,0.007167546045464668,4,0.5799092948436737,0.002173065748211101,4,12.25,1.2583057392117913,4,0.8364370465278625,0.01244428505045134,4,179761.0,0.0,4,3063361.0,0.0,4
B2_with_RC,,0.0002,1e-05,hq_first,conv3_plus,1,1125,SKNSH,0.23733828961849213,0.0028751161436653175,4,0.31352531909942627,0.00426440635746904,4,0.4595324880669507,0.023542417015118198,4,0.32337831124349947,0.03572170724725196,4,0.20723903185071446,0.021847583054734405,4,0.21158579163818744,0.02164536287715819,4,0.7920563220977783,0.021828232990732405,4,0.24398045614361763,0.0016536317681136736,4,0.32515740394592285,0.0019556419253729048,4,0.39314093413857737,0.012297851133234011,4,0.32983957251737894,0.004473132591145003,4,0.15250198421198682,0.010196311024055315,4,0.15467322195222463,0.009630476382694927,4,0.8518905788660049,0.016531887854145524,4,0.1997525468468666,0.002685188514270308,4,0.2658478543162346,0.0027741989281897593,4,0.4582457443186644,0.016793260515828957,4,0.324145688878811,0.007359919475763278,4,0.2072803024010694,0.016626777605601883,4,0.2102006723852311,0.015116703006994378,4,0.5694277584552765,0.01098579975019962,4,12.75,2.6299556396765835,4,0.8518905788660049,0.016531887854145524,4,179761.0,0.0,4,3063361.0,0.0,4
B2_with_RC,,0.0002,1e-05,hq_first,conv3_plus,1,1608,HepG2,0.24938848242163658,0.006381335275571216,4,0.32736941426992416,0.008738660088493538,4,0.4727595539484858,0.017189245862396698,4,0.35007721547999204,0.011167621120810082,4,0.2196943035924678,0.016120725429221668,4,0.22372319847955965,0.016263074539122794,4,0.7798204272985458,0.01611067727954068,4,0.24147556722164154,0.0012800417616747064,4,0.32305362820625305,0.0014297850727749632,4,0.4077522191171432,0.01056661673871698,4,0.3217004647884585,0.014012336785100239,4,0.16344364581128845,0.007412543086548957,4,0.166345612236932,0.008530529933803682,4,0.7601277679204941,0.030364138119334808,4,0.2032729536294937,0.001023272994898981,4,0.26925889402627945,0.0015728966252601115,4,0.44425268922005723,0.006792987719839089,4,0.33342899935230347,0.011206995312829997,4,0.18685289708117858,0.00949368024986998,4,0.19739506039087418,0.005996897270392007,4,0.5279169529676437,0.0163195358832258,4,13.5,1.914854215512676,4,0.7601277679204941,0.030364138119334808,4,179761.0,0.0,4,3063361.0,0.0,4
B2_with_RC,,0.0002,1e-05,hq_first,conv3_plus,1,1608,K562,0.25323156267404556,0.009247220718976388,4,0.3320295736193657,0.012592589956069069,4,0.44424940759263387,0.04265981643723584,4,0.3221352101141196,0.027505614624626626,4,0.19720445235917136,0.03823451483079909,4,0.19872243110025012,0.038420498032036246,4,0.8022962957620621,0.03821066124221873,4,0.24241439253091812,0.0011492027908968476,4,0.3219175934791565,0.0012664252744479683,4,0.41859881776451624,0.006817679494585689,4,0.3280195340996053,0.001805760035189086,4,0.16931943732142363,0.006534300085663119,4,0.17525983079911886,0.005734080954551363,4,0.7546832412481308,0.026248998612924793,4,0.20194967836141586,0.001331512158716712,4,0.2689564898610115,0.001320014502539666,4,0.4478117785429904,0.01319812162115384,4,0.3271676621258972,0.022278643393229092,4,0.1886844943082397,0.007956430594664837,4,0.20066603181258139,0.011867673544902535,4,0.5267179310321808,0.015441351636453644,4,11.25,4.349329450233296,4,0.7546832412481308,0.026248998612924793,4,179761.0,0.0,4,3063361.0,0.0,4
B2_with_RC,,0.0002,1e-05,hq_first,conv3_plus,1,1608,SKNSH,0.2525670453906059,0.008334638860709839,4,0.3303406462073326,0.01114713190317583,4,0.45533349205178997,0.03459715141679557,4,0.33703163717645046,0.020873934040845796,4,0.20538293164230356,0.03137541521353028,4,0.20822631114869497,0.03158248015460189,4,0.7941229343414307,0.031355870123273635,4,0.24281515181064606,0.0017339138563860347,4,0.3244026303291321,0.0013069429116128527,4,0.40179479712713245,0.009669188133737908,4,0.331626259027841,0.006840925769131937,4,0.15644459807024172,0.006795446669358862,4,0.16150917889780775,0.007716277848794549,4,0.7664151638746262,0.028009021966424266,4,0.20036222413182259,0.0011197063492475712,4,0.26619093865156174,0.0013458777216495254,4,0.46152482946186024,0.00881438669640018,4,0.33570705488301283,0.007288908080558632,4,0.20528253523450743,0.008024383140281463,4,0.21306343826942442,0.008156296145805026,4,0.5159491002559662,0.015471225023297326,4,12.5,3.5118845842842465,4,0.7664151638746262,0.028009021966424266,4,179761.0,0.0,4,3063361.0,0.0,4
B2_with_RC,,0.0002,1e-05,hq_first,conv3_plus,1,2411,HepG2,0.2661738097667694,0.004274168341751504,4,0.34691671282052994,0.0061198168698231355,4,0.4175346481446271,0.022617330734872754,4,0.3052390260479252,0.01646374756250383,4,0.17233958515902437,0.018606390410750077,4,0.17471884013843553,0.018891901979323212,4,0.827317014336586,0.01859866532346721,4,0.2418898493051529,0.0008568361682699797,4,0.3234535902738571,0.0008187219129550668,4,0.40766889750355423,0.0038913555568400207,4,0.328001147580227,0.01351913652728867,4,0.1613792360566352,0.004243625300280206,4,0.16620528697781572,0.003174525684550262,4,0.7192683219909668,0.009481601541788525,4,0.20366396754980087,0.001994690906590437,4,0.26982438564300537,0.0022970371605930003,4,0.43843902819453634,0.014644620451810388,4,0.3310647389036232,0.013669828232285386,4,0.18341031024985102,0.013900192895494478,4,0.1923896301253026,0.012845205376716157,4,0.5004914700984955,0.005181684290828619,4,7.25,1.4999999999999998,4,0.7192683219909668,0.009481601541788525,4,179761.0,0.0,4,3063361.0,0.0,4
B2_with_RC,,0.0002,1e-05,hq_first,conv3_plus,1,2411,K562,0.26816363632678986,0.00484092812645198,4,0.34951547533273697,0.007241525219780253,4,0.4000109478811202,0.031106707875528074,4,0.28826858038857645,0.019878899640471195,4,0.15984316686335376,0.02523357454332493,4,0.16073447888089235,0.02501438622312744,4,0.8398083299398422,0.02522308024056865,4,0.24265949800610542,0.0016837916240485696,4,0.32216427475214005,0.0010390676191433762,4,0.41894615319814055,0.004148168256088837,4,0.33535075180207274,0.00371921160670702,4,0.16804905441331558,0.005363214666233608,4,0.17552878475443043,0.003471933907767899,4,0.7135389000177383,0.008937814709013383,4,0.20150381699204445,0.0009186919948307984,4,0.26906778663396835,0.0019276908068716926,4,0.44562502713810803,0.014096088099660871,4,0.3248507853862422,0.017215891676156697,4,0.1879962626309361,0.011600009821745815,4,0.19873068958662457,0.012700245781700556,4,0.4977056682109833,0.006209400037331329,4,6.25,2.0615528128088303,4,0.7135389000177383,0.008937814709013383,4,179761.0,0.0,4,3063361.0,0.0,4
B2_with_RC,,0.0002,1e-05,hq_first,conv3_plus,1,2411,SKNSH,0.2662230134010315,0.0041801165638259575,4,0.3458363190293312,0.005865338635911268,4,0.4222760989217763,0.021985034651825476,4,0.3111364693600738,0.003629165975516249,4,0.17747951601321288,0.018053738014842217,4,0.1786796100320753,0.018141425326838437,4,0.822179302573204,0.01804621939283001,4,0.24254289269447327,0.001216491136467655,4,0.32454582303762436,0.0006174212581878432,4,0.4003620816049464,0.005858796111641801,4,0.3380185298276804,0.00581429470443162,4,0.15570776273899622,0.0032133493271778594,4,0.16031554050595412,0.00467348122138735,4,0.7241335809230804,0.009353003273153769,4,0.20035982877016068,0.001348743782955025,4,0.2661483883857727,0.0019150437232634753,4,0.46067323054283194,0.011652685704983776,4,0.33547464693014295,0.006900909766423458,4,0.20552098099736385,0.01144495717407517,4,0.21232166415187353,0.010624686875516912,4,0.48696064949035645,0.005709821031419766,4,8.25,1.707825127659933,4,0.7241335809230804,0.009353003273153769,4,179761.0,0.0,4,3063361.0,0.0,4
B2_with_RC,,0.0002,1e-05,hq_first,conv3_plus,1,3215,HepG2,0.27295320481061935,0.0032735864615957735,4,0.3548061475157738,0.004454251973974203,4,0.40664628923100277,0.02567977878752609,4,0.3071103612762127,0.021405742312242553,4,0.1639670355658776,0.020953951774315707,4,0.16585579282427657,0.021053478238209262,4,0.8357729315757751,0.020947455721032095,4,0.24202274531126022,0.0006379675940540546,4,0.32338662445545197,0.00017011778657842908,4,0.4079682082648741,0.002507599439478148,4,0.3432394621352896,0.00536187953807435,4,0.1617303276177287,0.0008819494957831188,4,0.1664427749960634,0.0020460513355996454,4,0.6942227780818939,0.0007303912693270102,4,0.20220667123794556,0.0006828056734797836,4,0.2681814879179001,0.0012096011465779603,4,0.44712357155538196,0.008568975827725037,4,0.3465285557999133,0.013359549419196027,4,0.1933556133560844,0.007279982123094299,4,0.1999745587504929,0.007666520831848144,4,0.47744014114141464,0.004308904222086266,4,7.0,2.449489742783178,4,0.6942227780818939,0.0007303912693270102,4,179761.0,0.0,4,3063361.0,0.0,4
B2_with_RC,,0.0002,1e-05,hq_first,conv3_plus,1,3215,K562,0.2724328264594078,0.003353392108747825,4,0.3539857268333435,0.0044630271480115445,4,0.41064900974975593,0.02486189214370852,4,0.30574652708338523,0.020753170938783067,4,0.16782805688836042,0.020958325193702127,4,0.16909619446917917,0.020513532735734523,4,0.8319131284952164,0.02095183107214305,4,0.2414749637246132,0.0008082924235981553,4,0.32259710878133774,0.00031453064417742043,4,0.4139018064523997,0.0015997875940530707,4,0.337325262280368,0.007221691977885304,4,0.16581801694323053,0.0016270059667181013,4,0.17131662487481936,0.0013237585216756046,4,0.6908375769853592,0.0013474421887071748,4,0.20056676119565964,0.000529707900758417,4,0.2670195400714874,0.0005522537719984893,4,0.4570223299202604,0.005615209123556021,4,0.34904659726802045,0.01047347797279393,4,0.20034002909289156,0.0033077152201375546,4,0.2088930579758693,0.005110707762756199,4,0.47330617159605026,0.00195778246822654,4,7.75,2.5,4,0.6908375769853592,0.0013474421887071748,4,179761.0,0.0,4,3063361.0,0.0,4
B2_with_RC,,0.0002,1e-05,hq_first,conv3_plus,1,3215,SKNSH,0.27466925233602524,0.00124502100642412,4,0.35609541088342667,0.0015264868342813947,4,0.3989243056348442,0.009125259527767068,4,0.3067621724278867,0.007023432326407766,4,0.15796815299150246,0.007216520170403845,4,0.15920305439732943,0.007278892783898923,4,0.8417699784040451,0.0072142768108308325,4,0.24194428324699402,0.0007960152008682096,4,0.32360076159238815,0.0006735858323690152,4,0.40705767362328316,0.002642643062593194,4,0.3422712588719021,0.0028450417154648995,4,0.1606172428685087,0.0034961513839323563,4,0.16570118732736655,0.0021547497469078265,4,0.6951445788145065,0.002895329409792913,4,0.1995806097984314,0.0007739763456198173,4,0.2658897787332535,0.0009026038284007388,4,0.4614919220784233,0.002580566640764688,4,0.333107897790412,0.003684324866052802,4,0.2070881243139981,0.005392229946260661,4,0.21297978863677813,0.0023788436346520625,4,0.46931205689907074,0.0031915712685435687,4,7.0,0.816496580927726,4,0.6951445788145065,0.002895329409792913,4,179761.0,0.0,4,3063361.0,0.0,4
B2_with_RC,,0.0002,1e-05,hq_first,full,1,161,HepG2,0.17861269414424896,0.016737746590030463,4,0.2456972748041153,0.01705935796069944,4,0.49226919043302897,0.14970746129486395,4,0.3842159165987247,0.13658240970988234,4,0.22358246515876223,0.15093394897097517,4,0.25913819882510464,0.147479705911462,4,0.7715951204299927,0.14999641887460446,4,0.2505757361650467,0.00012240329486899287,4,0.33053602278232574,0.0004226171112953472,4,0.35497975260570164,0.0035258782614956976,4,0.30996719535213824,0.006699176387503521,4,0.12425493888716027,0.002238583288295803,4,0.1260199486231413,0.0025064614774554096,4,1.3835894167423248,0.08836405706299937,4,0.21906794235110283,0.0022904728081223247,4,0.28584015369415283,0.001999662484733345,4,0.3240195007090486,0.0068474232489790544,4,0.2785139763829947,0.005944821103951672,4,0.0836100625784251,0.012818876740762679,4,0.10502380224360416,0.004431260611965901,4,1.0344648659229279,0.061999683936584275,4,12.75,6.800735254367722,4,1.3835894167423248,0.08836405706299937,4,179761.0,0.0,4,3747661.0,0.0,4
B2_with_RC,,0.0002,1e-05,hq_first,full,1,161,K562,0.16696063801646233,0.012787888779273157,4,0.23266109079122543,0.019399777151438237,4,0.5563357298342262,0.1367397365942554,4,0.44124708240691013,0.12023643166505867,4,0.30588022169426843,0.13495461092629202,4,0.32353276096308087,0.13406401962894154,4,0.6898084878921509,0.13411638349884658,4,0.24937982484698296,0.0010394178730404517,4,0.3274417966604233,0.001310676869146292,4,0.377991667908866,0.010976629003007898,4,0.29207171340229476,0.01051179309514311,4,0.14056503430836856,0.006866921682400658,4,0.14296806579672872,0.00841080190019726,4,1.35780531167984,0.08735907301842556,4,0.21553900837898254,0.0020629189226438163,4,0.2820873409509659,0.0005073130097853716,4,0.3627980660743292,0.01264992721236011,4,0.2983820150317621,0.012064015439696483,4,0.10754536252953745,0.003209834885922891,4,0.13174245224113185,0.009149690069505985,4,1.007734790444374,0.06501593765405742,4,19.25,7.135591542869215,4,1.35780531167984,0.08735907301842556,4,179761.0,0.0,4,3747661.0,0.0,4
B2_with_RC,,0.0002,1e-05,hq_first,full,1,161,SKNSH,0.17914634197950363,0.015027571546087314,4,0.24366546049714088,0.011849117207377361,4,0.4974201551193439,0.1243437937594483,4,0.4020575497843743,0.14881976697771895,4,0.2387969552985745,0.11926315787065955,4,0.25902284500382133,0.12356385186932729,4,0.7564750909805298,0.11852235418780183,4,0.2515263855457306,0.0008797263827679401,4,0.3334284573793411,0.0013187854040142576,4,0.3365782305220133,0.011891477302681598,4,0.31203585110384924,0.006427027928530346,4,0.10885170549822329,0.007037646096756737,4,0.11339096068565967,0.008143886874666134,4,1.4082122147083282,0.09601211963951956,4,0.21434539183974266,0.0006609951037123903,4,0.28095776587724686,0.0013188564400714608,4,0.3519703612330708,0.015242450722690261,4,0.28824171936260234,0.006052010490966491,4,0.11466600312501915,0.008304365462776868,4,0.12405738441456358,0.010925924889980235,4,0.9999900758266449,0.07054458358740917,4,14.75,8.732124598286491,4,1.4082122147083282,0.09601211963951956,4,179761.0,0.0,4,3747661.0,0.0,4
B2_with_RC,,0.0002,1e-05,hq_first,full,1,322,HepG2,0.17671919986605644,0.01845744729709539,4,0.24059653654694557,0.023052002130315517,4,0.5368098162447754,0.14867891588429719,4,0.4012966565893097,0.10760472911051956,4,0.28801017669323625,0.15442208353548662,4,0.304743843838147,0.14197707930236914,4,0.7097786515951157,0.15394250891468655,4,0.24884412437677383,0.001644546792269809,4,0.32875072956085205,0.001483345248739499,4,0.37173184242316143,0.013770238480443078,4,0.3065376841889943,0.015684871494384585,4,0.13367734648982987,0.007822472076050776,4,0.13832677727217435,0.010156673545828183,4,1.312777429819107,0.03851680012382616,4,0.21560076251626015,0.0029838871601895797,4,0.2824627086520195,0.002875030634128002,4,0.3609966211677606,0.02818977214900135,4,0.2919077023446049,0.010506529381578934,4,0.10510136314049376,0.01824463295775681,4,0.13091455793489915,0.019747133955847214,4,0.969139888882637,0.03199633863566979,4,15.0,9.092121131323903,4,1.312777429819107,0.03851680012382616,4,179761.0,0.0,4,3747661.0,0.0,4
B2_with_RC,,0.0002,1e-05,hq_first,full,1,322,K562,0.1644507199525833,0.007071296888624367,4,0.22673669829964638,0.00572839225015926,4,0.6175689945217584,0.0168506854861953,4,0.4663891266776403,0.054239774304821485,4,0.37378486997657195,0.022610760797984776,4,0.38160442219563173,0.020814063108137684,4,0.6242703348398209,0.022540564746343503,4,0.246393334120512,0.0022621744141783713,4,0.32356540858745575,0.0017316664396677863,4,0.40453383932453935,0.008640606856884133,4,0.3017807557759553,0.01399775696956887,4,0.16078531437875798,0.009001938230210754,4,0.16370362222379364,0.00692993768824602,4,1.2713948786258698,0.020467515250195596,4,0.2108197957277298,0.002291058184940765,4,0.2780528962612152,0.0028622551635664266,4,0.39937902827262617,0.013539676689502424,4,0.3078234962059596,0.011681676611998015,4,0.13282401030375562,0.017869860041831418,4,0.15964110035762935,0.010659308851109776,4,0.9389376938343048,0.022337079006830237,4,23.25,6.18465843842649,4,1.2713948786258698,0.020467515250195596,4,179761.0,0.0,4,3747661.0,0.0,4
B2_with_RC,,0.0002,1e-05,hq_first,full,1,322,SKNSH,0.17583871632814407,0.0075266554286748935,4,0.23990972712635994,0.007463424151734746,4,0.5549395177466842,0.040968699800053875,4,0.4535889333382285,0.061353479598567406,4,0.2983725992625256,0.045062448834070144,4,0.30921669412940256,0.044149277414720974,4,0.6994484513998032,0.04492239878652796,4,0.24862230569124222,0.00093973433919036,4,0.33010270446538925,0.0011814637034095227,4,0.3640581841517731,0.010966340322116783,4,0.33246642105424545,0.00897558232287698,4,0.12654219438189312,0.006252149242576833,4,0.13262855691293168,0.007977561521028468,4,1.3235200941562653,0.03470898284614524,4,0.2106374055147171,0.00019808485343862883,4,0.27660804241895676,0.0005489535882306018,4,0.39110216441418744,0.010678874707410722,4,0.3043081409676142,0.005128284410872326,4,0.14187848645053902,0.003406676972692432,4,0.15304643178322452,0.008279640891277503,4,0.9293146878480911,0.024187450909993212,4,19.0,5.597618541248889,4,1.3235200941562653,0.03470898284614524,4,179761.0,0.0,4,3747661.0,0.0,4
B2_with_RC,,0.0002,1e-05,hq_first,full,1,643,HepG2,0.19299445673823357,0.00261633393595311,4,0.26041483134031296,0.003694921069376486,4,0.5201760427037587,0.009775300968891398,4,0.3789182600423121,0.014210457441800335,4,0.2627458762890133,0.010940423474767015,4,0.2706547827847169,0.01011129795920191,4,0.7361075580120087,0.010923436345450201,4,0.24748192727565765,0.00034676240765667705,4,0.3274010121822357,0.00030840712400179507,4,0.376496222989439,0.003047464516737002,4,0.31144822077666473,0.010348521774038635,4,0.14078881856672718,0.0016180037285510379,4,0.14175637120529896,0.0023026479989703957,4,1.1637607514858246,0.022978109221200804,4,0.21224597096443176,0.0014601468487314714,4,0.27907121181488037,0.0016119170152055363,4,0.37432318218175464,0.011128084922535565,4,0.2861064640433612,0.005960328838870921,4,0.1265081589980317,0.010118396801746409,4,0.14021072042420746,0.008341874567128179,4,0.8454470336437225,0.01093710417333095,4,8.75,0.9574271077563381,4,1.1637607514858246,0.022978109221200804,4,179761.0,0.0,4,3747661.0,0.0,4
B2_with_RC,,0.0002,1e-05,hq_first,full,1,643,K562,0.18129587545990944,0.00485723475975914,4,0.2461707554757595,0.005939374056547049,4,0.5870558492447595,0.018762291441218323,4,0.41956323062176,0.014332313004641516,4,0.3411624578524174,0.02172730492473898,4,0.34489858781757976,0.0219514806922751,4,0.6578129082918167,0.021693466604960965,4,0.24323204532265663,0.0013488287387027622,4,0.3208993226289749,0.00042921613616383076,4,0.419143236630508,0.002009040552207395,4,0.32178180506047893,0.006233774785741126,4,0.17457469746250884,0.0022077983037127116,4,0.17568407999605334,0.001684640532277743,4,1.1180113852024078,0.023040776271408513,4,0.20566684380173683,0.0018098767644647818,4,0.2725149393081665,0.002409728920513795,4,0.4305265591204821,0.011734365278817344,4,0.3150403357748639,0.0050333264305681726,4,0.16704033273148192,0.014735853811055426,4,0.1854563896044945,0.010098517647389331,4,0.806217685341835,0.015129410336512265,4,14.25,1.5,4,1.1180113852024078,0.023040776271408513,4,179761.0,0.0,4,3747661.0,0.0,4
B2_with_RC,,0.0002,1e-05,hq_first,full,1,643,SKNSH,0.18536649271845818,0.0053027570102401715,4,0.25160467997193336,0.006025394735712376,4,0.564292493357937,0.028597839561160965,4,0.43616675055110454,0.02384839001369735,4,0.3115281641011567,0.030508885016600314,4,0.31903939538079173,0.0321242123424987,4,0.68740114569664,0.030461413478206387,4,0.2468080073595047,0.0003953328403334405,4,0.327559158205986,0.0002888048968424027,4,0.3802251198436781,0.003941152322480205,4,0.33467778936032755,0.00593907880502486,4,0.139958599041059,0.0015171014563243037,4,0.14458279127136114,0.003002651604313233,4,1.1649202704429626,0.025237531290384353,4,0.20594119280576706,0.0020262565318007342,4,0.2718999460339546,0.0024832062714648996,4,0.4229870421204648,0.015143475222859443,4,0.3071083937965794,0.0033831778194085994,4,0.17079236948473975,0.015138828074401704,4,0.17909003143318888,0.012829174496727396,4,0.8025675117969513,0.01412164203004801,4,12.25,2.217355782608345,4,1.1649202704429626,0.025237531290384353,4,179761.0,0.0,4,3747661.0,0.0,4
B2_with_RC,,0.0002,1e-05,hq_first,full,1,1125,HepG2,0.2271275706589222,0.0036049055872337515,4,0.3019406870007515,0.00550819310754983,4,0.5173483293339574,0.03374252992002891,4,0.3798208156444359,0.034501791003563875,4,0.2644272968583819,0.03448141611830269,4,0.26850321260868976,0.03466824383967771,4,0.7349188774824142,0.03445080437981173,4,0.24520092457532883,0.0016377645962636137,4,0.32601503282785416,0.0016869618276233495,4,0.39213006852911103,0.011155874843193548,4,0.3066137706866435,0.006855542025587709,4,0.1480314429775886,0.008819860517573944,4,0.15385933080228303,0.008753862455008133,4,0.856370359659195,0.01466109951737966,4,0.2089182734489441,0.0015889012850361503,4,0.27624887228012085,0.0023434720762541394,4,0.41228756840133596,0.00964743981010821,4,0.30777398696950553,0.007359807546061345,4,0.14406186434205973,0.014535503698794389,4,0.17005084387945352,0.007880893409828492,4,0.6148103475570679,0.006193612248725572,4,7.75,0.9574271077563381,4,0.856370359659195,0.01466109951737966,4,179761.0,0.0,4,3747661.0,0.0,4
B2_with_RC,,0.0002,1e-05,hq_first,full,1,1125,K562,0.22302516922354698,0.006159528832236201,4,0.29709064215421677,0.007426054735899883,4,0.539425424985937,0.026963223410559397,4,0.3930186703569535,0.016132524918826566,4,0.2881303814731566,0.02990374534366384,4,0.2915250506837746,0.02980021814937968,4,0.7112368494272232,0.029877202455033686,4,0.24289372190833092,0.0013038703169146923,4,0.32130909711122513,0.00028941489864296494,4,0.4210411836755844,0.0031304898970347587,4,0.32040568061007507,0.01398840072595359,4,0.17246593606375168,0.0014914390566015078,4,0.1772830283261838,0.0026375466379413913,4,0.831792488694191,0.009697750396380189,4,0.20430856943130493,0.002469438013660523,4,0.2714414596557617,0.002733900458844825,4,0.4419142048566994,0.01377475004495704,4,0.31494295841949693,0.008349333281788393,4,0.17357525869483906,0.016569477043689915,4,0.19543047225822968,0.01228432499753859,4,0.5936141163110733,0.009059620539212504,4,9.25,1.5,4,0.831792488694191,0.009697750396380189,4,179761.0,0.0,4,3747661.0,0.0,4
B2_with_RC,,0.0002,1e-05,hq_first,full,1,1125,SKNSH,0.22819672152400017,0.005378741603475033,4,0.3020206391811371,0.0064819400027720485,4,0.5190118240226289,0.03555523155211816,4,0.3891574202018399,0.03063264180536829,4,0.2640904462445769,0.0351762034772513,4,0.27032140434333984,0.036296919838834554,4,0.7352554500102997,0.03514495379212141,4,0.24470627307891846,0.0014670416054175966,4,0.3264697268605232,0.001976162571523137,4,0.3891767648633446,0.012555581692886281,4,0.33036314314009935,0.005292557818211397,4,0.14564695834266425,0.010345788279706133,4,0.15157678628323407,0.009647643905336263,4,0.8587879091501236,0.01715148021256543,4,0.20271850377321243,0.0013330118249516897,4,0.2687460035085678,0.001219517340562014,4,0.4447330141810441,0.007528761042330159,4,0.32367071944333525,0.006661097998791402,4,0.18995598438939768,0.007335951680531164,4,0.19782996558468116,0.0066931074544558525,4,0.5818897932767868,0.005845942649184281,4,8.25,0.9574271077563381,4,0.8587879091501236,0.01715148021256543,4,179761.0,0.0,4,3747661.0,0.0,4
B2_with_RC,,0.0002,1e-05,hq_first,full,1,1608,HepG2,0.24258815124630928,0.007945213666962304,4,0.31886424124240875,0.008400007035084792,4,0.5081919579506071,0.05825203514528118,4,0.3831102651269767,0.05728607402425136,4,0.2578860880579352,0.06095961926442355,4,0.26080404082459696,0.06071062849862084,4,0.7416524142026901,0.060921731219913296,4,0.24361253902316093,0.0019775841929511413,4,0.32460392266511917,0.001941903035200721,4,0.4043739806920229,0.010270863579776142,4,0.3121436826945456,0.012203035990477513,4,0.1553850859611494,0.010107427653724998,4,0.16359743423971831,0.008305122854162931,4,0.7674655467271805,0.03163543546738993,4,0.2085866816341877,0.0008950077329162617,4,0.27573706954717636,0.0013410085501106561,4,0.4255357637294625,0.014339766004406269,4,0.3118814909626946,0.004418771018700588,4,0.14726142393510483,0.008288349722089588,4,0.18123490787961277,0.012151353745314794,4,0.5536145716905594,0.016398087369491412,4,7.5,3.1091263510296048,4,0.7674655467271805,0.03163543546738993,4,179761.0,0.0,4,3747661.0,0.0,4
B2_with_RC,,0.0002,1e-05,hq_first,full,1,1608,K562,0.2435101941227913,0.0048992026865569945,4,0.31957871466875076,0.006444724393812801,4,0.5086189013277627,0.02460059708564098,4,0.3720799998501434,0.014217411076051607,4,0.2560680668434034,0.02356050266468944,4,0.2591470788205879,0.024628385309336174,4,0.7434692829847336,0.023545850162631186,4,0.2424757294356823,0.0006488619517400856,4,0.32069331407546997,0.0015749078099051394,4,0.42589030387070226,0.007897725174485155,4,0.32575259970365233,0.008095689697177262,4,0.1756203730948269,0.008089031734728833,4,0.1814293314782779,0.0067775131154167905,4,0.7489395886659622,0.025675042996529087,4,0.20452973246574402,0.0014536606777906284,4,0.27143680304288864,0.002193392738788542,4,0.4435278933497833,0.005437670051423351,4,0.31168226164783264,0.008549462267310657,4,0.1736260207457569,0.013392885277057932,4,0.19673916837098787,0.004815331858461811,4,0.5365617126226425,0.01971825269754953,4,7.5,1.2909944487358056,4,0.7489395886659622,0.025675042996529087,4,179761.0,0.0,4,3747661.0,0.0,4
B2_with_RC,,0.0002,1e-05,hq_first,full,1,1608,SKNSH,0.24813080951571465,0.007644975293520581,4,0.3242509365081787,0.011814938430046034,4,0.488789058432349,0.028302447600715454,4,0.3745960475876623,0.016944990506610195,4,0.2345766508620479,0.028151953535815937,4,0.23951551504832572,0.02793541452815546,4,0.7649473398923874,0.028134394879900555,4,0.2440561056137085,0.0010187190339453537,4,0.3258611187338829,0.0014568441323750201,4,0.39665630214548986,0.009961922490700994,4,0.33610429440860284,0.002546246188699308,4,0.14884009171410637,0.007612127158235335,4,0.15741065195651718,0.007934918560022467,4,0.7733244150876999,0.028361651666053367,4,0.2026667408645153,0.0016535312098489969,4,0.26861572265625,0.0021531425132098768,4,0.450100608211398,0.009014575132415098,4,0.3349227874468323,0.008179236055568,4,0.19071462794378086,0.012983666996636325,4,0.20265150443588387,0.00811504741175643,4,0.5254330486059189,0.018109432730473853,4,6.75,0.9574271077563381,4,0.7733244150876999,0.028361651666053367,4,179761.0,0.0,4,3747661.0,0.0,4
B2_with_RC,,0.0002,1e-05,hq_first,full,1,2411,HepG2,0.25713924691081047,0.0050228621321943435,4,0.3351769670844078,0.007667584234093811,4,0.4803451021776076,0.028132924553340967,4,0.35385418117234824,0.02078427541698692,4,0.2272977908504299,0.027906895549187526,4,0.23132501326895927,0.027537883769593964,4,0.7723816335201263,0.027895293726297576,4,0.24095841869711876,0.0010228115321549778,4,0.3223860561847687,0.0012373976292088039,4,0.41432270645636704,0.006753435896760474,4,0.32624525528364656,0.012032314693546566,4,0.16690048700632545,0.006402508355026802,4,0.17169751175763762,0.005585880793747493,4,0.7145404666662216,0.010947813724535953,4,0.20465192571282387,0.001519787770812965,4,0.2704370841383934,0.001179916817639522,4,0.443764698300216,0.009090580131713995,4,0.3323702274820393,0.009244896804621022,4,0.17973040995947956,0.007167607444716944,4,0.19698908644283003,0.008148116484647689,4,0.5027994513511658,0.006564414420344527,4,5.75,0.9574271077563381,4,0.7145404666662216,0.010947813724535953,4,179761.0,0.0,4,3747661.0,0.0,4
B2_with_RC,,0.0002,1e-05,hq_first,full,1,2411,K562,0.257756270468235,0.006891529312657249,4,0.3357483223080635,0.008352651754476777,4,0.4758685313202443,0.037076019368390126,4,0.3461270994972603,0.024422087521119417,4,0.22456790924517614,0.03331385399648584,4,0.22748183251004028,0.03443443613244767,4,0.7751104533672333,0.03329997337755626,4,0.24028440937399864,0.0018324124122090658,4,0.31987836211919785,0.001887542083329208,4,0.4295654065633029,0.01000952798612538,4,0.33981326886724394,0.005727414854082915,4,0.17979839575558687,0.009666250505146043,4,0.1846015815037745,0.008662913804019914,4,0.7034293562173843,0.008076364420670591,4,0.20211322605609894,0.0006325752619567116,4,0.26849400997161865,0.0012063431301787232,4,0.45490851283523304,0.008781729365230504,4,0.3260671221395334,0.005827794475704497,4,0.19147461284268044,0.007267402286486684,4,0.20699959412794652,0.007977931138784405,4,0.49558789283037186,0.005135758424130436,4,5.75,1.2583057392117918,4,0.7034293562173843,0.008076364420670591,4,179761.0,0.0,4,3747661.0,0.0,4
B2_with_RC,,0.0002,1e-05,hq_first,full,1,2411,SKNSH,0.25963785499334335,0.00290565836730683,4,0.33726152032613754,0.004637289122163466,4,0.47066530361882447,0.01755371042098027,4,0.3568746768999777,0.0217250174455165,4,0.2177169850493434,0.01639835756174077,4,0.22175692759275795,0.01658298696819085,4,0.7819585204124451,0.016391480635841376,4,0.24233920499682426,0.0009252534655266512,4,0.3242538794875145,0.0008802742696792875,4,0.40455667018676633,0.005531560859369255,4,0.3379740146835172,0.004394662492981159,4,0.15722368147937732,0.004570897301939598,4,0.1636890480167597,0.004473783769279057,4,0.7228135466575623,0.007532906625487159,4,0.2004396617412567,0.0009690219022282432,4,0.2658606842160225,0.0012443741655271616,4,0.4647172059612503,0.0045290473650074665,4,0.34108194369110567,0.0038808475310731865,4,0.20725539171719412,0.00742079996951075,4,0.21597746571895698,0.0042041304422651155,4,0.48592303693294525,0.006120914599479215,4,5.5,0.5773502691896257,4,0.7228135466575623,0.007532906625487159,4,179761.0,0.0,4,3747661.0,0.0,4
B2_with_RC,,0.0002,1e-05,hq_first,full,1,3215,HepG2,0.2626162990927696,0.0029445720302717143,4,0.3414364531636238,0.003676513354317584,4,0.47923348235332847,0.018504422322062706,4,0.3637375648105434,0.016673154921320762,4,0.22581039515946952,0.01668033457989183,4,0.2299215408426029,0.017644928735097515,4,0.7739488482475281,0.016675128301031936,4,0.23949306458234787,0.00042928852920876026,4,0.32184329628944397,0.00038455946789455044,4,0.4150364009907308,0.002545395970561787,4,0.3415477592162304,0.003156725102900668,4,0.1697116099057023,0.0019843578752078207,4,0.1722600734278239,0.002110879386128217,4,0.6876130253076553,0.0016433731668173744,4,0.20245922356843948,0.0006563410646664905,4,0.26708100736141205,0.0008583596920630637,4,0.45985852126445176,0.0036048440871589123,4,0.34951566488209035,0.004128537396922466,4,0.1999681631008039,0.005142452686592179,4,0.21147960575519778,0.0033157910615471274,4,0.4735262617468834,0.003043768025408586,4,6.0,0.816496580927726,4,0.6876130253076553,0.0016433731668173744,4,179761.0,0.0,4,3747661.0,0.0,4
B2_with_RC,,0.0002,1e-05,hq_first,full,1,3215,K562,0.2625267505645752,0.008186515029602888,4,0.3413408473134041,0.010045982310599891,4,0.4775976262075902,0.04980751283194082,4,0.3584597485905132,0.04167585661028378,4,0.22580856724074663,0.04537425679646978,4,0.22996008381000302,0.04807891950380111,4,0.773950606584549,0.04536014231319685,4,0.2391466163098812,0.001373029546409808,4,0.3200789541006088,0.00022288376277684196,4,0.4274211333008201,0.0023006031915485583,4,0.3396609567453853,0.001558954091340484,4,0.17879047662397524,0.0011438355750483379,4,0.18269279477344116,0.0019678194212042633,4,0.6800942420959473,0.0009473078398335042,4,0.19982407614588737,0.0005808549002107326,4,0.26555124670267105,0.0015284834049735024,4,0.46781107656445875,0.010794107573209909,4,0.349066763857529,0.012859169597810634,4,0.2090930337046082,0.009116878670880933,4,0.21893458792512444,0.010069133125417773,4,0.4681253954768181,0.005396132932547023,4,6.25,2.217355782608345,4,0.6800942420959473,0.0009473078398335042,4,179761.0,0.0,4,3747661.0,0.0,4
B2_with_RC,,0.0002,1e-05,hq_first,full,1,3215,SKNSH,0.2648916617035866,0.004525251860847897,4,0.3437095880508423,0.005381609410009453,4,0.4671657074317341,0.025492918277359205,4,0.36137864696659117,0.023964627237878504,4,0.21539162087099947,0.02448276682867412,4,0.21873121486191463,0.024058980224913873,4,0.7843643575906754,0.024475132343025775,4,0.24082305282354355,0.0014526622246268186,4,0.32356755435466766,0.0005783310685954806,4,0.40818899779355394,0.0039722639269459915,4,0.340870467917859,0.003743454300943894,4,0.16079019903754102,0.0030014635309592074,4,0.166630092080235,0.003258206279402904,4,0.6950013488531113,0.0024856602627710855,4,0.1997443437576294,0.0006716217896949372,4,0.2645813226699829,0.0007053244473452551,4,0.47285292408220386,0.005801523606422955,4,0.3397097861209196,0.004265406304845299,4,0.2148754305541697,0.004184626791037999,4,0.22361513107020736,0.005492356236464024,4,0.46470291912555695,0.0024768207175131893,4,5.75,0.9574271077563381,4,0.6950013488531113,0.0024856602627710855,4,179761.0,0.0,4,3747661.0,0.0,4
B2_with_RC,,0.0002,0.0001,hq_first,branched_only,1,161,HepG2,0.19952986389398575,0.009366765529799748,4,0.271933414041996,0.00461025917480531,4,0.3031849088540318,0.0464000507369879,4,0.2072238862768072,0.044594768897479986,4,0.057787185010408915,0.062330308871226064,4,0.09353581248812388,0.0274653808147085,4,0.9363605678081512,0.06194312169902909,4,0.25039292126893997,0.00031908656545969036,4,0.3311626985669136,0.0006756982623463596,4,0.3508971246364117,0.0038953296163133587,4,0.30516272772339326,0.006821139798979202,4,0.12092940460050464,0.0035891680928104744,4,0.12314017227271624,0.0027310629795772937,4,1.3886310756206512,0.08432389661336921,4,0.21795949339866638,0.001634226165131929,4,0.2853950262069702,0.0013730131077971338,4,0.3159156091659327,0.007764580493706296,4,0.2719175316126729,0.009281556346430063,4,0.08647961658032821,0.008777592771447372,4,0.09984788864736478,0.004873783300744643,4,1.0315110683441162,0.06700637692253397,4,10.75,3.8622100754188224,4,1.3886310756206512,0.08432389661336921,4,179761.0,0.0,4,179761.0,0.0,4
B2_with_RC,,0.0002,0.0001,hq_first,branched_only,1,161,K562,0.1963631920516491,0.010845522751181476,4,0.2669315040111542,0.011821018796801626,4,0.33012820791126957,0.11395727255162852,4,0.238372031381558,0.07321669621993061,4,0.09084556931909643,0.09566377315700025,4,0.11872432863426104,0.08455613936061328,4,0.9035074412822723,0.09506957018252639,4,0.2477698102593422,0.0028489187981917546,4,0.3272888883948326,0.0035091609411325372,4,0.37785162547178947,0.028084062094888243,4,0.300487432006314,0.030473480809239457,4,0.14130380814325252,0.018320590296158627,4,0.14336338677948562,0.021965928936662937,4,1.3567669093608856,0.09418550812119028,4,0.21171525120735168,0.005694780257615625,4,0.27916281670331955,0.004849737391453281,4,0.3639879557113476,0.033269103692607986,4,0.2943972652273266,0.012383022623230024,4,0.12575869581455917,0.030108514423119133,4,0.1333173568483081,0.02532020908228648,4,0.9875890612602234,0.07980881582133617,4,23.75,24.226363050748386,4,1.3567669093608856,0.09418550812119028,4,179761.0,0.0,4,179761.0,0.0,4
B2_with_RC,,0.0002,0.0001,hq_first,branched_only,1,161,SKNSH,0.19683688879013062,0.01349406844360131,4,0.2658202648162842,0.012229943962778562,4,0.34199544134513665,0.11087263240132719,4,0.23944494161745342,0.10609978724829176,4,0.09870689971689253,0.09192468581799637,4,0.1261804373625547,0.08397595374034086,4,0.8956950604915619,0.0913537337991215,4,0.2508288137614727,0.0017520729965496348,4,0.33295367658138275,0.0021253769716561136,4,0.3361679900615648,0.015257930142791058,4,0.30599700483612285,0.0018751504337160582,4,0.11137104890023183,0.011313211227707535,4,0.11318352086621404,0.010484254819014693,4,1.4041935503482819,0.09671122995725422,4,0.21203115209937096,0.004305475219978715,4,0.2795024514198303,0.0044552403614506065,4,0.35638331803531587,0.03349587012593306,4,0.28699227961990686,0.004888081322184305,4,0.12366151237325862,0.027727544785669266,4,0.1278505493604811,0.024988453188406867,4,0.9899652153253555,0.07887227022000669,4,24.0,26.08958923913266,4,1.4041935503482819,0.09671122995725422,4,179761.0,0.0,4,179761.0,0.0,4
B2_with_RC,,0.0002,0.0001,hq_first,branched_only,1,322,HepG2,0.19802478328347206,0.00582266396632389,4,0.266795851290226,0.010175869551321175,4,0.37838778973270326,0.07792754183866313,4,0.2697869705535982,0.051084528851427474,4,0.1314986473816724,0.07503792510124475,4,0.14773184575156292,0.05818279325086682,4,0.865804135799408,0.07480485371012185,4,0.24809570237994194,0.003003893786118463,4,0.3283025845885277,0.003373989911895519,4,0.36928917833577257,0.02472449725734023,4,0.3098823298165758,0.013096801697984614,4,0.13598239902689976,0.01775333787343995,4,0.13683297280938123,0.018288502254903402,4,1.3093598783016205,0.04799842158520793,4,0.21277447417378426,0.006635414896876053,4,0.28034021705389023,0.006421801685634225,4,0.3548784967267884,0.04812561296278343,4,0.28606903402375927,0.01725099114156813,4,0.11822136741607298,0.040389880061020594,4,0.12767580340634788,0.03417334457806249,4,0.9551040530204773,0.05407087024112212,4,30.0,29.631064780058107,4,1.3093598783016205,0.04799842158520793,4,179761.0,0.0,4,179761.0,0.0,4
B2_with_RC,,0.0002,0.0001,hq_first,branched_only,1,322,K562,0.19842958822846413,0.0048192625072953224,4,0.26557788252830505,0.00756578922789959,4,0.3766030841773885,0.0740538246903462,4,0.2563249382098406,0.027413354967029263,4,0.13978237982918504,0.06086208030330891,4,0.1459428597253726,0.054923196133923394,4,0.8575461208820343,0.06067307968548991,4,0.24611884355545044,0.002181143051977879,4,0.3254166692495346,0.0030163961514222816,4,0.3922896087709984,0.020244764013797115,4,0.3094467524006954,0.010674217204309768,4,0.15111830580613148,0.015738726986104925,4,0.15419852500218373,0.0158486028901931,4,1.2863751947879791,0.044150077365306455,4,0.20701448246836662,0.005019941183533832,4,0.2756912186741829,0.003942647726893628,4,0.38895796423946416,0.03340953918051259,4,0.31119624165646376,0.016366094803063558,4,0.1474293358804711,0.024375807937491157,4,0.1521254459264989,0.026000703925829427,4,0.9234858006238937,0.04122073671356583,4,29.25,24.253865671269807,4,1.2863751947879791,0.044150077365306455,4,179761.0,0.0,4,179761.0,0.0,4
B2_with_RC,,0.0002,0.0001,hq_first,branched_only,1,322,SKNSH,0.19535310566425323,0.005953646514624796,4,0.26366304606199265,0.007816374883030894,4,0.39424846552352866,0.07674232078758648,4,0.28305345556573597,0.0405616288442093,4,0.15186913710306077,0.06647339063664698,4,0.15984889041755557,0.0569337564619183,4,0.8454969227313995,0.06626691712563167,4,0.2476748563349247,0.002735801188787991,4,0.3292110562324524,0.003788669043584125,4,0.3642525485510301,0.027220457530779223,4,0.32466158247951493,0.012703582924779591,4,0.13117650361741945,0.02002287621993018,4,0.13323563410705927,0.019474901777812862,4,1.3168072998523712,0.055757181333782053,4,0.20643148943781853,0.005855978642041859,4,0.27347061038017273,0.0064294346277726485,4,0.4032279916458541,0.04872523327688577,4,0.3050629026549844,0.020974170957390268,4,0.16088937970097703,0.03958917670651372,4,0.16437342451516418,0.038004401044796764,4,0.9092755317687988,0.06092529388407625,4,42.75,24.944939366532843,4,1.3168072998523712,0.055757181333782053,4,179761.0,0.0,4,179761.0,0.0,4
B2_with_RC,,0.0002,0.0001,hq_first,branched_only,1,643,HepG2,0.20211204141378403,0.0018081161966624008,4,0.27176670730113983,0.003444139721877834,4,0.44715863548694346,0.012944392248182482,4,0.31057319823939444,0.0080166223724595,4,0.19706071332176625,0.010158325032974052,4,0.20007651325855125,0.01166098353434024,4,0.8016905337572098,0.01014255944039133,4,0.24435368180274963,0.0007149367152888013,4,0.324973426759243,0.0009515963273919333,4,0.39269037897612497,0.006155855707298117,4,0.324283860859412,0.007926556497344297,4,0.15347831391774613,0.00495600044502306,4,0.15423415466002946,0.00483766093799151,4,1.1466593444347382,0.028470005876335847,4,0.20326703041791916,0.0013197536480950317,4,0.27013688534498215,0.0016000399740242152,4,0.42785199813424174,0.010043614971946878,4,0.3255751755024445,0.0035073574478244295,4,0.18154065019463084,0.00969371569089629,4,0.18313298795874172,0.008604850938340071,4,0.7921562939882278,0.007442634060977525,4,33.5,3.8729833462074175,4,1.1466593444347382,0.028470005876335847,4,179761.0,0.0,4,179761.0,0.0,4
B2_with_RC,,0.0002,0.0001,hq_first,branched_only,1,643,K562,0.20580720528960228,0.0020391199713340595,4,0.27572210133075714,0.003789832802441233,4,0.4178074228189711,0.012873196638297625,4,0.2675078238988121,0.01186860380278426,4,0.17353659886079414,0.010333866098761413,4,0.17468733195639669,0.01075450353990724,4,0.8251781016588211,0.010317811903781567,4,0.24397100135684013,0.0004474354755631585,4,0.3230137228965759,0.0010660801600014887,4,0.40584974873268775,0.006546795372338603,4,0.3292526679797472,0.0051450973200873025,4,0.1636557118372621,0.0055168805621428115,4,0.16474616394362124,0.005333075860483521,4,1.1329053342342377,0.030003486815296958,4,0.20300662145018578,0.001276745318726636,4,0.2703782394528389,0.0016214534649297834,4,0.42645692084002157,0.009438802415013181,4,0.3234486714967187,0.0054068688982974525,4,0.1800769994464602,0.009839921886835372,4,0.18193232357562467,0.008038420884483767,4,0.7935943007469177,0.010163575292766642,4,25.25,4.031128874149275,4,1.1329053342342377,0.030003486815296958,4,179761.0,0.0,4,179761.0,0.0,4
B2_with_RC,,0.0002,0.0001,hq_first,branched_only,1,643,SKNSH,0.20330221205949783,0.002169519806945073,4,0.27285105735063553,0.0040231519755243115,4,0.4376421730406106,0.028541571573295302,4,0.2932671907496727,0.026038717223072414,4,0.19043766508456159,0.024904731468726796,4,0.19214163760461292,0.024890058049106715,4,0.8083032667636871,0.024866063786324808,4,0.2451990433037281,0.0006111129278511127,4,0.3258521556854248,0.0005343125873690002,4,0.38627507831066865,0.00390567494150258,4,0.33303480918131284,0.00648881076889076,4,0.1488978885901867,0.00278938939513247,4,0.14921987684647472,0.0030298301640696097,4,1.1528446972370148,0.027057315313510633,4,0.20105982199311256,0.0014816066887045078,4,0.2674587443470955,0.0016773601569040591,4,0.44522302428920557,0.011236932884811882,4,0.3130867686991569,0.005136025600440858,4,0.19768611799706673,0.010082081521077098,4,0.19831824285271987,0.00992948798449487,4,0.7767754942178726,0.024027146635270356,4,43.0,10.23067283548187,4,1.1528446972370148,0.027057315313510633,4,179761.0,0.0,4,179761.0,0.0,4
B2_with_RC,,0.0002,0.0001,hq_first,branched_only,1,1125,HepG2,0.24312077835202217,0.002855275441700299,4,0.3220764622092247,0.0031881719793701766,4,0.4061730985538231,0.029239770196226846,4,0.2977613938822243,0.032692348660211,4,0.16336635477653355,0.022391395554354668,4,0.16561780910965984,0.023456050093434502,4,0.8358900249004364,0.022371566466516876,4,0.2443271055817604,0.001409750941264605,4,0.32552868872880936,0.001700935930346354,4,0.3917420212513826,0.010964171954466594,4,0.30901787057614943,0.011874570947778882,4,0.15057113001498293,0.0088876600255075,4,0.15355197101410403,0.008543584628863366,4,0.8538594543933868,0.017664281813660677,4,0.20367899537086487,0.0013810154569404562,4,0.2707494869828224,0.00155082288995017,4,0.42560310798103285,0.011488292203425298,4,0.3284338711136763,0.008751470148317465,4,0.17782575300642342,0.009422760612845221,4,0.18123699116642816,0.009759138815678421,4,0.5906431972980499,0.010740393371159097,4,17.25,3.304037933599835,4,0.8538594543933868,0.017664281813660677,4,179761.0,0.0,4,179761.0,0.0,4
B2_with_RC,,0.0002,0.0001,hq_first,branched_only,1,1125,K562,0.2452007569372654,0.0019335020260308603,4,0.3248978480696678,0.0024739657861128114,4,0.38812353264059957,0.021351710840986228,4,0.2665141160859754,0.023284859659847175,4,0.14873864641124834,0.01570921626940758,4,0.15098179825629637,0.016177940191404783,4,0.8505047112703323,0.015695332305478323,4,0.24451926350593567,0.0001866990567845901,4,0.32394325733184814,0.000793163337529316,4,0.40921054842559795,0.004765311078952594,4,0.3297083082925505,0.007300189886574353,4,0.15883836590812395,0.004123012075425007,4,0.16747030408503805,0.003912584318872072,4,0.8455290794372559,0.014135789926176133,4,0.2016351781785488,0.0011754127839448316,4,0.26969488710165024,0.0013551368048385813,4,0.4343462072501498,0.009877080932706757,4,0.322389597510152,0.014426739479265946,4,0.18422283404565115,0.008200635448604174,4,0.1887297952984035,0.00858809832866895,4,0.5859922915697098,0.0039935012241302465,4,15.0,2.449489742783178,4,0.8455290794372559,0.014135789926176133,4,179761.0,0.0,4,179761.0,0.0,4
B2_with_RC,,0.0002,0.0001,hq_first,branched_only,1,1125,SKNSH,0.24413983151316643,0.0029148280809346816,4,0.3226218819618225,0.003231734609733331,4,0.40390323836761777,0.03288286287060847,4,0.2857436713502873,0.03850568819686589,4,0.16050977625987028,0.02354898746019131,4,0.16394878796677412,0.02622152809965723,4,0.8387440145015717,0.023528101087594296,4,0.24476700276136398,0.0015956755824844107,4,0.32608309388160706,0.0017995104283181314,4,0.38838301688731003,0.012110416118672243,4,0.3229407354499108,0.007342292937792192,4,0.14767337926535304,0.009408316224043324,4,0.1509513644404141,0.009430603511116884,4,0.8567318320274353,0.015246392533334355,4,0.20125888288021088,0.0017774889409882604,4,0.2678227126598358,0.0011895882346466752,4,0.44524878694575293,0.0060517757869183435,4,0.32053917891774447,0.01192927760937691,4,0.19551284373956537,0.00715859102730751,4,0.19827395026929584,0.00536084052871865,4,0.5779524445533752,0.01079666491783403,4,23.25,5.188127472091127,4,0.8567318320274353,0.015246392533334355,4,179761.0,0.0,4,179761.0,0.0,4
B2_with_RC,,0.0002,0.0001,hq_first,branched_only,1,1608,HepG2,0.2597057968378067,0.004901298292382129,4,0.3407668024301529,0.007646567899778523,4,0.39670883454625494,0.011095158627529198,4,0.2935671657045877,0.007841891589322521,4,0.15450007962188114,0.007270407633841455,4,0.1574702263157754,0.008839162913342566,4,0.8449741303920746,0.007265818293517477,4,0.24411945790052414,0.0005392614718220245,4,0.32538705319166183,0.0006765879149414695,4,0.396416277046477,0.005994933227196105,4,0.32606214894790636,0.014069078842307922,4,0.15132474935738996,0.003529385246744583,4,0.15717281912568812,0.004735333670333305,4,0.7711135298013687,0.02936098881992544,4,0.2031717449426651,0.0014839337921006036,4,0.2700252905488014,0.0017203950848527192,4,0.4332734317467617,0.011606254959905216,4,0.3268827896082896,0.015791697326019854,4,0.182213395439791,0.010416771137376515,4,0.18782689552326148,0.010006659418558382,4,0.5308566838502884,0.013203232404944441,4,14.5,2.380476142847617,4,0.7711135298013687,0.02936098881992544,4,179761.0,0.0,4,179761.0,0.0,4
B2_with_RC,,0.0002,0.0001,hq_first,branched_only,1,1608,K562,0.2618020549416542,0.004633094991629458,4,0.3433757796883583,0.007243559511272718,4,0.37776643140023913,0.012001977529500715,4,0.2737185158084894,0.0052031746293945995,4,0.14146122092789246,0.008269804105365146,4,0.14281551229133557,0.009081585065598325,4,0.8580048233270645,0.008264625220961346,4,0.2440868616104126,0.0010836233926344752,4,0.32356809079647064,0.0007794810512774569,4,0.41130060634481413,0.0035437733582596477,4,0.3292315682406062,0.0034614717113235004,4,0.16078579572474536,0.004042055513341476,4,0.1691776075268228,0.002922458141973541,4,0.7624322324991226,0.026007027897267238,4,0.20263762772083282,0.0011798817528940705,4,0.27028898894786835,0.001152733787565917,4,0.4324621056497123,0.0057717252705382985,4,0.3174344054496815,0.010794482528736401,4,0.1806291107854412,0.006982529917516545,4,0.18704845743243187,0.005014463092370235,4,0.5319739580154419,0.01653347208643722,4,12.0,2.160246899469287,4,0.7624322324991226,0.026007027897267238,4,179761.0,0.0,4,179761.0,0.0,4
B2_with_RC,,0.0002,0.0001,hq_first,branched_only,1,1608,SKNSH,0.2608080133795738,0.004932547515637706,4,0.3414700925350189,0.007247024965779745,4,0.3901022592664074,0.015790129520059936,4,0.29080369185885635,0.011384893825948681,4,0.1509247273390828,0.01277338289795076,4,0.15236676882745057,0.012258501870399181,4,0.8485471904277802,0.012765380455641311,4,0.24383579567074776,0.0013779508711992147,4,0.325286403298378,0.0010242837815103102,4,0.39688777477103415,0.007558388742278414,4,0.332447956485792,0.00991588966379762,4,0.15184620743986682,0.0053350907809117856,4,0.15756275269298767,0.006001234485830601,4,0.7705407589673996,0.025977022754461926,4,0.202177956700325,0.0014732311951175345,4,0.26855745911598206,0.0011195744574509338,4,0.444040548801665,0.008533313992012416,4,0.3244570962327003,0.005232098861392889,4,0.19109407166138306,0.006738560741587087,4,0.19722662206584857,0.007557891144762485,4,0.5252380818128586,0.01860888855279607,4,20.75,6.701989754294367,4,0.7705407589673996,0.025977022754461926,4,179761.0,0.0,4,179761.0,0.0,4
B2_with_RC,,0.0002,0.0001,hq_first,branched_only,1,2411,HepG2,0.2711329683661461,0.0018065024744234068,4,0.3534513786435127,0.002845137316266028,4,0.37768736803454833,0.005811806893628068,4,0.27819224423045014,0.008100591199694814,4,0.14086387652564442,0.0037005868792589123,4,0.142673080797391,0.004366493009846566,4,0.858779713511467,0.0036990111100654952,4,0.24365784227848053,0.0005148872292703087,4,0.3248753994703293,0.000642478497138501,4,0.4008833873875748,0.004408936105229909,4,0.3305405815411275,0.00853713933221218,4,0.1539919459097883,0.003346320520853685,4,0.1607220693215214,0.0035340938783044525,4,0.7256245762109756,0.01120323386566708,4,0.2035343013703823,0.0014088157091345387,4,0.27083080261945724,0.0013056506314540145,4,0.4299564566022752,0.0056767294671726445,4,0.32983753194515025,0.009502316152392528,4,0.1773377474832893,0.00794711076313924,4,0.18488672351706675,0.004883735781595154,4,0.5042438060045242,0.004242308725097342,4,9.0,0.816496580927726,4,0.7256245762109756,0.01120323386566708,4,179761.0,0.0,4,179761.0,0.0,4
B2_with_RC,,0.0002,0.0001,hq_first,branched_only,1,2411,K562,0.27147524803876877,0.0015842257347551069,4,0.35405731201171875,0.0027998427788628317,4,0.37272965417682463,0.0073712733758883545,4,0.26986943298282745,0.010115336970941032,4,0.13790904488447236,0.005089728903614034,4,0.13896814685616185,0.005495235923841375,4,0.8617333620786667,0.005087600766789479,4,0.24315635114908218,0.0009648774378612281,4,0.32339267432689667,0.0008055866716463499,4,0.41158311845937523,0.005362616292154063,4,0.3358946792297587,0.002842256292747372,4,0.16169523091167473,0.0041716471059483964,4,0.16942223164086676,0.004415510967967139,4,0.7189885973930359,0.00854585893882629,4,0.20170599594712257,0.0011335692368762173,4,0.26898178458213806,0.001707965005731926,4,0.44244819885112385,0.0066264438666496445,4,0.33017735712311536,0.012917664726990576,4,0.1885219651609976,0.010326055162023806,4,0.195793340985342,0.005861364070212237,4,0.4974355101585388,0.009837058918642186,4,9.75,1.7078251276599332,4,0.7189885973930359,0.00854585893882629,4,179761.0,0.0,4,179761.0,0.0,4
B2_with_RC,,0.0002,0.0001,hq_first,branched_only,1,2411,SKNSH,0.2721576541662216,0.0024770361551124,4,0.35420840978622437,0.0037605907096898857,4,0.3731425557021961,0.0107936200862999,4,0.27795779270037424,0.011586763399716064,4,0.13719105240981627,0.007703902783865446,4,0.13932274355189206,0.008006185378623248,4,0.8624510020017624,0.007700665481504143,4,0.24409710988402367,0.00029041892665905003,4,0.3251258507370949,0.000349289612241468,4,0.398486335302988,0.0024899283611221155,4,0.33825909422422107,0.004022149727854288,4,0.1526888235155849,0.0018206105967987962,4,0.15879600923063802,0.0019835632699531924,4,0.7267302423715591,0.00987519695708537,4,0.20107198506593704,0.0006499105402316448,4,0.26767798513174057,0.0005590834460996916,4,0.4485824761119397,0.005110618626926697,4,0.3272910982431719,0.005233393844189784,4,0.19639130245737102,0.003355741054626348,4,0.20124582669178137,0.0045843153232182415,4,0.49258872866630554,0.005460548684544795,4,11.75,1.2583057392117913,4,0.7267302423715591,0.00987519695708537,4,179761.0,0.0,4,179761.0,0.0,4
B2_with_RC,,0.0002,0.0001,hq_first,branched_only,1,3215,HepG2,0.2784939929842949,0.0003231938528121501,4,0.36186811327934265,0.0004875208478477362,4,0.36320751612645097,0.0031089828257785395,4,0.2760005311998695,0.0013922573965264543,4,0.13045704649431034,0.0023430435044565438,4,0.13192694910140434,0.002258297094362704,4,0.869272455573082,0.0023422590026438207,4,0.24354157596826553,0.00022683261339524624,4,0.3247388079762459,0.00013704809008985462,4,0.4035744537436998,0.0013589383108615443,4,0.3383708139732359,0.0018994507860012689,4,0.1547055581827939,0.0007134823869956005,4,0.16287372474952524,0.001098287340858419,4,0.7000404298305511,0.0005909052483421524,4,0.2028924524784088,0.0003403636984032392,4,0.26982681453227997,0.00044042320159537327,4,0.4364569366561084,0.0042407391961221666,4,0.34167184656378713,0.0020882906519062096,4,0.18343833912422536,0.002665985616508489,4,0.1905081454569314,0.0037042841685684166,4,0.4833100140094757,0.0015779591270447238,4,7.5,0.5773502691896257,4,0.7000404298305511,0.0005909052483421524,4,179761.0,0.0,4,179761.0,0.0,4
B2_with_RC,,0.0002,0.0001,hq_first,branched_only,1,3215,K562,0.2793353796005249,0.000508470293461743,4,0.3630528151988983,0.0006602278891603867,4,0.3547225090282301,0.004934359821508371,4,0.2660768490286829,0.003838770944009576,4,0.12475329400408622,0.003185436849405639,4,0.12584631934141888,0.003478874348045247,4,0.8749744743108749,0.003184399149860323,4,0.24337174743413925,0.0005130082427080573,4,0.32364968955516815,0.0001661808219454744,4,0.41204090878732136,0.0036897884606578845,4,0.3386860140075792,0.003484342883950733,4,0.1603659509511643,0.0008624215386202186,4,0.16978792141844495,0.003032927303915255,4,0.6953527331352234,0.0007142161175092678,4,0.20171426981687546,0.0010598933722063596,4,0.26932960748672485,0.0011987150403857548,4,0.4400247145425802,0.006501371155117355,4,0.3373996919580554,0.008000836904648215,4,0.18643448469236734,0.007251630756822679,4,0.19365345027845166,0.0056851250623590685,4,0.4815366491675377,0.004292120227922615,4,7.0,0.8164965809277259,4,0.6953527331352234,0.0007142161175092678,4,179761.0,0.0,4,179761.0,0.0,4
B2_with_RC,,0.0002,0.0001,hq_first,branched_only,1,3215,SKNSH,0.28022250533103943,0.0003610947137805778,4,0.36358542740345,0.0004492968190936645,4,0.3512901943622642,0.0036634015829326303,4,0.27065920297003354,0.0018025792479149795,4,0.12218453242910607,0.0021700453320734133,4,0.12341486603844574,0.0025714754694740657,4,0.8775424510240555,0.0021693332521988762,4,0.24425695464015007,0.0004245607843030396,4,0.32489100098609924,0.000378332298624622,4,0.403497929693177,0.0027800586674731984,4,0.33525620031709935,0.005285093819607742,4,0.15391231535571898,0.001970777774716734,4,0.16281637581132596,0.0022454064798953606,4,0.7006973922252655,0.001632152136960774,4,0.20182161778211594,0.0006088306810510532,4,0.2688414007425308,0.0004607283578729088,4,0.4429145662754084,0.0032765389509448635,4,0.3229594807115628,0.004049498745880814,4,0.18939152222883102,0.0027764095818491935,4,0.1961813647995559,0.0029010290174230264,4,0.4797864034771919,0.0016433074737590581,4,8.5,0.5773502691896257,4,0.7006973922252655,0.001632152136960774,4,179761.0,0.0,4,179761.0,0.0,4
B2_with_RC,,0.0002,0.0001,hq_first,conv3_plus,1,161,HepG2,0.17027610912919044,0.019833835962560647,4,0.23597069829702377,0.02029785860534298,4,0.5532832703112154,0.1435042977533237,4,0.4531965116162301,0.13687397861336087,4,0.2832072199431954,0.1509161668948594,4,0.3215674898115294,0.16109696159758194,4,0.7123406827449799,0.14997879334786263,4,0.24994681030511856,0.0004950783780008569,4,0.3302827924489975,0.0007955440093781349,4,0.35656370811761096,0.006867533542532445,4,0.31168690185530235,0.00711864245116488,4,0.12559354393913377,0.0042124226048568855,4,0.1271730502092992,0.004886712664474043,4,1.3812589645385742,0.08409635035968613,4,0.21776631101965904,0.0017981867135056914,4,0.2839910015463829,0.002141508507569029,4,0.3348208162374077,0.015041151624740966,4,0.28567462663385196,0.006590512136227767,4,0.0954229004927229,0.013620179675747416,4,0.1122746561675328,0.010209447543420711,4,1.0212741196155548,0.06462326911923079,4,8.25,3.593976442141304,4,1.3812589645385742,0.08409635035968613,4,179761.0,0.0,4,3063361.0,0.0,4
B2_with_RC,,0.0002,0.0001,hq_first,conv3_plus,1,161,K562,0.16103771701455116,0.018941116058446086,4,0.22492894530296326,0.024659496504827613,4,0.5977868200751191,0.15082473042423108,4,0.5221732642260861,0.15052647464263033,4,0.34594529437085486,0.1674862203093703,4,0.37441015673617933,0.17287675646453643,4,0.6499922201037407,0.1664458852160409,4,0.24912206083536148,0.0008581942477499462,4,0.32787250727415085,0.0014119379252323326,4,0.3744090740088788,0.012387964187286013,4,0.2916987612563957,0.008195365035229999,4,0.1383009170411975,0.007410575023783685,4,0.14029725094271517,0.009412138372539099,4,1.3613170981407166,0.08642855691055333,4,0.2135707587003708,0.001629330188293985,4,0.27984896302223206,0.0018537582637715682,4,0.3713413091861675,0.020286398438598963,4,0.30607755687056537,0.01948115622358979,4,0.12162576947883089,0.01162881226748546,4,0.13820302137930404,0.015070784432191843,4,0.9923527836799622,0.07472989264111667,4,10.25,4.031128874149275,4,1.3613170981407166,0.08642855691055333,4,179761.0,0.0,4,3063361.0,0.0,4
B2_with_RC,,0.0002,0.0001,hq_first,conv3_plus,1,161,SKNSH,0.1702250987291336,0.017688494319022773,4,0.23317086324095726,0.017251449149754138,4,0.5714258260639015,0.1185282805951423,4,0.4900796959350242,0.13254844220582174,4,0.3024862004796447,0.12356911958606809,4,0.33706418966844276,0.139424143075272,4,0.6931814402341843,0.12280159197745776,4,0.2513929158449173,0.0008866023413026928,4,0.33378829061985016,0.0005264170267013445,4,0.333452125674188,0.0030142672728681393,4,0.31143909656514424,0.004098928048829787,4,0.10693604038040996,0.0028159861189904693,4,0.1111971344720287,0.0020151664279101106,4,1.4109694063663483,0.0904728032872961,4,0.21326395869255066,0.0012248295152048339,4,0.27974386513233185,0.0014569165355561241,4,0.3589889607492365,0.008949591411763038,4,0.29306943268984065,0.0008539530448161009,4,0.12229638947683522,0.009126110305264293,4,0.12893314532964498,0.006447779985911808,4,0.9913834184408188,0.07020923648157328,4,8.75,2.753785273643051,4,1.4109694063663483,0.0904728032872961,4,179761.0,0.0,4,3063361.0,0.0,4
B2_with_RC,,0.0002,0.0001,hq_first,conv3_plus,1,322,HepG2,0.1617753840982914,0.004174118000819193,4,0.22681691497564316,0.003584765425668053,4,0.6347801686256319,0.015165364933902513,4,0.5195565034550703,0.04476469952266337,4,0.3734206084529894,0.008849086074173482,4,0.40311835370056953,0.019265533873751132,4,0.6246334463357925,0.008821652710147907,4,0.24753276631236076,0.0013842075803413062,4,0.32802555710077286,0.0005167476998179813,4,0.3726523621309017,0.004685383824407942,4,0.32079747890059784,0.009259137065027696,4,0.13750661018675664,0.002717788615070003,4,0.13888624761792723,0.0034842424478598965,4,1.3068869709968567,0.0322694966056977,4,0.2141408734023571,0.0009796057047407828,4,0.27980030328035355,0.0006903029168700227,4,0.3670235657364713,0.004056016040773279,4,0.2945591758650699,0.007958354598482594,4,0.12195608863102866,0.004334779363860543,4,0.13471863625550612,0.002960976127376455,4,0.9508085250854492,0.020431468082888447,4,9.75,1.2583057392117916,4,1.3068869709968567,0.0322694966056977,4,179761.0,0.0,4,3063361.0,0.0,4
B2_with_RC,,0.0002,0.0001,hq_first,conv3_plus,1,322,K562,0.1563386246562004,0.008931226114690471,4,0.2184971682727337,0.010560464634881273,4,0.6586996038906281,0.04339915322575553,4,0.5480472518515473,0.020109894392989942,4,0.4164470587805341,0.06728992591568841,4,0.43529778304120487,0.05816936548052442,4,0.5817406699061394,0.06708096576984014,4,0.24627114087343216,0.0013344773032859137,4,0.323844239115715,0.001365000415916808,4,0.4032307579986443,0.007349263522711563,4,0.3069753871314221,0.013270704130197597,4,0.15934517859443112,0.007078092702915458,4,0.1626355529519059,0.005944383226262325,4,1.2736134827136993,0.021741544722511896,4,0.20885131508111954,0.002457844073667824,4,0.2758791819214821,0.0019566293689244644,4,0.40448441303984506,0.00510235529122304,4,0.31053940183879514,0.01670105960368327,4,0.1463651619173548,0.012108276563608677,4,0.16362716591432636,0.004137510426948566,4,0.9241990000009537,0.010409103607178628,4,12.0,1.414213562373095,4,1.2736134827136993,0.021741544722511896,4,179761.0,0.0,4,3063361.0,0.0,4
B2_with_RC,,0.0002,0.0001,hq_first,conv3_plus,1,322,SKNSH,0.1591639518737793,0.008089934341361989,4,0.22223716601729393,0.006894761427329254,4,0.6529275787777418,0.02689085649452677,4,0.5697977501380498,0.057473929409928355,4,0.3981207396083053,0.033849711441500945,4,0.42685676175082116,0.0350807162257329,4,0.6000100374221802,0.033744535482706596,4,0.24802810326218605,0.0007918563038611327,4,0.32980044931173325,0.0011773238657119124,4,0.36193273000103204,0.0107547633351899,4,0.3264166453023208,0.0068933527753017,4,0.12814108063789717,0.006223319423910095,4,0.13108204974679694,0.007795144675112786,4,1.3211925625801086,0.03918662482508466,4,0.20787620544433594,0.002060648176110934,4,0.2734352797269821,0.0022869004459545087,4,0.40757854792284726,0.016492908591602306,4,0.3069956376631937,0.013606960843757981,4,0.16140980395326635,0.013980961788312195,4,0.16632428475225491,0.013667748531523033,4,0.9083122313022614,0.03349065884664187,4,11.75,2.217355782608345,4,1.3211925625801086,0.03918662482508466,4,179761.0,0.0,4,3063361.0,0.0,4
B2_with_RC,,0.0002,0.0001,hq_first,conv3_plus,1,643,HepG2,0.18227935209870338,0.003804167251054745,4,0.2486266866326332,0.0049694935418138865,4,0.588617789561324,0.007676318499835523,4,0.44629447001094563,0.01902734968432713,4,0.3280161854097993,0.014671786669813912,4,0.34651509658734236,0.00905242101961267,4,0.6709387749433517,0.014648948609026928,4,0.24664627760648727,0.0005737898463748963,4,0.32643450051546097,0.0007706040751167332,4,0.3835286777485667,0.004567219090285779,4,0.307710767474705,0.006150096214596696,4,0.1458512603410641,0.004031332785289947,4,0.1471098912732279,0.0035058552291223916,4,1.1570034325122833,0.029197206493643425,4,0.20993752777576447,0.0014115011212580942,4,0.2759900167584419,0.0010217687620887098,4,0.3945107632432762,0.005941118917295807,4,0.29288798522639625,0.007108175880972703,4,0.14570257256638994,0.006322335696126642,4,0.15566521498528446,0.004656421596517526,4,0.8269648551940918,0.01653634239023389,4,6.25,0.5,4,1.1570034325122833,0.029197206493643425,4,179761.0,0.0,4,3063361.0,0.0,4
B2_with_RC,,0.0002,0.0001,hq_first,conv3_plus,1,643,K562,0.18536235764622688,0.0006277718626770772,4,0.2519286498427391,0.001272215624523701,4,0.5671461271382756,0.012390408332129062,4,0.4125436014323216,0.008875978807477317,4,0.30986283478749377,0.014615326816192457,4,0.3217698711919228,0.013950285312521285,4,0.6890638768672943,0.014592626664531672,4,0.24397869780659676,0.00042635141966655915,4,0.3221563696861267,0.0007849489402843037,4,0.4116157111343408,0.004279158031786188,4,0.31575894414108635,0.0047691748337173765,4,0.1680926504250163,0.004053894132312553,4,0.16944122704772485,0.003512600317406346,4,1.1268683671951294,0.028094713323970157,4,0.20453377440571785,0.0009894866182003253,4,0.27088427543640137,0.0008933188289026117,4,0.42554694676591864,0.004197183970523127,4,0.32052409285721234,0.004455833291423244,4,0.17702051079514064,0.005428937608432812,4,0.18110341616675743,0.003582606414117252,4,0.7966277152299881,0.014167226888814192,4,6.25,0.4999999999999999,4,1.1268683671951294,0.028094713323970157,4,179761.0,0.0,4,3063361.0,0.0,4
B2_with_RC,,0.0002,0.0001,hq_first,conv3_plus,1,643,SKNSH,0.18188317120075226,0.0032688174858022364,4,0.24815120175480843,0.0030904377741746663,4,0.5870313461046314,0.022913623189264924,4,0.4699716487266081,0.021907801799750607,4,0.3301956294057533,0.025909752321424097,4,0.3449995769051602,0.027363672280613097,4,0.6687627136707306,0.025869432474845275,4,0.24605704098939896,0.0003040139718735239,4,0.3264593109488487,0.0006790687751653568,4,0.3833324033431779,0.005682291770857287,4,0.33519698810110854,0.006888907576052088,4,0.14572220311601167,0.0035550902335958643,4,0.14696794778268374,0.00436118586578105,4,1.1571738421916962,0.028895198995086014,4,0.20502739399671555,0.0009030056230361482,4,0.27077940106391907,0.0012008304279661852,4,0.4264051588970072,0.006484318273483354,4,0.3109013636073004,0.0015728530141385568,4,0.1776521447018773,0.00728929187112115,4,0.18185289432158583,0.005516577288403042,4,0.7959799617528915,0.012001778864052834,4,6.75,0.9574271077563381,4,1.1571738421916962,0.028895198995086014,4,179761.0,0.0,4,3063361.0,0.0,4
B2_with_RC,,0.0002,0.0001,hq_first,conv3_plus,1,1125,HepG2,0.22252599149942398,0.008302032899553842,4,0.2970653921365738,0.010343782808857376,4,0.5459292200430643,0.04643185377247454,4,0.3990661243187327,0.04933960691868648,4,0.2877126679202348,0.05043910665625545,4,0.29965565108038983,0.050247047759869566,4,0.7116542011499405,0.0503943378044443,4,0.2451898567378521,0.0014453521189940945,4,0.3252224624156952,0.0016405334280947279,4,0.39599028039209094,0.008337226954860793,4,0.3082728216607956,0.002806621011574843,4,0.15216964246868805,0.008553055754565676,4,0.15686043417997947,0.006596025910734084,4,0.8522149920463562,0.014803170791921793,4,0.20760372281074524,0.002235612002282113,4,0.2740074619650841,0.002903720023449512,4,0.42064261853628154,0.01595754011261358,4,0.3120616137971811,0.01625475553168879,4,0.1578697867338867,0.017925992772194452,4,0.17713119484389395,0.013402864102240073,4,0.6049412935972214,0.013199011653073661,4,4.75,0.9574271077563381,4,0.8522149920463562,0.014803170791921793,4,179761.0,0.0,4,3063361.0,0.0,4
B2_with_RC,,0.0002,0.0001,hq_first,conv3_plus,1,1125,K562,0.22376344352960587,0.0032093524218508333,4,0.29846780002117157,0.005771199127288818,4,0.5383956175741783,0.02706253835185198,4,0.3953984433955166,0.03405522146629067,4,0.2814148217592335,0.029298185927475275,4,0.29041912675961495,0.029320755067864603,4,0.7179464846849442,0.029272202939973586,4,0.24399639666080475,0.0004377404461690192,4,0.3214224502444267,0.00121049296460351,4,0.41941369244764704,0.008739912106541183,4,0.3123843337733979,0.0065122472642767815,4,0.17187362444594825,0.0062308109337503225,4,0.175965134960292,0.007338720207305531,4,0.8323756009340286,0.010230449314538962,4,0.20262151584029198,0.0014308875620613127,4,0.26993176341056824,0.002031337730816677,4,0.4412548512911004,0.010660491081259209,4,0.3237243076910471,0.006325649556063314,4,0.18277001857396333,0.012279984328793158,4,0.19479107834050136,0.009408919813560656,4,0.5870566666126251,0.009591853432780555,4,4.75,0.5,4,0.8323756009340286,0.010230449314538962,4,179761.0,0.0,4,3063361.0,0.0,4
B2_with_RC,,0.0002,0.0001,hq_first,conv3_plus,1,1125,SKNSH,0.2275703251361847,0.004508724875395086,4,0.30178237706422806,0.006199005624470593,4,0.5267981108896438,0.03376342107575189,4,0.39555330593141613,0.03775398204228107,4,0.26527995500397894,0.033525672484102056,4,0.27837122608895126,0.035326909506897396,4,0.7340669333934784,0.03349592948408297,4,0.2446294166147709,0.0012779579432657955,4,0.3251095488667488,0.0019475550011518576,4,0.3950419042774313,0.011483780885225621,4,0.33456394408476536,0.0051292667921423235,4,0.1527515704237257,0.010140648268503439,4,0.1561570140527041,0.009051253150907816,4,0.8516147285699844,0.014721849902433483,4,0.20166048407554626,0.0022814495784574487,4,0.2678547352552414,0.002871825446266224,4,0.4478041712574866,0.016371573997586757,4,0.3294527755151954,0.0082579456056441,4,0.19526295299817326,0.01718621366183333,4,0.20072959712197322,0.014763861572211823,4,0.5780563503503799,0.011284479985009909,4,4.5,0.5773502691896257,4,0.8516147285699844,0.014721849902433483,4,179761.0,0.0,4,3063361.0,0.0,4
B2_with_RC,,0.0002,0.0001,hq_first,conv3_plus,1,1608,HepG2,0.24049916490912437,0.008179524770563617,4,0.31669292598962784,0.011193715560500165,4,0.5284504594436634,0.024928176121523076,4,0.392447030526768,0.0180515361360971,4,0.269812444703849,0.02639552667583761,4,0.27972594855977817,0.02660064477319997,4,0.729733482003212,0.026379047790505816,4,0.24278580397367477,0.0012693185952514074,4,0.32211078703403473,0.002500082132636432,4,0.41432937108569173,0.012837323872658745,4,0.31008441036490975,0.02086672759446545,4,0.1682942001082155,0.012928873543388862,4,0.1717924254074235,0.010636946590215333,4,0.7557031214237213,0.030941058783617435,4,0.20524359866976738,0.0009849264414783796,4,0.27171773463487625,0.0017732525108956243,4,0.4349202711982376,0.006480303818300986,4,0.3216759813713596,0.0048044739765751195,4,0.17192866249068375,0.010814409319988305,4,0.18918713805233167,0.005654419533083119,4,0.5375750511884689,0.01548507365144707,4,4.25,0.5,4,0.7557031214237213,0.030941058783617435,4,179761.0,0.0,4,3063361.0,0.0,4
B2_with_RC,,0.0002,0.0001,hq_first,conv3_plus,1,1608,K562,0.2445247918367386,0.0043432631073374835,4,0.32117319107055664,0.0077182585243818205,4,0.503828461279915,0.03395578877563727,4,0.3760836197402304,0.02761631383109177,4,0.24838346302924097,0.035055663925900184,4,0.25470786508921855,0.03396081412282099,4,0.7511491179466248,0.03503385905758326,4,0.243894312530756,0.0022958780552840355,4,0.3209740146994591,0.0023307048957298708,4,0.4273321811047265,0.009077019511727805,4,0.31871418615230074,0.006977450227226221,4,0.17415889845454408,0.0119779697818712,4,0.18267458722013494,0.007826586156364675,4,0.7501801252365112,0.02348938290577704,4,0.20335237309336662,0.002561590764837924,4,0.27074067294597626,0.003796577533816354,4,0.44372841619430803,0.016303782360637096,4,0.326707519826867,0.005041282039389788,4,0.17777824850647383,0.02316585315168962,4,0.19709426732775628,0.014296544142336744,4,0.5337184071540833,0.018045908630027002,4,4.0,0.8164965809277259,4,0.7501801252365112,0.02348938290577704,4,179761.0,0.0,4,3063361.0,0.0,4
B2_with_RC,,0.0002,0.0001,hq_first,conv3_plus,1,1608,SKNSH,0.24231091886758804,0.015250014155907146,4,0.3178115487098694,0.0204941539457845,4,0.5220843908893356,0.072993949069413,4,0.40813722842559474,0.059833776325729525,4,0.2638361944560009,0.0731162614009667,4,0.2765681986608496,0.07878624476944066,4,0.7357059568166733,0.07307079217265304,4,0.24338274076581,0.002733360063265503,4,0.32427172362804413,0.002743054896111852,4,0.40310072182905227,0.012333676921855892,4,0.33462372665977275,0.002246204497370272,4,0.15709032037098167,0.014275969081943733,4,0.1626042816289125,0.009967965318906287,4,0.7657144069671631,0.02597052999780662,4,0.20097361132502556,0.003559555206270743,4,0.2671244814991951,0.004147082492032562,4,0.45599104903634413,0.02018397301066349,4,0.3389977427898641,0.012149014640142614,4,0.19956922633756782,0.024973097001367822,4,0.208233381376137,0.018140220308062276,4,0.5195344984531403,0.01741041818168972,4,4.25,1.2583057392117916,4,0.7657144069671631,0.02597052999780662,4,179761.0,0.0,4,3063361.0,0.0,4
B2_with_RC,,0.0002,0.0001,hq_first,conv3_plus,1,2411,HepG2,0.252298291772604,0.008783745036980909,4,0.3296626880764961,0.011047440228330707,4,0.5071241845087764,0.05010214914940711,4,0.37477693873383705,0.04819035600123965,4,0.25179005820710126,0.05292171588667818,4,0.2590576075257335,0.05158766594697783,4,0.7478995770215988,0.05289973200214617,4,0.24127621948719025,0.001535887816218103,4,0.32220014184713364,0.0009642854578455392,4,0.41500972378510553,0.004680914967397797,4,0.32006179590184536,0.0026417037600897906,4,0.1678647188936861,0.00498147519087551,4,0.1722495040598886,0.0038750719363823205,4,0.7137230187654495,0.011230656283961407,4,0.20503181219100952,0.00171114732459676,4,0.27101564407348633,0.0020762139037335406,4,0.4440513553071982,0.010092812930350824,4,0.33104830494764836,0.007225997587790855,4,0.17619251798725577,0.01262774515771109,4,0.19725800480479488,0.008967865954457662,4,0.5049202293157578,0.004441168041043895,4,3.75,0.9574271077563381,4,0.7137230187654495,0.011230656283961407,4,179761.0,0.0,4,3063361.0,0.0,4
B2_with_RC,,0.0002,0.0001,hq_first,conv3_plus,1,2411,K562,0.25597570091485977,0.006350001878316757,4,0.333487331867218,0.009483616206447663,4,0.48793736760868656,0.03446257799293818,4,0.3609907415282324,0.026014838959453043,4,0.23500907835920742,0.034953928250824495,4,0.238973626670334,0.03363074302212453,4,0.7646736055612564,0.03493942191999561,4,0.2413446046411991,0.001190920286042818,4,0.32036638259887695,0.001586684804768611,4,0.42994423201393334,0.010718568726467452,4,0.33231689962940714,0.01008694344607553,4,0.177300117847244,0.008137228891650063,4,0.18493820842870892,0.009269010665397318,4,0.7055905908346176,0.008940123291750065,4,0.2014916017651558,0.0015613983022364785,4,0.26925695687532425,0.0018590628270005831,4,0.4542545137584098,0.01498431105137948,4,0.33302857072154796,0.011155008945905182,4,0.18685631141267478,0.011191225166769314,4,0.20651556045315267,0.013624404153056139,4,0.4984712302684784,0.011147615123628543,4,3.5,0.5773502691896257,4,0.7055905908346176,0.008940123291750065,4,179761.0,0.0,4,3063361.0,0.0,4
B2_with_RC,,0.0002,0.0001,hq_first,conv3_plus,1,2411,SKNSH,0.25813907384872437,0.007209245129880665,4,0.3360348045825958,0.008522042981489784,4,0.47976765303866614,0.033531674081739536,4,0.3602441727698953,0.02268567585449588,4,0.2232422637819448,0.03330813946127015,4,0.23102028077727296,0.03317379514460418,4,0.7764355093240738,0.03329432579666817,4,0.24248377233743668,0.0008132506899793273,4,0.32390470057725906,0.0013993672892214884,4,0.4078962568019961,0.00840161222096108,4,0.34359043322616206,0.011138468409831879,4,0.15903070741413744,0.007251406704850865,4,0.1664322966290135,0.006900605438471695,4,0.7212505340576172,0.007400738765773871,4,0.20069585368037224,0.0005654157470386193,4,0.2667340561747551,0.00047264942203231584,4,0.461328732150324,0.007395315148605514,4,0.34507267337357705,0.006284245888072697,4,0.20204968590937444,0.002827565348424336,4,0.2128652171220358,0.006851532967312541,4,0.48915112763643265,0.008287149175191634,4,3.25,0.5,4,0.7212505340576172,0.007400738765773871,4,179761.0,0.0,4,3063361.0,0.0,4
B2_with_RC,,0.0002,0.0001,hq_first,conv3_plus,1,3215,HepG2,0.2684238851070404,0.004366078455736487,4,0.3489784449338913,0.00552052771270991,4,0.44387616304034977,0.03220190498022491,4,0.33083839096535494,0.020953723217365477,4,0.19114905366126447,0.0257881532825827,4,0.19780377012868977,0.02755519292395217,4,0.8085993528366089,0.02578018165472037,4,0.24234876781702042,0.0017124468836622695,4,0.3225056454539299,0.0007757540954423197,4,0.41660196445024633,0.003896821116070116,4,0.339507244886532,0.0028971084728606467,4,0.16628791938260476,0.004010512960174436,4,0.1735685856949123,0.0032451044284557743,4,0.6904483437538147,0.0033213654266073126,4,0.20337672904133797,0.0026659148405000716,4,0.2686510756611824,0.0028588130837169123,4,0.4488727335787745,0.015602832921833657,4,0.33748813463595145,0.005198273546551988,4,0.19047186200637825,0.017312857959774275,4,0.20166931724687148,0.013773431348830063,4,0.47914696484804153,0.010247218750920545,4,2.75,0.5,4,0.6904483437538147,0.0033213654266073126,4,179761.0,0.0,4,3063361.0,0.0,4
B2_with_RC,,0.0002,0.0001,hq_first,conv3_plus,1,3215,K562,0.2620941326022148,0.005364981191619356,4,0.3410755693912506,0.006543450782533408,4,0.48024410413321,0.03170085641159641,4,0.3618251160737231,0.02615807675057243,4,0.22730005437112724,0.029639366286134103,4,0.23138810777763097,0.030453578553319063,4,0.7724595963954926,0.029630164966801334,4,0.24080023542046547,0.0005052414079541263,4,0.3204459175467491,0.0005751109607898581,4,0.42764824608546226,0.004448298443632674,4,0.3395898900150949,0.00266977391364739,4,0.1769047414392423,0.0029540306658422857,4,0.1828978628992548,0.0038181440631194948,4,0.6816559135913849,0.0024463992511144696,4,0.19999117776751518,0.0004890108797059346,4,0.2673768624663353,0.0005404623555815747,4,0.46194700388986804,0.005926588294742329,4,0.34421921342414896,0.009730828482244514,4,0.19819844192208189,0.003239572603677175,4,0.21342137773943726,0.0054770907324030605,4,0.4745737090706825,0.001917448958025934,4,3.5,0.5773502691896257,4,0.6816559135913849,0.0024463992511144696,4,179761.0,0.0,4,3063361.0,0.0,4
B2_with_RC,,0.0002,0.0001,hq_first,conv3_plus,1,3215,SKNSH,0.2613495662808418,0.006555278061980748,4,0.3396540731191635,0.008009970965641733,4,0.4916629791609932,0.03753004632673932,4,0.3765368444274584,0.030945699497081643,4,0.2336192954596138,0.036132246059662136,4,0.24278886336042863,0.03688687753817653,4,0.7661423832178116,0.03612096389325033,4,0.2413644641637802,0.0012296986269249152,4,0.32356396317481995,0.00028856401893219516,4,0.4077095246049149,0.0011152771308302262,4,0.348763923181781,0.009351316656238007,4,0.16081034322711016,0.001496835323496428,4,0.1662279893358746,0.0009083944297561479,4,0.6949846893548965,0.0012395904535507359,4,0.19841450452804565,0.0013745762966915686,4,0.26472947001457214,0.001187245157379453,4,0.47222635980833166,0.0050600561190193155,4,0.3582037416375542,0.0036732396064942914,4,0.21398826180703703,0.007056446638261856,4,0.22301693802377362,0.004769465466943054,4,0.46522798389196396,0.004176617694788005,4,3.5,0.5773502691896257,4,0.6949846893548965,0.0012395904535507359,4,179761.0,0.0,4,3063361.0,0.0,4
B2_with_RC,,0.0002,0.0001,hq_first,full,1,161,HepG2,0.1160858403891325,0.02101431860265074,4,0.17556237801909447,0.028457358149613785,4,0.8005413349486146,0.08831949709780189,4,0.8113879007622901,0.08465152069368986,4,0.5948258888362727,0.15070168862840555,4,0.6467166791370162,0.1381958868755141,4,0.40265750139951706,0.14976563781952185,4,0.2506866827607155,0.001019596075382778,4,0.3301502615213394,0.0015291941105894163,4,0.3601062963471293,0.009071651828135793,4,0.32245481934433506,0.008601537656199854,4,0.12628487061304872,0.00809059361053004,4,0.12973826581901474,0.006544063093857534,4,1.3799067437648773,0.07845756889765004,4,0.21916837990283966,0.0034491235433149127,4,0.28561046719551086,0.0032963301731712665,4,0.338928104613076,0.011573262250589099,4,0.29002158188316685,0.004439450491221168,4,0.08502439714054616,0.021182299151297206,4,0.11497271539595286,0.007822999240800745,4,1.0321397930383682,0.04684010206620518,4,7.25,1.707825127659933,4,1.3799067437648773,0.07845756889765004,4,179761.0,0.0,4,3747661.0,0.0,4
B2_with_RC,,0.0002,0.0001,hq_first,full,1,161,K562,0.11054764688014984,0.017068030427039034,4,0.1721978820860386,0.027150226185029804,4,0.8038356480567335,0.07394293269501119,4,0.8337935080854729,0.07239065172406821,4,0.6112001903337856,0.14197019655929535,4,0.6502524170584429,0.11655518876446291,4,0.38638490438461304,0.14108839538019552,4,0.24969634413719177,0.0025358152728632093,4,0.3276391625404358,0.002019869988066586,4,0.3800773886916395,0.010256219917532155,4,0.2998017868761217,0.009349411360532108,4,0.13951452353737745,0.010639812814081542,4,0.1445377139299032,0.0077185414858592545,4,1.3590751886367798,0.07931238651433276,4,0.21634188666939735,0.0019835408491730554,4,0.2823013365268707,0.0017804823944384896,4,0.36850662328744044,0.014891152488563209,4,0.29683623018881355,0.009738894933026127,4,0.10616630358619084,0.011301025502469513,4,0.1359634412235398,0.01110285911926062,4,1.009193316102028,0.06364365574878077,4,9.25,2.0615528128088303,4,1.3590751886367798,0.07931238651433276,4,179761.0,0.0,4,3747661.0,0.0,4
B2_with_RC,,0.0002,0.0001,hq_first,full,1,161,SKNSH,0.1011608075350523,0.024631641512695906,4,0.15883490070700645,0.03398237890980596,4,0.8360595672682678,0.09151345260594984,4,0.8737626081392833,0.0935913546902125,4,0.6652752605863853,0.16337704434850073,4,0.7052766340266994,0.14474722256375552,4,0.3326457068324089,0.1623622873134606,4,0.25066644325852394,0.0022870485609165596,4,0.3315228223800659,0.0033632551035957395,4,0.3542959827422739,0.020244658585912623,4,0.3299901220074667,0.01739840564378505,4,0.11895126510490517,0.017875914371819474,4,0.1258330280382588,0.014350973914824391,4,1.3920998573303223,0.09474965326044807,4,0.21526774764060974,0.002288843632516771,4,0.28060973435640335,0.0024059974435858998,4,0.36572731427252925,0.014688235910308,4,0.29675903725365105,0.010677684225194231,4,0.1168239128907877,0.015090117814174884,4,0.13391827661061503,0.010930302221157736,4,0.9978681206703186,0.07717147508381036,4,10.25,3.095695936834452,4,1.3920998573303223,0.09474965326044807,4,179761.0,0.0,4,3747661.0,0.0,4
B2_with_RC,,0.0002,0.0001,hq_first,full,1,322,HepG2,0.130533242598176,0.027152341196007394,4,0.1924002394080162,0.03089952931712451,4,0.7591872474976444,0.09598696197791698,4,0.7204710127465742,0.1462989240459222,4,0.5385747614918792,0.1523064049248553,4,0.5832753994153622,0.1417059706448281,4,0.4599921852350235,0.15183334497056913,4,0.24848327413201332,0.0007368040641680532,4,0.32817114144563675,0.0008044516971010063,4,0.3773227695914182,0.010435621849683972,4,0.33017624368724324,0.005439503387054461,4,0.1367386161044662,0.004232937389136649,4,0.14245414910468066,0.007973458344455921,4,1.308080643415451,0.03422406570564802,4,0.21639522537589073,0.0011367082428493647,4,0.28198424726724625,0.001210659905924647,4,0.3655294939875475,0.015415741578174335,4,0.30145282392229505,0.007305137128298563,4,0.10818739621129056,0.007664729574411959,4,0.13379004479109632,0.01148138122849643,4,0.9656524360179901,0.017540056983288223,4,6.0,2.160246899469287,4,1.308080643415451,0.03422406570564802,4,179761.0,0.0,4,3747661.0,0.0,4
B2_with_RC,,0.0002,0.0001,hq_first,full,1,322,K562,0.12790188007056713,0.029000622730817136,4,0.18911351263523102,0.03520731200321928,4,0.7592281188080974,0.09049712322908902,4,0.7206272626789476,0.13731246430471075,4,0.5507452135596482,0.15911054235422437,4,0.582569633373438,0.14167612785097772,4,0.44785958528518677,0.15861639391775323,4,0.24652131274342537,0.002504226459873217,4,0.3250363990664482,0.001877823593365194,4,0.3962234959490878,0.008440949620528026,4,0.3076868682615747,0.005648538969168978,4,0.15313446838186162,0.009764668054922925,4,0.157046495964989,0.006758696440632523,4,1.2830093801021576,0.023251207544031566,4,0.21406332403421402,0.0067218603547894405,4,0.27863751351833344,0.0042699741453525635,4,0.38743590943707074,0.006279375258709227,4,0.30104732275039353,0.016831719687121435,4,0.12908942844926916,0.02688342409279959,4,0.15013615683655984,0.004827425135523501,4,0.9427100121974945,0.016678411227165412,4,7.75,4.349329450233296,4,1.2830093801021576,0.023251207544031566,4,179761.0,0.0,4,3747661.0,0.0,4
B2_with_RC,,0.0002,0.0001,hq_first,full,1,322,SKNSH,0.12431246228516102,0.011508647086737515,4,0.18473906442523003,0.016049707056082763,4,0.7801927803282926,0.04025459692407985,4,0.7552086281023925,0.02770380963927553,4,0.580969785863922,0.07537605473335256,4,0.6099160989065315,0.06435892270115545,4,0.41772887855768204,0.07514195911542354,4,0.24649900943040848,0.002630124100212504,4,0.32780269533395767,0.0032213258024661943,4,0.3761554685543724,0.02149571702922407,4,0.34508255286242356,0.01094392123377875,4,0.13861745401484316,0.01686034299338597,4,0.1418394859113098,0.016591472770126556,4,1.3056029975414276,0.05506849622844648,4,0.21143543347716331,0.0026385847430381625,4,0.27580662816762924,0.0029602505572988587,4,0.3955087967256576,0.02202562325700779,4,0.3097565337972312,0.01262314171373848,4,0.1467725648290967,0.01836591452231103,4,0.15679105434727225,0.017450977989687862,4,0.9242870807647705,0.040431484434963895,4,7.25,0.5,4,1.3056029975414276,0.05506849622844648,4,179761.0,0.0,4,3747661.0,0.0,4
B2_with_RC,,0.0002,0.0001,hq_first,full,1,643,HepG2,0.15803321450948715,0.0031416419913316332,4,0.22425711154937744,0.003374669292772248,4,0.7048057919852385,0.009537803599881016,4,0.6050188134965222,0.013476253413704025,4,0.4530450628703002,0.019955378230860348,4,0.49681943168907167,0.013438129299071093,4,0.5461043417453766,0.019924397898574465,4,0.24722546711564064,5.465061542082728e-05,4,0.32801947742700577,0.0007357062163660349,4,0.3718030938581778,0.00610362234052286,4,0.31060671963234543,0.008262967989828637,4,0.13753696361901502,0.0038700886508130287,4,0.13826548125676977,0.004528127474629496,4,1.168262392282486,0.02929642729969193,4,0.20966387540102005,0.0008493757029974311,4,0.275670662522316,0.0005167935361454701,4,0.3923381678725349,0.0009322273243087197,4,0.305842712010736,0.0030192655028337466,4,0.1476849578211604,0.003195694645570235,4,0.15392988975541552,0.0007307863219616252,4,0.825062170624733,0.016656644846035483,4,4.0,0.0,4,1.168262392282486,0.02929642729969193,4,179761.0,0.0,4,3747661.0,0.0,4
B2_with_RC,,0.0002,0.0001,hq_first,full,1,643,K562,0.1656562089920044,0.006114220927127742,4,0.23275239020586014,0.006701883765895877,4,0.6616666659902196,0.025522639451378462,4,0.5393147497647326,0.026921902964559156,4,0.4103373183319001,0.041245995472978976,4,0.4382913307260366,0.03325654045193769,4,0.5887456238269806,0.041181829629167464,4,0.24436550587415695,0.0008526613916131531,4,0.32335803657770157,0.000730304660238147,4,0.40465516121494777,0.006061064888426697,4,0.318569616026277,0.010132445652125182,4,0.16187540386642096,0.0037837713793614147,4,0.16377335187858166,0.004917757995080433,4,1.1352030634880066,0.023202071144162763,4,0.20615042746067047,0.00039372602631875604,4,0.27117711305618286,0.0005176646676015481,4,0.4241257689824389,0.0038269361220439344,4,0.32186104961000295,0.005137583251555339,4,0.17524465775577244,0.0031498237128973665,4,0.1798936519950068,0.0032319381863170505,4,0.798420637845993,0.018389168531813684,4,3.75,0.49999999999999994,4,1.1352030634880066,0.023202071144162763,4,179761.0,0.0,4,3747661.0,0.0,4
B2_with_RC,,0.0002,0.0001,hq_first,full,1,643,SKNSH,0.15249459818005562,0.008895652029182114,4,0.21852702274918556,0.009262306167540176,4,0.7117525674414344,0.020076543000921102,4,0.6399985177793805,0.02342974588079609,4,0.4804580593601717,0.03777826414163561,4,0.5068940179436245,0.028804853909931663,4,0.5187339708209038,0.03771950922040471,4,0.24464569240808487,0.0005931899524450449,4,0.3255084604024887,0.0007021777611914182,4,0.39043390297754504,0.0033323576814358476,4,0.35119552439740986,0.00400134915734849,4,0.15069107029547305,0.0036615894798173653,4,0.15244696105006683,0.0026120959504154053,4,1.150388926267624,0.025724846728808034,4,0.20666495338082314,0.0018558978709639804,4,0.2712789997458458,0.00265798155638932,4,0.4235157903606659,0.019946685005871153,4,0.3178082037413299,0.009974242011979034,4,0.17456757491600744,0.01618113256544,4,0.1796640273668621,0.016912275938299963,4,0.7988756597042084,0.01218426014972139,4,4.5,0.5773502691896257,4,1.150388926267624,0.025724846728808034,4,179761.0,0.0,4,3747661.0,0.0,4
B2_with_RC,,0.0002,0.0001,hq_first,full,1,1125,HepG2,0.2076132446527481,0.0024837057923493993,4,0.28209366649389267,0.0028719427346585984,4,0.6241643575100292,0.01802485557393835,4,0.4859020523361541,0.02042130320071179,4,0.35814107073911694,0.019790154219826637,4,0.3898248167497535,0.02226843433657059,4,0.6412883847951889,0.019772609996224686,4,0.24485120922327042,0.001281014407586552,4,0.32567133754491806,0.002158986970446902,4,0.3942046369098436,0.010453084842851224,4,0.31080247544314815,0.008261348388370365,4,0.1498158845070859,0.011277668567691699,4,0.15547924599827048,0.00822213151238831,4,0.8545249104499817,0.012126691770425904,4,0.20673099160194397,0.0018959577025255154,4,0.27264247089624405,0.00290309497584881,4,0.4264936662456804,0.013725944392743253,4,0.3227452171783012,0.017085041487596358,4,0.1662384700115781,0.017781722614115373,4,0.18203814850978636,0.011638517017942338,4,0.5988608300685883,0.007980030629425072,4,3.0,0.0,4,0.8545249104499817,0.012126691770425904,4,179761.0,0.0,4,3747661.0,0.0,4
B2_with_RC,,0.0002,0.0001,hq_first,full,1,1125,K562,0.19181862846016884,0.009445485963298545,4,0.26626358926296234,0.007271271925485884,4,0.6637109671149104,0.017277130379581236,4,0.5209607606674506,0.030310317134806093,4,0.4281189942721817,0.028018170098825814,4,0.44073612229422454,0.022991603229224493,4,0.5713726729154587,0.02799325186949029,4,0.24329911544919014,0.0024080994845873493,4,0.3200219050049782,0.0030660348057499087,4,0.43156630108422667,0.014190384363288266,4,0.32582409850856175,0.01100536089269689,4,0.17902691597218873,0.01566075484740401,4,0.1864004974878048,0.012401190000217057,4,0.82513128221035,0.013989036655875487,4,0.20575572177767754,0.001861707396539493,4,0.2707150802016258,0.0029402040042019488,4,0.4495154653618665,0.01837754689258519,4,0.32315680036962163,0.015743363465086525,4,0.17798221997325397,0.01782972694737395,4,0.20231745427183728,0.016725712917539572,4,0.5904382616281509,0.009371462397462171,4,3.75,0.5,4,0.82513128221035,0.013989036655875487,4,179761.0,0.0,4,3747661.0,0.0,4
B2_with_RC,,0.0002,0.0001,hq_first,full,1,1125,SKNSH,0.2032453455030918,0.01395595253836502,4,0.2759282737970352,0.013450206746340605,4,0.6353746002647868,0.044796539209222615,4,0.5226593007365491,0.03798316477841779,4,0.38470287779194695,0.06185524203886145,4,0.4052059301054801,0.058731164524081114,4,0.6147501915693283,0.0618002387754277,4,0.24354592338204384,0.0013493721529870667,4,0.3246447369456291,0.0022843778470195007,4,0.40350620877115895,0.01242784987070607,4,0.3556673121736052,0.008720921617499842,4,0.15516385601828672,0.011890126263271685,4,0.1629330991061807,0.00997988907770331,4,0.8492190390825272,0.017863183894627276,4,0.20396804809570312,0.0006782697854669258,4,0.2693975567817688,0.0007611526179725686,4,0.4456226549665666,0.004136831755049492,4,0.3359430835636564,0.00879696358986016,4,0.18603114065429183,0.00460063492951948,4,0.19859238565217885,0.0036845650577908584,4,0.5847101211547852,0.0042969674711236285,4,3.25,0.5,4,0.8492190390825272,0.017863183894627276,4,179761.0,0.0,4,3747661.0,0.0,4
B2_with_RC,,0.0002,0.0001,hq_first,full,1,1608,HepG2,0.21830077469348907,0.0036668125059873646,4,0.29221363365650177,0.005472041031957099,4,0.6289560744029019,0.005880062621200031,4,0.4980477957697407,0.004652914880717781,4,0.37819482448236397,0.0063204951374590205,4,0.39561167488063054,0.007398789202460829,4,0.6214184612035751,0.0063165138643845676,4,0.24298319220542908,0.0015466234472862673,4,0.32363009452819824,0.0027360369834238786,4,0.411806258191198,0.008974353138459096,4,0.3232831007503719,0.01393196303731188,4,0.16042275208752052,0.014231378920585739,4,0.16964479854612594,0.007376510498963668,4,0.7628502994775772,0.03147131656635738,4,0.20593294128775597,0.002293316549703647,4,0.2724561542272568,0.003785805115661705,4,0.445681391266907,0.010413345246738846,4,0.33335870142075186,0.015489870180968186,4,0.1673278682196254,0.0232480681121996,4,0.19871323084102666,0.009283180689584966,4,0.5406135767698288,0.0221012608511339,4,3.0,0.0,4,0.7628502994775772,0.03147131656635738,4,179761.0,0.0,4,3747661.0,0.0,4
B2_with_RC,,0.0002,0.0001,hq_first,full,1,1608,K562,0.22160188853740692,0.019939839039829623,4,0.29704417288303375,0.02169731590350088,4,0.6064974590374109,0.07091117467535923,4,0.47087612469905976,0.050714515858701716,4,0.35543889494280034,0.08896249365712115,4,0.3716104638392155,0.08389021850411484,4,0.6441602408885956,0.08890713159640116,4,0.24281197041273117,0.0025762889149766903,4,0.32097066938877106,0.0034476544047170083,4,0.4347399850691217,0.01624360356440721,4,0.33317336595023356,0.009082735818984815,4,0.17413729733618225,0.01765564812073707,4,0.18919674561046837,0.014092594861127683,4,0.7500956654548645,0.022208818076427706,4,0.20651783421635628,0.003243024887483151,4,0.272894062101841,0.004304597598947768,4,0.44551943566898156,0.010498710232890696,4,0.3230106650320228,0.009784602111527374,4,0.16461418890255863,0.02652463654106975,4,0.19857023474622346,0.009360493906057036,4,0.5422743111848831,0.020283262375297068,4,3.0,0.816496580927726,4,0.7500956654548645,0.022208818076427706,4,179761.0,0.0,4,3747661.0,0.0,4
B2_with_RC,,0.0002,0.0001,hq_first,full,1,1608,SKNSH,0.20799675583839417,0.012850302518978503,4,0.2795957997441292,0.015504391758645129,4,0.667335168001943,0.04225853373291875,4,0.5504029951153521,0.03142562808454679,4,0.4296777436404329,0.05850198686237198,4,0.44667556420712373,0.0565093247153637,4,0.5699676424264908,0.058465624597463635,4,0.24326061084866524,0.0017513687867508065,4,0.3251936510205269,0.002188963553558359,4,0.4068357298689226,0.010017391291610169,4,0.3428404852497129,0.011779016314687463,4,0.15230727038358102,0.011400379774877569,4,0.16559057219419585,0.008231518894037367,4,0.7700586915016174,0.024947152871858475,4,0.20265226438641548,0.0025407666145736752,4,0.2680058181285858,0.003415338057991236,4,0.46571917031794885,0.012557570329433682,4,0.33499494280396086,0.012173533290255709,4,0.19432627644434583,0.020641766727990663,4,0.21701261503107266,0.011576610559071788,4,0.5231902375817299,0.023707219000656553,4,3.5,0.5773502691896257,4,0.7700586915016174,0.024947152871858475,4,179761.0,0.0,4,3747661.0,0.0,4
B2_with_RC,,0.0002,0.0001,hq_first,full,1,2411,HepG2,0.22457658499479294,0.0024791618896853667,4,0.2987995147705078,0.0034916327751717234,4,0.6330409354261817,0.005568677774946341,4,0.48514117915653354,0.0031367551828582817,4,0.3860258897978509,0.005692157586060694,4,0.400764083554376,0.0070368991840416405,4,0.6137194037437439,0.005689782348891873,4,0.24008659645915031,0.0014076421287907803,4,0.3224401921033859,0.0014435251252022216,4,0.41428839426485886,0.008032170271318497,4,0.33339350474671114,0.0025377257435224535,4,0.1666173727474862,0.007463204443420987,4,0.17168326044200571,0.006649986915095858,4,0.7148050665855408,0.013100783412771448,4,0.20142147317528725,0.001231910317879512,4,0.2660817876458168,0.00228163501947468,4,0.47299254698158116,0.011899877417873803,4,0.34231634795394156,0.012833470455342113,4,0.2059055984723863,0.013588477102268907,4,0.22382815481204357,0.011295533321716409,4,0.4867372587323189,0.008324483240534322,4,3.0,0.0,4,0.7148050665855408,0.013100783412771448,4,179761.0,0.0,4,3747661.0,0.0,4
B2_with_RC,,0.0002,0.0001,hq_first,full,1,2411,K562,0.233238372951746,0.015276423519987415,4,0.30887989699840546,0.016755048401587386,4,0.5964907156473046,0.055425555120325626,4,0.4579856831306879,0.050523465014052,4,0.34267314190412135,0.06945127431961476,4,0.3581051679737308,0.06337066021648419,4,0.6570541858673096,0.0694224715697101,4,0.23876123875379562,0.0017243073752103478,4,0.3174072876572609,0.0031373693340006445,4,0.44937898023287126,0.013594840702612056,4,0.3466464738222979,0.013587660021245838,4,0.19238348441392508,0.01595802924233063,4,0.20208008264543234,0.012259619872739252,4,0.6926469951868057,0.0142666043108245,4,0.20210102200508118,0.00178541163865528,4,0.2673353776335716,0.00115129437913466,4,0.46656516577987683,0.006017272708006006,4,0.33493071040190153,0.004835108582481036,4,0.1984385774306278,0.006913899075363538,4,0.21771020959733586,0.005622387982824507,4,0.49134793877601624,0.007863679117955364,4,2.75,0.5,4,0.6926469951868057,0.0142666043108245,4,179761.0,0.0,4,3747661.0,0.0,4
B2_with_RC,,0.0002,0.0001,hq_first,full,1,2411,SKNSH,0.23263320699334145,0.014331526684109669,4,0.30685191601514816,0.017926106793842978,4,0.6061649719107216,0.06768395727188732,4,0.48446002312564584,0.05983878905855462,4,0.35075961023588387,0.0782157821989793,4,0.37087181172551287,0.07754294768679118,4,0.6489710807800293,0.07818333403411523,4,0.23988544568419456,0.003958044168454663,4,0.32187217473983765,0.0038618220698895954,4,0.4207025112809404,0.018735582174275074,4,0.3492731855096594,0.01625509818633472,4,0.16947380139831056,0.019835810139362656,4,0.17725386952764655,0.0161117859288697,4,0.7122192978858948,0.012947747620888968,4,0.19977639243006706,0.0017534711583338037,4,0.2638966515660286,0.003102195785297382,4,0.4798398929623612,0.014141538190894216,4,0.3515046584646101,0.0034673376697400954,4,0.21885681979966654,0.018467500090928433,4,0.23039631020493362,0.013392890170842236,4,0.478864461183548,0.014520241292839839,4,2.75,0.5,4,0.7122192978858948,0.012947747620888968,4,179761.0,0.0,4,3747661.0,0.0,4
B2_with_RC,,0.0002,0.0001,hq_first,full,1,3215,HepG2,0.2511625327169895,0.014022229939520289,4,0.32932787388563156,0.015261260304086028,4,0.5421743555098593,0.05766093372692532,4,0.41439634588837115,0.043443612319630454,4,0.2786505774521309,0.0652131309873909,4,0.29644661923122695,0.0658293278993649,4,0.7211250811815262,0.06519288346422378,4,0.24088133871555328,0.0009875686698295107,4,0.32139871269464493,0.0008828682023490788,4,0.42435827477869226,0.0046504109916014665,4,0.3426223685870572,0.008585776144471412,4,0.17200007948115342,0.004553839319383163,4,0.1800961651149412,0.003935235820210824,4,0.6857178211212158,0.0037713173762377048,4,0.2008427083492279,0.000884228966186973,4,0.26465944945812225,0.0016016502194254822,4,0.4771784312903049,0.012064635129045171,4,0.35463175756136806,0.009946078640845995,4,0.21439430595420395,0.00953542812679145,4,0.22780842185427397,0.01143517956144874,4,0.464987650513649,0.005643871320309308,4,2.25,0.5,4,0.6857178211212158,0.0037713173762377048,4,179761.0,0.0,4,3747661.0,0.0,4
B2_with_RC,,0.0002,0.0001,hq_first,full,1,3215,K562,0.22607271000742912,0.013284602200631053,4,0.3020213022828102,0.012696498643174068,4,0.6358951207073525,0.03476277627663936,4,0.5019733920296612,0.04043103343098941,4,0.393486876615108,0.04985751693445161,4,0.4052689425002632,0.045402621815268676,4,0.6063244789838791,0.049842027462884964,4,0.2378430813550949,0.0011962559263129517,4,0.3165721073746681,0.001997805170298452,4,0.44884520049478094,0.007825042797022471,4,0.35226295358143284,0.002815537598055865,4,0.1966629294920497,0.010143730205026383,4,0.2015079374782815,0.007023360991734619,4,0.6652929484844208,0.008400638184882086,4,0.19995543360710144,0.0032535933859256256,4,0.26430436223745346,0.0027627168461790644,4,0.48356629050937755,0.004483408903784039,4,0.3487782623906524,0.00820600329910412,4,0.2164581996634166,0.01642343811448727,4,0.2338514330335486,0.0043232171595475365,4,0.46376603841781616,0.009720734603832243,4,3.25,0.5,4,0.6652929484844208,0.008400638184882086,4,179761.0,0.0,4,3747661.0,0.0,4
B2_with_RC,,0.0002,0.0001,hq_first,full,1,3215,SKNSH,0.2446361407637596,0.01839855787262134,4,0.32141995429992676,0.020597114276116688,4,0.5724020109072991,0.07496073816078089,4,0.4572326448816944,0.06528762671994154,4,0.3118692656141132,0.08791979413957758,4,0.33185839628992664,0.08583802749113278,4,0.687916710972786,0.08789247110488228,4,0.24027443677186966,0.0010890507425662828,4,0.32203762978315353,0.0007234302260805919,4,0.4227717061405183,0.004424782974370995,4,0.35898317820451153,0.00781836451432694,4,0.16870639243610333,0.003735714160674061,4,0.17875059954124248,0.00373882360162699,4,0.6884455382823944,0.0030937751072966264,4,0.1990271881222725,0.0012659266741615704,4,0.26357169449329376,0.002386076231666659,4,0.4834104858274361,0.009154246194214167,4,0.3589072747094761,0.0032515988597511597,4,0.2208122213835819,0.014056824707697377,4,0.23374854797545605,0.008913778339598676,4,0.46118897944688797,0.008319997032011823,4,2.5,0.5773502691896257,4,0.6884455382823944,0.0030937751072966264,4,179761.0,0.0,4,3747661.0,0.0,4
B2_with_RC,,0.0005,1e-05,hq_first,branched_only,1,161,HepG2,0.20114599913358688,0.010727337102833351,4,0.27321115136146545,0.00536246773772906,4,0.29190914509297083,0.0415867161255036,4,0.19667190054308867,0.03682818566518071,4,0.04941702352936683,0.05348858566117267,4,0.0865080402074865,0.023500185120793406,4,0.9446787536144257,0.05315626710234702,4,0.25098391994833946,0.000939570175991229,4,0.33177608251571655,0.0007657278515060059,4,0.3471964907210369,0.004033894243862054,4,0.3094803022502843,0.006463964023611912,4,0.11766918330425666,0.0040753633406365244,4,0.12055760739608108,0.002794185244363422,4,1.3937572240829468,0.0841540097835405,4,0.21958643198013306,0.0021490638408163476,4,0.2866567373275757,0.0017182658367097421,4,0.309108607803065,0.005284666554149291,4,0.27463331488514864,0.004851465188169721,4,0.07837575303429553,0.011066904792174473,4,0.09556907719339047,0.0032631277914489136,4,1.0402727276086807,0.059748043393935704,4,2.75,0.9574271077563381,4,1.3937572240829468,0.0841540097835405,4,179761.0,0.0,4,179761.0,0.0,4
B2_with_RC,,0.0005,1e-05,hq_first,branched_only,1,161,K562,0.20126651972532272,0.004639874400210459,4,0.27310025691986084,0.0050849203051104965,4,0.28054697737007983,0.03747033381601092,4,0.2015094200879847,0.04700757480726212,4,0.050394778840164356,0.047817529899494844,4,0.07975962594870056,0.02137158180501266,4,0.9437070339918137,0.047520470943398896,4,0.24993564933538437,0.0006759324340257785,4,0.32977039366960526,0.0005879779010047236,4,0.36202945206590953,0.0057508812620262854,4,0.283484645299906,0.007183779436207661,4,0.12830626160096156,0.003106400883898399,4,0.13109012863961012,0.00416844473493294,4,1.3769659996032715,0.08349736053396832,4,0.21416819095611572,0.001920204487738992,4,0.2817535325884819,0.0011896969070265494,4,0.3462621583097656,0.0037077285248042725,4,0.28688636624106534,0.003983632776915992,4,0.10964658742444569,0.007508960974302596,4,0.11990779271544738,0.0025724495278541984,4,1.0053499788045883,0.06509479048802301,4,3.25,1.2583057392117916,4,1.3769659996032715,0.08349736053396832,4,179761.0,0.0,4,179761.0,0.0,4
B2_with_RC,,0.0005,1e-05,hq_first,branched_only,1,161,SKNSH,0.19860555231571198,0.01389520322401122,4,0.26741909235715866,0.012786079144586071,4,0.3323380294597976,0.10747215244639942,4,0.2337936511858605,0.1109344253504542,4,0.08800571840345697,0.0918124442084311,4,0.11911126348881793,0.07900657791413457,4,0.9063296914100647,0.09124223305652322,4,0.25096723809838295,0.0016904905049174106,4,0.3330358788371086,0.0020421895424314767,4,0.33674055535976666,0.014523049204542707,4,0.3076123272324616,0.0021237894809316227,4,0.1109343258583865,0.010874273951331002,4,0.11355239084265227,0.009973667447887809,4,1.40485417842865,0.09604593421583565,4,0.2132107876241207,0.005069598282898129,4,0.2805321142077446,0.004860794023716433,4,0.3496656934918921,0.036057346261781587,4,0.28332969574707334,0.012769445704571206,4,0.1171623672103769,0.030342390465610287,4,0.12324119636974734,0.02651104911603591,4,0.9972490221261978,0.07960829211366119,4,8.75,12.17579566188592,4,1.40485417842865,0.09604593421583565,4,179761.0,0.0,4,179761.0,0.0,4
B2_with_RC,,0.0005,1e-05,hq_first,branched_only,1,322,HepG2,0.19193197786808014,0.009464887265086932,4,0.25821299478411674,0.011772808281625457,4,0.4300504401730204,0.10233142662878825,4,0.3313438207762036,0.09228207509100539,4,0.18569926578574103,0.08791114261389345,4,0.1927971717499209,0.08087332805304671,4,0.8117718249559402,0.08763821570971678,4,0.24628164991736412,0.0029561921125682983,4,0.32690370827913284,0.003495765526552665,4,0.3793710510808876,0.02420622372262412,4,0.3177945764681466,0.004031688501988942,4,0.14332412321453583,0.01839402574070791,4,0.1443618503483997,0.017906905908903866,4,1.29827281832695,0.05010322878361932,4,0.20793874561786652,0.0067205236387570715,4,0.27538957446813583,0.006933802062602002,4,0.39139802544496494,0.05504944185935081,4,0.2962956204320141,0.01340453566760898,4,0.14902011821669883,0.043042673273940985,4,0.15546524510898696,0.041091666700956,4,0.9220434427261353,0.06262866678449892,4,24.5,19.399312702601947,4,1.29827281832695,0.05010322878361932,4,179761.0,0.0,4,179761.0,0.0,4
B2_with_RC,,0.0005,1e-05,hq_first,branched_only,1,322,K562,0.19397732242941856,0.001784907325352204,4,0.261365607380867,0.001694718900746915,4,0.41261253330152653,0.03256128379479972,4,0.2793358521800884,0.034949569754482906,4,0.167623349260224,0.026353482357948665,4,0.17104428053927745,0.02653966501950254,4,0.8297915756702423,0.026271616681141727,4,0.24538812786340714,0.0008087445891660096,4,0.32456641644239426,0.0015018692616254683,4,0.402729848311233,0.005470640898623491,4,0.32679949929140395,0.005530900533883477,4,0.1555892960617294,0.007825979610946082,4,0.16221377665467,0.004408685162940193,4,1.2795349061489105,0.0360105687557946,4,0.20481088012456894,0.001224015581511923,4,0.27272501587867737,0.0020570810508524656,4,0.41022451173825786,0.013214320426131285,4,0.3170566918090062,0.005785080066006715,4,0.1657689123305586,0.012537854842340636,4,0.1684151137291354,0.010996853326597712,4,0.9034782350063324,0.02856792869072534,4,19.25,3.5,4,1.2795349061489105,0.0360105687557946,4,179761.0,0.0,4,179761.0,0.0,4
B2_with_RC,,0.0005,1e-05,hq_first,branched_only,1,322,SKNSH,0.19169461727142334,0.01060311752284781,4,0.25722701475024223,0.013404466255096644,4,0.4406711219409762,0.10257673699914188,4,0.3231253145277834,0.07507776741194355,4,0.19151699667436,0.09787329598218097,4,0.20208252794276205,0.07989524037853361,4,0.805972158908844,0.09756934638569148,4,0.2474009022116661,0.0031141541689684977,4,0.3282850533723831,0.0036661512170415487,4,0.37082802589542574,0.026629211415377316,4,0.32023245173377085,0.010179359670047903,4,0.13606225478738887,0.019394416647816888,4,0.13804526096495218,0.019073204465739894,4,1.309400200843811,0.05519512709954524,4,0.2027994655072689,0.008583333945467748,4,0.26993831992149353,0.008460944937645251,4,0.4286737107438673,0.06324564092448559,4,0.31044193862985925,0.020052291246187362,4,0.18216279016940098,0.052023903251367444,4,0.18676115860487852,0.05023211494594579,4,0.886295735836029,0.07219767762589438,4,31.75,23.371991785040485,4,1.309400200843811,0.05519512709954524,4,179761.0,0.0,4,179761.0,0.0,4
B2_with_RC,,0.0005,1e-05,hq_first,branched_only,1,643,HepG2,0.2005416825413704,0.0031250866538891455,4,0.2696584090590477,0.004924220524062595,4,0.4582523363626297,0.03841395066469096,4,0.31883990250975314,0.025485976428917905,4,0.2091168916323043,0.032902682237533926,4,0.21110192748606071,0.0341610941346592,4,0.7896531522274017,0.03285157297577581,4,0.24419624730944633,0.0010194807097409539,4,0.324723944067955,0.0008550619601980962,4,0.3942557335148968,0.005261385108098933,4,0.32700391273472895,0.008285963592905132,4,0.15477859787063825,0.004449408169174976,4,0.1554583450393111,0.004154748264701372,4,1.144915521144867,0.02925669958236066,4,0.20266147330403328,0.0023742173168843474,4,0.26888684183359146,0.003447608577564112,4,0.43627693080770513,0.022187989197559755,4,0.3348136853735124,0.004108002300498154,4,0.18901930783557025,0.020777961490593546,4,0.1907067905034644,0.01938668111783932,4,0.7851080894470215,0.028035391011355628,4,16.5,5.0,4,1.144915521144867,0.02925669958236066,4,179761.0,0.0,4,179761.0,0.0,4
B2_with_RC,,0.0005,1e-05,hq_first,branched_only,1,643,K562,0.2050611414015293,0.0019560357621915205,4,0.27491601556539536,0.003417205310536658,4,0.423037575573285,0.015723637726048588,4,0.27738566120693897,0.009692596627661181,4,0.1783076625631931,0.01336752916756405,4,0.1791462149344278,0.01334787748099469,4,0.8204144686460495,0.013346757106196483,4,0.24404850602149963,0.000549271908059409,4,0.3231814503669739,0.0010854490160085864,4,0.4051152517260279,0.006593079039544065,4,0.3354373281272954,0.007314120609147986,4,0.16278669782731978,0.005621933850084465,4,0.16415096869945922,0.005340628867546331,4,1.1340516209602356,0.02842937541427324,4,0.2030745893716812,0.00039418188888551864,4,0.2702922895550728,0.0009431199397802334,4,0.4280250568021874,0.003780374367773831,4,0.31791819622935663,0.004453059618210032,4,0.180612857870717,0.005726457639645477,4,0.18321616767328616,0.0032255175033782976,4,0.7931248247623444,0.012156694348183665,4,10.25,0.5000000000000001,4,1.1340516209602356,0.02842937541427324,4,179761.0,0.0,4,179761.0,0.0,4
B2_with_RC,,0.0005,1e-05,hq_first,branched_only,1,643,SKNSH,0.2015412338078022,0.002848029024061019,4,0.2707352340221405,0.004865809322468013,4,0.45208767839622,0.03177016360385736,4,0.30908009749483767,0.03089904015488906,4,0.20292137856660677,0.02799702286819698,4,0.20514027642924593,0.02863056576480018,4,0.7958389967679977,0.02795350159145761,4,0.24432172626256943,0.0011003382315303975,4,0.3248881474137306,0.0015123829959475842,4,0.3926709101043284,0.010061710613757489,4,0.33375825693535016,0.009770920893084902,4,0.15391425263416086,0.007861166686179257,4,0.15426637215751782,0.007984929353792905,4,1.146161675453186,0.03404532160195617,4,0.20069388672709465,0.0015442500893825132,4,0.2666439786553383,0.002074062646301353,4,0.4508226660693193,0.013106291255296394,4,0.32172937059367474,0.005943107584644843,4,0.20255424048822993,0.01240721376100835,4,0.2033699073947005,0.011815889919192517,4,0.7719161659479141,0.017894596295235148,4,20.25,5.560275772537426,4,1.146161675453186,0.03404532160195617,4,179761.0,0.0,4,179761.0,0.0,4
B2_with_RC,,0.0005,1e-05,hq_first,branched_only,1,1125,HepG2,0.24171990528702736,0.004042158968609686,4,0.3204316794872284,0.004364734745928391,4,0.4169259384022487,0.027291264868090605,4,0.30747487064659956,0.018899507676922365,4,0.17193398768800472,0.02262054867430341,4,0.17438584796617088,0.022709341905194014,4,0.827330008149147,0.02260052548086827,4,0.24427643790841103,0.001169325546886852,4,0.32550350576639175,0.0016140505194998363,4,0.39112721726568855,0.009759760411150441,4,0.304818133212163,0.004284719213443625,4,0.15070427093966038,0.008425373585346846,4,0.15305193977846343,0.007632350007990324,4,0.8537233769893646,0.017260701571056178,4,0.2023424096405506,0.0022366286388583734,4,0.2691463828086853,0.002509794973431329,4,0.4367445024262788,0.017644017683752008,4,0.3391522152442661,0.01760994137692391,4,0.1875001219404106,0.015189412023252311,4,0.19097924391959628,0.015194253423400845,4,0.5836012065410614,0.006506809932726024,4,8.75,2.7537852736430506,4,0.8537233769893646,0.017260701571056178,4,179761.0,0.0,4,179761.0,0.0,4
B2_with_RC,,0.0005,1e-05,hq_first,branched_only,1,1125,K562,0.24494435638189316,0.0010957954497047627,4,0.3243231847882271,0.0019089737388885257,4,0.3910809194607794,0.0253597418992662,4,0.27447767423564523,0.03213453045480092,4,0.15167649222312024,0.019201720131134695,4,0.15342662294818665,0.01982734942053848,4,0.8475694358348846,0.01918471609355549,4,0.2441512532532215,0.0005010425406801195,4,0.32342249155044556,0.0008087386707065758,4,0.4101591671084567,0.004225485487074348,4,0.3244714256166907,0.0098280490597984,4,0.16154055094712702,0.004196766486936528,4,0.16824393340880398,0.0034586460419684627,4,0.8427962362766266,0.012733474080155075,4,0.2029733583331108,0.0013897987720444065,4,0.27039429545402527,0.002124636036190058,4,0.42976426465312234,0.01420998642801521,4,0.3212319453331751,0.022243865947510884,4,0.179963716805033,0.012886223497277685,4,0.18484876595855226,0.012245526429006847,4,0.5891102850437164,0.012578837668024385,4,6.25,1.8929694486000914,4,0.8427962362766266,0.012733474080155075,4,179761.0,0.0,4,179761.0,0.0,4
B2_with_RC,,0.0005,1e-05,hq_first,branched_only,1,1125,SKNSH,0.2436533458530903,0.0036214463003776507,4,0.3222344368696213,0.004345741904036476,4,0.40580041099802744,0.02494905193682687,4,0.2949154325491963,0.02051756609767543,4,0.16264661863927476,0.019815461031635805,4,0.16514081496057786,0.020031996245169964,4,0.8366090655326843,0.019797947927434657,4,0.24524901807308197,0.0017062201532323843,4,0.32622797787189484,0.0018742186346928267,4,0.3874180113832504,0.011923345075415405,4,0.3277713833446662,0.008800826947392882,4,0.14691414992183258,0.009803232043969393,4,0.15019934016249292,0.009175181700173129,4,0.8574958741664886,0.015575556036108607,4,0.20080001652240753,0.0021645582325160203,4,0.26761745661497116,0.0017310519054469524,4,0.44737227118063677,0.010543305925599971,4,0.33060650629522753,0.00891242170973409,4,0.19673214332499586,0.010374940392435248,4,0.2002253199962018,0.009441605512867945,4,0.5769930630922318,0.0041228267475866475,4,10.25,3.862210075418823,4,0.8574958741664886,0.015575556036108607,4,179761.0,0.0,4,179761.0,0.0,4
B2_with_RC,,0.0005,1e-05,hq_first,branched_only,1,1608,HepG2,0.2595333158969879,0.00636296362124283,4,0.34061449021101,0.008377281737769467,4,0.39552074875297377,0.02565756627936871,4,0.29468830045449723,0.025581549888579094,4,0.15514666523383913,0.02073290604778963,4,0.15693039572464815,0.02058450275838397,4,0.844327911734581,0.020720056278554153,4,0.24397147819399834,0.0011505405648605687,4,0.32491985708475113,0.0005392876123955764,4,0.39939530490834474,0.005127762867776567,4,0.32144555712910544,0.010450067189747538,4,0.1537611007109968,0.0028108757387822333,4,0.15953633004685075,0.004074700411215354,4,0.7688852101564407,0.028756343723825035,4,0.20396645367145538,0.003066059195846099,4,0.2706768214702606,0.0034255184293572583,4,0.43072093211769275,0.02604691306511824,4,0.33383713518719305,0.027931640132122106,4,0.17818852572789368,0.02084312130242648,4,0.18602935262450046,0.022334133563307993,4,0.5334327518939972,0.01611516664652872,4,7.0,4.08248290463863,4,0.7688852101564407,0.028756343723825035,4,179761.0,0.0,4,179761.0,0.0,4
B2_with_RC,,0.0005,1e-05,hq_first,branched_only,1,1608,K562,0.26212097704410553,0.00490644700211485,4,0.3436571806669235,0.007683405937766158,4,0.37626518956739236,0.0118062335467102,4,0.2772291649766066,0.0043022486957493885,4,0.1400898073358317,0.007825778161502104,4,0.14168003324310532,0.008761476629216254,4,0.8593754321336746,0.007820861967233445,4,0.24450372159481049,0.0010863034831529834,4,0.323546938598156,0.0006768743050808288,4,0.41087996333356835,0.004052236282640389,4,0.32802929784645213,0.005367147050078325,4,0.16089637710010574,0.0035083193687786367,4,0.16883465973316225,0.003345252478596025,4,0.762336865067482,0.02614933266980006,4,0.20330745726823807,0.00138461545426731,4,0.2706211730837822,0.0018572768129272983,4,0.4296428494115147,0.012519368260300992,4,0.3244078980490407,0.012461668528870299,4,0.17859605058004616,0.01127969242407454,4,0.18471052898667326,0.010709353131817931,4,0.5332343578338623,0.0150979536327048,4,4.5,0.5773502691896257,4,0.762336865067482,0.02614933266980006,4,179761.0,0.0,4,179761.0,0.0,4
B2_with_RC,,0.0005,1e-05,hq_first,branched_only,1,1608,SKNSH,0.2604231834411621,0.006229909045092888,4,0.34109465777873993,0.00817715189603736,4,0.3939763854234744,0.027986549325432642,4,0.2942575323580547,0.017372061396318392,4,0.15270775111062077,0.0226557788596841,4,0.15580482747870472,0.022468666414779587,4,0.8467653542757034,0.022641675306378957,4,0.2443518415093422,0.0011740847045955548,4,0.3258376717567444,0.0009539676813571758,4,0.39398241450575616,0.006220032160121883,4,0.3333351394306484,0.006825261064658015,4,0.14896982127764036,0.004980049972493067,4,0.15525115953984017,0.0048848657561528066,4,0.7731984406709671,0.027655909654285705,4,0.20253083482384682,0.001848673336080445,4,0.26868949830532074,0.001605921341249541,4,0.4444151045307433,0.01068492175788882,4,0.328783175198949,0.006851413025987544,4,0.19028740100529068,0.009660507825462072,4,0.1975904107998006,0.00945652662623318,4,0.5256407707929611,0.014133710511740755,4,9.75,6.946221994724902,4,0.7731984406709671,0.027655909654285705,4,179761.0,0.0,4,179761.0,0.0,4
B2_with_RC,,0.0005,1e-05,hq_first,branched_only,1,2411,HepG2,0.27086278051137924,0.0017773397290042057,4,0.3529916852712631,0.0028449300662795303,4,0.379498048531147,0.004939981122476791,4,0.27756032098355055,0.00836096681892072,4,0.14309603855063696,0.004039071052963712,4,0.1440370713990666,0.0037493707090396535,4,0.8565484881401062,0.004037349026613725,4,0.24309512972831726,0.00047105948716258416,4,0.32432083040475845,0.0008990546176779359,4,0.4001467966619335,0.0058080667739367035,4,0.33061305681218206,0.004880059726922872,4,0.1568754285309054,0.0046767693870502485,4,0.1601427591085446,0.004626496162134782,4,0.7231302112340927,0.00958098100093537,4,0.20221440866589546,0.0008349232819779531,4,0.2691478654742241,0.0006836506888117301,4,0.43750486629267094,0.00577965368908416,4,0.3381576239339288,0.009865786583010398,4,0.18754022291543218,0.004128670911719529,4,0.19143556132734216,0.00507108784677202,4,0.4980248436331749,0.006859385813886195,4,3.75,0.49999999999999994,4,0.7231302112340927,0.00958098100093537,4,179761.0,0.0,4,179761.0,0.0,4
B2_with_RC,,0.0005,1e-05,hq_first,branched_only,1,2411,K562,0.27337314933538437,0.0021262992810481295,4,0.35675062984228134,0.0033525448923910303,4,0.3544352235217391,0.004429204495470902,4,0.2627397344868181,0.0033606298561033,4,0.12476586932183936,0.0036131632321226605,4,0.1256390410622522,0.0031410109698891174,4,0.8748710453510284,0.0036116380810197546,4,0.24463927745819092,0.0008874391790443366,4,0.3235970512032509,0.0009630365097162905,4,0.4128115145476721,0.006127296999177333,4,0.33583283159144095,0.003544234761823066,4,0.1606336644915258,0.004991410639256543,4,0.17044150436953004,0.005058547661750446,4,0.7198811322450638,0.006683144354028147,4,0.20420866459608078,0.0011337189613232974,4,0.2719220221042633,0.0014750436824293167,4,0.4223197924278437,0.010279758448070712,4,0.3171492218792793,0.006886045835031908,4,0.17069129830442906,0.008973078912215394,4,0.17843326215160996,0.008777632562891975,4,0.5083698257803917,0.00977196985765287,4,2.25,0.5,4,0.7198811322450638,0.006683144354028147,4,179761.0,0.0,4,179761.0,0.0,4
B2_with_RC,,0.0005,1e-05,hq_first,branched_only,1,2411,SKNSH,0.271442249417305,0.003800027168212484,4,0.35306350886821747,0.006031616008820467,4,0.378033377832248,0.026758702106210785,4,0.28501835400764386,0.019610233217772315,4,0.14272010903927193,0.020354861275575262,4,0.14344625585906584,0.020173052509903335,4,0.8569242805242538,0.020346439312476094,4,0.24418582767248154,0.0011028204275878764,4,0.3254528194665909,0.00030366875084236516,4,0.39696283602305227,0.0026206264015414724,4,0.33843691266464837,0.006861385078088127,4,0.15098386313464904,0.0015843956625929939,4,0.15758464394551702,0.002081016874546269,4,0.7282047271728516,0.010972252767218658,4,0.2017941176891327,0.0016962020589560468,4,0.26818304508924484,0.0022606948908299607,4,0.447879634161891,0.01454805641837394,4,0.33928395493575164,0.012360344275223725,4,0.19331554722118013,0.013565947230368582,4,0.20075490115615346,0.013079829803072691,4,0.49442099779844284,0.005045445344498395,4,6.0,2.943920288775949,4,0.7282047271728516,0.010972252767218658,4,179761.0,0.0,4,179761.0,0.0,4
B2_with_RC,,0.0005,1e-05,hq_first,branched_only,1,3215,HepG2,0.2796073630452156,0.0005729045449573412,4,0.3631931096315384,0.0007325063522826179,4,0.35530926210124786,0.006854992056066866,4,0.2717829422079642,0.00417089277422757,4,0.12407622345436553,0.0035302202838332027,4,0.1262799149219998,0.00491267929176615,4,0.8756513446569443,0.0035291294625202437,4,0.2443036027252674,0.00024943949398372996,4,0.32467732578516006,0.0006367085184978418,4,0.4062698540276055,0.0055290201683541075,4,0.3407839087098444,0.008311481404516667,4,0.15502328359552817,0.003312272914310823,4,0.16507812183962844,0.004500737969908761,4,0.6997773498296738,0.002743135636486384,4,0.20401933789253235,0.0015136475264594194,4,0.27094442397356033,0.0015680983895853204,4,0.43045507081442813,0.00969598800337846,4,0.3410728107237586,0.007720518680606784,4,0.17664099739730388,0.009518598823572262,4,0.1853620771273756,0.00843886178042645,4,0.4873332157731056,0.005633907672107315,4,2.25,0.5,4,0.6997773498296738,0.002743135636486384,4,179761.0,0.0,4,179761.0,0.0,4
B2_with_RC,,0.0005,1e-05,hq_first,branched_only,1,3215,K562,0.27937888354063034,0.0019229725758075989,4,0.36290448904037476,0.002497779694725074,4,0.35498767435179535,0.017072190877912233,4,0.26909122553891496,0.012236913506909693,4,0.12543940959990138,0.012055256009154452,4,0.1262348437177252,0.011967671355060744,4,0.8742885738611221,0.012051514788548288,4,0.24460236355662346,0.001366456455947774,4,0.3242960274219513,0.0005561766931236406,4,0.4077687931220024,0.004347365060593846,4,0.3380691447298405,0.004995131527394685,4,0.157007349317478,0.0028895205081297514,4,0.16628956333140196,0.0035287153892412876,4,0.6981341540813446,0.002392964700312724,4,0.20257559791207314,0.0021993012745643334,4,0.26991353929042816,0.002642596008907546,4,0.4383493563081773,0.017762854651955682,4,0.3397208197525683,0.01985948193006897,4,0.18285626528435947,0.01602209361189103,4,0.19238679742983325,0.015352715151845116,4,0.48365452140569687,0.00948322122920519,4,2.75,1.5,4,0.6981341540813446,0.002392964700312724,4,179761.0,0.0,4,179761.0,0.0,4
B2_with_RC,,0.0005,1e-05,hq_first,branched_only,1,3215,SKNSH,0.27861785888671875,0.0019113383966070624,4,0.36147062480449677,0.0026159457591214638,4,0.3652407198956264,0.01730577610522485,4,0.2830078385037874,0.01237103491284864,4,0.13233338930546526,0.012599930622486398,4,0.13362540088482855,0.012370866152203657,4,0.867396742105484,0.012595992298098685,4,0.24360519275069237,0.0017131733940149508,4,0.3255009949207306,0.0007807176103273079,4,0.39662317454267854,0.0024233640940923354,4,0.34239977546485223,0.003968288009635788,4,0.15072945870346519,0.004073009430729701,4,0.15731434710446143,0.001927749801812096,4,0.7033332884311676,0.0033730603510165203,4,0.20053410902619362,0.0019239856038258053,4,0.26725972443819046,0.0019069101263504394,4,0.45316878136370486,0.011989089216321965,4,0.3484218995724477,0.010857668675130473,4,0.19887272013240362,0.011468667233348304,4,0.20546974809784302,0.010727852844595482,4,0.4741746485233307,0.006788116472025521,4,5.0,2.160246899469287,4,0.7033332884311676,0.0033730603510165203,4,179761.0,0.0,4,179761.0,0.0,4
B2_with_RC,,0.0005,1e-05,hq_first,conv3_plus,1,161,HepG2,0.1870911754667759,0.01800127949183369,4,0.2555142156779766,0.017806794391577264,4,0.4137231235063086,0.1708017989136255,4,0.3061399557899428,0.15856487361332575,4,0.16021301811274066,0.16446837244939935,4,0.1930467638079142,0.14022497189222463,4,0.8345708847045898,0.16344674644203586,4,0.24837714433670044,0.00208115343894295,4,0.328928679227829,0.002663383422256344,4,0.36600659527050444,0.0191703712983189,4,0.311150854428475,0.004711000624846757,4,0.13270984618106008,0.014041754011820392,4,0.1342364551332934,0.014065943213795831,4,1.371141254901886,0.10698604911449418,4,0.21464606001973152,0.004854918028218871,4,0.28147024661302567,0.004972822466193745,4,0.34712758154227774,0.04038264148858046,4,0.282664613030351,0.005789764831067096,4,0.11123993050929562,0.03136544019368806,4,0.1217206261675871,0.02806749699499721,4,1.0048520117998123,0.0943221866738335,4,12.75,12.737739202856996,4,1.371141254901886,0.10698604911449418,4,179761.0,0.0,4,3063361.0,0.0,4
B2_with_RC,,0.0005,1e-05,hq_first,conv3_plus,1,161,K562,0.18809464201331139,0.01646829320635878,4,0.2568955644965172,0.01812339711389683,4,0.40261755640627006,0.17093413412500777,4,0.3221771780600291,0.1504571313297304,4,0.15144858666059713,0.16425995023170942,4,0.18401475538335565,0.13801195755453774,4,0.8432808667421341,0.16323969033332583,4,0.2474636770784855,0.003615801108932468,4,0.32630418986082077,0.003986515277216851,4,0.3846824248307364,0.02612395635041511,4,0.30165928971008915,0.02556786944343123,4,0.14644112428581504,0.020796262270556427,4,0.14849241379520395,0.02039367352990151,4,1.3494885563850403,0.10963190967985736,4,0.2103302739560604,0.005901722075674602,4,0.27764278650283813,0.006046197471202073,4,0.38017741840380614,0.0397842764351348,4,0.29812455902140106,0.015416876379794579,4,0.1351413658663845,0.03759426683696319,4,0.1457219609527831,0.030456178717933817,4,0.9784601777791977,0.10280041619900586,4,13.0,12.806248474865697,4,1.3494885563850403,0.10963190967985736,4,179761.0,0.0,4,3063361.0,0.0,4
B2_with_RC,,0.0005,1e-05,hq_first,conv3_plus,1,161,SKNSH,0.19464800879359245,0.01675823540755278,4,0.26313552260398865,0.01697499502330117,4,0.3563264293876125,0.13900533044969224,4,0.2532823078973544,0.1303947684191826,4,0.11546763489493359,0.11737715174514352,4,0.14146038570019628,0.11495320674347939,4,0.8790384382009506,0.11664814595909095,4,0.2507447265088558,0.0016291749291431207,4,0.3327537700533867,0.0021463046249986665,4,0.33810575461506626,0.01602663952942159,4,0.30714118610465146,0.001987609332171308,4,0.11243722184086319,0.011417310286270561,4,0.11450814118477791,0.011077745758427212,4,1.4025327861309052,0.09710765791524804,4,0.21274586766958237,0.004688340467651171,4,0.2802663743495941,0.004737118859100594,4,0.3503148172419384,0.036372314716065036,4,0.28377533071729266,0.010847260003102214,4,0.11884375127166427,0.029544031614899078,4,0.12371268013760608,0.026804524896652037,4,0.9953646510839462,0.07936037670167508,4,7.0,8.679477710861025,4,1.4025327861309052,0.09710765791524804,4,179761.0,0.0,4,3063361.0,0.0,4
B2_with_RC,,0.0005,1e-05,hq_first,conv3_plus,1,322,HepG2,0.1831221505999565,0.005709612307281049,4,0.24646097049117088,0.0046006310638542275,4,0.513239287556716,0.037166484703263544,4,0.3728349178284313,0.029687311413754882,4,0.25962559220686604,0.03660557658308991,4,0.2644505769806239,0.0374867489614454,4,0.7380750775337219,0.036491909317251776,4,0.24508440494537354,0.0015282739280351963,4,0.32567259669303894,0.001914997441084928,4,0.38945999895971156,0.012608581251165568,4,0.33010059754581955,0.008875906353560909,4,0.14981530787318753,0.009994820506555736,4,0.15179832303057395,0.009849178962694024,4,1.2881955802440643,0.03294901711663177,4,0.20705191418528557,0.0017580658819860257,4,0.2737993001937866,0.001759975954061343,4,0.41012129736871383,0.012368359920667878,4,0.29809023952974384,0.01651650763163982,4,0.1591935718311241,0.0107752830402346,4,0.16831421080074238,0.010275932970748018,4,0.9105901271104813,0.0274777436441891,4,19.0,4.08248290463863,4,1.2881955802440643,0.03294901711663177,4,179761.0,0.0,4,3063361.0,0.0,4
B2_with_RC,,0.0005,1e-05,hq_first,conv3_plus,1,322,K562,0.18710477650165558,0.0030971675811511954,4,0.2507529444992542,0.004572480064881677,4,0.4868533009941516,0.038853795850872654,4,0.333890024562706,0.017683320182805516,4,0.2335978351838375,0.038111030767072646,4,0.23815834977791794,0.03696291058263732,4,0.7640219777822495,0.037992665317215714,4,0.24390476569533348,0.001339083583731754,4,0.3232613056898117,0.001100875297323128,4,0.40629902744840607,0.007588805185296147,4,0.32111822604080875,0.00845560768007199,4,0.16237272126495103,0.005702309876501567,4,0.1651220921786259,0.006167515782818968,4,1.2690957486629486,0.025818911885263432,4,0.2021194063127041,0.0020982948841467342,4,0.2701819837093353,0.001699994092007529,4,0.4318264102824748,0.008006764877582328,4,0.31707104394360097,0.0068333861128351105,4,0.181264611945199,0.010313926028859298,4,0.18652212983030195,0.006922267446730745,4,0.8865201622247696,0.017789005255307366,4,16.25,2.217355782608345,4,1.2690957486629486,0.025818911885263432,4,179761.0,0.0,4,3063361.0,0.0,4
B2_with_RC,,0.0005,1e-05,hq_first,conv3_plus,1,322,SKNSH,0.1824769601225853,0.008486075010701411,4,0.2471705712378025,0.007076460901328816,4,0.5071949490155337,0.04486701525007614,4,0.3889181273843474,0.06135852282894322,4,0.25517770253310895,0.046381743500364774,4,0.2587565030999578,0.04725796300017887,4,0.7425091713666916,0.04623772066202451,4,0.24612916260957718,0.0006949344258550099,4,0.3266041427850723,0.0009015444154299228,4,0.3838440737169866,0.004908754498152251,4,0.32804806469060216,0.009837942406441045,4,0.1449619028839362,0.004719182209696957,4,0.1473543448306938,0.003768885543400497,4,1.2956234514713287,0.03418778426803299,4,0.2022704929113388,0.001671167166434964,4,0.26901526004076004,0.0014818049762450702,4,0.4389022101689406,0.010348015319370216,4,0.30650852051731203,0.008658469273785609,4,0.1883260591813743,0.00893793115861894,4,0.1927154611569683,0.009116933390806764,4,0.8791185468435287,0.029209183863925983,4,23.75,10.56330125166055,4,1.2956234514713287,0.03418778426803299,4,179761.0,0.0,4,3063361.0,0.0,4
B2_with_RC,,0.0005,1e-05,hq_first,conv3_plus,1,643,HepG2,0.19566507264971733,0.005594528434094515,4,0.26331764459609985,0.00817053867387637,4,0.4985374368711135,0.04386959291588216,4,0.3432365125282129,0.040118887084839294,4,0.24563855603875995,0.04587095682702564,4,0.2499829818489734,0.045054485639828896,4,0.753188282251358,0.045799675733301286,4,0.24420849233865738,0.001433299991802776,4,0.32473766803741455,0.0011174002586601531,4,0.3947907019547592,0.0077717001575287456,4,0.33315524700993987,0.00925689737486268,4,0.15470402184692125,0.0058181586778109995,4,0.1559049978424354,0.006126181987160543,4,1.1449719071388245,0.02722224230118814,4,0.2035345658659935,0.00110461605548303,4,0.26996587961912155,0.0015969672325556912,4,0.4319788704133437,0.01034965931028866,4,0.32325981060037856,0.004337175719025465,4,0.18257663850284492,0.009678031909816212,4,0.18668608106946769,0.008981350879311047,4,0.7912372946739197,0.015205031415423629,4,11.5,4.358898943540673,4,1.1449719071388245,0.02722224230118814,4,179761.0,0.0,4,3063361.0,0.0,4
B2_with_RC,,0.0005,1e-05,hq_first,conv3_plus,1,643,K562,0.20243500545620918,0.0016857418045526267,4,0.27151860296726227,0.0016414557845696575,4,0.44670919315538976,0.024975403960007345,4,0.2927159311993268,0.014020971249820817,4,0.19824697256006835,0.023070629845988302,4,0.20001693135176346,0.022863355251051085,4,0.8005061447620392,0.0230347444805861,4,0.2437131218612194,0.0014880857079109945,4,0.3228999674320221,0.0006950678357341334,4,0.40962822015702616,0.001968622255767101,4,0.33487853052686806,0.007570867424198365,4,0.16424860838681535,0.003597081246606984,4,0.16779818535420252,0.001612946844079113,4,1.1320546865463257,0.02691824346786202,4,0.20328322798013687,0.0009226163457945168,4,0.2704804837703705,0.0012704972693628961,4,0.4280543843542869,0.012901038534818566,4,0.3204529217444666,0.008772461812263306,4,0.17946527666676515,0.007714923161023994,4,0.18335538356138523,0.011080249640020723,4,0.7943352162837982,0.019450703560291455,4,7.25,2.6299556396765835,4,1.1320546865463257,0.02691824346786202,4,179761.0,0.0,4,3063361.0,0.0,4
B2_with_RC,,0.0005,1e-05,hq_first,conv3_plus,1,643,SKNSH,0.19424795731902122,0.0029665003805035817,4,0.26087891310453415,0.002968843132627323,4,0.5116256612267793,0.023534449118673174,4,0.3541910267101736,0.012986742717116502,4,0.25987393753204024,0.022749165162751918,4,0.26217621994722873,0.024034691252686986,4,0.7389750480651855,0.022713797020421533,4,0.24416937679052353,0.001278278678441196,4,0.32487863302230835,0.0016773979238662682,4,0.3933495688013614,0.011601264826739812,4,0.3332474655202728,0.005603105304841254,4,0.15396062896648008,0.008716206661890767,4,0.15482482528540203,0.009245574647156434,4,1.1460825204849243,0.03361370221144533,4,0.19980812445282936,0.001984821295631065,4,0.2661382555961609,0.0022585287695427343,4,0.45812510157356384,0.011435629815873014,4,0.31819311505754105,0.003490727983416485,4,0.20556939134036342,0.013496577972736415,4,0.20997668891375246,0.01048693106241772,4,0.7688650488853455,0.008267724716323031,4,14.5,4.509249752822894,4,1.1460825204849243,0.03361370221144533,4,179761.0,0.0,4,3063361.0,0.0,4
B2_with_RC,,0.0005,1e-05,hq_first,conv3_plus,1,1125,HepG2,0.2348831668496132,0.005955431047574138,4,0.31151745468378067,0.006905331133942266,4,0.4678770650980332,0.036785557822559316,4,0.35119503979415834,0.03270972156456207,4,0.2171998749397725,0.03438881202019876,4,0.21992383099298685,0.034272985259329314,4,0.7821042984724045,0.03435830216312074,4,0.24282434955239296,0.001420067253082377,4,0.3246057629585266,0.002041300675384818,4,0.39643743973544376,0.012646031387767077,4,0.30890458760478046,0.005375249707296581,4,0.1553730669008145,0.010620073514678946,4,0.15728258520638888,0.010029311816507012,4,0.849029615521431,0.018314466901834987,4,0.20249775424599648,0.0021391375494358785,4,0.26871854066848755,0.002234866353269433,4,0.4457520046657931,0.012389592127025447,4,0.33304277546582906,0.023478124499567293,4,0.19009194794719242,0.01346949180282325,4,0.1988099761583788,0.011001427333249974,4,0.5817325860261917,0.0027086221038471023,4,8.75,2.7537852736430506,4,0.849029615521431,0.018314466901834987,4,179761.0,0.0,4,3063361.0,0.0,4
B2_with_RC,,0.0005,1e-05,hq_first,conv3_plus,1,1125,K562,0.2415519431233406,0.0020236568136155347,4,0.3197863698005676,0.002390090437172515,4,0.419638138310566,0.025138732990605168,4,0.2890349495720027,0.028792734843979137,4,0.1752374881701094,0.019900333654697518,4,0.17657013404703742,0.020677236898463906,4,0.8240294307470322,0.019882773951451306,4,0.2433234304189682,0.0006875053350720429,4,0.32278747111558914,0.0004903107952555218,4,0.4115027692984404,0.002027906503401085,4,0.3282328299738916,0.004809122407516802,4,0.16483232096454756,0.0025381488364271403,4,0.16933761344387535,0.0016682164163433204,4,0.8394845873117447,0.011954469525127218,4,0.20179606974124908,0.0014253592201413734,4,0.2690414711833,0.0011563762881024165,4,0.44127854823571977,0.005151010768354505,4,0.3230719345499371,0.022713876417952625,4,0.1881750795330198,0.006975381710476492,4,0.19474665681697623,0.0045670817312951925,4,0.5831780433654785,0.006705560191190033,4,5.25,0.4999999999999999,4,0.8394845873117447,0.011954469525127218,4,179761.0,0.0,4,3063361.0,0.0,4
B2_with_RC,,0.0005,1e-05,hq_first,conv3_plus,1,1125,SKNSH,0.2381485551595688,0.0044322557818004095,4,0.3149006888270378,0.005131466998365852,4,0.45162439093737927,0.029399322827428208,4,0.32534977937244514,0.024655966047639526,4,0.20028142326699108,0.02376211941758557,4,0.20461283062659227,0.02633886728410701,4,0.7990077435970306,0.023741087687904047,4,0.24378935247659683,0.0016806587930450307,4,0.32514365017414093,0.0020961328717986906,4,0.3926288229670173,0.013338460855673532,4,0.33025825792944263,0.004575442781971441,4,0.15257026034647372,0.010943118333137413,4,0.15429082852796414,0.010382951858222045,4,0.8518421202898026,0.018324847864129606,4,0.19876248389482498,0.0019825298381676267,4,0.2655310034751892,0.0017119297270015304,4,0.45956889107264076,0.010194206534048674,4,0.33103245827634026,0.007563624725558308,4,0.2092086680539537,0.010180281953499145,4,0.21128150702688087,0.009408177749645613,4,0.5680317580699921,0.004133469642213932,4,8.25,1.892969448600091,4,0.8518421202898026,0.018324847864129606,4,179761.0,0.0,4,3063361.0,0.0,4
B2_with_RC,,0.0005,1e-05,hq_first,conv3_plus,1,1608,HepG2,0.2532488964498043,0.009870110829233992,4,0.3322049453854561,0.012151732925521259,4,0.44333913301728894,0.049042474375007715,4,0.3335608388415606,0.052287389964123764,4,0.19609362278213302,0.04291727656306684,4,0.19835346008413887,0.04444938118928867,4,0.8034064322710037,0.042890519699555915,4,0.24236642569303513,0.0012625458042687325,4,0.32376932352781296,0.0008685622211767591,4,0.40467266121026535,0.006562691124054554,4,0.3220772532505649,0.022277671380423556,4,0.15974070059238882,0.004506845999333466,4,0.1637922644170905,0.005314897917537482,4,0.7634286135435104,0.027832188156322962,4,0.20388159900903702,0.00252985879474291,4,0.26988834887742996,0.003222415570004149,4,0.44227357142409124,0.02056506517093019,4,0.3366182754961991,0.025492135401660305,4,0.1829802090016829,0.019574912360224694,4,0.1959231034093342,0.017850446086549614,4,0.5302127003669739,0.009082869968910898,4,7.5,4.041451884327381,4,0.7634286135435104,0.027832188156322962,4,179761.0,0.0,4,3063361.0,0.0,4
B2_with_RC,,0.0005,1e-05,hq_first,conv3_plus,1,1608,K562,0.25683341175317764,0.001664911454259567,4,0.3369498774409294,0.0037763628552884843,4,0.41999088133928053,0.019503920316350933,4,0.30508740334724915,0.020334352480769945,4,0.17303812528194018,0.013738551573947861,4,0.17667764258892554,0.016718112899438725,4,0.8264475613832474,0.01373002447710053,4,0.24280821532011032,0.0005185360736230325,4,0.32284659892320633,0.0007500612849557712,4,0.4115954484697095,0.005498051844822413,4,0.3249503430372933,0.009340577308495336,4,0.16452442286663113,0.0038785991574179293,4,0.16943348463154756,0.00454506887425622,4,0.7590553760528564,0.026627870273172885,4,0.20087884739041328,0.0005937241669229054,4,0.26722870767116547,0.0015881743835268088,4,0.45140221803401276,0.0079457894909531,4,0.3257839527571676,0.01672171748295527,4,0.1990680338300326,0.009524771880335146,4,0.2038113141240023,0.007177553358969871,4,0.5201474949717522,0.021890048874008607,4,5.75,2.217355782608345,4,0.7590553760528564,0.026627870273172885,4,179761.0,0.0,4,3063361.0,0.0,4
B2_with_RC,,0.0005,1e-05,hq_first,conv3_plus,1,1608,SKNSH,0.2569468282163143,0.006633844145048608,4,0.3362985998392105,0.009489310660975773,4,0.4242089860238522,0.03157752473228358,4,0.316523833239672,0.02352590539552908,4,0.17647324685438162,0.02399177749222634,4,0.18070111887454832,0.02733593543717669,4,0.8230145573616028,0.02397674904367883,4,0.24321509525179863,0.0015732888692124994,4,0.3244176208972931,0.0012188129930818183,4,0.4006940247075755,0.006744664230685645,4,0.3436068238984397,0.01129985902009201,4,0.15636801784010973,0.006336277415782517,4,0.16058981930804364,0.005373001857752887,4,0.7664833664894104,0.027849783808618432,4,0.20032384246587753,0.0017151804816714163,4,0.2664080783724785,0.0017633006596266374,4,0.45710875988710004,0.00897663680274327,4,0.3378955101124503,0.006712700022187555,4,0.20397456755052792,0.010503842140101196,4,0.20900885337173875,0.008238051186431448,4,0.5167780593037605,0.015227470137016114,4,6.5,2.516611478423583,4,0.7664833664894104,0.027849783808618432,4,179761.0,0.0,4,3063361.0,0.0,4
B2_with_RC,,0.0005,1e-05,hq_first,conv3_plus,1,2411,HepG2,0.26734039932489395,0.0023875735642304974,4,0.34823375195264816,0.0029351643651803873,4,0.40931729038054465,0.01260753685750136,4,0.2976948222403524,0.011636120859928219,4,0.16600805038585476,0.009798393935159164,4,0.16765985669368105,0.010311537695204608,4,0.8336459547281265,0.009794411231176487,4,0.2421891875565052,0.0004965530877378998,4,0.32362785935401917,0.0008128288340100046,4,0.4058142428759185,0.0029302635557077136,4,0.335130941251807,0.004535118694659836,4,0.16047544918803727,0.0042154280528823845,4,0.1646916395543344,0.002381479165741529,4,0.7200362980365753,0.008737417827249962,4,0.20237622782588005,0.0015197880915076472,4,0.2684796303510666,0.0011587860974348581,4,0.4476041764800486,0.007155454377886411,4,0.3434572896040798,0.015201040326123022,4,0.19156216605747559,0.00698124453148266,4,0.20038789919789798,0.006397377775355413,4,0.49552934616804123,0.0043032774680686935,4,4.5,1.2909944487358056,4,0.7200362980365753,0.008737417827249962,4,179761.0,0.0,4,3063361.0,0.0,4
B2_with_RC,,0.0005,1e-05,hq_first,conv3_plus,1,2411,K562,0.27065421640872955,0.0024876751006466637,4,0.35329584777355194,0.0032518237808345624,4,0.3775736105487859,0.028570186025155594,4,0.2770380619009465,0.025335850004852587,4,0.14144475709999843,0.020917990917360615,4,0.14317402302998028,0.022270100318812238,4,0.8581990748643875,0.020909336552237038,4,0.24369590356945992,0.0009609384102753935,4,0.32334206253290176,0.0011634144594918944,4,0.4125854515903427,0.0087875049941779,4,0.33665157404907,0.0022545033010457904,4,0.16195335790941062,0.00602601862145896,4,0.17028467004702405,0.00720763092731464,4,0.7187404632568359,0.0059949297807445415,4,0.20258256793022156,0.001406914609338701,4,0.27010921388864517,0.0022414067996948126,4,0.43493362278368086,0.012674232256884879,4,0.32399124283083997,0.01073880653864633,4,0.18168762322949492,0.013545225540414083,4,0.18928773335021332,0.01114049187084393,4,0.5017044171690941,0.015199349161720334,4,3.0,2.0,4,0.7187404632568359,0.0059949297807445415,4,179761.0,0.0,4,3063361.0,0.0,4
B2_with_RC,,0.0005,1e-05,hq_first,conv3_plus,1,2411,SKNSH,0.26887766271829605,0.0031794367861146915,4,0.34971746802330017,0.0038391033067523787,4,0.3993786849079519,0.021265103567196263,4,0.29824864216626024,0.02336769585760681,4,0.15884496062250708,0.016185351603437894,4,0.15984248743109786,0.016662361958365027,4,0.8408061563968658,0.016178620406723673,4,0.24306116253137589,0.000664505434246045,4,0.3242724910378456,0.00017466246173217055,4,0.4046983560206151,0.002035603521578189,4,0.3404910873019163,0.003674294711080191,4,0.1571314016690644,0.000907950653649184,4,0.1637838671270613,0.0016504835810383829,4,0.7229246199131012,0.010193090580218852,4,0.2008954919874668,0.001444044693496666,4,0.26744428277015686,0.0012473657627712627,4,0.4553367686480452,0.007970300109454485,4,0.33915879919508246,0.005606122978060435,4,0.19778340902464953,0.007475982110430466,4,0.2073792171457195,0.007246221628507352,4,0.4917277321219444,0.006048750901399666,4,4.5,1.2909944487358056,4,0.7229246199131012,0.010193090580218852,4,179761.0,0.0,4,3063361.0,0.0,4
B2_with_RC,,0.0005,1e-05,hq_first,conv3_plus,1,3215,HepG2,0.27735210955142975,0.0016637129829177395,4,0.3602786734700203,0.002198267884642494,4,0.37520793427342924,0.016190128487963643,4,0.2847194359964611,0.010850642968225292,4,0.1380560197838795,0.010505957881497977,4,0.1409775841370766,0.012232663228584,4,0.8616758435964584,0.010502646454855314,4,0.24341369047760963,0.0005907213622894082,4,0.3242882788181305,0.0006151217149029882,4,0.4062332589109716,0.009189381001907856,4,0.3454266289525448,0.00554569014306412,4,0.15704726419495552,0.0031978923086358677,4,0.16508879418782715,0.00739858827292397,4,0.6981011629104614,0.0026483726806096545,4,0.20246434584259987,0.0023997023074881487,4,0.2688944637775421,0.002687184864352673,4,0.44491442519932956,0.010483833452140712,4,0.34551718489336525,0.012188470758363377,4,0.18901249659263653,0.016201971314947546,4,0.198031278823339,0.009340106785102687,4,0.4800107404589653,0.009589729550847657,4,2.75,0.9574271077563381,4,0.6981011629104614,0.0026483726806096545,4,179761.0,0.0,4,3063361.0,0.0,4
B2_with_RC,,0.0005,1e-05,hq_first,conv3_plus,1,3215,K562,0.27845630794763565,0.0037215149193107477,4,0.3618231937289238,0.004879407639686421,4,0.36169422482257774,0.03205119325805917,4,0.2744963563384031,0.022853962131985085,4,0.13055553349446755,0.02344104395782655,4,0.13159317151195452,0.023198724465524147,4,0.869173988699913,0.023433763052317452,4,0.24432586133480072,0.001872715128588822,4,0.32400913536548615,0.0008356145159049871,4,0.41112099199651,0.003519455612767802,4,0.3391187748897178,0.0060525287199653405,4,0.15849590283618237,0.004339898141380101,4,0.16902975998605213,0.002886542393138419,4,0.6969014406204224,0.003594105912797286,4,0.20322827994823456,0.00229450705296066,4,0.2706259936094284,0.003050674083933755,4,0.4358155155918645,0.02301152121915769,4,0.3363354248217555,0.023637609136516833,4,0.17851755579575107,0.018476910994771473,4,0.1903323112122175,0.02006016177380418,4,0.4862225279211998,0.010936198210472184,4,2.5,1.7320508075688772,4,0.6969014406204224,0.003594105912797286,4,179761.0,0.0,4,3063361.0,0.0,4
B2_with_RC,,0.0005,1e-05,hq_first,conv3_plus,1,3215,SKNSH,0.27422210574150085,0.002632922995648654,4,0.35577916353940964,0.0034480727581881762,4,0.4017944015197847,0.01896360595718778,4,0.3085597595470735,0.014974494133155644,4,0.1594154549141326,0.01627481535033915,4,0.16170845485581659,0.015354217602281691,4,0.8403230905532837,0.016269724438773,4,0.2419421449303627,0.000901474721708891,4,0.32477598637342453,0.0009966275468916888,4,0.39818540825140125,0.006435986287542627,4,0.3483072876874662,0.004724175953280678,4,0.15450613319607065,0.005190680886231801,4,0.15858268578395518,0.005120873512119638,4,0.7002056241035461,0.004298757589094525,4,0.1992083676159382,0.0010194046721232306,4,0.26560600101947784,0.0005526465342099292,4,0.4626960648522907,0.002734483603306693,4,0.3474404243216108,0.003761151900991759,4,0.20878394960390967,0.003295726771536223,4,0.21409325648022776,0.002534383475487314,4,0.46830831468105316,0.0019507047469613694,4,5.25,1.5,4,0.7002056241035461,0.004298757589094525,4,179761.0,0.0,4,3063361.0,0.0,4
B2_with_RC,,0.0005,1e-05,hq_first,full,1,161,HepG2,0.1833995096385479,0.02049915482065209,4,0.2506389878690243,0.02161189032945997,4,0.44405729815820516,0.1914733018142585,4,0.33025513919717775,0.17655333611111085,4,0.18908302744002034,0.1856114303942366,4,0.2246834030283057,0.16898295356647514,4,0.8058802783489227,0.18445855982907594,4,0.24932341650128365,0.0011136593846968552,4,0.32975783944129944,0.00186033863358408,4,0.3602992640052687,0.013665805612484209,4,0.3147079053293895,0.005806557122902594,4,0.12835387061265027,0.009823211550727877,4,0.12995562532501695,0.009931708053436196,4,1.3777362704277039,0.10106956239863672,4,0.217785082757473,0.0031147497197303226,4,0.28448205441236496,0.0028541709187057747,4,0.33165703012754477,0.022871322667792397,4,0.2800171390123003,0.001855076294679772,4,0.09226217021041758,0.018124803269271784,4,0.11038870868345384,0.0152140033934514,4,1.0250489562749863,0.07053419691650631,4,8.25,7.32006375199925,4,1.3777362704277039,0.10106956239863672,4,179761.0,0.0,4,3747661.0,0.0,4
B2_with_RC,,0.0005,1e-05,hq_first,full,1,161,K562,0.17690075188875198,0.032761936280169116,4,0.245412465184927,0.03354950265271427,4,0.45317694460392655,0.2229841018612064,4,0.3773059771851379,0.2177499480139296,4,0.21570399076743887,0.2375075788329963,4,0.242660775382687,0.2116651520931189,4,0.7794246599078178,0.2360323546160013,4,0.2484777569770813,0.002842802734502276,4,0.3262718841433525,0.004225304744397784,4,0.3845033342180102,0.02764488284257888,4,0.3042321099904167,0.02949820434974289,4,0.14659826888454278,0.022012227490120894,4,0.14841599368530178,0.021766939922095798,4,1.3491747081279755,0.10921485932456718,4,0.21369408443570137,0.003165282009351059,4,0.2808493450284004,0.0023914751170282917,4,0.37045574162017053,0.030994950647426602,4,0.3011906064165517,0.018783111892247482,4,0.11531564937240407,0.015053676762085586,4,0.13795797172357788,0.023440369644004498,4,0.9994596838951111,0.07605084709295214,4,12.25,14.150971698084906,4,1.3491747081279755,0.10921485932456718,4,179761.0,0.0,4,3747661.0,0.0,4
B2_with_RC,,0.0005,1e-05,hq_first,full,1,161,SKNSH,0.1858825795352459,0.01619889194914081,4,0.2525954470038414,0.014160783282396382,4,0.4328504536043323,0.15495125594283163,4,0.3294459918124039,0.1695034658211307,4,0.18151882769420977,0.13659481236967547,4,0.20536693397417186,0.13277638935255034,4,0.8133974671363831,0.13574638302705538,4,0.2505260668694973,0.0015963809044232946,4,0.3324078470468521,0.0022408420190803443,4,0.34089437247666177,0.01589205039995577,4,0.3113512321061682,0.009133952709777376,4,0.11427910793062551,0.01191856122993571,4,0.11639839113569306,0.01098629715591727,4,1.400093913078308,0.10503529824044479,4,0.21301629394292831,0.0026007561298220894,4,0.28024034947156906,0.00304722388415853,4,0.35239588255511656,0.02378120152130513,4,0.28434259454766986,0.006419306670489085,4,0.11911796041493744,0.01916047615443155,4,0.12460701720114721,0.016824325762809074,4,0.9954944401979446,0.08195768643558357,4,8.25,7.088723439378913,4,1.400093913078308,0.10503529824044479,4,179761.0,0.0,4,3747661.0,0.0,4
B2_with_RC,,0.0005,1e-05,hq_first,full,1,322,HepG2,0.1721339151263237,0.008557520113833067,4,0.235056072473526,0.011503988241913838,4,0.5743681497175261,0.057915612346031126,4,0.434655507963417,0.05110414225999213,4,0.32584497434084136,0.06510261273235243,4,0.3324144350249963,0.06663488420991134,4,0.6720613986253738,0.06490045669168594,4,0.24633682146668434,0.001501345630759818,4,0.3270590305328369,0.0009874926482393838,4,0.3818114781291323,0.008632912664464623,4,0.31912163082326517,0.005284155954743002,4,0.14257756784580192,0.005178505114183573,4,0.14583590021695705,0.006590402853458893,4,1.2992650866508484,0.03589273774644892,4,0.21107541397213936,0.0013077218365271227,4,0.27793633192777634,0.0006719749895923049,4,0.3905676607060028,0.01437739517201144,4,0.29185350891227924,0.015389235186067746,4,0.13361596101028536,0.004189350712593926,4,0.15269812970830846,0.011130539392946972,4,0.9381477683782578,0.01782708815403097,4,13.0,3.9157800414902435,4,1.2992650866508484,0.03589273774644892,4,179761.0,0.0,4,3747661.0,0.0,4
B2_with_RC,,0.0005,1e-05,hq_first,full,1,322,K562,0.17056754603981972,0.004415461774035018,4,0.23222434893250465,0.0042108812687833164,4,0.5915915544954581,0.026474741473492342,4,0.43361602329828264,0.03584916890775705,4,0.3428323520441471,0.02823137800989208,4,0.35050625130241875,0.0308035756873635,4,0.6551267355680466,0.02814367537618126,4,0.2433384247124195,0.001637311136336025,4,0.32168106734752655,0.0012205793552926782,4,0.4145624157482066,0.009155595559390496,4,0.3211383492330102,0.010452147294836605,4,0.17054036886908772,0.006305219609712709,4,0.17192486524852424,0.007537086791470402,4,1.2566596269607544,0.021561836858319628,4,0.20393703132867813,0.0014212191885055112,4,0.2719142585992813,0.002248400973405531,4,0.42789112228995835,0.011096491478471941,4,0.317116768704389,0.012381608953563598,4,0.17071444956238024,0.013675677548491149,4,0.18318316162690895,0.009527285738193227,4,0.8981005251407623,0.028137308241879568,4,14.5,2.3804761428476167,4,1.2566596269607544,0.021561836858319628,4,179761.0,0.0,4,3747661.0,0.0,4
B2_with_RC,,0.0005,1e-05,hq_first,full,1,322,SKNSH,0.17457247525453568,0.005892696705798796,4,0.23787714168429375,0.007879992101855198,4,0.5627132718126369,0.049851396454978505,4,0.43879571817676766,0.04308088293876415,4,0.30930095168151867,0.06086325987111723,4,0.3185100975704661,0.05603210706753633,4,0.6885539889335632,0.06067422436873348,4,0.2470240779221058,0.0005723732404916465,4,0.32808610796928406,0.0012054940607096802,4,0.37553150333738045,0.012288630653947205,4,0.33143206698796784,0.008916580604392772,4,0.13718104131924294,0.006345184858887174,4,0.14113716783134483,0.009168238776946223,4,1.3074033856391907,0.034635451000908014,4,0.20492568612098694,0.0013554331207507443,4,0.2713560611009598,0.0017342137291420936,4,0.4243796006766603,0.018440477457225376,4,0.30855810745288037,0.011099916234087051,4,0.17413273541188545,0.010553278174296906,4,0.18035308387711949,0.01564219524973105,4,0.8945235013961792,0.03151791665848319,4,14.0,3.1622776601683795,4,1.3074033856391907,0.034635451000908014,4,179761.0,0.0,4,3747661.0,0.0,4
B2_with_RC,,0.0005,1e-05,hq_first,full,1,643,HepG2,0.18901753053069115,0.005082224400399763,4,0.25493723899126053,0.007301925387952277,4,0.5473982223267801,0.021008768410889632,4,0.37844712767254785,0.012684604203069664,4,0.29343632846866674,0.026955091438823946,4,0.2999758400691258,0.02262614465283654,4,0.7054647952318192,0.026913152012057122,4,0.24507948011159897,0.0012599411860534867,4,0.3255497068166733,0.0005582747103796997,4,0.3903920145665992,0.003720784996178554,4,0.3275445741094274,0.004149593127347124,4,0.15047692914931385,0.0029137379862673556,4,0.1524163082181087,0.00290981240411323,4,1.1506690084934235,0.024852478237611476,4,0.20560327544808388,0.0016938339621359196,4,0.2723349407315254,0.002166472394938855,4,0.4222263537455518,0.01984639099039514,4,0.31999773968682643,0.010223127395750884,4,0.16814964206657082,0.013272218218408878,4,0.17857050322377158,0.016478408353121744,4,0.8050876706838608,0.008231981952595712,4,7.75,1.2583057392117916,4,1.1506690084934235,0.024852478237611476,4,179761.0,0.0,4,3747661.0,0.0,4
B2_with_RC,,0.0005,1e-05,hq_first,full,1,643,K562,0.19496135786175728,0.0012867183741047522,4,0.2613845020532608,0.0021796630640643125,4,0.5110239084313775,0.0080843027414006,4,0.3436427562021575,0.003250514319640315,4,0.25720540096751987,0.007298010726104652,4,0.2611944519515918,0.008263015569537855,4,0.7416394054889679,0.007286684923519231,4,0.24296851828694344,0.00032589574777763537,4,0.3214743360877037,0.00024662850670245586,4,0.41658925394493457,0.0007420477545529563,4,0.3347278169973573,0.00616817253205841,4,0.17161469651625733,0.0012711708215696433,4,0.1735470194785497,0.0006185072549921601,4,1.1220251023769379,0.02320506441291772,4,0.2025783322751522,0.0004718604962163878,4,0.2695200815796852,0.0008440003898281706,4,0.43576262412459166,0.005200008885184912,4,0.3215868565716723,0.0058288524460439715,4,0.18528941197686172,0.005106469318244866,4,0.18990934465325465,0.004535985592762065,4,0.7886045426130295,0.012377247016863574,4,6.5,0.5773502691896257,4,1.1220251023769379,0.02320506441291772,4,179761.0,0.0,4,3747661.0,0.0,4
B2_with_RC,,0.0005,1e-05,hq_first,full,1,643,SKNSH,0.18348050490021706,0.005455809198360548,4,0.24846498295664787,0.005513962731082116,4,0.5759394996900575,0.03155542704957234,4,0.4252616343218608,0.031064274416230164,4,0.3283587565143103,0.035379802296399004,4,0.3324531160354444,0.036230545798158854,4,0.670596718788147,0.03532477853006766,4,0.24551651254296303,0.0006096368393045154,4,0.32580261677503586,0.001055152897508141,4,0.39291918127908454,0.005978731724543129,4,0.3316491213987531,0.006226911366440661,4,0.149151645582665,0.0055141798593564655,4,0.15441229194180164,0.004717232333668482,4,1.1525209546089172,0.028862727695603538,4,0.20101941376924515,0.000880335156524853,4,0.2672697752714157,0.0009200302647522743,4,0.45618985322286515,0.006186175998941122,4,0.3207216632238371,0.009085331899056215,4,0.1988359638086436,0.00551181379447516,4,0.20813788376361664,0.005658334991695832,4,0.7754791975021362,0.011211173000919053,4,10.0,2.943920288775949,4,1.1525209546089172,0.028862727695603538,4,179761.0,0.0,4,3747661.0,0.0,4
B2_with_RC,,0.0005,1e-05,hq_first,full,1,1125,HepG2,0.23293855041265488,0.004270556555481079,4,0.3091936409473419,0.005785087903058578,4,0.4824615655525665,0.03743160497075794,4,0.34977273442362483,0.03162805946508623,4,0.22879460425335146,0.032909264108800025,4,0.23382000602344855,0.034780297826756165,4,0.7705199122428894,0.03288014283448193,4,0.2435034029185772,0.0017970021298197312,4,0.324409581720829,0.0021478984506755547,4,0.39788120094222773,0.012559765855489655,4,0.31569129018634656,0.01168076644528631,4,0.15639095859728097,0.011168046729840874,4,0.15842776085198795,0.010013966123170777,4,0.8479945659637451,0.01786333745824282,4,0.2042505145072937,0.0011741300265193386,4,0.2706267833709717,0.0016995530979704984,4,0.43191100685720873,0.01084008436751849,4,0.3229585993953118,0.003186656587874005,4,0.1785667326213314,0.010291354579383656,4,0.186635248416229,0.009480144019300614,4,0.5900584906339645,0.006433462379341112,4,5.0,0.816496580927726,4,0.8479945659637451,0.01786333745824282,4,179761.0,0.0,4,3747661.0,0.0,4
B2_with_RC,,0.0005,1e-05,hq_first,full,1,1125,K562,0.23403983563184738,0.002201921478139122,4,0.3100254684686661,0.004623072555923115,4,0.4766050916792477,0.029623809034991583,4,0.3373103545253807,0.034706575106192794,4,0.22468853515299173,0.02837022401951547,4,0.22781059096089037,0.028556338462018712,4,0.774622306227684,0.028345095674098885,4,0.24238743633031845,0.00044418147575691144,4,0.3216668739914894,0.0004573340596719434,4,0.41765296609397673,0.002965238137679391,4,0.325101462790601,0.009268020585944175,4,0.170621198732614,0.002358834231282717,4,0.17444059456500632,0.002478667744622853,4,0.8336625248193741,0.011526837165236087,4,0.20185764506459236,0.001504785529386481,4,0.2690666913986206,0.0017380244161654724,4,0.4459986230587193,0.010558420048276708,4,0.32369392820145326,0.0246620391960451,4,0.18800868313275643,0.010473348763695536,4,0.19899838194571048,0.009417418854223316,4,0.5833078473806381,0.009662485364753953,4,5.0,0.8164965809277259,4,0.8336625248193741,0.011526837165236087,4,179761.0,0.0,4,3747661.0,0.0,4
B2_with_RC,,0.0005,1e-05,hq_first,full,1,1125,SKNSH,0.23440376296639442,0.0026883898025774284,4,0.31024936586618423,0.003718560574351824,4,0.48013752721727054,0.021115188303863622,4,0.3519738642870612,0.03550609429005111,4,0.2237127722964554,0.020449460663136552,4,0.23086643342514593,0.0204080788958122,4,0.7755972295999527,0.020431322223687272,4,0.24388843402266502,0.0016417032789461802,4,0.32486774027347565,0.0024112241054913878,4,0.39381087336550286,0.016750110451934475,4,0.3322788823142946,0.006929906348960469,4,0.15399930268545475,0.012567655658297967,4,0.15529742863101414,0.013113134437444761,4,0.8504105657339096,0.01959324852915497,4,0.20010697841644287,0.0024398792906163815,4,0.2664772570133209,0.002613259131127753,4,0.4532598194702572,0.016730477240800106,4,0.32838196039339945,0.00846208093159321,4,0.2035298334530904,0.01564234339829686,4,0.20565439559773885,0.015052480997948186,4,0.5720967650413513,0.008212569786741888,4,5.25,0.9574271077563382,4,0.8504105657339096,0.01959324852915497,4,179761.0,0.0,4,3747661.0,0.0,4
B2_with_RC,,0.0005,1e-05,hq_first,full,1,1608,HepG2,0.24751988798379898,0.011004768938195518,4,0.3248080536723137,0.014844123328279295,4,0.4828832787080089,0.04714613647836292,4,0.3576986483572868,0.03934972644100356,4,0.23172249031013506,0.04613545304725344,4,0.23484332949442394,0.04697403197854817,4,0.7677997499704361,0.04610672974403697,4,0.2421511895954609,0.0010529098533795884,4,0.3232574611902237,0.0012733881590499595,4,0.4087327088705195,0.007928714941127764,4,0.327492222074726,0.007099572485205729,4,0.16239020942709892,0.006600751252372886,4,0.1671095756910961,0.006491586564302324,4,0.761009007692337,0.027584426259520782,4,0.20449653640389442,0.0021296656185441254,4,0.27041416615247726,0.0029833362524185805,4,0.4439971443544528,0.015159263793761766,4,0.33027855296558495,0.016876996432837105,4,0.17980632657509382,0.01813271445915646,4,0.19730581665398544,0.013291571492149422,4,0.5323162823915482,0.01109917265509038,4,5.25,1.8929694486000914,4,0.761009007692337,0.027584426259520782,4,179761.0,0.0,4,3747661.0,0.0,4
B2_with_RC,,0.0005,1e-05,hq_first,full,1,1608,K562,0.2508242800831795,0.007300613655658369,4,0.32911087572574615,0.009287590123413264,4,0.4614300769364452,0.06371852593449995,4,0.3417278274107681,0.05813931444706452,4,0.20986511945053943,0.058282066056251865,4,0.21596275381202296,0.06207068907401856,4,0.7896434813737869,0.0582458333034206,4,0.24221478775143623,0.0017237475666153279,4,0.3214590772986412,0.0010902684690853536,4,0.4202610673612146,0.006687078369794235,4,0.3264004187216054,0.017562135382408074,4,0.1716865787918404,0.005612601349708119,4,0.17665290250243015,0.005620284880125072,4,0.75253726541996,0.026220631615252538,4,0.20266344770789146,0.0019108251363930046,4,0.26883359998464584,0.002832522437160891,4,0.44323598494493344,0.015093355633776605,4,0.3170224160233979,0.011710677259771717,4,0.18937281308583656,0.01716913179672775,4,0.19662899538832102,0.013229637600374813,4,0.5263577252626419,0.021166355049521857,4,4.75,2.872281323269014,4,0.75253726541996,0.026220631615252538,4,179761.0,0.0,4,3747661.0,0.0,4
B2_with_RC,,0.0005,1e-05,hq_first,full,1,1608,SKNSH,0.24849382415413857,0.011138685606165821,4,0.32511234283447266,0.015077709314274079,4,0.4840551419540946,0.05350411773831758,4,0.37138529396404496,0.040387200663375526,4,0.23021310984207619,0.048620673267951366,4,0.23645639841341548,0.05275532409769702,4,0.7693081498146057,0.04859040346762779,4,0.2426091879606247,0.001529241680557956,4,0.3245064243674278,0.0011080354150204887,4,0.40046781513815755,0.006918599928388346,4,0.3413106763988185,0.004004606806227171,4,0.15590763973192953,0.005755608234517638,4,0.16041037123025634,0.005525881399873844,4,0.7668445408344269,0.02564277705782719,4,0.20080137997865677,0.001400748451712845,4,0.26648031920194626,0.001995075441988637,4,0.45985478369889643,0.012265776616635965,4,0.33916959128736524,0.006232134064498286,4,0.20353544271197704,0.01192387177930691,4,0.21157925904776573,0.01123926367447975,4,0.5169817805290222,0.011628288928747463,4,5.5,1.9148542155126764,4,0.7668445408344269,0.02564277705782719,4,179761.0,0.0,4,3747661.0,0.0,4
B2_with_RC,,0.0005,1e-05,hq_first,full,1,2411,HepG2,0.2614297792315483,0.005209341479346962,4,0.3405093178153038,0.005892878622625405,4,0.4539839017440024,0.032838450163114756,4,0.3344910204335477,0.03415168193422971,4,0.2023499418991861,0.030068063233190796,4,0.20691015589954453,0.02973487656253454,4,0.797319158911705,0.030055529405570318,4,0.24076778814196587,0.0013140718819074227,4,0.32261479645967484,0.0012536556774699287,4,0.4089391835734265,0.007573829540687881,4,0.33385448479693824,0.007907049891616542,4,0.16571768194710101,0.006492496341936996,4,0.16727427803213415,0.006161138505508571,4,0.715537503361702,0.009391214993907545,4,0.20215656235814095,0.0007960477916330545,4,0.2676818296313286,0.0006845637662224558,4,0.4505304252987725,0.005626677638792515,4,0.33766543472880284,0.007961481845912706,4,0.19636689695519674,0.004108604469862244,4,0.20300140874583103,0.005058088172370745,4,0.49259713292121887,0.004830678421360875,4,4.0,1.1547005383792515,4,0.715537503361702,0.009391214993907545,4,179761.0,0.0,4,3747661.0,0.0,4
B2_with_RC,,0.0005,1e-05,hq_first,full,1,2411,K562,0.2589416727423668,0.009772627647638706,4,0.3375130668282509,0.013096919347491945,4,0.46689007477063044,0.06320388461795033,4,0.3428590785936618,0.04814907023389889,4,0.21601618086160695,0.055471579295693144,4,0.22098239019242427,0.05577652272811772,4,0.7836586385965347,0.055448545851653916,4,0.24086173623800278,0.002443504805952697,4,0.3216789662837982,0.002082653703529408,4,0.41973258574791167,0.010861268948285353,4,0.3325731640070167,0.01399291730289177,4,0.17053408546275758,0.010718048628892436,4,0.17626391891100326,0.009152318710888839,4,0.7113594561815262,0.007236175996642312,4,0.20161254331469536,0.0013716212418483022,4,0.26759663224220276,0.002515042706435617,4,0.4577741617327968,0.013214659548675184,4,0.34390598326011157,0.01957555530757054,4,0.1968291207915229,0.01510081941514736,4,0.20968815357040532,0.012048616642894949,4,0.4923374056816101,0.011517726889110298,4,4.75,1.8929694486000914,4,0.7113594561815262,0.007236175996642312,4,179761.0,0.0,4,3747661.0,0.0,4
B2_with_RC,,0.0005,1e-05,hq_first,full,1,2411,SKNSH,0.263713501393795,0.005038267492016365,4,0.3429420217871666,0.005532955886942166,4,0.4401612235849885,0.029755311653301846,4,0.33247543021393555,0.02916866215322121,4,0.1910313435992453,0.024829798399472518,4,0.19440593667652306,0.026486545622780595,4,0.808633103966713,0.02481948976251267,4,0.24180904403328896,0.0009882312053883862,4,0.3236466273665428,0.0006130603087591928,4,0.40483767382256464,0.005822952668838257,4,0.33878653586063706,0.008522965279485005,4,0.1603797456125009,0.0031807855996124124,4,0.16391897222940285,0.004710027612732099,4,0.7201202362775803,0.008648575108367428,4,0.19962317869067192,0.0008337067817519746,4,0.26549486070871353,0.0012815198842171522,4,0.46320677215992767,0.008537645978444338,4,0.34596204223159843,0.003795725344307557,4,0.20943471073504843,0.007640320965202314,4,0.2146151823239591,0.007934164368414006,4,0.48462018370628357,0.008992935521234317,4,3.75,0.9574271077563381,4,0.7201202362775803,0.008648575108367428,4,179761.0,0.0,4,3747661.0,0.0,4
B2_with_RC,,0.0005,1e-05,hq_first,full,1,3215,HepG2,0.27116620540618896,0.003946905480082822,4,0.3520939350128174,0.005239483520707235,4,0.4245605360687424,0.030118455371611057,4,0.3209696704871531,0.022162457576935368,4,0.17666038682037827,0.024564083872801214,4,0.1809319898024567,0.02515302144909713,4,0.8230835497379303,0.024556447684487375,4,0.24181197583675385,0.0010616555763700382,4,0.3231574222445488,0.00019540535542776765,4,0.41140379473442157,0.005991517105015287,4,0.34818338504238716,0.00858168482907643,4,0.16291808779898556,0.0010120191850309789,4,0.16928000602979684,0.004912850783479995,4,0.6932391822338104,0.0008381066921692139,4,0.2013343721628189,0.0008926140032301278,4,0.26692692190408707,0.0015162449979148043,4,0.4572023540632139,0.008269544549342759,4,0.3551392401955558,0.004710970004026217,4,0.20087790824395219,0.009084985065608377,4,0.2090852815862346,0.007509535124779848,4,0.4729877784848213,0.005377268254068676,4,3.25,0.9574271077563381,4,0.6932391822338104,0.0008381066921692139,4,179761.0,0.0,4,3747661.0,0.0,4
B2_with_RC,,0.0005,1e-05,hq_first,full,1,3215,K562,0.26065317913889885,0.009512724023392148,4,0.3388559892773628,0.011631391669347771,4,0.4899699610479464,0.05761220476522672,4,0.37842995570896376,0.05158099652142203,4,0.23686087294590785,0.05207513784035985,4,0.24255993733275893,0.057037332398139046,4,0.7629017978906631,0.052058931721908855,4,0.23975014686584473,0.001088954917994611,4,0.3218599855899811,0.00024314746305276126,4,0.4180987964388589,0.004764128644304463,4,0.3334155376438486,0.010346506339483554,4,0.1696260282251719,0.0012542716816982087,4,0.17482362627492698,0.003980770578451071,4,0.6876838803291321,0.0010387575830700243,4,0.20083999261260033,0.0013854516603416583,4,0.26629169285297394,0.0019482832454575016,4,0.4691782803731237,0.006353378462523451,4,0.355610225968525,0.008054066401330473,4,0.20466412315228924,0.011674767886071948,4,0.22015853283729753,0.005965998262963223,4,0.47074679285287857,0.006910122686235342,4,6.0,2.449489742783178,4,0.6876838803291321,0.0010387575830700243,4,179761.0,0.0,4,3747661.0,0.0,4
B2_with_RC,,0.0005,1e-05,hq_first,full,1,3215,SKNSH,0.2673978880047798,0.007127354829536963,4,0.34698449075222015,0.009056830272070231,4,0.4514413029333538,0.042058446082678856,4,0.35160451498854606,0.044478519230366505,4,0.2001071790688431,0.04140109959789806,4,0.20512593465933132,0.0391381562028907,4,0.7996440380811691,0.041388227578737,4,0.24060197174549103,0.0017816045027421702,4,0.3239739388227463,0.0009440242807745581,4,0.40397391762803575,0.004349349572877041,4,0.3403712021191672,0.010926156096158905,4,0.15867752424374376,0.004897697470728931,4,0.1632091137550233,0.0035217827096041794,4,0.6967510432004929,0.004056080775454832,4,0.1987900584936142,0.0006557551707986133,4,0.2643713131546974,0.00034209677985140607,4,0.4720064661643235,0.005467129455507204,4,0.34971059129996207,0.003971371124777598,4,0.21612444875966397,0.002029429706758624,4,0.22281252122929512,0.005189312429019179,4,0.463963620364666,0.0012011873927724563,4,4.5,1.7320508075688772,4,0.6967510432004929,0.004056080775454832,4,179761.0,0.0,4,3747661.0,0.0,4
B2_with_RC,,0.0005,0.0001,hq_first,branched_only,1,161,HepG2,0.20114599913358688,0.010727337102833351,4,0.27321115136146545,0.00536246773772906,4,0.29190914509297083,0.0415867161255036,4,0.19667190054308867,0.03682818566518071,4,0.04941702352936683,0.05348858566117267,4,0.0865080402074865,0.023500185120793406,4,0.9446787536144257,0.05315626710234702,4,0.25098391994833946,0.000939570175991229,4,0.33177608251571655,0.0007657278515060059,4,0.3471964907210369,0.004033894243862054,4,0.3094803022502843,0.006463964023611912,4,0.11766918330425666,0.0040753633406365244,4,0.12055760739608108,0.002794185244363422,4,1.3937572240829468,0.0841540097835405,4,0.21958643198013306,0.0021490638408163476,4,0.2866567373275757,0.0017182658367097421,4,0.309108607803065,0.005284666554149291,4,0.27463331488514864,0.004851465188169721,4,0.07837575303429553,0.011066904792174473,4,0.09556907719339047,0.0032631277914489136,4,1.0402727276086807,0.059748043393935704,4,2.75,0.9574271077563381,4,1.3937572240829468,0.0841540097835405,4,179761.0,0.0,4,179761.0,0.0,4
B2_with_RC,,0.0005,0.0001,hq_first,branched_only,1,161,K562,0.20126651972532272,0.004639874400210459,4,0.27310025691986084,0.0050849203051104965,4,0.28054697737007983,0.03747033381601092,4,0.2015094200879847,0.04700757480726212,4,0.050394778840164356,0.047817529899494844,4,0.07975962594870056,0.02137158180501266,4,0.9437070339918137,0.047520470943398896,4,0.24993564933538437,0.0006759324340257785,4,0.32977039366960526,0.0005879779010047236,4,0.36202945206590953,0.0057508812620262854,4,0.283484645299906,0.007183779436207661,4,0.12830626160096156,0.003106400883898399,4,0.13109012863961012,0.00416844473493294,4,1.3769659996032715,0.08349736053396832,4,0.21416819095611572,0.001920204487738992,4,0.2817535325884819,0.0011896969070265494,4,0.3462621583097656,0.0037077285248042725,4,0.28688636624106534,0.003983632776915992,4,0.10964658742444569,0.007508960974302596,4,0.11990779271544738,0.0025724495278541984,4,1.0053499788045883,0.06509479048802301,4,3.25,1.2583057392117916,4,1.3769659996032715,0.08349736053396832,4,179761.0,0.0,4,179761.0,0.0,4
B2_with_RC,,0.0005,0.0001,hq_first,branched_only,1,161,SKNSH,0.19860555231571198,0.01389520322401122,4,0.26741909235715866,0.012786079144586071,4,0.3323380294597976,0.10747215244639942,4,0.2337936511858605,0.1109344253504542,4,0.08800571840345697,0.0918124442084311,4,0.11911126348881793,0.07900657791413457,4,0.9063296914100647,0.09124223305652322,4,0.25096723809838295,0.0016904905049174106,4,0.3330358788371086,0.0020421895424314767,4,0.33674055535976666,0.014523049204542707,4,0.3076123272324616,0.0021237894809316227,4,0.1109343258583865,0.010874273951331002,4,0.11355239084265227,0.009973667447887809,4,1.40485417842865,0.09604593421583565,4,0.2132107876241207,0.005069598282898129,4,0.2805321142077446,0.004860794023716433,4,0.3496656934918921,0.036057346261781587,4,0.28332969574707334,0.012769445704571206,4,0.1171623672103769,0.030342390465610287,4,0.12324119636974734,0.02651104911603591,4,0.9972490221261978,0.07960829211366119,4,8.75,12.17579566188592,4,1.40485417842865,0.09604593421583565,4,179761.0,0.0,4,179761.0,0.0,4
B2_with_RC,,0.0005,0.0001,hq_first,branched_only,1,322,HepG2,0.19193197786808014,0.009464887265086932,4,0.25821299478411674,0.011772808281625457,4,0.4300504401730204,0.10233142662878825,4,0.3313438207762036,0.09228207509100539,4,0.18569926578574103,0.08791114261389345,4,0.1927971717499209,0.08087332805304671,4,0.8117718249559402,0.08763821570971678,4,0.24628164991736412,0.0029561921125682983,4,0.32690370827913284,0.003495765526552665,4,0.3793710510808876,0.02420622372262412,4,0.3177945764681466,0.004031688501988942,4,0.14332412321453583,0.01839402574070791,4,0.1443618503483997,0.017906905908903866,4,1.29827281832695,0.05010322878361932,4,0.20793874561786652,0.0067205236387570715,4,0.27538957446813583,0.006933802062602002,4,0.39139802544496494,0.05504944185935081,4,0.2962956204320141,0.01340453566760898,4,0.14902011821669883,0.043042673273940985,4,0.15546524510898696,0.041091666700956,4,0.9220434427261353,0.06262866678449892,4,24.5,19.399312702601947,4,1.29827281832695,0.05010322878361932,4,179761.0,0.0,4,179761.0,0.0,4
B2_with_RC,,0.0005,0.0001,hq_first,branched_only,1,322,K562,0.19397732242941856,0.001784907325352204,4,0.261365607380867,0.001694718900746915,4,0.41261253330152653,0.03256128379479972,4,0.2793358521800884,0.034949569754482906,4,0.167623349260224,0.026353482357948665,4,0.17104428053927745,0.02653966501950254,4,0.8297915756702423,0.026271616681141727,4,0.24538812786340714,0.0008087445891660096,4,0.32456641644239426,0.0015018692616254683,4,0.402729848311233,0.005470640898623491,4,0.32679949929140395,0.005530900533883477,4,0.1555892960617294,0.007825979610946082,4,0.16221377665467,0.004408685162940193,4,1.2795349061489105,0.0360105687557946,4,0.20481088012456894,0.001224015581511923,4,0.27272501587867737,0.0020570810508524656,4,0.41022451173825786,0.013214320426131285,4,0.3170566918090062,0.005785080066006715,4,0.1657689123305586,0.012537854842340636,4,0.1684151137291354,0.010996853326597712,4,0.9034782350063324,0.02856792869072534,4,19.25,3.5,4,1.2795349061489105,0.0360105687557946,4,179761.0,0.0,4,179761.0,0.0,4
B2_with_RC,,0.0005,0.0001,hq_first,branched_only,1,322,SKNSH,0.19169461727142334,0.01060311752284781,4,0.25722701475024223,0.013404466255096644,4,0.4406711219409762,0.10257673699914188,4,0.3231253145277834,0.07507776741194355,4,0.19151699667436,0.09787329598218097,4,0.20208252794276205,0.07989524037853361,4,0.805972158908844,0.09756934638569148,4,0.2474009022116661,0.0031141541689684977,4,0.3282850533723831,0.0036661512170415487,4,0.37082802589542574,0.026629211415377316,4,0.32023245173377085,0.010179359670047903,4,0.13606225478738887,0.019394416647816888,4,0.13804526096495218,0.019073204465739894,4,1.309400200843811,0.05519512709954524,4,0.2027994655072689,0.008583333945467748,4,0.26993831992149353,0.008460944937645251,4,0.4286737107438673,0.06324564092448559,4,0.31044193862985925,0.020052291246187362,4,0.18216279016940098,0.052023903251367444,4,0.18676115860487852,0.05023211494594579,4,0.886295735836029,0.07219767762589438,4,31.75,23.371991785040485,4,1.309400200843811,0.05519512709954524,4,179761.0,0.0,4,179761.0,0.0,4
B2_with_RC,,0.0005,0.0001,hq_first,branched_only,1,643,HepG2,0.2005416825413704,0.0031250866538891455,4,0.2696584090590477,0.004924220524062595,4,0.4582523363626297,0.03841395066469096,4,0.31883990250975314,0.025485976428917905,4,0.2091168916323043,0.032902682237533926,4,0.21110192748606071,0.0341610941346592,4,0.7896531522274017,0.03285157297577581,4,0.24419624730944633,0.0010194807097409539,4,0.324723944067955,0.0008550619601980962,4,0.3942557335148968,0.005261385108098933,4,0.32700391273472895,0.008285963592905132,4,0.15477859787063825,0.004449408169174976,4,0.1554583450393111,0.004154748264701372,4,1.144915521144867,0.02925669958236066,4,0.20266147330403328,0.0023742173168843474,4,0.26888684183359146,0.003447608577564112,4,0.43627693080770513,0.022187989197559755,4,0.3348136853735124,0.004108002300498154,4,0.18901930783557025,0.020777961490593546,4,0.1907067905034644,0.01938668111783932,4,0.7851080894470215,0.028035391011355628,4,16.5,5.0,4,1.144915521144867,0.02925669958236066,4,179761.0,0.0,4,179761.0,0.0,4
B2_with_RC,,0.0005,0.0001,hq_first,branched_only,1,643,K562,0.2050611414015293,0.0019560357621915205,4,0.27491601556539536,0.003417205310536658,4,0.423037575573285,0.015723637726048588,4,0.27738566120693897,0.009692596627661181,4,0.1783076625631931,0.01336752916756405,4,0.1791462149344278,0.01334787748099469,4,0.8204144686460495,0.013346757106196483,4,0.24404850602149963,0.000549271908059409,4,0.3231814503669739,0.0010854490160085864,4,0.4051152517260279,0.006593079039544065,4,0.3354373281272954,0.007314120609147986,4,0.16278669782731978,0.005621933850084465,4,0.16415096869945922,0.005340628867546331,4,1.1340516209602356,0.02842937541427324,4,0.2030745893716812,0.00039418188888551864,4,0.2702922895550728,0.0009431199397802334,4,0.4280250568021874,0.003780374367773831,4,0.31791819622935663,0.004453059618210032,4,0.180612857870717,0.005726457639645477,4,0.18321616767328616,0.0032255175033782976,4,0.7931248247623444,0.012156694348183665,4,10.25,0.5000000000000001,4,1.1340516209602356,0.02842937541427324,4,179761.0,0.0,4,179761.0,0.0,4
B2_with_RC,,0.0005,0.0001,hq_first,branched_only,1,643,SKNSH,0.2015412338078022,0.002848029024061019,4,0.2707352340221405,0.004865809322468013,4,0.45208767839622,0.03177016360385736,4,0.30908009749483767,0.03089904015488906,4,0.20292137856660677,0.02799702286819698,4,0.20514027642924593,0.02863056576480018,4,0.7958389967679977,0.02795350159145761,4,0.24432172626256943,0.0011003382315303975,4,0.3248881474137306,0.0015123829959475842,4,0.3926709101043284,0.010061710613757489,4,0.33375825693535016,0.009770920893084902,4,0.15391425263416086,0.007861166686179257,4,0.15426637215751782,0.007984929353792905,4,1.146161675453186,0.03404532160195617,4,0.20069388672709465,0.0015442500893825132,4,0.2666439786553383,0.002074062646301353,4,0.4508226660693193,0.013106291255296394,4,0.32172937059367474,0.005943107584644843,4,0.20255424048822993,0.01240721376100835,4,0.2033699073947005,0.011815889919192517,4,0.7719161659479141,0.017894596295235148,4,20.25,5.560275772537426,4,1.146161675453186,0.03404532160195617,4,179761.0,0.0,4,179761.0,0.0,4
B2_with_RC,,0.0005,0.0001,hq_first,branched_only,1,1125,HepG2,0.24171990528702736,0.004042158968609686,4,0.3204316794872284,0.004364734745928391,4,0.4169259384022487,0.027291264868090605,4,0.30747487064659956,0.018899507676922365,4,0.17193398768800472,0.02262054867430341,4,0.17438584796617088,0.022709341905194014,4,0.827330008149147,0.02260052548086827,4,0.24427643790841103,0.001169325546886852,4,0.32550350576639175,0.0016140505194998363,4,0.39112721726568855,0.009759760411150441,4,0.304818133212163,0.004284719213443625,4,0.15070427093966038,0.008425373585346846,4,0.15305193977846343,0.007632350007990324,4,0.8537233769893646,0.017260701571056178,4,0.2023424096405506,0.0022366286388583734,4,0.2691463828086853,0.002509794973431329,4,0.4367445024262788,0.017644017683752008,4,0.3391522152442661,0.01760994137692391,4,0.1875001219404106,0.015189412023252311,4,0.19097924391959628,0.015194253423400845,4,0.5836012065410614,0.006506809932726024,4,8.75,2.7537852736430506,4,0.8537233769893646,0.017260701571056178,4,179761.0,0.0,4,179761.0,0.0,4
B2_with_RC,,0.0005,0.0001,hq_first,branched_only,1,1125,K562,0.24494435638189316,0.0010957954497047627,4,0.3243231847882271,0.0019089737388885257,4,0.3910809194607794,0.0253597418992662,4,0.27447767423564523,0.03213453045480092,4,0.15167649222312024,0.019201720131134695,4,0.15342662294818665,0.01982734942053848,4,0.8475694358348846,0.01918471609355549,4,0.2441512532532215,0.0005010425406801195,4,0.32342249155044556,0.0008087386707065758,4,0.4101591671084567,0.004225485487074348,4,0.3244714256166907,0.0098280490597984,4,0.16154055094712702,0.004196766486936528,4,0.16824393340880398,0.0034586460419684627,4,0.8427962362766266,0.012733474080155075,4,0.2029733583331108,0.0013897987720444065,4,0.27039429545402527,0.002124636036190058,4,0.42976426465312234,0.01420998642801521,4,0.3212319453331751,0.022243865947510884,4,0.179963716805033,0.012886223497277685,4,0.18484876595855226,0.012245526429006847,4,0.5891102850437164,0.012578837668024385,4,6.25,1.8929694486000914,4,0.8427962362766266,0.012733474080155075,4,179761.0,0.0,4,179761.0,0.0,4
B2_with_RC,,0.0005,0.0001,hq_first,branched_only,1,1125,SKNSH,0.2436533458530903,0.0036214463003776507,4,0.3222344368696213,0.004345741904036476,4,0.40580041099802744,0.02494905193682687,4,0.2949154325491963,0.02051756609767543,4,0.16264661863927476,0.019815461031635805,4,0.16514081496057786,0.020031996245169964,4,0.8366090655326843,0.019797947927434657,4,0.24524901807308197,0.0017062201532323843,4,0.32622797787189484,0.0018742186346928267,4,0.3874180113832504,0.011923345075415405,4,0.3277713833446662,0.008800826947392882,4,0.14691414992183258,0.009803232043969393,4,0.15019934016249292,0.009175181700173129,4,0.8574958741664886,0.015575556036108607,4,0.20080001652240753,0.0021645582325160203,4,0.26761745661497116,0.0017310519054469524,4,0.44737227118063677,0.010543305925599971,4,0.33060650629522753,0.00891242170973409,4,0.19673214332499586,0.010374940392435248,4,0.2002253199962018,0.009441605512867945,4,0.5769930630922318,0.0041228267475866475,4,10.25,3.862210075418823,4,0.8574958741664886,0.015575556036108607,4,179761.0,0.0,4,179761.0,0.0,4
B2_with_RC,,0.0005,0.0001,hq_first,branched_only,1,1608,HepG2,0.2595333158969879,0.00636296362124283,4,0.34061449021101,0.008377281737769467,4,0.39552074875297377,0.02565756627936871,4,0.29468830045449723,0.025581549888579094,4,0.15514666523383913,0.02073290604778963,4,0.15693039572464815,0.02058450275838397,4,0.844327911734581,0.020720056278554153,4,0.24397147819399834,0.0011505405648605687,4,0.32491985708475113,0.0005392876123955764,4,0.39939530490834474,0.005127762867776567,4,0.32144555712910544,0.010450067189747538,4,0.1537611007109968,0.0028108757387822333,4,0.15953633004685075,0.004074700411215354,4,0.7688852101564407,0.028756343723825035,4,0.20396645367145538,0.003066059195846099,4,0.2706768214702606,0.0034255184293572583,4,0.43072093211769275,0.02604691306511824,4,0.33383713518719305,0.027931640132122106,4,0.17818852572789368,0.02084312130242648,4,0.18602935262450046,0.022334133563307993,4,0.5334327518939972,0.01611516664652872,4,7.0,4.08248290463863,4,0.7688852101564407,0.028756343723825035,4,179761.0,0.0,4,179761.0,0.0,4
B2_with_RC,,0.0005,0.0001,hq_first,branched_only,1,1608,K562,0.26212097704410553,0.00490644700211485,4,0.3436571806669235,0.007683405937766158,4,0.37626518956739236,0.0118062335467102,4,0.2772291649766066,0.0043022486957493885,4,0.1400898073358317,0.007825778161502104,4,0.14168003324310532,0.008761476629216254,4,0.8593754321336746,0.007820861967233445,4,0.24450372159481049,0.0010863034831529834,4,0.323546938598156,0.0006768743050808288,4,0.41087996333356835,0.004052236282640389,4,0.32802929784645213,0.005367147050078325,4,0.16089637710010574,0.0035083193687786367,4,0.16883465973316225,0.003345252478596025,4,0.762336865067482,0.02614933266980006,4,0.20330745726823807,0.00138461545426731,4,0.2706211730837822,0.0018572768129272983,4,0.4296428494115147,0.012519368260300992,4,0.3244078980490407,0.012461668528870299,4,0.17859605058004616,0.01127969242407454,4,0.18471052898667326,0.010709353131817931,4,0.5332343578338623,0.0150979536327048,4,4.5,0.5773502691896257,4,0.762336865067482,0.02614933266980006,4,179761.0,0.0,4,179761.0,0.0,4
B2_with_RC,,0.0005,0.0001,hq_first,branched_only,1,1608,SKNSH,0.2604231834411621,0.006229909045092888,4,0.34109465777873993,0.00817715189603736,4,0.3939763854234744,0.027986549325432642,4,0.2942575323580547,0.017372061396318392,4,0.15270775111062077,0.0226557788596841,4,0.15580482747870472,0.022468666414779587,4,0.8467653542757034,0.022641675306378957,4,0.2443518415093422,0.0011740847045955548,4,0.3258376717567444,0.0009539676813571758,4,0.39398241450575616,0.006220032160121883,4,0.3333351394306484,0.006825261064658015,4,0.14896982127764036,0.004980049972493067,4,0.15525115953984017,0.0048848657561528066,4,0.7731984406709671,0.027655909654285705,4,0.20253083482384682,0.001848673336080445,4,0.26868949830532074,0.001605921341249541,4,0.4444151045307433,0.01068492175788882,4,0.328783175198949,0.006851413025987544,4,0.19028740100529068,0.009660507825462072,4,0.1975904107998006,0.00945652662623318,4,0.5256407707929611,0.014133710511740755,4,9.75,6.946221994724902,4,0.7731984406709671,0.027655909654285705,4,179761.0,0.0,4,179761.0,0.0,4
B2_with_RC,,0.0005,0.0001,hq_first,branched_only,1,2411,HepG2,0.27086278051137924,0.0017773397290042057,4,0.3529916852712631,0.0028449300662795303,4,0.379498048531147,0.004939981122476791,4,0.27756032098355055,0.00836096681892072,4,0.14309603855063696,0.004039071052963712,4,0.1440370713990666,0.0037493707090396535,4,0.8565484881401062,0.004037349026613725,4,0.24309512972831726,0.00047105948716258416,4,0.32432083040475845,0.0008990546176779359,4,0.4001467966619335,0.0058080667739367035,4,0.33061305681218206,0.004880059726922872,4,0.1568754285309054,0.0046767693870502485,4,0.1601427591085446,0.004626496162134782,4,0.7231302112340927,0.00958098100093537,4,0.20221440866589546,0.0008349232819779531,4,0.2691478654742241,0.0006836506888117301,4,0.43750486629267094,0.00577965368908416,4,0.3381576239339288,0.009865786583010398,4,0.18754022291543218,0.004128670911719529,4,0.19143556132734216,0.00507108784677202,4,0.4980248436331749,0.006859385813886195,4,3.75,0.49999999999999994,4,0.7231302112340927,0.00958098100093537,4,179761.0,0.0,4,179761.0,0.0,4
B2_with_RC,,0.0005,0.0001,hq_first,branched_only,1,2411,K562,0.27337314933538437,0.0021262992810481295,4,0.35675062984228134,0.0033525448923910303,4,0.3544352235217391,0.004429204495470902,4,0.2627397344868181,0.0033606298561033,4,0.12476586932183936,0.0036131632321226605,4,0.1256390410622522,0.0031410109698891174,4,0.8748710453510284,0.0036116380810197546,4,0.24463927745819092,0.0008874391790443366,4,0.3235970512032509,0.0009630365097162905,4,0.4128115145476721,0.006127296999177333,4,0.33583283159144095,0.003544234761823066,4,0.1606336644915258,0.004991410639256543,4,0.17044150436953004,0.005058547661750446,4,0.7198811322450638,0.006683144354028147,4,0.20420866459608078,0.0011337189613232974,4,0.2719220221042633,0.0014750436824293167,4,0.4223197924278437,0.010279758448070712,4,0.3171492218792793,0.006886045835031908,4,0.17069129830442906,0.008973078912215394,4,0.17843326215160996,0.008777632562891975,4,0.5083698257803917,0.00977196985765287,4,2.25,0.5,4,0.7198811322450638,0.006683144354028147,4,179761.0,0.0,4,179761.0,0.0,4
B2_with_RC,,0.0005,0.0001,hq_first,branched_only,1,2411,SKNSH,0.271442249417305,0.003800027168212484,4,0.35306350886821747,0.006031616008820467,4,0.378033377832248,0.026758702106210785,4,0.28501835400764386,0.019610233217772315,4,0.14272010903927193,0.020354861275575262,4,0.14344625585906584,0.020173052509903335,4,0.8569242805242538,0.020346439312476094,4,0.24418582767248154,0.0011028204275878764,4,0.3254528194665909,0.00030366875084236516,4,0.39696283602305227,0.0026206264015414724,4,0.33843691266464837,0.006861385078088127,4,0.15098386313464904,0.0015843956625929939,4,0.15758464394551702,0.002081016874546269,4,0.7282047271728516,0.010972252767218658,4,0.2017941176891327,0.0016962020589560468,4,0.26818304508924484,0.0022606948908299607,4,0.447879634161891,0.01454805641837394,4,0.33928395493575164,0.012360344275223725,4,0.19331554722118013,0.013565947230368582,4,0.20075490115615346,0.013079829803072691,4,0.49442099779844284,0.005045445344498395,4,6.0,2.943920288775949,4,0.7282047271728516,0.010972252767218658,4,179761.0,0.0,4,179761.0,0.0,4
B2_with_RC,,0.0005,0.0001,hq_first,branched_only,1,3215,HepG2,0.2796073630452156,0.0005729045449573412,4,0.3631931096315384,0.0007325063522826179,4,0.35530926210124786,0.006854992056066866,4,0.2717829422079642,0.00417089277422757,4,0.12407622345436553,0.0035302202838332027,4,0.1262799149219998,0.00491267929176615,4,0.8756513446569443,0.0035291294625202437,4,0.2443036027252674,0.00024943949398372996,4,0.32467732578516006,0.0006367085184978418,4,0.4062698540276055,0.0055290201683541075,4,0.3407839087098444,0.008311481404516667,4,0.15502328359552817,0.003312272914310823,4,0.16507812183962844,0.004500737969908761,4,0.6997773498296738,0.002743135636486384,4,0.20401933789253235,0.0015136475264594194,4,0.27094442397356033,0.0015680983895853204,4,0.43045507081442813,0.00969598800337846,4,0.3410728107237586,0.007720518680606784,4,0.17664099739730388,0.009518598823572262,4,0.1853620771273756,0.00843886178042645,4,0.4873332157731056,0.005633907672107315,4,2.25,0.5,4,0.6997773498296738,0.002743135636486384,4,179761.0,0.0,4,179761.0,0.0,4
B2_with_RC,,0.0005,0.0001,hq_first,branched_only,1,3215,K562,0.27937888354063034,0.0019229725758075989,4,0.36290448904037476,0.002497779694725074,4,0.35498767435179535,0.017072190877912233,4,0.26909122553891496,0.012236913506909693,4,0.12543940959990138,0.012055256009154452,4,0.1262348437177252,0.011967671355060744,4,0.8742885738611221,0.012051514788548288,4,0.24460236355662346,0.001366456455947774,4,0.3242960274219513,0.0005561766931236406,4,0.4077687931220024,0.004347365060593846,4,0.3380691447298405,0.004995131527394685,4,0.157007349317478,0.0028895205081297514,4,0.16628956333140196,0.0035287153892412876,4,0.6981341540813446,0.002392964700312724,4,0.20257559791207314,0.0021993012745643334,4,0.26991353929042816,0.002642596008907546,4,0.4383493563081773,0.017762854651955682,4,0.3397208197525683,0.01985948193006897,4,0.18285626528435947,0.01602209361189103,4,0.19238679742983325,0.015352715151845116,4,0.48365452140569687,0.00948322122920519,4,2.75,1.5,4,0.6981341540813446,0.002392964700312724,4,179761.0,0.0,4,179761.0,0.0,4
B2_with_RC,,0.0005,0.0001,hq_first,branched_only,1,3215,SKNSH,0.27861785888671875,0.0019113383966070624,4,0.36147062480449677,0.0026159457591214638,4,0.3652407198956264,0.01730577610522485,4,0.2830078385037874,0.01237103491284864,4,0.13233338930546526,0.012599930622486398,4,0.13362540088482855,0.012370866152203657,4,0.867396742105484,0.012595992298098685,4,0.24360519275069237,0.0017131733940149508,4,0.3255009949207306,0.0007807176103273079,4,0.39662317454267854,0.0024233640940923354,4,0.34239977546485223,0.003968288009635788,4,0.15072945870346519,0.004073009430729701,4,0.15731434710446143,0.001927749801812096,4,0.7033332884311676,0.0033730603510165203,4,0.20053410902619362,0.0019239856038258053,4,0.26725972443819046,0.0019069101263504394,4,0.45316878136370486,0.011989089216321965,4,0.3484218995724477,0.010857668675130473,4,0.19887272013240362,0.011468667233348304,4,0.20546974809784302,0.010727852844595482,4,0.4741746485233307,0.006788116472025521,4,5.0,2.160246899469287,4,0.7033332884311676,0.0033730603510165203,4,179761.0,0.0,4,179761.0,0.0,4
B2_with_RC,,0.0005,0.0001,hq_first,conv3_plus,1,161,HepG2,0.17455380782485008,0.026986278813297845,4,0.24160200729966164,0.028324410584822813,4,0.49097204797714733,0.22179465706782375,4,0.3876191139526338,0.2194794236909608,4,0.241147040828557,0.21799206658419257,4,0.2779482043227494,0.2170684632758921,4,0.7541395574808121,0.21663802706598537,4,0.24906374886631966,0.0011176482535801204,4,0.32997699081897736,0.0014703242735115464,4,0.35837784449684584,0.009944348259694001,4,0.31369910154823044,0.0031837674090192075,4,0.1272027882944779,0.0077682966752587405,4,0.12850884697293796,0.007168177180233011,4,1.3791999816894531,0.09448648218657693,4,0.21701986342668533,0.0030602343143674034,4,0.2832346484065056,0.0030261962713103085,4,0.3343412119030307,0.025458883200564903,4,0.28284684540209837,0.00951674327704329,4,0.10019617076451484,0.019130031089728085,4,0.11227016202715225,0.017335671664142155,4,1.0163131356239319,0.07446025346948894,4,6.25,4.924428900898052,4,1.3791999816894531,0.09448648218657693,4,179761.0,0.0,4,3063361.0,0.0,4
B2_with_RC,,0.0005,0.0001,hq_first,conv3_plus,1,161,K562,0.14760437607765198,0.010909787872540046,4,0.21405446156859398,0.01445660612917353,4,0.6530878074263295,0.05959974380444226,4,0.5842870285119498,0.06969835068543298,4,0.41478922104870364,0.07967234772543923,4,0.42918778130509694,0.07787997585964532,4,0.5815759599208832,0.07917747514012308,4,0.24774760380387306,0.0017854166794687143,4,0.3258740305900574,0.0027553489527497167,4,0.39150276967613024,0.01787084749236927,4,0.30366635703403694,0.016973478213403018,4,0.14873972820632747,0.01434076949076445,4,0.15351394405665272,0.014095713034195016,4,1.3452019691467285,0.09514607085596967,4,0.21203774958848953,0.0029424289989946352,4,0.2789325788617134,0.0021633622288197477,4,0.383133990443414,0.02062583234623936,4,0.30689837335305536,0.020016257641936354,4,0.12735827528040722,0.01355652246748168,4,0.14711072335307543,0.015692250314161944,4,0.9859154969453812,0.07565812762678813,4,12.75,2.5,4,1.3452019691467285,0.09514607085596967,4,179761.0,0.0,4,3063361.0,0.0,4
B2_with_RC,,0.0005,0.0001,hq_first,conv3_plus,1,161,SKNSH,0.16728155314922333,0.028042683637505294,4,0.23359232768416405,0.0224369377187091,4,0.5486018003507911,0.19130365804843105,4,0.4847293243051414,0.20016918922882132,4,0.2951366451813626,0.179060189137147,4,0.32841175253516247,0.17792212575040053,4,0.7004853039979935,0.17794796258771062,4,0.250448577105999,0.0010802167769394186,4,0.33242905884981155,0.0013403584229261893,4,0.3434703040084322,0.008265722444659302,4,0.31313205253907783,0.002665305487579895,4,0.11418540881400174,0.007143120910971207,4,0.11802309136129395,0.005629437065267533,4,1.399882972240448,0.09776059470389067,4,0.21217066794633865,0.0023207174655369765,4,0.27914584428071976,0.0029982268039780934,4,0.3658052825980171,0.023062618157761613,4,0.2928141101877082,0.010514674251361147,4,0.12598715988380682,0.018768861891598477,4,0.1342124180438332,0.01678524854585234,4,0.9878010898828506,0.08244330419418476,4,9.0,5.228129047119374,4,1.399882972240448,0.09776059470389067,4,179761.0,0.0,4,3063361.0,0.0,4
B2_with_RC,,0.0005,0.0001,hq_first,conv3_plus,1,322,HepG2,0.17258842661976814,0.00233964708703561,4,0.23729801923036575,0.00380137205557576,4,0.5742702484470107,0.027441662729780686,4,0.44193172754190846,0.051165476566545694,4,0.3137050450633843,0.030530574729505985,4,0.33035110189142264,0.03224170476568045,4,0.6841635704040527,0.030435734787715062,4,0.24652734771370888,0.0010607666353265501,4,0.3265920430421829,0.001242534539929893,4,0.3836089727815216,0.008290580016380467,4,0.32436757639950087,0.011203852708143025,4,0.14502091631570124,0.006508026972924229,4,0.14720739428625024,0.006354026028572659,4,1.2956166565418243,0.03877277019053802,4,0.2131080999970436,0.0023982817385170743,4,0.27951937168836594,0.001979345318205444,4,0.3746562583737462,0.009936778123485819,4,0.28902606172717743,0.01587875818309283,4,0.12368948898745702,0.012449282587520226,4,0.14044136660822182,0.007410348661026526,4,0.949126660823822,0.032766810049361564,4,6.5,0.9999999999999999,4,1.2956166565418243,0.03877277019053802,4,179761.0,0.0,4,3063361.0,0.0,4
B2_with_RC,,0.0005,0.0001,hq_first,conv3_plus,1,322,K562,0.1696017012000084,0.0032933894408938543,4,0.23184076696634293,0.004544989277873132,4,0.5953375492676252,0.021813611699979196,4,0.4499010995946944,0.044989326995086426,4,0.3451601145767643,0.023351684034861053,4,0.35478367280953016,0.025761284136481877,4,0.6528061628341675,0.023279162847475613,4,0.24463635310530663,0.0014822892567066153,4,0.3219445049762726,0.001518006855886626,4,0.4145934067012986,0.008791487951520027,4,0.31997350038976674,0.006467196564296431,4,0.1691763154718737,0.007833251445931236,4,0.17194566057548966,0.007281784953499682,4,1.2586766183376312,0.01865463216586544,4,0.20635448768734932,0.001672173461904384,4,0.27457641065120697,0.0016406708935459403,4,0.41368001641448804,0.004090283061226475,4,0.320303753863746,0.008114402918996901,4,0.15441756661012349,0.010117493089706442,4,0.1711437037923318,0.0033818874651920868,4,0.9155808836221695,0.017357146877208907,4,7.5,1.2909944487358056,4,1.2586766183376312,0.01865463216586544,4,179761.0,0.0,4,3063361.0,0.0,4
B2_with_RC,,0.0005,0.0001,hq_first,conv3_plus,1,322,SKNSH,0.17762773111462593,0.0017208927869399612,4,0.24290001019835472,0.0026114268980975634,4,0.537669195683756,0.03117372271836152,4,0.434625506417493,0.02989107490090661,4,0.2808772809172637,0.03140860287678567,4,0.28981701472830806,0.03369728460128199,4,0.7168893814086914,0.03131099650679316,4,0.2475549802184105,0.0007102116618426627,4,0.3286466971039772,0.000820569412180403,4,0.36975904037538254,0.008157119634506157,4,0.3354129623351669,0.0033104946374665385,4,0.1342347357718829,0.0043233556473235984,4,0.1367716518898725,0.006028233940642441,4,1.311933308839798,0.037232122249530535,4,0.20811427757143974,0.002354939467074795,4,0.2745276913046837,0.0023080853733953226,4,0.39988606130656223,0.01661664844924647,4,0.3045114398558913,0.010304448314193283,4,0.15469538170553804,0.014249478791997745,4,0.16011594678154,0.01323831940740848,4,0.9156316965818405,0.03573076699557351,4,6.5,0.5773502691896257,4,1.311933308839798,0.037232122249530535,4,179761.0,0.0,4,3063361.0,0.0,4
B2_with_RC,,0.0005,0.0001,hq_first,conv3_plus,1,643,HepG2,0.187904953956604,0.0033838418796227473,4,0.25484687089920044,0.004131657926547411,4,0.548604121140633,0.032917837834004544,4,0.3947190786660406,0.029809087866531036,4,0.2934043935394109,0.03444182862633378,4,0.3017791697682357,0.03577065775747695,4,0.7054967135190964,0.034388247984452676,4,0.24577170982956886,0.0006645153323547876,4,0.32516802847385406,0.000995748446544386,4,0.39151680825671453,0.006221888676750908,4,0.327201854338122,0.0066237283643910475,4,0.15246368426598425,0.005187182441935974,4,0.1533144450715544,0.004889544094295209,4,1.148079365491867,0.03097190977548113,4,0.20786304399371147,0.0003332124581963527,4,0.27462639659643173,0.00042178910936444333,4,0.40547977889485,0.005676088865532536,4,0.30505056422747023,0.009301273489620369,4,0.1541307453443848,0.0025975679201334398,4,0.16443801458122348,0.004626102727333414,4,0.8187999576330185,0.01486653310660835,4,4.5,0.5773502691896258,4,1.148079365491867,0.03097190977548113,4,179761.0,0.0,4,3063361.0,0.0,4
B2_with_RC,,0.0005,0.0001,hq_first,conv3_plus,1,643,K562,0.19070252403616905,0.0028924507548485213,4,0.2569763585925102,0.0034718502290022016,4,0.5349320600112637,0.027532529055469806,4,0.3717428152753971,0.018775799811258227,4,0.28174655558939354,0.027410705437887248,4,0.28672083894503697,0.029185693017536214,4,0.7171364277601242,0.027368149660407078,4,0.24317099153995514,0.001045934194830941,4,0.32087867707014084,0.0004155112153984518,4,0.41986766215535354,0.0033690377439680634,4,0.3259781647282293,0.00628649321156243,4,0.17468102090163462,0.002138221748611244,4,0.17629736653529232,0.0028179848071455266,4,1.1179076135158539,0.025477776701122782,4,0.20260997116565704,0.001979114021076995,4,0.2697987034916878,0.0019554372671647543,4,0.43427995666702357,0.010210608504514058,4,0.327127112426288,0.004603071548654295,4,0.1835779783143961,0.011797451811766743,4,0.18867727315723623,0.008941213780919745,4,0.7903283387422562,0.02014489552528755,4,4.5,0.5773502691896258,4,1.1179076135158539,0.025477776701122782,4,179761.0,0.0,4,3063361.0,0.0,4
B2_with_RC,,0.0005,0.0001,hq_first,conv3_plus,1,643,SKNSH,0.1881253495812416,0.0029419108332429766,4,0.2548445351421833,0.0038726018697278703,4,0.5477020357096709,0.018274913831927305,4,0.41747092769905303,0.008348274101146552,4,0.29376523349200323,0.021940196782830122,4,0.3002279992771909,0.020057036688102586,4,0.7051364332437515,0.02190605510881405,4,0.24574392288923264,0.00015416720030956768,4,0.3257908374071121,0.0006240191668568125,4,0.3890624522951877,0.00504395551123693,4,0.3339256468287851,0.004152210322124256,4,0.1492175811521025,0.0032577175264924033,4,0.1513886729013447,0.003925511720872678,4,1.152425229549408,0.027912002872717938,4,0.20318003371357918,0.0012582622677247157,4,0.2692808732390404,0.001429166258254894,4,0.4385606346120742,0.010930076087012823,4,0.3141227900970017,0.0021488215277498187,4,0.18672370992620027,0.008623411511789782,4,0.19242503015379617,0.009601056618640507,4,0.7872253358364105,0.01474878460403694,4,4.75,0.5,4,1.152425229549408,0.027912002872717938,4,179761.0,0.0,4,3063361.0,0.0,4
B2_with_RC,,0.0005,0.0001,hq_first,conv3_plus,1,1125,HepG2,0.2313394956290722,0.004424950160948059,4,0.3078109696507454,0.006088461656467556,4,0.49172105578664876,0.04002378806340275,4,0.34607854070499133,0.04102230000063589,4,0.23544344927684854,0.03920738751963889,4,0.24299102441214465,0.040052682974227004,4,0.7638769298791885,0.03917258134273327,4,0.24384750798344612,0.0017213572746370548,4,0.32376258820295334,0.0016718536057484504,4,0.4038061961100069,0.00817619196745722,4,0.32341695708074597,0.011900467646001963,4,0.1597633551182512,0.008681359100682188,4,0.16310958160314987,0.006604835625246873,4,0.844574823975563,0.014210262628464454,4,0.20479866489768028,0.0019107658067969797,4,0.2714128643274307,0.0022311719299032405,4,0.4281205490802426,0.009979939370730103,4,0.31455587104746746,0.00929754197015739,4,0.1737703633517642,0.013637536263779455,4,0.18336190393715102,0.008495123750690009,4,0.5935198366641998,0.01028617023421967,4,3.25,0.5,4,0.844574823975563,0.014210262628464454,4,179761.0,0.0,4,3063361.0,0.0,4
B2_with_RC,,0.0005,0.0001,hq_first,conv3_plus,1,1125,K562,0.22849110886454582,0.00578398866016967,4,0.30391722172498703,0.0054958894964492215,4,0.5112750882875161,0.02574507812729071,4,0.3731464055553018,0.018887904746633342,4,0.25510446087032046,0.023131118935955382,4,0.26189932268924254,0.026433566883469026,4,0.7442334294319153,0.02311058141552188,4,0.242133941501379,0.0015907349105668007,4,0.32098887860774994,0.0009633126435254975,4,0.4195818773273321,0.005270840582633736,4,0.3202936772667576,0.010943154783434229,4,0.1741094180678617,0.004956183125485251,4,0.17606978810186402,0.004420925483903699,4,0.8301454335451126,0.011296016992327192,4,0.1999829038977623,0.002679449272546963,4,0.26740219444036484,0.0029506001300326585,4,0.45069057291879167,0.01637045710207588,4,0.3257830624534194,0.015023932062071038,4,0.19797572647219006,0.01769914410786182,4,0.20332298641716687,0.014759448432364652,4,0.5760558396577835,0.007437100195950638,4,3.75,0.5,4,0.8301454335451126,0.011296016992327192,4,179761.0,0.0,4,3063361.0,0.0,4
B2_with_RC,,0.0005,0.0001,hq_first,conv3_plus,1,1125,SKNSH,0.22612614557147026,0.0018146735823145613,4,0.30038144439458847,0.0013460321341529468,4,0.5300139226397802,0.010618606548837579,4,0.38865136455326804,0.0183010007400005,4,0.27236795030230787,0.01123920835643097,4,0.2809993242957861,0.011267927223772317,4,0.726985290646553,0.011229280477532112,4,0.24334914237260818,0.001345553136155345,4,0.32415594160556793,0.0024723567812494447,4,0.3998325180990152,0.016235966206633392,4,0.33090715710738433,0.0049132015364461,4,0.15770050509432726,0.01284124384390588,4,0.16006374747839652,0.012947223297991516,4,0.8466529101133347,0.017516572673242574,4,0.1992689184844494,0.002111909634147079,4,0.2653871402144432,0.002328135403248102,4,0.4635999014439762,0.009907323651572285,4,0.33437766708204364,0.008756071344356945,4,0.21004434310770503,0.013859422258259141,4,0.2149984849153172,0.009176994402122527,4,0.5674084424972534,0.005272807770837689,4,4.0,0.0,4,0.8466529101133347,0.017516572673242574,4,179761.0,0.0,4,3063361.0,0.0,4
B2_with_RC,,0.0005,0.0001,hq_first,conv3_plus,1,1608,HepG2,0.23897309601306915,0.012227348893389126,4,0.3152743950486183,0.016226825454320692,4,0.531896677110836,0.04312046005873308,4,0.39187320888271604,0.037625522007074606,4,0.27625292166452964,0.048106469178752005,4,0.2843086056783065,0.04519315752977471,4,0.7232969552278519,0.04807652734346926,4,0.24110475182533264,0.0006618909315997562,4,0.32119373232126236,0.001454872346567671,4,0.42059427945321326,0.010261745993779665,4,0.3329628350742326,0.006056244664453673,4,0.17304786791731583,0.00749548251956163,4,0.1769785254818983,0.008634983932541678,4,0.7513601630926132,0.02861142584135477,4,0.20350781828165054,0.002186105464616401,4,0.26957256346940994,0.0023886257269760884,4,0.45009829388515665,0.004310946860736743,4,0.34241686984868974,0.010964340110329832,4,0.18493014068718086,0.01448485721660845,4,0.2026024123554559,0.003879252666707992,4,0.5294616743922234,0.027211916970940005,4,4.0,0.816496580927726,4,0.7513601630926132,0.02861142584135477,4,179761.0,0.0,4,3063361.0,0.0,4
B2_with_RC,,0.0005,0.0001,hq_first,conv3_plus,1,1608,K562,0.24303704127669334,0.005535010920830453,4,0.3197336047887802,0.007702905187216067,4,0.5100548571588693,0.038855824255737796,4,0.3786661411780328,0.03255471977596414,4,0.25489534226966615,0.040107549595888345,4,0.2612882886202992,0.04015111323680925,4,0.7446412742137909,0.0400826314000942,4,0.24167558923363686,0.0010115793667722919,4,0.3197840228676796,0.0021969070720413214,4,0.428684481346638,0.01268523297681626,4,0.33113344792151406,0.00663765713003636,4,0.18027444032800724,0.011232327267719977,4,0.1838910708991931,0.01091826574766543,4,0.7446241974830627,0.023143988068729627,4,0.20110174268484116,0.0015548356840720875,4,0.2675861343741417,0.0027359623380537887,4,0.45662714489947753,0.01216185241302109,4,0.3324435840994032,0.0030508154375745097,4,0.19688239133088692,0.01645956671220543,4,0.20861928244963554,0.010982003681242006,4,0.5213867351412773,0.017540235659029922,4,3.75,0.9574271077563381,4,0.7446241974830627,0.023143988068729627,4,179761.0,0.0,4,3063361.0,0.0,4
B2_with_RC,,0.0005,0.0001,hq_first,conv3_plus,1,1608,SKNSH,0.24537162110209465,0.006241312340145459,4,0.32138407975435257,0.009517894405065478,4,0.5017481326722331,0.03114995341087529,4,0.38062161394953786,0.027302873140569128,4,0.2476443314667926,0.03301076644817285,4,0.25247892833819763,0.03128763013507028,4,0.7518877685070038,0.032990252937682374,4,0.24207599833607674,0.0017933117583082152,4,0.323185957968235,0.0014434592806608184,4,0.41038733073848993,0.009940247611958981,4,0.3439537427394315,0.011682599380238821,4,0.16275797157293825,0.00747876595491365,4,0.16849186762260301,0.008167597269982566,4,0.7607472240924835,0.030221891751767944,4,0.19993960484862328,0.000533110968892094,4,0.26648053526878357,0.0008418731597873105,4,0.4644991922307834,0.008573619031815475,4,0.34375543370758516,0.005706705907888995,4,0.20356172958048596,0.005027884760931651,4,0.21581462979052732,0.007969611224836321,4,0.5172347277402878,0.02130210279305292,4,3.5,0.5773502691896257,4,0.7607472240924835,0.030221891751767944,4,179761.0,0.0,4,3063361.0,0.0,4
B2_with_RC,,0.0005,0.0001,hq_first,conv3_plus,1,2411,HepG2,0.25497397035360336,0.003781354752433471,4,0.33248593658208847,0.004300956616532941,4,0.4954663741983129,0.021753678781645105,4,0.3677789542850651,0.031163302998730515,4,0.23951428863998037,0.024933734816909782,4,0.2458418448666239,0.021963647882713672,4,0.7601702511310577,0.02492337839147601,4,0.24025049060583115,0.0007114054670904772,4,0.32234179973602295,0.000861070497690644,4,0.41247189147854013,0.0034994325172650977,4,0.3291181895440422,0.008168418222077313,4,0.16713396289445265,0.004452113260562699,4,0.17014224578084175,0.0028873714137123956,4,0.7143476754426956,0.010905751308488991,4,0.20292577520012856,0.0023122121418030165,4,0.26861847192049026,0.0028770679644846827,4,0.4543728871743549,0.005575535416985954,4,0.34884213189778485,0.008485060267399766,4,0.1906674370048871,0.017394405411439776,4,0.2064780355455486,0.00509494652410094,4,0.4960138201713562,0.005307392233117672,4,3.25,0.5,4,0.7143476754426956,0.010905751308488991,4,179761.0,0.0,4,3063361.0,0.0,4
B2_with_RC,,0.0005,0.0001,hq_first,conv3_plus,1,2411,K562,0.25074173510074615,0.007179425742605854,4,0.32729190587997437,0.009641211311383428,4,0.5181607536110592,0.030184318794971014,4,0.38257263152515664,0.02035048376220877,4,0.2632113654760666,0.033622292934065594,4,0.2691738864086181,0.030387875665236458,4,0.7364829927682877,0.03360832446727169,4,0.24067670479416847,0.0005135364425770541,4,0.32116013020277023,0.0014976953664260979,4,0.4225500613486035,0.010183539789480564,4,0.3375968630994346,0.009662918526059869,4,0.173220110205898,0.007702898214779046,4,0.17862633270769152,0.008633592365655529,4,0.7090766429901123,0.007114807450492796,4,0.20132582262158394,0.0025158274759653648,4,0.2679242268204689,0.0025867396560853057,4,0.4622157779740722,0.014525953511933594,4,0.35177790001418247,0.02127892724450967,4,0.1948584592362266,0.015552627177655109,4,0.21380167790224996,0.013475289498030852,4,0.49359001219272614,0.014062791403726262,4,3.75,0.5,4,0.7090766429901123,0.007114807450492796,4,179761.0,0.0,4,3063361.0,0.0,4
B2_with_RC,,0.0005,0.0001,hq_first,conv3_plus,1,2411,SKNSH,0.2579910680651665,0.0023371846738810854,4,0.33567076176404953,0.003876897661963289,4,0.48139851854249804,0.0060541198493299754,4,0.36029724654100204,0.0103238853731859,4,0.22515369617962602,0.006433637629412442,4,0.23177202293027438,0.00583616688362543,4,0.7745248824357986,0.006430932510415461,4,0.24111704155802727,0.0009022878165742138,4,0.3235393092036247,0.0014314065969226744,4,0.40548429043331197,0.00799831735928206,4,0.3353435806749833,0.010544444811666512,4,0.16092642754326741,0.0074080466549339185,4,0.16446548959864132,0.006540633904312202,4,0.7196188569068909,0.006729564224005436,4,0.19870613887906075,0.0006757700661594597,4,0.264567069709301,0.000903578999707254,4,0.47063057973569816,0.0037295584003864467,4,0.35303092435459693,0.010196637303288885,4,0.214957287409785,0.005355944120068252,4,0.22150357478675575,0.003516454804606237,4,0.4811972305178642,0.004580159448297863,4,3.0,0.0,4,0.7196188569068909,0.006729564224005436,4,179761.0,0.0,4,3063361.0,0.0,4
B2_with_RC,,0.0005,0.0001,hq_first,conv3_plus,1,3215,HepG2,0.2682015746831894,0.0043007439588641175,4,0.34851013869047165,0.005404580896168481,4,0.4459008766112258,0.031973703020708476,4,0.33921705611987296,0.024345068931233144,4,0.19332433997321657,0.0250147960182614,4,0.19959433002630197,0.028510967965091068,4,0.8064247965812683,0.025006988942481153,4,0.24189917743206024,0.0002981854044685282,4,0.3227696120738983,0.0008175357813357129,4,0.41569323793037194,0.007581285958460558,4,0.34585225268313013,0.006215622040454547,4,0.1649222479102831,0.0042264321878680905,4,0.1728439749836248,0.006296764791025902,4,0.6915793418884277,0.003500145501220632,4,0.2017476223409176,0.002174271284631402,4,0.2672368139028549,0.0020670721876743384,4,0.4605292841857525,0.004109427863368181,4,0.3612998481586842,0.013338717828991915,4,0.19900469449676655,0.012427394193847887,4,0.21209988714066477,0.003782477776733822,4,0.47409651428461075,0.007355573203358472,4,2.5,0.5773502691896257,4,0.6915793418884277,0.003500145501220632,4,179761.0,0.0,4,3063361.0,0.0,4
B2_with_RC,,0.0005,0.0001,hq_first,conv3_plus,1,3215,K562,0.2615574896335602,0.009145777985822648,4,0.34043101966381073,0.011270371289681818,4,0.48273492763499354,0.05220459335582246,4,0.3736008821934649,0.05192021662039086,4,0.22979754287383367,0.05122097895373569,4,0.23507700003434753,0.04937479801132346,4,0.7699628919363022,0.051205030333280284,4,0.24203625321388245,0.0017732793338809632,4,0.32258141040802,0.0011109507743264334,4,0.4168970086286604,0.00380211764402815,4,0.33830409317649246,0.004951364262289462,4,0.16589230642355127,0.005751419786961667,4,0.1738139578774596,0.0031758854383817803,4,0.6907760202884674,0.004763074923431226,4,0.20016126707196236,0.0004709561101194621,4,0.2667761296033859,0.0005301365768431133,4,0.4676834843391068,0.00584654209799987,4,0.37093984083868947,0.006993128642544587,4,0.20179744346006404,0.0031708572058289637,4,0.21875347806444528,0.0054595706191406706,4,0.47244352847337723,0.0018767975026991793,4,3.25,0.9574271077563382,4,0.6907760202884674,0.004763074923431226,4,179761.0,0.0,4,3063361.0,0.0,4
B2_with_RC,,0.0005,0.0001,hq_first,conv3_plus,1,3215,SKNSH,0.2737884595990181,0.00012177083142618703,4,0.35520604997873306,0.0003332476894091246,4,0.4103119276790949,0.0009258500060212864,4,0.3140736142300645,0.003362754440663445,4,0.16217988258206503,0.0015726570635014796,4,0.16835652089441006,0.0007596843516986123,4,0.8375595211982727,0.001572111655451398,4,0.24356548115611076,0.0006221377725842692,4,0.3244568705558777,0.0004632876263108309,4,0.4074218861473359,0.0025091403138587875,4,0.34604213347832397,0.006717823582464091,4,0.15617147750085758,0.002410427138986759,4,0.1659973151506887,0.0020465783884056677,4,0.6988264620304108,0.0019962047898379083,4,0.19961747154593468,0.0014610041635230871,4,0.2669958248734474,0.0014018546671011104,4,0.458939025439951,0.0038895097657681613,4,0.34490280378214255,0.008669716987904696,4,0.20046804910394006,0.008413981830443831,4,0.21063637528643553,0.0035700725201701492,4,0.47323040664196014,0.0049801233694274725,4,2.0,0.0,4,0.6988264620304108,0.0019962047898379083,4,179761.0,0.0,4,3063361.0,0.0,4
B2_with_RC,,0.0005,0.0001,hq_first,full,1,161,HepG2,0.14112894423305988,0.030206483032779015,4,0.20672190189361572,0.037697836701408846,4,0.6782421641339804,0.17903351037474344,4,0.6288240588741247,0.22397749626093583,4,0.44287809865360583,0.21008104812892148,4,0.48405218158697266,0.21352813967185658,4,0.5536615327000618,0.2087761848114751,4,0.2500627897679806,0.0005118314064587977,4,0.33039040863513947,0.0006829890379243987,4,0.3568600600084262,0.007885173949705749,4,0.3174206393221402,0.009754471446194119,4,0.12502462620949797,0.0036196985341463406,4,0.12739573440538038,0.005639708613698623,4,1.3823340237140656,0.0875475845345768,4,0.21684466302394867,0.0018903027318742753,4,0.28295913338661194,0.0018752055119619362,4,0.3366562903300947,0.02108310755896355,4,0.28513038037429533,0.0045455317690229115,4,0.10199318917514766,0.011901333140345758,4,0.11367083088707812,0.014126449540765171,4,1.0139779597520828,0.06617397702111581,4,5.25,2.9860788111948193,4,1.3823340237140656,0.0875475845345768,4,179761.0,0.0,4,3747661.0,0.0,4
B2_with_RC,,0.0005,0.0001,hq_first,full,1,161,K562,0.11765666678547859,0.00619096532269325,4,0.1830051839351654,0.009868721844224031,4,0.7615177565229514,0.02882717295360248,4,0.7678218095316187,0.03452335423883062,4,0.5729926678321635,0.04672093552520431,4,0.5805325479251217,0.04342896714989402,4,0.4243551418185234,0.046430769846150355,4,0.24838022142648697,0.0006284931417978579,4,0.3267052173614502,0.0008917228080184612,4,0.3864055653994421,0.0016313932656205103,4,0.3023928555794902,0.006380759270869045,4,0.14443279340597262,0.004674621667274922,4,0.14931125705465287,0.0012619355318269835,4,1.351851224899292,0.0894679987363373,4,0.2153058983385563,0.002499843456813599,4,0.2812979593873024,0.002755259815315982,4,0.370920022223889,0.01496758528261113,4,0.29544043261573455,0.010549992902495985,4,0.11247151123607715,0.017382221704693487,4,0.1377496843434645,0.011097297034244249,4,1.0028660744428635,0.07996590667190301,4,7.75,0.9574271077563381,4,1.351851224899292,0.0894679987363373,4,179761.0,0.0,4,3747661.0,0.0,4
B2_with_RC,,0.0005,0.0001,hq_first,full,1,161,SKNSH,0.12558676302433014,0.03752439534711374,4,0.18854264169931412,0.041875676511560544,4,0.7166961527847711,0.1813409976600295,4,0.6954658805801773,0.23917759442034692,4,0.5270161298267813,0.23316701154582048,4,0.538316793490743,0.22984718998228987,4,0.4700460582971573,0.23171876681878784,4,0.2503233328461647,0.0011826389133247862,4,0.33140556514263153,0.002186179249029179,4,0.3586102252393702,0.022890140489201922,4,0.3293617437811055,0.021435549940322353,4,0.11961358314983614,0.011607571654868141,4,0.1289942625449434,0.016390110812401163,4,1.3913094699382782,0.09768795910500747,4,0.2157507762312889,0.004387207582722515,4,0.2810710594058037,0.0037098009813067664,4,0.3682840943666811,0.026057456088191915,4,0.2973789136309095,0.013516703647197724,4,0.1138506921198344,0.023409086962763784,4,0.13614241742682748,0.019456845912219155,4,1.0017428696155548,0.08852686906471764,4,7.25,4.112987559751022,4,1.3913094699382782,0.09768795910500747,4,179761.0,0.0,4,3747661.0,0.0,4
B2_with_RC,,0.0005,0.0001,hq_first,full,1,322,HepG2,0.14336329326033592,0.001395521484037067,4,0.20855645835399628,0.0027902568890560446,4,0.7069785149309519,0.02657911302547926,4,0.633669230083181,0.0248006125841454,4,0.4700052142117169,0.01893369608796269,4,0.5003484575108901,0.03773595312873906,4,0.5283488035202026,0.018874912524016935,4,0.246547631919384,0.0016397160450783604,4,0.3265710473060608,0.0012068504615518408,4,0.38347464535682113,0.006847211940239767,4,0.3304175164322147,0.0142544415288827,4,0.14513132342731888,0.006312247564932856,4,0.14708796686505568,0.005295460324909303,4,1.2954712212085724,0.03961733915413121,4,0.21312852576375008,0.0040898781286581335,4,0.27879656106233597,0.0028208504043024806,4,0.3785902689036493,0.011059454612762379,4,0.3034027183401042,0.010372516515621405,4,0.1281815646724555,0.017716218178868617,4,0.1434223253607863,0.008300666488985226,4,0.944362998008728,0.03881113568759847,4,4.75,0.5,4,1.2954712212085724,0.03961733915413121,4,179761.0,0.0,4,3747661.0,0.0,4
B2_with_RC,,0.0005,0.0001,hq_first,full,1,322,K562,0.13468447886407375,0.011996226632399477,4,0.199278574436903,0.01407105133141915,4,0.7197773367234346,0.05141435368126278,4,0.6353171941797175,0.0784204416330205,4,0.5133239742395344,0.07703552546191879,4,0.5200619912840271,0.07482692009279883,4,0.4851645976305008,0.07679628007160791,4,0.24481135234236717,0.0013718341053295285,4,0.32220734655857086,0.0009259119330562772,4,0.41252709431061885,0.00491503591603395,4,0.31552755489913964,0.007193824730583675,4,0.1678278499091496,0.0047822705360057545,4,0.17019672172390413,0.004050087412031881,4,1.2608334720134735,0.025303175987973825,4,0.20974135771393776,0.002676847253543282,4,0.2747199013829231,0.0016310761318399777,4,0.414227331181367,0.00566587252173035,4,0.3142080785149767,0.014062528987121741,4,0.15353382961454565,0.010036553106362438,4,0.17160835848121225,0.004688902318244234,4,0.916588306427002,0.020676981554168927,4,6.0,0.8164965809277259,4,1.2608334720134735,0.025303175987973825,4,179761.0,0.0,4,3747661.0,0.0,4
B2_with_RC,,0.0005,0.0001,hq_first,full,1,322,SKNSH,0.15343930572271347,0.004791826688643603,4,0.21795286983251572,0.005570387695730947,4,0.6671140747949813,0.035565267837990036,4,0.5990877597242934,0.03624782255060146,4,0.420720146254143,0.03794278163941031,4,0.44598985499685495,0.048248245064964106,4,0.57748082280159,0.037824849062446236,4,0.24687447771430016,0.0020182283758707086,4,0.32775890082120895,0.0017593281476785878,4,0.37530497857793066,0.011130781158700516,4,0.3440093174823289,0.006745307168082306,4,0.1388913053598997,0.009220809496523095,4,0.14094674766228313,0.008475520265026383,4,1.3049714863300323,0.042875819043204096,4,0.20939189568161964,0.002541640709219677,4,0.2754373103380203,0.002683329034727117,4,0.39359668414147675,0.016848529919261765,4,0.30758844397760055,0.009472082465744072,4,0.1490690163213407,0.01656060346104701,4,0.15513125448749562,0.013357074258027497,4,0.9217768311500549,0.038568782616815414,4,4.5,0.5773502691896257,4,1.3049714863300323,0.042875819043204096,4,179761.0,0.0,4,3747661.0,0.0,4
B2_with_RC,,0.0005,0.0001,hq_first,full,1,643,HepG2,0.16849034652113914,0.006295774393646703,4,0.2370200902223587,0.0061064435943133065,4,0.6375320574890369,0.022087852344946785,4,0.5003787082111769,0.012864068496001694,4,0.3888300023532066,0.033516295976212564,4,0.4068130292421137,0.02825082597500002,4,0.6102194786071777,0.03346418954841201,4,0.24568886309862137,0.0008729058273118041,4,0.3259229212999344,0.0009133823980593611,4,0.3857871939606272,0.006137800464134298,4,0.3240523858341911,0.005549607479589901,4,0.14852495988562397,0.004772325646180646,4,0.14886001346991778,0.004736758369522181,4,1.1532653868198395,0.022556847605002303,4,0.20725248754024506,0.0023083143575408,4,0.2733491584658623,0.002396742264901627,4,0.40913872916172267,0.01565112573763528,4,0.31268176012143667,0.009023955779309858,4,0.16193360769693443,0.01470812716483723,4,0.1675782180027109,0.01285500978691386,4,0.8111404627561569,0.013567815982061311,4,3.25,0.5,4,1.1532653868198395,0.022556847605002303,4,179761.0,0.0,4,3747661.0,0.0,4
B2_with_RC,,0.0005,0.0001,hq_first,full,1,643,K562,0.1712106578052044,0.008304373035566581,4,0.23729612305760384,0.009395802811366488,4,0.6301274920727299,0.032217513408005244,4,0.4904759320938807,0.032139714325346055,4,0.3872505639685574,0.04470002963718936,4,0.3978391323935145,0.04140341201888944,4,0.6117965281009674,0.04463050708484264,4,0.24200359359383583,0.0012403858913097635,4,0.31972941756248474,0.000767785970455819,4,0.42584370262902077,0.004295743139603685,4,0.3344323688072714,0.00883470214791727,4,0.1805798449147042,0.003935379568906666,4,0.18135669912563496,0.0036599059592135256,4,1.1098282039165497,0.01986696323148434,4,0.20378870517015457,0.0006800370530056709,4,0.26930662989616394,0.0017460104689414893,4,0.4380949625477083,0.013736637701336436,4,0.33114727157842416,0.006477882778250845,4,0.1865597174940312,0.010542256042395566,4,0.19206871762118127,0.012073520625792504,4,0.7873472720384598,0.013219469205476453,4,3.25,0.5,4,1.1098282039165497,0.01986696323148434,4,179761.0,0.0,4,3747661.0,0.0,4
B2_with_RC,,0.0005,0.0001,hq_first,full,1,643,SKNSH,0.16768991574645042,0.010072314974363646,4,0.23485242575407028,0.011186324346910572,4,0.6444097788752894,0.038935211172461175,4,0.5337290866852379,0.028637872695139403,4,0.39926978231202415,0.05720454744188194,4,0.4164009261118824,0.05084242905429019,4,0.5997959673404694,0.05711556790996568,4,0.24514656513929367,0.0013096570456751781,4,0.3259262293577194,0.0009485212928831246,4,0.3898575988437042,0.006039744961487381,4,0.3505442747733076,0.00551166977113829,4,0.14850725570666723,0.00495699030616366,4,0.15201630626557844,0.004731756102716863,4,1.1533077955245972,0.023748552109695092,4,0.20470332726836205,0.0022671337083518973,4,0.2702067419886589,0.00281773560203615,4,0.4325640990387428,0.020555610200726052,4,0.31888458541966136,0.0066047652134649274,4,0.18107208545695458,0.017029294379237694,4,0.18742859961024244,0.01809899437054611,4,0.7926596254110336,0.018619555937177602,4,3.25,0.5,4,1.1533077955245972,0.023748552109695092,4,179761.0,0.0,4,3747661.0,0.0,4
B2_with_RC,,0.0005,0.0001,hq_first,full,1,1125,HepG2,0.2086542509496212,0.010106482899098232,4,0.2836356610059738,0.012555023223953462,4,0.5987440646217808,0.04106136325232207,4,0.43817691081627574,0.03657020366467026,4,0.35043517781196803,0.05660586506623302,4,0.35975898158391545,0.047958349236402714,4,0.648987427353859,0.05655559171166264,4,0.24419493600726128,0.0022272307639066066,4,0.32486287504434586,0.002420148969082761,4,0.4026117094953056,0.012906964131845548,4,0.3260156465744185,0.009198148205542295,4,0.15402438942966679,0.012603549573986324,4,0.1622211309150579,0.01037971626975178,4,0.8502598106861115,0.009992631833364686,4,0.20615344494581223,0.004011406909626719,4,0.2722580283880234,0.005372039031797791,4,0.4417386165216711,0.026925626190811507,4,0.3270236446820548,0.01941230915723462,4,0.16841604702356697,0.03275924926061851,4,0.19567674733580548,0.023324523136332778,4,0.5971819460391998,0.016525681752789394,4,2.75,0.5,4,0.8502598106861115,0.009992631833364686,4,179761.0,0.0,4,3747661.0,0.0,4
B2_with_RC,,0.0005,0.0001,hq_first,full,1,1125,K562,0.20114310830831528,0.021373648357657492,4,0.2763221338391304,0.02084791961692508,4,0.6240140097886073,0.06648950997275943,4,0.4851658823417762,0.059375090476617445,4,0.382089996367308,0.08998376328208642,4,0.3927091256147694,0.08179277510771757,4,0.6173607409000397,0.08990374102894358,4,0.24144599586725235,0.003061734728780749,4,0.3190413787961006,0.0035079740582899107,4,0.43506876707278586,0.015432489176530225,4,0.33809206784976137,0.014873725560121428,4,0.1840322245035808,0.017881337146024523,4,0.1894634533738718,0.013625689890871154,4,0.820051521062851,0.012757575104532794,4,0.20323630422353745,0.0032801588610309497,4,0.2684793323278427,0.0039806003677914864,4,0.4556431972506448,0.024137531773542054,4,0.33220676923854214,0.014168684104407284,4,0.19144193281264543,0.023874612536827565,4,0.20804768853087904,0.02206913116975487,4,0.5807122737169266,0.011465334714093483,4,3.25,0.9574271077563381,4,0.820051521062851,0.012757575104532794,4,179761.0,0.0,4,3747661.0,0.0,4
B2_with_RC,,0.0005,0.0001,hq_first,full,1,1125,SKNSH,0.2052665911614895,0.01755879999273339,4,0.27830512821674347,0.020849167458884498,4,0.6177000990850037,0.07223082989419778,4,0.47791878121046394,0.061482471427012624,4,0.373155734845951,0.09179614470277599,4,0.3854663820000267,0.08713353983479513,4,0.6262870877981186,0.09171456719804194,4,0.24412112683057785,0.0019593917746123526,4,0.3250115364789963,0.003206101923564083,4,0.40074593035672057,0.019516565069719927,4,0.34789459159799685,0.012032161648421464,4,0.15322341502601583,0.01670529349265695,4,0.16088297293156398,0.015532486464750543,4,0.8511768728494644,0.02181977049408057,4,0.20157680287957191,0.0034494099834517134,4,0.266744963824749,0.005288401690106205,4,0.462542879639328,0.030183312461116593,4,0.3424533667099083,0.005472021682715691,4,0.20175100158369236,0.031783866275184626,4,0.2146291897683859,0.02723545295716673,4,0.5732893943786621,0.01821689923144256,4,3.0,0.816496580927726,4,0.8511768728494644,0.02181977049408057,4,179761.0,0.0,4,3747661.0,0.0,4
B2_with_RC,,0.0005,0.0001,hq_first,full,1,1608,HepG2,0.2162264622747898,0.004700682184815365,4,0.2905890792608261,0.007307948128396065,4,0.6321183940471252,0.007073611049354858,4,0.4877523959726711,0.004796789234538042,4,0.3851913292204926,0.009249931054199974,4,0.39961119107267484,0.00894685507272588,4,0.6144263297319412,0.009244177399432472,4,0.2407616712152958,0.0008612915145007166,4,0.32080016285181046,0.002062344064064485,4,0.42049014049889516,0.012249545135331691,4,0.33639241533662223,0.009590548782119667,4,0.17506026981111822,0.010609085090794168,4,0.17692449677379746,0.010295108380239058,4,0.7495544850826263,0.030084383226413467,4,0.2015184909105301,0.0009737214801369808,4,0.26611748337745667,0.0010091054137934723,4,0.4676456419386411,0.006114165580032445,4,0.33753665887188977,0.013815787303115643,4,0.20572779193370455,0.006015059517099693,4,0.2187204836897588,0.005750522962765801,4,0.5157703384757042,0.019539640287432433,4,3.0,0.0,4,0.7495544850826263,0.030084383226413467,4,179761.0,0.0,4,3747661.0,0.0,4
B2_with_RC,,0.0005,0.0001,hq_first,full,1,1608,K562,0.21054140850901604,0.013521876205590281,4,0.28478655964136124,0.014599006941802798,4,0.6434199059005312,0.030180514403389692,4,0.503230299764988,0.0246076700485851,4,0.40932788902603845,0.041265174498837376,4,0.4146723228962884,0.03970276899274215,4,0.5903047919273376,0.04123950190781485,4,0.2409944087266922,0.0013645395958246766,4,0.3192332610487938,0.0025361893871067923,4,0.4413449168654931,0.011673843467861414,4,0.3455366379118995,0.010267301607184386,4,0.18308589960197028,0.013000394520963658,4,0.19488754460899313,0.010339212582941409,4,0.7419850379228592,0.020061039273533175,4,0.2064262479543686,0.0031164962303606636,4,0.27111145108938217,0.004234172502578635,4,0.46506478406688967,0.017385121936707645,4,0.3324910196505608,0.018774247695266085,4,0.17549545434021455,0.02556317744310432,4,0.21651193522774836,0.016352044196924643,4,0.5353363454341888,0.024354362939359483,4,3.25,0.49999999999999994,4,0.7419850379228592,0.020061039273533175,4,179761.0,0.0,4,3747661.0,0.0,4
B2_with_RC,,0.0005,0.0001,hq_first,full,1,1608,SKNSH,0.21463368088006973,0.004324589626012952,4,0.2870747521519661,0.007133732652144811,4,0.6415128354436694,0.0037309509389004507,4,0.5157002073483943,0.007386725588560326,4,0.39997229567679743,0.00838044487008298,4,0.4115491580351579,0.00478668823783902,4,0.5996545702219009,0.00837520740207881,4,0.2411380112171173,0.0008089822395685512,4,0.3242112547159195,0.0022327921431336208,4,0.4075870374891711,0.013699710439176931,4,0.3527076460616543,0.020881009876198245,4,0.15741989794100905,0.011606298454601833,4,0.1662679546787869,0.011223295057647003,4,0.76553875207901,0.029529844568104497,4,0.2004253827035427,0.0011705489265246597,4,0.2654413878917694,0.0013889386032289626,4,0.475716515714365,0.009187751747133174,4,0.3452567300201239,0.00977823635942578,4,0.20975074543914993,0.008271256975544096,4,0.22636951441004088,0.008726680565530262,4,0.5130613595247269,0.01605195925286231,4,3.0,0.0,4,0.76553875207901,0.029529844568104497,4,179761.0,0.0,4,3747661.0,0.0,4
B2_with_RC,,0.0005,0.0001,hq_first,full,1,2411,HepG2,0.24916228652000427,0.003228141527692757,4,0.3267492651939392,0.004620836250968626,4,0.5357774718136039,0.010078604142212722,4,0.40327689803762024,0.01154333549938932,4,0.2657988186152217,0.009999871030453394,4,0.2871336829990688,0.010851218259348759,4,0.7338965982198715,0.009995698341242663,4,0.2402629666030407,0.0010398613988435253,4,0.3217989578843117,0.0009572529890411239,4,0.4222499809425092,0.007206492136889851,4,0.34914946277922737,0.01234943348154186,4,0.16993568600203426,0.00494377271138028,4,0.1783339965526387,0.006086815243644591,4,0.7119561731815338,0.011969238171906408,4,0.19993501156568527,0.0016024020244415913,4,0.2649385929107666,0.0011599444556233472,4,0.47254986292594037,0.005955498711563166,4,0.3490063677732682,0.009230268640114657,4,0.21274649034594287,0.006887408494085061,4,0.22332997392500262,0.005614685097023476,4,0.4826164096593857,0.01047206997615786,4,2.0,0.0,4,0.7119561731815338,0.011969238171906408,4,179761.0,0.0,4,3747661.0,0.0,4
B2_with_RC,,0.0005,0.0001,hq_first,full,1,2411,K562,0.23084820434451103,0.0146684167199953,4,0.3057834059000015,0.01610106862197763,4,0.6079123103913908,0.055335282356606626,4,0.4687723379769763,0.05702651048616799,4,0.35585421932887984,0.0660333836374936,4,0.37185387223051275,0.06445936565117526,4,0.6438785791397095,0.06600596085060782,4,0.23805838450789452,0.0018433720070588193,4,0.3175610303878784,0.003967089971833422,4,0.4434666016945228,0.017969792097884203,4,0.35771652713372426,0.0111175975290034,4,0.19156554067702006,0.02015337266992237,4,0.19690481188951942,0.0160374860155345,4,0.6933047920465469,0.015388740773288738,4,0.2017134092748165,0.002658902336182483,4,0.26504864543676376,0.002957980952608421,4,0.4774500621285878,0.012140815752053894,4,0.3454300382687795,0.010843739380228437,4,0.21203007301373705,0.01756333727166996,4,0.22806911138193636,0.01167659088582725,4,0.48295487463474274,0.008969063433725746,4,2.75,0.5,4,0.6933047920465469,0.015388740773288738,4,179761.0,0.0,4,3747661.0,0.0,4
B2_with_RC,,0.0005,0.0001,hq_first,full,1,2411,SKNSH,0.22928662225604057,0.01568180953892111,4,0.3032819703221321,0.018867471511206137,4,0.6138579584538834,0.0634837375069237,4,0.48642476708970017,0.04528193557287332,4,0.3663189956553452,0.07203537558875267,4,0.37984423185305555,0.074031272712103,4,0.6334181576967239,0.07200550924616887,4,0.23913198709487915,0.0030998479198167347,4,0.32165180146694183,0.0036425390355212077,4,0.42209087094561515,0.018575038240116512,4,0.34328773594556505,0.01354529802726567,4,0.17062047639688627,0.01868195041055073,4,0.1784194773698443,0.015960693756018142,4,0.7112194299697876,0.010152913366523035,4,0.19911619275808334,0.0026882972184254887,4,0.26339172571897507,0.003282134425941588,4,0.48535252265749385,0.01314478280898678,4,0.3634347165457662,0.008139316733126198,4,0.22183317618117757,0.01949611300475589,4,0.23569666023631464,0.0126313123342321,4,0.47689976543188095,0.0067509342590899996,4,2.75,0.5,4,0.7112194299697876,0.010152913366523035,4,179761.0,0.0,4,3747661.0,0.0,4
B2_with_RC,,0.0005,0.0001,hq_first,full,1,3215,HepG2,0.2422240935266018,0.014686402831600985,4,0.31912723183631897,0.015924476620020833,4,0.5778588003583639,0.060108753847186315,4,0.4528517490474747,0.05157518462336986,4,0.32247113117535553,0.06749517424025628,4,0.33663058986840366,0.06944231422528065,4,0.6773181110620499,0.06747418370463533,4,0.23894763737916946,0.0009608268533271735,4,0.32078060507774353,0.00023880203648439562,4,0.4264782982432307,0.0044701236033894,4,0.34937742144028966,0.00650074415619877,4,0.1751861357976342,0.001228212548171986,4,0.1818987253762142,0.003813155524562538,4,0.6830792278051376,0.0010171944911310012,4,0.20030956342816353,0.0026234071980117523,4,0.26322663575410843,0.002068339425028282,4,0.4876995201404894,0.004681993132493707,4,0.3655755280294199,0.006340999717724118,4,0.22286287584821748,0.012210374089221921,4,0.23786726274003317,0.004550396136796056,4,0.4599752649664879,0.007227135956345962,4,2.5,0.5773502691896257,4,0.6830792278051376,0.0010171944911310012,4,179761.0,0.0,4,3747661.0,0.0,4
B2_with_RC,,0.0005,0.0001,hq_first,full,1,3215,K562,0.24382606148719788,0.015741725254992844,4,0.32075202465057373,0.017881068840839186,4,0.5775078764309161,0.06213873345014805,4,0.45363148071774684,0.06123307545184975,4,0.3152378834516501,0.07617947266671996,4,0.33641126398583765,0.07172770380382557,4,0.6845491230487823,0.07615574914769359,4,0.23962916806340218,0.001477306457419033,4,0.31952398270368576,0.0020068578010919084,4,0.43559027094949765,0.01037131873630164,4,0.3606929382474997,0.010586780517831284,4,0.18161183346885634,0.010279560116979952,4,0.18981955733510425,0.008933363715863857,4,0.6777576953172684,0.00851310412823,4,0.1984252892434597,0.002853351894283062,4,0.26198218762874603,0.002477321935234757,4,0.49322696375145864,0.006261981557294236,4,0.3772908649541697,0.010414715250280931,4,0.2301775584770465,0.014576377819447227,4,0.24330224708125062,0.006166112229155923,4,0.4556457921862602,0.00862753008887732,4,2.5,0.5773502691896257,4,0.6777576953172684,0.00851310412823,4,179761.0,0.0,4,3747661.0,0.0,4
B2_with_RC,,0.0005,0.0001,hq_first,full,1,3215,SKNSH,0.24945960938930511,0.015116592191637562,4,0.32686637341976166,0.016383860759389326,4,0.5522434610131444,0.061683900633862115,4,0.4333182543175075,0.053075587361837956,4,0.2891992915491284,0.06935153820322419,4,0.3078265179298324,0.07192649139834484,4,0.7105796188116074,0.06932998152668367,4,0.23971418291330338,0.0008740789111126185,4,0.3227323070168495,0.0008403053044778834,4,0.4153679424923719,0.005347338092688592,4,0.3559426547268036,0.006219746144675716,4,0.16511499966733453,0.004350019676476604,4,0.17255197316885454,0.0044451497764421725,4,0.6914197206497192,0.003602536316405921,4,0.19814170897006989,0.0014160952064375162,4,0.2627545893192291,0.0022793124838248724,4,0.485963770954121,0.00906396345537925,4,0.3611750123038344,0.007794682557316598,4,0.2256397725581398,0.01343385780675973,4,0.23622240325508975,0.008844624490425695,4,0.4583316296339035,0.007951282777290368,4,2.25,0.5,4,0.6914197206497192,0.003602536316405921,4,179761.0,0.0,4,3747661.0,0.0,4
B3_with_RC_weighted_bcap_10,10.0,0.0002,1e-05,hq_first,branched_only,1,161,HepG2,0.19605982303619385,0.01517774190890752,4,0.2665777616202831,0.014709741639862084,4,0.3476999566433133,0.1228336822179921,4,0.25290524666581893,0.1241273909376821,4,0.09184513602396141,0.1180706980367999,4,0.13221134496518494,0.0972318148650122,4,0.9025141149759293,0.11733729553664139,4,0.24939004704356194,0.0019992650261395585,4,0.329732708632946,0.002090820701681934,4,0.36012023470549903,0.014318583418738194,4,0.31032449118054195,0.004560158282124548,4,0.12848130937929403,0.011018217973765515,4,0.12984034981768325,0.010512275782089789,4,1.3770309090614319,0.09248147998046143,4,0.2158726528286934,0.00567717629681635,4,0.2831754982471466,0.005657084580954712,4,0.3354510274507191,0.04113367933056987,4,0.2794587875391973,0.007192057392663976,4,0.10037976076266969,0.0355842139081558,4,0.11379637649919572,0.029182139001105063,4,1.0161559581756592,0.08272745375412616,4,23.25,27.95681193078591,4,1.3770309090614319,0.09248147998046143,4,179761.0,0.0,4,179761.0,0.0,4
B3_with_RC_weighted_bcap_10,10.0,0.0002,1e-05,hq_first,branched_only,1,161,K562,0.19435129687190056,0.010176749225819157,4,0.2646792232990265,0.01039674743916547,4,0.3492082717366497,0.11969030116157443,4,0.25322849697616545,0.07782812552208736,4,0.10489970509669172,0.10653258786666743,4,0.13269074319340907,0.08635218085629078,4,0.8895406275987625,0.1058708698061115,4,0.24710077419877052,0.0029497593628954764,4,0.3264496624469757,0.0033190236478734905,4,0.3850152595607506,0.024976655992143795,4,0.30611797802979246,0.029412496922175308,4,0.14570926023165467,0.01730442388337622,4,0.14870462510304458,0.019620704473556433,4,1.3502813875675201,0.10194951944490538,4,0.2104739286005497,0.00565616941725793,4,0.2779717892408371,0.0049697854812261995,4,0.37331493330065146,0.03208494458733712,4,0.29939064757918354,0.014742977743801214,4,0.13319092899918558,0.03093672241607408,4,0.1401361221771492,0.024243782619980295,4,0.9800001084804535,0.09180193547859183,4,31.0,25.113077602449817,4,1.3502813875675201,0.10194951944490538,4,179761.0,0.0,4,179761.0,0.0,4
B3_with_RC_weighted_bcap_10,10.0,0.0002,1e-05,hq_first,branched_only,1,161,SKNSH,0.1968580074608326,0.013363464543326454,4,0.26591798663139343,0.011770876556297261,4,0.34118499340952335,0.10684049899635763,4,0.23754417163855723,0.10268625289095513,4,0.09813588344226984,0.08958977755986222,4,0.12496836889719949,0.07995811992069225,4,0.8962625116109848,0.08903329233221521,4,0.2506883591413498,0.001807950753385734,4,0.33279120922088623,0.0022119665274019894,4,0.33715092917564254,0.01608717751537209,4,0.3063911603700806,0.00107728106783027,4,0.1122357301449505,0.011770122742343693,4,0.11386484700430746,0.011077886510416125,4,1.4029057323932648,0.0982591314096277,4,0.21199903264641762,0.004053290739687254,4,0.279416099190712,0.004187815925924205,4,0.3567387356299528,0.03178316343547971,4,0.28631004809734584,0.0050569895587521604,4,0.12422224664127332,0.02607095898924335,4,0.12802015260733215,0.02365700938906095,4,0.9893536418676376,0.07846184885041571,4,24.0,26.08958923913266,4,1.4029057323932648,0.0982591314096277,4,179761.0,0.0,4,179761.0,0.0,4
B3_with_RC_weighted_bcap_10,10.0,0.0002,1e-05,hq_first,branched_only,1,322,HepG2,0.1972169168293476,0.005786053797829133,4,0.2659081146121025,0.009611997874490671,4,0.3808605448863605,0.07745296519445716,4,0.27273016334098943,0.051270065875787245,4,0.13731458022454374,0.07258220144420659,4,0.14955397601419576,0.05788686144493334,4,0.8600062131881714,0.07235676176280569,4,0.24772314727306366,0.002714883786157488,4,0.32817745208740234,0.003425881859565128,4,0.3703486505294061,0.02488134918455141,4,0.31003552325431993,0.011811892674219428,4,0.13663874110458193,0.018019612251608783,4,0.13762243410188485,0.018451656693151432,4,1.3083759546279907,0.04860186103712066,4,0.2120511196553707,0.005868285234136928,4,0.2798260897397995,0.005763470033157232,4,0.3568761437319826,0.04685952647699022,4,0.28684195523724143,0.020442077622578405,4,0.12151882773875375,0.03617819690351214,4,0.12900744338124653,0.03347923547510997,4,0.9515409171581268,0.050772573113621336,4,30.5,29.816103031751148,4,1.3083759546279907,0.04860186103712066,4,179761.0,0.0,4,179761.0,0.0,4
B3_with_RC_weighted_bcap_10,10.0,0.0002,1e-05,hq_first,branched_only,1,322,K562,0.1986132264137268,0.004966637062442929,4,0.26578331738710403,0.007499191231159065,4,0.3760104441839561,0.07331895089835516,4,0.25552752771691445,0.026632744098977458,4,0.1384459058437448,0.060789510288356434,4,0.14541560555604252,0.054396305910458354,4,0.8588784039020538,0.0606006689749467,4,0.24607498943805695,0.002220336454020494,4,0.3252633959054947,0.0029753448446176904,4,0.3932096079083896,0.020126844235734017,4,0.3101564190569661,0.010287446395772495,4,0.15191924285324762,0.01551763352421925,4,0.15491761314563662,0.015798057795051862,4,1.2851493656635284,0.04350475551193082,4,0.20721742510795593,0.00485261110100287,4,0.2758715748786926,0.003831662434415633,4,0.38856531916211035,0.03232976594860377,4,0.3098857243912036,0.01414776862929823,4,0.14632094980849084,0.023689496391720796,4,0.15176691758027128,0.025165780261769116,4,0.9247056543827057,0.04130275868454927,4,29.25,24.253865671269807,4,1.2851493656635284,0.04350475551193082,4,179761.0,0.0,4,179761.0,0.0,4
B3_with_RC_weighted_bcap_10,10.0,0.0002,1e-05,hq_first,branched_only,1,322,SKNSH,0.19540615007281303,0.005968271145905454,4,0.2635802924633026,0.007918587414209486,4,0.3945442004877889,0.07730968751036184,4,0.2801583331429135,0.03878574286774294,4,0.15235085410021976,0.06752062267786464,4,0.16014771697576086,0.057553988429609675,4,0.845016673207283,0.06731098732886236,4,0.24747059121727943,0.0028321379100629198,4,0.3289026618003845,0.00388027318785653,4,0.36590813929936805,0.028039900169273938,4,0.32591149577359685,0.01269441003825658,4,0.13279911949796552,0.020502569558474477,4,0.13447844340665288,0.020085257244017763,4,1.3143629729747772,0.05659034892031454,4,0.20609642565250397,0.00609800587807497,4,0.2731822654604912,0.006563826027278104,4,0.40469840249222977,0.049883710142603885,4,0.30573157054265726,0.019841249366131304,4,0.16264253440391907,0.04038267024362713,4,0.1656470853829563,0.039088217265235564,4,0.9074252545833588,0.062429396982806404,4,42.75,24.944939366532843,4,1.3143629729747772,0.05659034892031454,4,179761.0,0.0,4,179761.0,0.0,4
B3_with_RC_weighted_bcap_10,10.0,0.0002,1e-05,hq_first,branched_only,1,643,HepG2,0.20227590203285217,0.0021243168194637852,4,0.2721027210354805,0.003829273557858867,4,0.4449795275491753,0.014631468126347387,4,0.30915658602928725,0.008523549775607656,4,0.19508186115684548,0.011601247760309177,4,0.1981673398325365,0.013107698757767506,4,0.803666353225708,0.011583223100432881,4,0.24455158784985542,0.0004417231031810724,4,0.3252381682395935,0.000631785965886881,4,0.391124661363277,0.003964389681221997,4,0.3220103769274888,0.006903349060277723,4,0.15210156188251558,0.003294641079171292,4,0.15299028801569656,0.003094938252332716,4,1.1484968066215515,0.026578385876878514,4,0.20300864428281784,0.001098867807973298,4,0.2697753980755806,0.0014981704862737466,4,0.4299913973229244,0.009520633824581836,4,0.32709658656235946,0.0054595162102096745,4,0.1837322677738949,0.00905667812075297,4,0.18496058362303736,0.008224519505751104,4,0.7900499552488327,0.008705729545236223,4,33.5,3.8729833462074175,4,1.1484968066215515,0.026578385876878514,4,179761.0,0.0,4,179761.0,0.0,4
B3_with_RC_weighted_bcap_10,10.0,0.0002,1e-05,hq_first,branched_only,1,643,K562,0.206051554530859,0.0020523175433402375,4,0.2764338180422783,0.0038365554899875962,4,0.41307567844801885,0.010658778400251201,4,0.2658259860864318,0.010976348697102156,4,0.16928014233256744,0.008849823611157326,4,0.17071672329303028,0.008774783232242052,4,0.8294279873371124,0.008836087818197433,4,0.24420978873968124,0.00027021570452662126,4,0.3230777084827423,0.0007681316900798216,4,0.40692162784293295,0.004354762765941353,4,0.32927205692922823,0.0035567411615136865,4,0.16332765292096874,0.003977572632118334,4,0.16559943417540315,0.0035344225918567014,4,1.1333231925964355,0.028229506851129814,4,0.2029113881289959,0.0012110162561888764,4,0.2703459560871124,0.0012965518616568608,4,0.42630102720982477,0.008102510053217455,4,0.32234883223387384,0.0036718385265990003,4,0.18028069219230183,0.007854863175266655,4,0.18178180380202363,0.006941980368758196,4,0.7934309840202332,0.011893280243491374,4,24.0,4.08248290463863,4,1.1333231925964355,0.028229506851129814,4,179761.0,0.0,4,179761.0,0.0,4
B3_with_RC_weighted_bcap_10,10.0,0.0002,1e-05,hq_first,branched_only,1,643,SKNSH,0.20361139252781868,0.002550712800438759,4,0.27370215207338333,0.005047332719000982,4,0.4318755862755539,0.02917144613758032,4,0.2903743809080097,0.02625190222823053,4,0.18544427899680224,0.02534420332958352,4,0.1871547519731717,0.025515388412525587,4,0.8132889270782471,0.025304808887427706,4,0.24554359540343285,0.0001998443241632927,4,0.32624461501836777,0.000262271136702072,4,0.3836904606812208,0.0016175926808166322,4,0.33283205468553706,0.006592250308756514,4,0.14684781263270702,0.0013715061524464005,4,0.1472203320723282,0.0012409462168424248,4,1.1555562019348145,0.0229383528323265,4,0.20113181322813034,0.0013121863077528474,4,0.26739969849586487,0.0015888368960187936,4,0.44566477929107373,0.010603291765780457,4,0.31448355127275174,0.0036217356929002698,4,0.19804277627794944,0.009521969082869041,4,0.19870141784776416,0.009478145405112727,4,0.7763568460941315,0.02038133000393918,4,40.25,9.912113800799505,4,1.1555562019348145,0.0229383528323265,4,179761.0,0.0,4,179761.0,0.0,4
B3_with_RC_weighted_bcap_10,10.0,0.0002,1e-05,hq_first,branched_only,1,1125,HepG2,0.24206334725022316,0.0009766226766344916,4,0.32101915776729584,0.0012211564306114087,4,0.413104003464415,0.0211040482721422,4,0.29777763493019516,0.032090465235897384,4,0.16889961381920898,0.016351761040986436,4,0.17098895331843206,0.017418464763209275,4,0.8303616344928741,0.01633729384136938,4,0.24404817819595337,0.001135256997090842,4,0.3255866467952728,0.0015320856429667845,4,0.3889393048898828,0.010492390072284355,4,0.31548283305837044,0.008194994577224871,4,0.1502719054025034,0.008006228259236222,4,0.15135635057529692,0.008116958337690123,4,0.8541616946458817,0.01733106183954527,4,0.201374851167202,0.0009585296660564483,4,0.26777733117341995,0.0009487886762268458,4,0.44372378156296644,0.006268386656947446,4,0.33767606236594744,0.010103162898789523,4,0.1957897529919299,0.005700652832336409,4,0.1969202638279999,0.005561646865778154,4,0.5777259171009064,0.007979806489785453,4,21.25,3.403429642777023,4,0.8541616946458817,0.01733106183954527,4,179761.0,0.0,4,179761.0,0.0,4
B3_with_RC_weighted_bcap_10,10.0,0.0002,1e-05,hq_first,branched_only,1,1125,K562,0.24627014994621277,0.0012020789425138143,4,0.3262958228588104,0.0010806626798804707,4,0.3784199255996738,0.016578297193867924,4,0.2552236665999005,0.025837924268336344,4,0.14141715668709937,0.011576214148304944,4,0.14340777004424882,0.012409507082091193,4,0.8578196465969086,0.011565939358798303,4,0.24429185688495636,0.00021294500254863296,4,0.3236992210149765,0.0006705778830098495,4,0.40928752528256485,0.0032114029407616595,4,0.32769061333586574,0.006421352264101494,4,0.16010635431559864,0.00348310008683465,4,0.16752401318356214,0.0026366922050026467,4,0.8442447483539581,0.013129118137403214,4,0.20205768197774887,0.0013705782288367643,4,0.2699548676609993,0.0015394767399431006,4,0.4294531815650017,0.012715351861365945,4,0.31682795501010635,0.0071144333234824,4,0.1826448554525341,0.009323047781046234,4,0.18455129528602104,0.010928103448259932,4,0.5871742069721222,0.010134434606513552,4,12.75,2.217355782608345,4,0.8442447483539581,0.013129118137403214,4,179761.0,0.0,4,179761.0,0.0,4
B3_with_RC_weighted_bcap_10,10.0,0.0002,1e-05,hq_first,branched_only,1,1125,SKNSH,0.2444232515990734,0.0029196881373166387,4,0.3234775438904762,0.003094772637072324,4,0.3976996453491842,0.032580595669369564,4,0.27920240432866106,0.039350930374899985,4,0.15605207225830633,0.023267075911850687,4,0.15896112932149511,0.026076770939464713,4,0.8431977778673172,0.02324645450149797,4,0.24448884278535843,0.001291049164582836,4,0.3257744163274765,0.0014269200752722157,4,0.3877067277161656,0.009340349206799306,4,0.32330938470060416,0.004810085990958731,4,0.14929335579860512,0.007461739529241086,4,0.15038193830885568,0.007195345391033154,4,0.8551204800605774,0.015382677474610328,4,0.20066550001502037,0.0014174850293481298,4,0.26693371683359146,0.0012534629911986502,4,0.44915617322721,0.007609555416087504,4,0.32177805035601026,0.008393494490454071,4,0.20084327716734796,0.007499850078481782,4,0.20178469694833437,0.006864727469382711,4,0.5741396844387054,0.011969172145616493,4,22.5,6.557438524302,4,0.8551204800605774,0.015382677474610328,4,179761.0,0.0,4,179761.0,0.0,4
B3_with_RC_weighted_bcap_10,10.0,0.0002,1e-05,hq_first,branched_only,1,1608,HepG2,0.2590790092945099,0.00543854882077466,4,0.3401963338255882,0.007682407037048033,4,0.3980168365286305,0.016560803922660725,4,0.29853972889491265,0.02004362400045931,4,0.15726942222960688,0.01373380096110906,4,0.1586230973301822,0.013321989924173917,4,0.8422064632177353,0.013725260322509942,4,0.24335673078894615,0.0010187434057471038,4,0.32491210848093033,0.0007821165041365797,4,0.396054775869514,0.0071599167900103615,4,0.319824195110341,0.01121587604198816,4,0.15379957135086103,0.004075750567096151,4,0.15689783379538086,0.005655412245657017,4,0.7688903510570526,0.030216296191514374,4,0.2025700844824314,0.0013786403937600476,4,0.26859506219625473,0.0017924327364275503,4,0.44125445962732973,0.01567055074704007,4,0.3297763582289033,0.018213923726447354,4,0.1908510966832766,0.010804201084938316,4,0.19488967276154343,0.013816378640886157,4,0.5253258794546127,0.01681564608714349,4,18.25,7.365459931328117,4,0.7688903510570526,0.030216296191514374,4,179761.0,0.0,4,179761.0,0.0,4
B3_with_RC_weighted_bcap_10,10.0,0.0002,1e-05,hq_first,branched_only,1,1608,K562,0.26250841468572617,0.003932860539832743,4,0.3443342372775078,0.006802725409929611,4,0.37173125978328564,0.007690466734222126,4,0.2678006147030858,0.006803830797125011,4,0.1366386776979896,0.006453806144409,4,0.13822848695901122,0.005733041999722332,4,0.8628243952989578,0.0064497038267722785,4,0.24401015415787697,0.00046406849320308334,4,0.32326389104127884,0.0004184729568602554,4,0.4099898877827965,0.0036801383694725544,4,0.3289809979351772,0.002110168799484764,4,0.16236557083018202,0.0021676168954670684,4,0.16810186564796392,0.0030130960485188515,4,0.7610174864530563,0.02660332215842981,4,0.2021910324692726,0.0008886265401779767,4,0.2697031944990158,0.0012418282127569936,4,0.43167445978391367,0.007729335561372654,4,0.31196775627102924,0.004222756212427303,4,0.18417506824482177,0.00752623360617499,4,0.18638764620089893,0.006635200437488371,4,0.5297710448503494,0.020275710697947102,4,10.25,2.217355782608345,4,0.7610174864530563,0.02660332215842981,4,179761.0,0.0,4,179761.0,0.0,4
B3_with_RC_weighted_bcap_10,10.0,0.0002,1e-05,hq_first,branched_only,1,1608,SKNSH,0.2611474245786667,0.00485411756933515,4,0.3421136513352394,0.0071301405525847975,4,0.3869841332573606,0.01313700222074074,4,0.2867440037443261,0.008192488078257487,4,0.14774050611826103,0.00982364621224937,4,0.14988615501346142,0.010176469068101393,4,0.8517294675111771,0.009817501276136476,4,0.24338281527161598,0.0013696933045918437,4,0.3245806321501732,0.0010682595899788308,4,0.3970143593823156,0.006987870140392148,4,0.3365557179859942,0.005473551781040412,4,0.15552206139673289,0.005563005414616771,4,0.1576570243025747,0.005509035061836433,4,0.7672671526670456,0.028366142248368604,4,0.20102816075086594,0.0014267349544958873,4,0.26706400513648987,0.0013754502092712421,4,0.4490581220093099,0.009627231041153183,4,0.3240774562970422,0.005033267611782388,4,0.20006028037096643,0.00823648062091779,4,0.20172270962566805,0.008642327036146187,4,0.5193885043263435,0.017675993547792406,4,20.5,6.454972243679028,4,0.7672671526670456,0.028366142248368604,4,179761.0,0.0,4,179761.0,0.0,4
B3_with_RC_weighted_bcap_10,10.0,0.0002,1e-05,hq_first,branched_only,1,2411,HepG2,0.27115897089242935,0.0021004308783405196,4,0.3537549749016762,0.003146114979153317,4,0.37511885280349794,0.007463596056413183,4,0.27711768126777003,0.008738703223858621,4,0.1393907575507509,0.005199738548156198,4,0.14075593267818234,0.005591794787909438,4,0.8602522313594818,0.005197580612853063,4,0.24281637743115425,0.0007378177775893554,4,0.32420454174280167,0.0006259620117373744,4,0.40061208397369474,0.004216448313439157,4,0.3303269920441711,0.00886429909234811,4,0.15748241852982575,0.003251785446899629,4,0.16050337565303158,0.003390112942942159,4,0.7226443439722061,0.012252273774026693,4,0.2028805948793888,0.001184003782787256,4,0.26941823959350586,0.0011381481388733816,4,0.4347015758467463,0.006433885554107148,4,0.3318954655720353,0.007528371183384527,4,0.18590010697309617,0.006880865189439914,4,0.18899650620613703,0.005619559864265057,4,0.49900563806295395,0.005074523248415387,4,9.25,0.9574271077563381,4,0.7226443439722061,0.012252273774026693,4,179761.0,0.0,4,179761.0,0.0,4
B3_with_RC_weighted_bcap_10,10.0,0.0002,1e-05,hq_first,branched_only,1,2411,K562,0.2720177695155144,0.002212535984561118,4,0.35494113713502884,0.0034176951461847706,4,0.36746687453555804,0.011877793292550376,4,0.2668167295889739,0.011790960602082805,4,0.13359948958951146,0.008496703552000995,4,0.13513771536105695,0.008657351237305537,4,0.8660410940647125,0.008493245822144273,4,0.2428426668047905,0.0007517213962868996,4,0.32296745479106903,0.0005743907526377304,4,0.41070343005196996,0.0026637247464131875,4,0.33695303592402176,0.00505340095924508,4,0.16390019796584024,0.0029732636320711353,4,0.16868262902859688,0.0021883555201823684,4,0.7171095162630081,0.009457354492380976,4,0.20102885365486145,0.0004537882980837442,4,0.2680492699146271,0.0012406757773797059,4,0.4434040486163493,0.005775106639979014,4,0.3264413020086632,0.004321586860019348,4,0.1941501944914709,0.00746611935493868,4,0.19663216422189722,0.0051219540994864535,4,0.49398504197597504,0.008707984547034342,4,9.0,2.160246899469287,4,0.7171095162630081,0.009457354492380976,4,179761.0,0.0,4,179761.0,0.0,4
B3_with_RC_weighted_bcap_10,10.0,0.0002,1e-05,hq_first,branched_only,1,2411,SKNSH,0.27234016358852386,0.001848351550052907,4,0.3545440062880516,0.0029233167984368015,4,0.36976335357580986,0.007220771397204651,4,0.27339326378317186,0.011407675715969427,4,0.1355421678703084,0.004779085780094111,4,0.13676404230230738,0.0052936492590334875,4,0.8640992343425751,0.004777097808885712,4,0.2436073124408722,0.0007910943246246294,4,0.32446184009313583,0.00010674150542937923,4,0.3992621004197495,0.0026156698230221766,4,0.339380387241131,0.00354856424485108,4,0.15614690109158103,0.0005551141189004405,4,0.15941535612805743,0.0020941596092077107,4,0.7237739413976669,0.010637964904165386,4,0.2008812464773655,0.0006834515665545475,4,0.2672237455844879,0.00029474372388598634,4,0.4490360194515857,0.00294402405809958,4,0.3276358484237162,0.007182447547687349,4,0.1991182906992495,0.001766207625641064,4,0.20163984722316589,0.002646474087602617,4,0.4909491091966629,0.00826643411589303,4,11.75,1.707825127659933,4,0.7237739413976669,0.010637964904165386,4,179761.0,0.0,4,179761.0,0.0,4
B3_with_RC_weighted_bcap_10,10.0,0.0002,1e-05,hq_first,branched_only,1,3215,HepG2,0.2784678339958191,0.0003283090800395589,4,0.361991822719574,0.00048513166426628366,4,0.36130579233746857,0.003077314454668903,4,0.2757623124688112,0.002017576443165469,4,0.12986245289800125,0.0023313890250922513,4,0.13054897797479564,0.0022260725670304586,4,0.8698669523000717,0.002330668457624307,4,0.24264395236968994,0.0004598921770281528,4,0.3237784653902054,0.00016240533337527158,4,0.40378190225075616,0.00020118292596715695,4,0.34095918688683696,0.002003066135726547,4,0.1596976319795508,0.000842998407629194,4,0.16303985494116646,0.00016247690659803684,4,0.6959062069654465,0.000698112401160439,4,0.20251880586147308,0.00037360379966781116,4,0.26861952990293503,0.00048676632557623174,4,0.4401071377801739,0.0036703511828688625,4,0.34318589604089944,0.00279030921490219,4,0.19072865109099738,0.002932665184034436,4,0.19370439633341116,0.0032409660709997847,4,0.4789950102567673,0.0017357691534280637,4,7.75,0.9574271077563381,4,0.6959062069654465,0.000698112401160439,4,179761.0,0.0,4,179761.0,0.0,4
B3_with_RC_weighted_bcap_10,10.0,0.0002,1e-05,hq_first,branched_only,1,3215,K562,0.27946964651346207,0.0007490110027054959,4,0.3632879704236984,0.000882001795757995,4,0.35227245882453373,0.00617760625753426,4,0.2637136889765508,0.004872680018371013,4,0.12361743161283317,0.004256846729387151,4,0.12412450736058765,0.004338506453153847,4,0.8761099576950073,0.004255523575069995,4,0.2428833432495594,0.0006618630886048134,4,0.3229949399828911,0.0001277876006299606,4,0.4116471397634639,0.0016283084907366774,4,0.3388015700728015,0.0030920655924323577,4,0.1637597613414028,0.0006616844060147055,4,0.16945535621684651,0.0013383694487393142,4,0.6925421208143234,0.0005480192138491162,4,0.20128880068659782,0.0005389663928185384,4,0.2683985084295273,0.0009359832450733643,4,0.4423886348760041,0.00593980239380796,4,0.3333432006231605,0.008736981399380069,4,0.1920544917551559,0.00564241244733794,4,0.1957341652068126,0.00522890756101716,4,0.4782102555036545,0.0033396328952715105,4,6.75,1.5,4,0.6925421208143234,0.0005480192138491162,4,179761.0,0.0,4,179761.0,0.0,4
B3_with_RC_weighted_bcap_10,10.0,0.0002,1e-05,hq_first,branched_only,1,3215,SKNSH,0.28001081943511963,0.0005272882685684313,4,0.3634989783167839,0.0007597285994327882,4,0.35229011587385917,0.004533575612888611,4,0.2688148015598605,0.002113288281474965,4,0.12260003726432928,0.003670377950821624,4,0.12412374072329546,0.0031871535281028994,4,0.8771270364522934,0.0036692431793170313,4,0.24319900199770927,0.00045871258941491017,4,0.3239169269800186,0.0004274370169141125,4,0.4027774081016718,0.002934791978823027,4,0.33881074612643286,0.004701080442398278,4,0.1589778693791984,0.0022193074179469967,4,0.16223610023006987,0.002365550769587837,4,0.696502298116684,0.0018379419209541728,4,0.20093964412808418,0.0006836508039912584,4,0.2674250975251198,0.0005899880415936633,4,0.4468933962639705,0.0034248600957680416,4,0.3272344866345772,0.004784547609641954,4,0.19790869408648934,0.00353749713505599,4,0.19972250487435284,0.0030644520175342727,4,0.4747452139854431,0.002093789796430425,4,9.25,0.9574271077563381,4,0.696502298116684,0.0018379419209541728,4,179761.0,0.0,4,179761.0,0.0,4
B3_with_RC_weighted_bcap_10,10.0,0.0002,1e-05,hq_first,conv3_plus,1,161,HepG2,0.18748445063829422,0.0182503866284383,4,0.2554774321615696,0.018973176142489615,4,0.42664773224530106,0.16188427440006448,4,0.3128145544352934,0.14550386858869094,4,0.16056448957099706,0.16596923636351693,4,0.2016831761535846,0.13881944175125996,4,0.834221675992012,0.1649383395672655,4,0.2490362599492073,0.001776270868848928,4,0.3292740285396576,0.0016808688970776742,4,0.36431774175827775,0.010282655006278736,4,0.30701684297974985,0.003946035871022182,4,0.13091350239379704,0.008872992650800998,4,0.13280671670533475,0.0074930586546693104,4,1.373598337173462,0.09909529215206618,4,0.21642909944057465,0.003481676910540176,4,0.283176988363266,0.0038737094815160223,4,0.3408415203915745,0.025567580551928232,4,0.28332423393342215,0.005937007459721732,4,0.10051328551225283,0.024574165886987156,4,0.11666321790429961,0.017587688960324904,4,1.0164717137813568,0.08494183539596785,4,21.75,17.63282923034947,4,1.373598337173462,0.09909529215206618,4,179761.0,0.0,4,3063361.0,0.0,4
B3_with_RC_weighted_bcap_10,10.0,0.0002,1e-05,hq_first,conv3_plus,1,161,K562,0.1814577281475067,0.020119197255359163,4,0.2488505281507969,0.02373847539390421,4,0.44239797566047095,0.1898001961065106,4,0.35445867682895627,0.16074194272946377,4,0.20079321809196907,0.1867373448964123,4,0.22273405470003504,0.17123019524187616,4,0.7942427545785904,0.18557747257895799,4,0.24746428802609444,0.0027349771030975925,4,0.32600152492523193,0.004074983221287369,4,0.38462941509346105,0.02669577463430555,4,0.30208081791391245,0.02577162155438898,4,0.14801933065315184,0.021198346983850615,4,0.14847428524263218,0.021039331560119386,4,1.3467968702316284,0.10645088970747071,4,0.21130657196044922,0.0043818266319802885,4,0.2785663828253746,0.003756781244223232,4,0.37809567674997757,0.03514762176026324,4,0.298262355409354,0.014624887066393926,4,0.1295685671625484,0.023476056826714487,4,0.14388285726357541,0.026610166175519173,4,0.9838847666978836,0.08575209306815705,4,27.75,21.761969886325396,4,1.3467968702316284,0.10645088970747071,4,179761.0,0.0,4,3063361.0,0.0,4
B3_with_RC_weighted_bcap_10,10.0,0.0002,1e-05,hq_first,conv3_plus,1,161,SKNSH,0.18608242273330688,0.017844269265154807,4,0.25150636956095695,0.016048103045861045,4,0.4398737263951276,0.15815472604962547,4,0.3344272436930965,0.169172744234319,4,0.18773884008178138,0.14615889056132456,4,0.21224858320160966,0.13727816469514612,4,0.8072160929441452,0.1452511162221386,4,0.25057680532336235,0.0016220383842539625,4,0.332434318959713,0.002190775591550877,4,0.34271721505300834,0.01812427376336292,4,0.3057799080537975,0.0019058358413260711,4,0.11413936850928813,0.011660664437004664,4,0.11770145646827694,0.012505432381562745,4,1.4003106355667114,0.10498869704778115,4,0.21127011999487877,0.00372461037161649,4,0.27819497138261795,0.0043226595843013395,4,0.37070974044528676,0.03699790984648265,4,0.28800155319370674,0.0048181613826496295,4,0.13184937544212108,0.026929720269191968,4,0.13845234566076822,0.02777632974719617,4,0.981579452753067,0.0904497745456547,4,26.0,20.412414523193153,4,1.4003106355667114,0.10498869704778115,4,179761.0,0.0,4,3063361.0,0.0,4
B3_with_RC_weighted_bcap_10,10.0,0.0002,1e-05,hq_first,conv3_plus,1,322,HepG2,0.18617131561040878,0.0131208941224759,4,0.25139063224196434,0.017397903768883956,4,0.4811692583693178,0.12537421782774252,4,0.3438811483171664,0.07710961495859586,4,0.22629747527788216,0.12159490863592336,4,0.24331287607161795,0.10639746016912689,4,0.7712997198104858,0.12121725670557523,4,0.2466748282313347,0.0030373753018028624,4,0.3270605430006981,0.0028303731448189777,4,0.37827558590001337,0.02038646624137137,4,0.30870820968864676,0.005897938752494183,4,0.14252734422670305,0.014866083383418327,4,0.14340412489235632,0.015257903256689331,4,1.2994637191295624,0.04652308806730785,4,0.2118850015103817,0.004756875412163069,4,0.279083289206028,0.004642235186699974,4,0.3714984581081248,0.03480274691292855,4,0.28501275057585096,0.012073708833227172,4,0.12627316240678874,0.029278343260844004,4,0.13891952777122818,0.024791701780394224,4,0.9465866088867188,0.05056720376479777,4,25.5,16.299284237863535,4,1.2994637191295624,0.04652308806730785,4,179761.0,0.0,4,3063361.0,0.0,4
B3_with_RC_weighted_bcap_10,10.0,0.0002,1e-05,hq_first,conv3_plus,1,322,K562,0.17745306342840195,0.002811750286637413,4,0.23899110034108162,0.00356405885081967,4,0.5550020759331624,0.02304155198060098,4,0.40243227630485523,0.027959449814266582,4,0.3040618135241406,0.024946410463278515,4,0.30842548912837586,0.025155902198627515,4,0.6937768906354904,0.024868974821429857,4,0.2433178946375847,0.001667522560441502,4,0.32143139094114304,0.0014878978657995967,4,0.4160188922358034,0.008510500436324004,4,0.3123371056103573,0.011871026502011111,4,0.17182302347766798,0.007683599148809613,4,0.1731260401603625,0.007019574690925311,4,1.2546895146369934,0.0204462270425084,4,0.20347244665026665,0.0026053451914074344,4,0.27197882533073425,0.0028987860542114027,4,0.4284664080538445,0.010305001526363898,4,0.3162651579952459,0.01487863477571979,4,0.1702923267010757,0.017727116659365216,4,0.18366310762290736,0.008789550607401274,4,0.8983091711997986,0.018459384383073513,4,40.0,6.0553007081949835,4,1.2546895146369934,0.0204462270425084,4,179761.0,0.0,4,3063361.0,0.0,4
B3_with_RC_weighted_bcap_10,10.0,0.0002,1e-05,hq_first,conv3_plus,1,322,SKNSH,0.17582647129893303,0.00444049928768389,4,0.24001605808734894,0.0031624235893795054,4,0.5529462475570724,0.015599026002796586,4,0.4309900286185213,0.046310493336214814,4,0.29823355564053694,0.016874544012924077,4,0.30593204989662415,0.017198190464403077,4,0.6995870023965836,0.016822069443852648,4,0.24693899974226952,0.0009697437282205803,4,0.3276219218969345,0.0011243399332442794,4,0.37661104158804687,0.006980586998236136,4,0.31701798164668876,0.0032005835570675417,4,0.139621924435919,0.00590164168287747,4,0.14187242309216352,0.005261589496841699,4,1.303742229938507,0.0361089972112851,4,0.2026936300098896,0.0008034619211502812,4,0.269119955599308,0.0015089201704672724,4,0.43763123901135775,0.009855639641519727,4,0.30380830543354387,0.011862607257586538,4,0.18769344975135308,0.009090811238084431,4,0.19159395158317377,0.008629993250516967,4,0.8798082023859024,0.029321837527219233,4,43.75,11.086778913041726,4,1.303742229938507,0.0361089972112851,4,179761.0,0.0,4,3063361.0,0.0,4
B3_with_RC_weighted_bcap_10,10.0,0.0002,1e-05,hq_first,conv3_plus,1,643,HepG2,0.1894109882414341,0.0026688453062627703,4,0.2555279918015003,0.00465611044712221,4,0.5423779502968181,0.019482561633692108,4,0.3814480500289725,0.015035542357922226,4,0.29002984863439435,0.021748337798329888,4,0.29445851862403566,0.02143999731472758,4,0.7088659852743149,0.02171460077895985,4,0.24424288421869278,0.0006958804452831243,4,0.32544802129268646,0.0006747657574161547,4,0.3895429147601457,0.004139522256113692,4,0.3124169764111399,0.0058111274892716485,4,0.15100672888266334,0.0035173002651814867,4,0.15175653417321175,0.003239261828466224,4,1.1500099003314972,0.02834444508162463,4,0.20445719733834267,0.0005510270403759317,4,0.2710393965244293,0.0005711085495110592,4,0.4308407523362482,0.004429558822405293,4,0.3122705224568444,0.0027615950065725393,4,0.17608163931392284,0.00347204680301415,4,0.18563846961718522,0.0038033159555714707,4,0.7975492477416992,0.014507588816408817,4,23.5,2.645751311064591,4,1.1500099003314972,0.02834444508162463,4,179761.0,0.0,4,3063361.0,0.0,4
B3_with_RC_weighted_bcap_10,10.0,0.0002,1e-05,hq_first,conv3_plus,1,643,K562,0.19724363461136818,0.0015165126554486132,4,0.26479140669107437,0.00349677237971197,4,0.4897396198686606,0.01893869651912013,4,0.3219276151474381,0.012244283781586304,4,0.23759898653054676,0.02035684538830141,4,0.24011390093848267,0.01867880204606292,4,0.7612152993679047,0.020325235716721242,4,0.24275555089116096,0.000580851852729796,4,0.32191795110702515,0.00048017589075029644,4,0.4133999584938829,0.0014454453579182758,4,0.32641208319656057,0.0033973231481205035,4,0.16932584091094705,0.0024778003777426,4,0.1709010926669561,0.0011966541225990244,4,1.1251776218414307,0.026590924704211382,4,0.20105121657252312,0.0006428611913542931,4,0.2685326784849167,0.0004926148442089119,4,0.4411710893864563,0.006877130139942024,4,0.3262379771653407,0.010140748295536661,4,0.1912518973927886,0.0029651156418408504,4,0.19466740129965393,0.006095529794854678,4,0.7828945964574814,0.01622441115740133,4,18.0,1.1547005383792515,4,1.1251776218414307,0.026590924704211382,4,179761.0,0.0,4,3063361.0,0.0,4
B3_with_RC_weighted_bcap_10,10.0,0.0002,1e-05,hq_first,conv3_plus,1,643,SKNSH,0.1947946920990944,0.0017686702742968927,4,0.2624035179615021,0.004008241505331827,4,0.5054972443091943,0.021911205616988467,4,0.35263640586579914,0.012291735230793174,4,0.251283278091583,0.02182400570232113,4,0.25588753970288164,0.022028820455501193,4,0.7475523352622986,0.021790094320271423,4,0.24537283554673195,0.0009184104549111469,4,0.3256891220808029,0.0010330008735501379,4,0.38737569960537094,0.006584675625863114,4,0.33029094426313704,0.004166317264760001,4,0.14974464179066485,0.005391614409910984,4,0.15009245110957395,0.005113415338303752,4,1.1517429947853088,0.03012908911338144,4,0.2005118578672409,0.001236494892391164,4,0.26617366075515747,0.0013425498108418541,4,0.4541079316022118,0.008607827690361222,4,0.31357309974332026,0.006886961735556834,4,0.20538576650209125,0.007999080535905477,4,0.2062695845671993,0.007881588010397449,4,0.7691979855298996,0.016654834938168765,4,20.25,2.0615528128088307,4,1.1517429947853088,0.03012908911338144,4,179761.0,0.0,4,3063361.0,0.0,4
B3_with_RC_weighted_bcap_10,10.0,0.0002,1e-05,hq_first,conv3_plus,1,1125,HepG2,0.2337728515267372,0.0028797179391325113,4,0.3108634352684021,0.004337596903682465,4,0.4724925216914155,0.024924097765038813,4,0.33946706352393574,0.030518300755730074,4,0.220601989638996,0.023700633716506703,4,0.22371509104136364,0.023443483982724774,4,0.7787052243947983,0.023679615853534296,4,0.2432253398001194,0.00154220518905751,4,0.32465438544750214,0.0017561253700992534,4,0.3942476753559972,0.011904350065422961,4,0.30593393096531624,0.016345786136439742,4,0.15512648109178678,0.009141164169072001,4,0.15553751468646787,0.009373618974843288,4,0.8492713570594788,0.017114151310884656,4,0.20314477384090424,0.001312818332791814,4,0.26920466125011444,0.0020643891731041792,4,0.43946216189090564,0.015394107061240673,4,0.3271760605513481,0.008173388452228559,4,0.18716536067325598,0.012486413403726733,4,0.19330472563298828,0.013484564484062253,4,0.5838655829429626,0.006436806130066306,4,14.25,3.5,4,0.8492713570594788,0.017114151310884656,4,179761.0,0.0,4,3063361.0,0.0,4
B3_with_RC_weighted_bcap_10,10.0,0.0002,1e-05,hq_first,conv3_plus,1,1125,K562,0.23907673358917236,0.0009526929951279203,4,0.31675201654434204,0.0025857150601303514,4,0.4371831656052375,0.02282612699105991,4,0.29723699986423696,0.030543996342236524,4,0.19080867238846935,0.020082716432672305,4,0.19151989434367556,0.020117643136269965,4,0.8084720522165298,0.02006497122882061,4,0.2423035316169262,0.00044618611821118894,4,0.32177065312862396,0.0005387364394704418,4,0.41542894108177675,0.003736006784570884,4,0.3260974620066042,0.0041642801336912345,4,0.17008546044440792,0.0027796380915165913,4,0.17259167339834708,0.003106759946650724,4,0.8342179208993912,0.013150615935260549,4,0.20029068365693092,0.0016451380338229952,4,0.26804618537425995,0.0021072199000404536,4,0.4467428374138435,0.010308697895568916,4,0.31971494085451524,0.00778192651868565,4,0.19414428909158712,0.012660906332860704,4,0.1996588647197984,0.009202712432080463,4,0.5788524150848389,0.006677321180493885,4,10.75,1.7078251276599332,4,0.8342179208993912,0.013150615935260549,4,179761.0,0.0,4,3063361.0,0.0,4
B3_with_RC_weighted_bcap_10,10.0,0.0002,1e-05,hq_first,conv3_plus,1,1125,SKNSH,0.23777318000793457,0.002762491821868227,4,0.3149709179997444,0.0037847932224277015,4,0.45219729138807635,0.020104544802451215,4,0.3155349556992053,0.03375305818217308,4,0.199947129267354,0.0189486634200351,4,0.20478553487999815,0.018219559970334264,4,0.7993417233228683,0.018931933075606307,4,0.24360564723610878,0.0014031447613941132,4,0.324783556163311,0.0017549870417437293,4,0.39358084550703687,0.011250278996018742,4,0.32232288117206476,0.007449602356708189,4,0.15445407840688075,0.009143995945388781,4,0.1550008085331502,0.008815793127224672,4,0.8499403893947601,0.01669794723360545,4,0.19877542927861214,0.0022051804892981334,4,0.26478950679302216,0.002250448332130553,4,0.4629254136483121,0.014805705495504005,4,0.32077998562280136,0.007827480373808341,4,0.21360092680286455,0.013422332609545489,4,0.21446434528787553,0.013495195274642978,4,0.5648987889289856,0.009419424963032294,4,12.75,2.6299556396765835,4,0.8499403893947601,0.01669794723360545,4,179761.0,0.0,4,3063361.0,0.0,4
B3_with_RC_weighted_bcap_10,10.0,0.0002,1e-05,hq_first,conv3_plus,1,1608,HepG2,0.24806050211191177,0.004773605540502158,4,0.3264068141579628,0.00673306965251912,4,0.47661923835028835,0.028357267316087325,4,0.355969129809435,0.028305607105169276,4,0.22391507084265327,0.025979709601845858,4,0.227768999322836,0.02663026824128146,4,0.775602325797081,0.025963506693914076,4,0.24075628072023392,0.001509684345892174,4,0.3226567581295967,0.0018870869521376162,4,0.40726313424258237,0.011965097264511632,4,0.32434446428706787,0.012526713083996855,4,0.16548861718293897,0.009772962528480993,4,0.1659706331775036,0.009669685430026592,4,0.7582802921533585,0.031151086531763662,4,0.20296143740415573,0.001362562740613154,4,0.26833436638116837,0.0015255160561880644,4,0.44895257653775983,0.006239882894801131,4,0.3317877292822504,0.009397640538270602,4,0.19242843073422342,0.009202553413542074,4,0.20158761808379871,0.005589050869460548,4,0.5242540538311005,0.014203279842976183,4,15.25,4.112987559751022,4,0.7582802921533585,0.031151086531763662,4,179761.0,0.0,4,3063361.0,0.0,4
B3_with_RC_weighted_bcap_10,10.0,0.0002,1e-05,hq_first,conv3_plus,1,1608,K562,0.25318966060876846,0.0065707179436621105,4,0.3322204425930977,0.009658028363919042,4,0.44367501671601633,0.03957326975689133,4,0.3214006923206226,0.029299850442325852,4,0.1960395577434225,0.0351395148962491,4,0.19802205321739613,0.03514243164409291,4,0.8034604340791702,0.035117598472460036,4,0.24128014221787453,0.0018136688232999873,4,0.3213120996952057,0.0010209304111303945,4,0.41783897271520787,0.005252156839266673,4,0.32935422667502334,0.0020118061028155092,4,0.17244473742031152,0.005254466317651986,4,0.1746100959832984,0.004413202362343726,4,0.7518519014120102,0.026256141696266017,4,0.20099148899316788,0.0006331285461978199,4,0.26743127405643463,0.001161399168473052,4,0.45194982491192504,0.01048364711878979,4,0.32210724789683076,0.016380599595747388,4,0.19786324515346096,0.006965756124190734,4,0.20434107438060314,0.009522317603060463,4,0.5208318158984184,0.01805951408234761,4,12.0,5.228129047119374,4,0.7518519014120102,0.026256141696266017,4,179761.0,0.0,4,3063361.0,0.0,4
B3_with_RC_weighted_bcap_10,10.0,0.0002,1e-05,hq_first,conv3_plus,1,1608,SKNSH,0.2532383054494858,0.0046019011389085195,4,0.3319287449121475,0.0055273732816692725,4,0.4470364971948547,0.019211047299671085,4,0.32794952704190256,0.022695609406394736,4,0.19754768600059372,0.016559316156307003,4,0.20011842807800803,0.01715305816904904,4,0.8019532710313797,0.016548959773862316,4,0.24198193475604057,0.0019249322034788387,4,0.3234172612428665,0.0014727258019087781,4,0.40333946380212105,0.009987240456644739,4,0.33470174908813,0.0041736695544210166,4,0.16155858286641242,0.007645607502057623,4,0.16275753178913666,0.007977580121713158,4,0.7618225961923599,0.029891014081703804,4,0.19929752871394157,0.0005028495130886581,4,0.2647577151656151,0.0006650638420138752,4,0.4662919748703925,0.004829521827663312,4,0.33116529558624835,0.009506429686519647,4,0.21382867664970742,0.003944860045452029,4,0.21744569903934363,0.004494799367788214,4,0.5104613825678825,0.017239845672717233,4,12.25,2.5,4,0.7618225961923599,0.029891014081703804,4,179761.0,0.0,4,3063361.0,0.0,4
B3_with_RC_weighted_bcap_10,10.0,0.0002,1e-05,hq_first,conv3_plus,1,2411,HepG2,0.2636820077896118,0.004331946675404896,4,0.3440769091248512,0.005130313135306261,4,0.4320654725431071,0.033767075609028675,4,0.3188335883724017,0.031220351494408115,4,0.18557432899866277,0.02786167965181371,4,0.18753573411028787,0.029320917427436796,4,0.8140878230333328,0.02785008956471325,4,0.24124044552445412,0.0010367976635688838,4,0.3226965665817261,0.000760044247804253,4,0.4081024490166314,0.004299066958537496,4,0.3305657768070306,0.010972752613341286,4,0.16530070469305336,0.003934685828851995,4,0.16656147037590774,0.0034968907015861055,4,0.7159145921468735,0.010280101746053585,4,0.20338137447834015,0.002077848691679289,4,0.2688921019434929,0.002271277915468267,4,0.4442010836539805,0.011654694328054188,4,0.3383062553275559,0.010073200815905866,4,0.18904414883921095,0.013695987733036588,4,0.1974164766442808,0.010348403764802148,4,0.49702737480401993,0.0032418201899936023,4,9.5,3.872983346207417,4,0.7159145921468735,0.010280101746053585,4,179761.0,0.0,4,3063361.0,0.0,4
B3_with_RC_weighted_bcap_10,10.0,0.0002,1e-05,hq_first,conv3_plus,1,2411,K562,0.2666158750653267,0.00476582173226542,4,0.3477547615766525,0.006570362569985625,4,0.41008994123535664,0.03821860096324035,4,0.2959273921059646,0.02897399253526922,4,0.16811404801741686,0.0301719106043384,4,0.1692692559971088,0.030871924588934462,4,0.8315408527851105,0.030159339395787837,4,0.2412063479423523,0.00216043200231037,4,0.32132597267627716,0.0009632889557139161,4,0.4188676693110129,0.003946820674898206,4,0.33948552304206003,0.004860355862605631,4,0.1723739172933859,0.0049635073535397815,4,0.1754618074391199,0.003302812005807822,4,0.7098366171121597,0.009456758653856168,4,0.20103712007403374,0.0012866887395928846,4,0.2678096815943718,0.001986556304585027,4,0.4492983051748872,0.013825561143634984,4,0.32918463212954496,0.013057182629960907,4,0.19556977249124677,0.011897432733501552,4,0.20201232663872842,0.012467789120908247,4,0.4930548891425133,0.005479623838326507,4,7.75,3.5,4,0.7098366171121597,0.009456758653856168,4,179761.0,0.0,4,3063361.0,0.0,4
B3_with_RC_weighted_bcap_10,10.0,0.0002,1e-05,hq_first,conv3_plus,1,2411,SKNSH,0.2684536576271057,0.004783236717559351,4,0.3492903336882591,0.006473880459350067,4,0.40281713817769293,0.02617699651710191,4,0.29536449407398024,0.017209070358672557,4,0.16095321195757786,0.021245428419601402,4,0.16277557316965882,0.021019202556482704,4,0.8386987447738647,0.02123658792798292,4,0.2427070252597332,0.0010067093796280316,4,0.3234095722436905,0.000739478511936886,4,0.40425731676525817,0.004342177773891074,4,0.3401172710056304,0.0016460688172856917,4,0.16160821747477816,0.0038347961228056026,4,0.16343811903911135,0.003517202434934727,4,0.7190798819065094,0.010161731101041013,4,0.2000390850007534,0.0012809679205479285,4,0.26568789035081863,0.0014835647952947599,4,0.4588315118206313,0.010419056308254824,4,0.3317157205603292,0.005738959732103542,4,0.20828010924745904,0.008840872129508695,4,0.21060777379037207,0.009557472893122343,4,0.48526570200920105,0.0028678158155688747,4,7.0,1.8257418583505538,4,0.7190798819065094,0.010161731101041013,4,179761.0,0.0,4,3063361.0,0.0,4
B3_with_RC_weighted_bcap_10,10.0,0.0002,1e-05,hq_first,conv3_plus,1,3215,HepG2,0.27246781438589096,0.0025330628974555565,4,0.35441822558641434,0.0033316072514166647,4,0.40944978195247606,0.019587437291251904,4,0.30977717255946213,0.015996211255256725,4,0.16583748491494316,0.015715112750459826,4,0.1679368747156592,0.015873508940914886,4,0.833903044462204,0.01571024022244883,4,0.24107196554541588,0.0006348585567247596,4,0.32233937829732895,0.00025315206061448465,4,0.4110539238253237,0.0011272638300422572,4,0.3466786159310632,0.00675142818191992,4,0.1671505961684108,0.0013080755463324178,4,0.1689662813350019,0.000925891988509145,4,0.6897339373826981,0.0010832981238643963,4,0.20186061039566994,0.0007436629437420091,4,0.2669149488210678,0.0011335221208265231,4,0.4526415656814218,0.007881401553386208,4,0.3498427887376144,0.008341066181420324,4,0.20095809277393667,0.006790242234718863,4,0.20493097435036312,0.007079869400307297,4,0.4729403257369995,0.004019001555230339,4,7.75,2.06155281280883,4,0.6897339373826981,0.0010832981238643963,4,179761.0,0.0,4,3063361.0,0.0,4
B3_with_RC_weighted_bcap_10,10.0,0.0002,1e-05,hq_first,conv3_plus,1,3215,K562,0.2737935408949852,0.004408596117829291,4,0.355910949409008,0.005726912633711285,4,0.39891784112746576,0.03423119862780949,4,0.2969223573666143,0.026246300065343134,4,0.15868851054753227,0.027066841888650047,4,0.1600142751894204,0.027259803497190645,4,0.8410497754812241,0.027058400980248764,4,0.2413981854915619,0.001092249058464984,4,0.32153504341840744,0.0003893269776015922,4,0.41773952561948524,0.0032022438022225167,4,0.338480563722036,0.004074261002343722,4,0.1713012329738023,0.0020066870824675545,4,0.1745140020388192,0.0026795901219221806,4,0.6862965673208237,0.0016618307209047283,4,0.20104386284947395,0.000989872267904887,4,0.26730387657880783,0.001651500586576967,4,0.45242301600484247,0.011861452940351425,4,0.34318278551295467,0.020768111494094316,4,0.198615704587022,0.009930612244656113,4,0.20479210596031008,0.0106553583508968,4,0.4743267372250557,0.005877774567188932,4,7.25,3.3040379335998353,4,0.6862965673208237,0.0016618307209047283,4,179761.0,0.0,4,3063361.0,0.0,4
B3_with_RC_weighted_bcap_10,10.0,0.0002,1e-05,hq_first,conv3_plus,1,3215,SKNSH,0.27505290508270264,0.0010998529404117093,4,0.35698964446783066,0.0012703074591864534,4,0.3949025668206229,0.00870950783430252,4,0.29758770157424247,0.006149766619237404,4,0.15373737207562943,0.006019366788390603,4,0.15600492892655338,0.006876468713631245,4,0.8459994494915009,0.006017524782233776,4,0.24117938056588173,0.0006896058276927249,4,0.322416327893734,0.000670565303205299,4,0.4105521413252974,0.0033978026658458838,4,0.3444210823845428,0.004600305847353896,4,0.16675057588976064,0.003465847737895185,4,0.168561719544004,0.0027977070678802513,4,0.6900651901960373,0.002870256065320454,4,0.1988007016479969,0.0008179690822631413,4,0.2646743804216385,0.0008299062885920672,4,0.4648485250443631,0.0030742576824101097,4,0.33163277314846895,0.005063115026656039,4,0.2143214378488541,0.004934401556964343,4,0.21609123953114323,0.00285102280765276,4,0.4650307670235634,0.0029206112596782343,4,7.0,0.816496580927726,4,0.6900651901960373,0.002870256065320454,4,179761.0,0.0,4,3063361.0,0.0,4
B3_with_RC_weighted_bcap_10,10.0,0.0002,1e-05,hq_first,full,1,161,HepG2,0.17902930453419685,0.016158147981976213,4,0.24635939300060272,0.01658108892320851,4,0.48758626129468785,0.14576807832691566,4,0.378904983957527,0.1299758948739494,4,0.21980256557235847,0.1479057227807529,4,0.25367661169767297,0.14206700877564266,4,0.7753514796495438,0.14698696924796112,4,0.25052716583013535,0.00014823751523644402,4,0.33050648123025894,0.0005955944788374909,4,0.35520088324225674,0.00419210325852441,4,0.30962787081893817,0.006724524394270077,4,0.12441046497869152,0.0031537578620602293,4,0.1261808477533769,0.002987269754863398,4,1.3833953142166138,0.08944352139900219,4,0.21892989426851273,0.0019121991471585773,4,0.2857401818037033,0.0017008232312935377,4,0.3246747177291796,0.006772737357100636,4,0.27836114577664206,0.005622476715697766,4,0.08426026626768696,0.01090224004684002,4,0.10544807481100366,0.0043687517691499,4,1.0337676256895065,0.062237726714098086,4,12.5,6.454972243679028,4,1.3833953142166138,0.08944352139900219,4,179761.0,0.0,4,3747661.0,0.0,4
B3_with_RC_weighted_bcap_10,10.0,0.0002,1e-05,hq_first,full,1,161,K562,0.15820425003767014,0.0059474111350088085,4,0.22452768310904503,0.007489319201529115,4,0.6088085176514472,0.03740209282093167,4,0.5022253033921145,0.034370517602834716,4,0.3582138891650603,0.039794770811751194,4,0.3716969985754916,0.044548343878624976,4,0.6377999186515808,0.03954758095336138,4,0.2493107169866562,0.0015904457755228224,4,0.32701338827610016,0.0013993321099234877,4,0.3825762341355842,0.01053533594036725,4,0.29731782397389683,0.016845585786182914,4,0.1428109993948277,0.007337073530593706,4,0.14644781990289765,0.00807820985621992,4,1.3540416359901428,0.08281122894455313,4,0.2156980037689209,0.0022146509620310966,4,0.2822715789079666,0.0006108272851236134,4,0.36736764250766296,0.008062034857691865,4,0.300049983821288,0.012149180573133626,4,0.1063782882799518,0.003866525976820819,4,0.13500773206617306,0.005943319931715914,4,1.008969023823738,0.06345764554829184,4,25.0,4.39696865275764,4,1.3540416359901428,0.08281122894455313,4,179761.0,0.0,4,3747661.0,0.0,4
B3_with_RC_weighted_bcap_10,10.0,0.0002,1e-05,hq_first,full,1,161,SKNSH,0.18011550977826118,0.014075366797218233,4,0.24494387954473495,0.01086035606788429,4,0.49074152997449383,0.12065752924374794,4,0.3945629981850221,0.14273097490559988,4,0.23136424787172272,0.11390121013402137,4,0.25174592876411145,0.1176880037003964,4,0.7638615816831589,0.11319372836423786,4,0.25140051543712616,0.001055102192193312,4,0.33333393931388855,0.0014927504559039662,4,0.33658006993543266,0.01224958238243303,4,0.3112300173318372,0.00601259554021675,4,0.10935389093114065,0.007960845039362015,4,0.11339868267914874,0.008391384369775986,4,1.40748131275177,0.0972998065462772,4,0.21413950249552727,0.0008911645646884058,4,0.2807801887392998,0.0015983271759212113,4,0.3521861203642008,0.016383663008151524,4,0.28849447557908625,0.006764988190106577,4,0.11577790804884752,0.010045765334122948,4,0.12423638168736087,0.011779906984897295,4,0.9988059997558594,0.07197471351987578,4,14.25,7.804912982645397,4,1.40748131275177,0.0972998065462772,4,179761.0,0.0,4,3747661.0,0.0,4
B3_with_RC_weighted_bcap_10,10.0,0.0002,1e-05,hq_first,full,1,322,HepG2,0.17652205750346184,0.01856848380607573,4,0.24050230532884598,0.02313539626800173,4,0.5362538569960342,0.14851280346350815,4,0.39810864955232717,0.10497984021078258,4,0.2885419818677598,0.15470209333794596,4,0.30411023873756604,0.1417733592415216,4,0.709248498082161,0.15422165639853144,4,0.24875349923968315,0.0016439761606759807,4,0.32873430103063583,0.001497394206339025,4,0.37207531780267306,0.014312269833983371,4,0.3063009551254321,0.0161835273144924,4,0.1337636502956684,0.007897275069321906,4,0.1385936729188107,0.010563203417859848,4,1.312647670507431,0.03860531503700604,4,0.21566599234938622,0.00281216318550869,4,0.28263045847415924,0.0027513580416572416,4,0.3614771112890446,0.029044745290327488,4,0.2922963182002012,0.01131342598815236,4,0.10404401784036982,0.017468783098148363,4,0.1312983999076073,0.02040755350582842,4,0.9702829420566559,0.03139861311248778,4,15.0,9.092121131323903,4,1.312647670507431,0.03860531503700604,4,179761.0,0.0,4,3747661.0,0.0,4
B3_with_RC_weighted_bcap_10,10.0,0.0002,1e-05,hq_first,full,1,322,K562,0.16221553087234497,0.010189198693412328,4,0.22562798857688904,0.008674511280184545,4,0.6217430720010743,0.028348961137607435,4,0.47608660704866657,0.05412033209512535,4,0.37966189067755307,0.03886353009697122,4,0.3871671952795192,0.035602857131207005,4,0.6184115558862686,0.03874284951907647,4,0.24662072584033012,0.002203198503786672,4,0.3236461281776428,0.0017748031222090891,4,0.40494548683872855,0.009866188355826064,4,0.3017584118261524,0.014397917465050623,4,0.16036557319761738,0.009230882479081865,4,0.16405385356555935,0.007912749639090094,4,1.2720237374305725,0.020111038513099515,4,0.21145180612802505,0.0022682811476976124,4,0.2788410484790802,0.0034590873723078304,4,0.39881474714455467,0.013671981180423886,4,0.3084158962530393,0.01282917389430141,4,0.12786964110219637,0.021611897423120346,4,0.1591933948420235,0.010751099321658682,4,0.9443878531455994,0.02994615341851898,4,24.75,7.632168761236874,4,1.2720237374305725,0.020111038513099515,4,179761.0,0.0,4,3747661.0,0.0,4
B3_with_RC_weighted_bcap_10,10.0,0.0002,1e-05,hq_first,full,1,322,SKNSH,0.1740848422050476,0.009034379727044796,4,0.2380990833044052,0.009511403485400357,4,0.5632480948305599,0.05108686520528145,4,0.4622179199297137,0.0709451472009827,4,0.30849010632903867,0.05787163966122906,4,0.3192058171776324,0.056384710646840086,4,0.6893623322248459,0.057691857913364744,4,0.2484201230108738,0.0008224891599453118,4,0.3298480361700058,0.0010955352579370122,4,0.36685801656485667,0.009942451671501226,4,0.33329346717022773,0.00827279009152924,4,0.12789058533024902,0.005793664897729661,4,0.13465894357683075,0.0072497586911153865,4,1.3214804530143738,0.034684077586804044,4,0.21016987040638924,0.0006946088924452981,4,0.276096373796463,0.0009998826584508484,4,0.39586478469517833,0.014171842725744696,4,0.3064327353783571,0.005378820268961463,4,0.1450444427504405,0.006199073627890325,4,0.15685955860644232,0.0110610907937183,4,0.9259216785430908,0.02650134170910481,4,20.25,6.652067347825035,4,1.3214804530143738,0.034684077586804044,4,179761.0,0.0,4,3747661.0,0.0,4
B3_with_RC_weighted_bcap_10,10.0,0.0002,1e-05,hq_first,full,1,643,HepG2,0.19245865941047668,0.002795309028767697,4,0.2597944959998131,0.004592769230349585,4,0.5232494059106025,0.013203246923601643,4,0.3820198690070673,0.012929191617246412,4,0.2662494368175128,0.015696320084430556,4,0.2739206850827927,0.013758932538746967,4,0.732609435915947,0.015671942029662666,4,0.2475016936659813,0.00013647894955923185,4,0.3275559991598129,8.707430270517841e-05,4,0.3760526862892678,0.0021964650461745324,4,0.31100014941205456,0.007503518938951436,4,0.13997568055412174,0.00045725500184059555,4,0.14141924120939875,0.0016547699802976687,4,1.1648770868778229,0.02391738193239451,4,0.21251657977700233,0.0007503623855427998,4,0.2793281152844429,0.0006837587673095854,4,0.3748686896307548,0.00921172094664586,4,0.2848744357665739,0.0032802630321590535,4,0.12491720246121737,0.004284809470557621,4,0.14059017631757836,0.006947531738619503,4,0.847074955701828,0.015494224416366303,4,9.0,0.816496580927726,4,1.1648770868778229,0.02391738193239451,4,179761.0,0.0,4,3747661.0,0.0,4
B3_with_RC_weighted_bcap_10,10.0,0.0002,1e-05,hq_first,full,1,643,K562,0.17994007468223572,0.006041229378118427,4,0.24541576951742172,0.0069948424943188075,4,0.5902847811750028,0.021284148058295357,4,0.4244522688342561,0.016931836766351273,4,0.34523487887279675,0.02456272931781959,4,0.34877588410574656,0.024929224321512383,4,0.6537468433380127,0.02452445148262196,4,0.24314018711447716,0.0011261264202663767,4,0.32101190090179443,0.0004832281987206285,4,0.41921218529088844,0.0019750006536075507,4,0.32243180144709027,0.006099274120807923,4,0.17399518472126127,0.0024864823233699098,4,0.17574178176704847,0.0016546579865420405,4,1.1187984943389893,0.023252691071517326,4,0.205766461789608,0.0015803516949637044,4,0.2722812592983246,0.0018144676951052485,4,0.43402170310384974,0.010868750115147065,4,0.3158330019794538,0.006714326604356909,4,0.16848921126991392,0.011089887680582783,4,0.18846343606196542,0.009412989743868781,4,0.8048326820135117,0.013336153079003188,4,14.75,2.06155281280883,4,1.1187984943389893,0.023252691071517326,4,179761.0,0.0,4,3747661.0,0.0,4
B3_with_RC_weighted_bcap_10,10.0,0.0002,1e-05,hq_first,full,1,643,SKNSH,0.18548895046114922,0.005420818845450601,4,0.2522582598030567,0.006416452187592873,4,0.5614727097700447,0.029665204171025,4,0.43573237460512637,0.02405162298901841,4,0.3079475823535037,0.031799749548526005,4,0.31591162207039836,0.03307979786041401,4,0.6909761428833008,0.031750256734852635,4,0.24662958085536957,0.0003073440460508941,4,0.32731661945581436,0.0003221016605795065,4,0.38069155250981584,0.0035470313881210765,4,0.33411058482484224,0.007072493378511605,4,0.14123166705908397,0.0016897991001036256,4,0.1449354942260851,0.0027022143001219356,4,1.1632101237773895,0.026072839764589087,4,0.20551996305584908,0.0015259006739348653,4,0.2713408023118973,0.0018693154862458785,4,0.4250556436878393,0.01343011375630911,4,0.3068556116022968,0.003778590893924274,4,0.17422145577061043,0.011382447354147568,4,0.180807576197514,0.011358006639057344,4,0.7993132323026657,0.015608081302411564,4,12.25,2.217355782608345,4,1.1632101237773895,0.026072839764589087,4,179761.0,0.0,4,3747661.0,0.0,4
B3_with_RC_weighted_bcap_10,10.0,0.0002,1e-05,hq_first,full,1,1125,HepG2,0.22969654574990273,0.002860065019933399,4,0.30645421892404556,0.0035778194828129046,4,0.4960312506330773,0.02081641054891747,4,0.3580383726358055,0.013183798119243983,4,0.24259185082651194,0.01977942322873918,4,0.24637199381572056,0.020372966059603398,4,0.7567349225282669,0.019761916022394,4,0.24550234153866768,0.0009389128950270431,4,0.3261234238743782,0.0013103764262572134,4,0.38715433375578084,0.008523753919144922,4,0.2993025473480417,0.012073912315892724,4,0.1474716137476812,0.00684990893553222,4,0.14994296893153816,0.006603265188450888,4,0.8569255620241165,0.012942961561221674,4,0.20803750678896904,0.001720741491569748,4,0.2749456688761711,0.0020774501233433466,4,0.41032569457695706,0.010592931078655698,4,0.30544772680388377,0.00690037513150728,4,0.15212803088116508,0.01281357471780392,4,0.1684513332716901,0.008737050897355709,4,0.6090151220560074,0.0036386653320547315,4,7.25,0.5,4,0.8569255620241165,0.012942961561221674,4,179761.0,0.0,4,3747661.0,0.0,4
B3_with_RC_weighted_bcap_10,10.0,0.0002,1e-05,hq_first,full,1,1125,K562,0.2245100513100624,0.005446242845655821,4,0.30021148920059204,0.006299501041132526,4,0.5256369868085085,0.02281879941495893,4,0.3817935867015433,0.011803173290408912,4,0.2731651767201807,0.024732189811332104,4,0.2766847651061831,0.02448813344301634,4,0.7261887788772583,0.02471022302180028,4,0.24172554910182953,0.0009757799106320387,4,0.32061342149972916,0.0002094581359690486,4,0.421382695537858,0.0018228112532274242,4,0.32064765520006294,0.011285678952667825,4,0.17604566338533392,0.001076481811576981,4,0.1775658680793998,0.001536245760754006,4,0.8282003253698349,0.010269051917731772,4,0.2028174288570881,0.0021509905699173097,4,0.2693775072693825,0.0023666549536974796,4,0.4463971603633666,0.013557417402281065,4,0.3171850447927765,0.009504855597403406,4,0.18611003609993595,0.014254129364482348,4,0.19940827745544198,0.012145624821611795,4,0.5846075564622879,0.00646104892820732,4,9.25,1.5,4,0.8282003253698349,0.010269051917731772,4,179761.0,0.0,4,3747661.0,0.0,4
B3_with_RC_weighted_bcap_10,10.0,0.0002,1e-05,hq_first,full,1,1125,SKNSH,0.22892364114522934,0.005061225890263613,4,0.3044262081384659,0.005836646872268014,4,0.5074383457244872,0.033228531126553947,4,0.38224224880418767,0.03366956220919835,4,0.252384409864779,0.032274394688506694,4,0.2583217761722255,0.03326003808634202,4,0.7469510287046432,0.0322457685670489,4,0.244574423879385,0.0013319839522611548,4,0.32584673911333084,0.0016334477376117715,4,0.38932672181045574,0.011474491589931518,4,0.3276363864878521,0.007640236534976605,4,0.14891186118645763,0.00853965575650071,4,0.15167404428361153,0.008832210360989896,4,0.8555160313844681,0.016760459196596803,4,0.2018694467842579,0.0012046908392988175,4,0.2676806226372719,0.0010721723169451825,4,0.4476936336038148,0.008170461343906555,4,0.32086137777068924,0.007165094743107289,4,0.19636839508024095,0.006430391947872249,4,0.20047965689831598,0.007310966271151363,4,0.5772956013679504,0.0068057073974369785,4,8.25,0.9574271077563381,4,0.8555160313844681,0.016760459196596803,4,179761.0,0.0,4,3747661.0,0.0,4
B3_with_RC_weighted_bcap_10,10.0,0.0002,1e-05,hq_first,full,1,1608,HepG2,0.23901357874274254,0.010284645506448588,4,0.316020667552948,0.012253394119803281,4,0.5213377556468486,0.058035525888881855,4,0.39521559442885346,0.05184372380750967,4,0.2716986144927662,0.05822451894450072,4,0.27431914716179256,0.0590694891043354,4,0.7278484553098679,0.05818825621052682,4,0.24298148974776268,0.0020256107404880938,4,0.32422226667404175,0.0020060880283425744,4,0.40384888963830745,0.012456551151768037,4,0.31234477824277224,0.009558385050528544,4,0.15736841711337293,0.010427203466627566,4,0.16321029991204128,0.010026808122041542,4,0.7656517773866653,0.031285425716706367,4,0.2073768675327301,0.0015498248481891626,4,0.2742665410041809,0.001997468619707444,4,0.4317512544224073,0.018928266085368867,4,0.31434741383303605,0.006396239155660201,4,0.15631398387543624,0.012248225345491519,4,0.1866778551380712,0.016155149277689667,4,0.5477065443992615,0.015900949648775434,4,8.75,3.304037933599835,4,0.7656517773866653,0.031285425716706367,4,179761.0,0.0,4,3747661.0,0.0,4
B3_with_RC_weighted_bcap_10,10.0,0.0002,1e-05,hq_first,full,1,1608,K562,0.24503976851701736,0.008903432220624515,4,0.32257869094610214,0.0124544929635255,4,0.4939325006517217,0.04621670643735809,4,0.3647424262256146,0.032702732350327876,4,0.2419337968904264,0.04506973123541944,4,0.24557130316550077,0.04582785801328137,4,0.7575947493314743,0.0450416439604497,4,0.24130922928452492,0.0015814692934637293,4,0.31994181126356125,0.001373982983494883,4,0.42651888534800586,0.008473969987959436,4,0.3253705233462329,0.009410525699918657,4,0.17948299043688995,0.007035660057299821,4,0.181972215684023,0.007297290158766503,4,0.745409682393074,0.02452852248334506,4,0.20344720408320427,0.0009965933842475583,4,0.26992086321115494,0.0020765003556539735,4,0.4436528780016856,0.01645236979237671,4,0.31316852374197174,0.013254496631447255,4,0.18283443795086599,0.01261521720657294,4,0.19703088651301737,0.01448905781818621,4,0.5305602550506592,0.01846768585002795,4,7.5,2.3804761428476167,4,0.745409682393074,0.02452852248334506,4,179761.0,0.0,4,3747661.0,0.0,4
B3_with_RC_weighted_bcap_10,10.0,0.0002,1e-05,hq_first,full,1,1608,SKNSH,0.24348009005188942,0.006441284997518607,4,0.32005489617586136,0.009252446327187806,4,0.5069078466167342,0.03757431441541762,4,0.390754026124606,0.03680235996600256,4,0.25363849550166817,0.03808073309408104,4,0.25801443678945596,0.03787173446442352,4,0.7458973079919815,0.03805707477044018,4,0.24259022995829582,0.002054018927760066,4,0.32451388239860535,0.001488012746419089,4,0.40143990567710275,0.011819516714864937,4,0.3360165081904013,0.008071517576056031,4,0.155862894110034,0.0077415084914639705,4,0.16125877360157087,0.009472816100539194,4,0.7669757455587387,0.029309554939459387,4,0.20119773969054222,0.0011685830905583834,4,0.2666214779019356,0.0017588649684500786,4,0.46067946556096173,0.011601457121475716,4,0.334804008230285,0.007826256691798964,4,0.2026989314954103,0.010548065593168487,4,0.21232651534503943,0.010599437315289822,4,0.5177291333675385,0.01996906364739893,4,8.0,1.8257418583505538,4,0.7669757455587387,0.029309554939459387,4,179761.0,0.0,4,3747661.0,0.0,4
B3_with_RC_weighted_bcap_10,10.0,0.0002,1e-05,hq_first,full,1,2411,HepG2,0.2577798366546631,0.004690322421018012,4,0.3368805795907974,0.007274597255543687,4,0.4719977593489757,0.026580911796455147,4,0.34787497889529273,0.018916766800242634,4,0.2194533737681328,0.025743173536852213,4,0.22331179348440178,0.025577044496961118,4,0.7802228033542633,0.02573247744934209,4,0.24096187949180603,0.0011619935978944217,4,0.3221137821674347,0.0012957583993700777,4,0.41289887147739773,0.006898070088468118,4,0.3258980168247598,0.009994560272467565,4,0.16830619785667816,0.006702220208337151,4,0.1705211655955177,0.00567551921862819,4,0.7133286744356155,0.010533819362171447,4,0.20381521433591843,0.001661678786820149,4,0.26927706599235535,0.0016097622209786226,4,0.4457248763556124,0.00922633635229723,4,0.33241792224385897,0.006765376244992451,4,0.18674212292819756,0.009748486332368743,4,0.19873450936409026,0.008281480197609872,4,0.49850647896528244,0.00808311467212121,4,5.75,0.9574271077563381,4,0.7133286744356155,0.010533819362171447,4,179761.0,0.0,4,3747661.0,0.0,4
B3_with_RC_weighted_bcap_10,10.0,0.0002,1e-05,hq_first,full,1,2411,K562,0.2595306485891342,0.005486064183733012,4,0.33847179263830185,0.00684068607307728,4,0.4621829858321109,0.029668872478519123,4,0.33793971219059626,0.02146977597442724,4,0.21203604144315943,0.02593062136695162,4,0.21427329388829522,0.026670403415061793,4,0.7876370996236801,0.02591981516985356,4,0.2397136427462101,0.0015758432737198816,4,0.3191278576850891,0.0015713937591322784,4,0.4312271699248107,0.0086243993490922,4,0.3397559314925756,0.005274571540693513,4,0.18364904847712915,0.00803174387585297,4,0.18601265727946104,0.007455336958415896,4,0.7001407742500305,0.008345200551003157,4,0.20141898095607758,0.0006665539508958813,4,0.2675875648856163,0.0011371084774143315,4,0.45601996789000876,0.008440132313931892,4,0.3248416611709376,0.006908929059762,4,0.1969258543772287,0.006814700868162354,4,0.2080076379895121,0.007667422799767467,4,0.4922548905014992,0.0058977124009206424,4,5.5,1.0,4,0.7001407742500305,0.008345200551003157,4,179761.0,0.0,4,3747661.0,0.0,4
B3_with_RC_weighted_bcap_10,10.0,0.0002,1e-05,hq_first,full,1,2411,SKNSH,0.2602469027042389,0.0027009591621814976,4,0.3387524336576462,0.004304168111545577,4,0.4631192340196272,0.01624494674389007,4,0.34969852336880847,0.019814830975186735,4,0.21079801665669698,0.014569456245242267,4,0.2146773486399601,0.015098213450025088,4,0.7888745814561844,0.01456336796865667,4,0.241667989641428,0.0006450638591518252,4,0.3229822888970375,0.0007789772248731124,4,0.4076157770510195,0.005040202062180706,4,0.341594667482393,0.0031369642806824997,4,0.16382171281686386,0.004034585218416569,4,0.16616967442852712,0.004089950503454283,4,0.7171665281057358,0.008682315582989547,4,0.19921313598752022,0.0007637702568475952,4,0.264429546892643,0.001050108177219016,4,0.4686632861825822,0.005131671328323266,4,0.3427764468791041,0.0010389433614719646,4,0.2157708389890457,0.006226057652345784,4,0.21966502635342336,0.004803887195800594,4,0.4807021766901016,0.00541999251408421,4,5.5,0.5773502691896257,4,0.7171665281057358,0.008682315582989547,4,179761.0,0.0,4,3747661.0,0.0,4
B3_with_RC_weighted_bcap_10,10.0,0.0002,1e-05,hq_first,full,1,3215,HepG2,0.26331283897161484,0.002783879581034823,4,0.3430890738964081,0.003319941976136805,4,0.47099478452947174,0.01732238609844767,4,0.35786340381457954,0.016644877317459613,4,0.21831088586109912,0.01514656821365864,4,0.2220611358490713,0.01623404468664759,4,0.7814460098743439,0.01514187932607883,4,0.23934246599674225,0.00028198402594464193,4,0.3211783543229103,0.0004800636766703431,4,0.4169310968261182,0.0028522501454459038,4,0.3435835900675217,0.002406168965181045,4,0.17313837559247325,0.0024726603707103125,4,0.17383764099879906,0.0023737953293178227,4,0.6847750842571259,0.002047769654755811,4,0.20196541398763657,0.00041934807810406575,4,0.2662000134587288,0.00052880048244309,4,0.4624044719615587,0.0033311029687079926,4,0.34905406253508786,0.005707058881229388,4,0.20524124969549734,0.0031572021986968576,4,0.21382621787528902,0.0030741913464021704,4,0.4704051986336708,0.001868696597361845,4,6.0,0.816496580927726,4,0.6847750842571259,0.002047769654755811,4,179761.0,0.0,4,3747661.0,0.0,4
B3_with_RC_weighted_bcap_10,10.0,0.0002,1e-05,hq_first,full,1,3215,K562,0.26348143070936203,0.007801676424908579,4,0.3430059626698494,0.00941912978195969,4,0.46871206273893684,0.048810172659696734,4,0.3533540422864664,0.04104083619233245,4,0.21830253416348577,0.042863040399972914,4,0.22147782247329115,0.045930675000067374,4,0.7814542949199677,0.04284965251388116,4,0.23853487148880959,0.0012534340793302072,4,0.31912800669670105,0.00014474012641158422,4,0.4313406202947224,0.0026789873216596033,4,0.3455675358100029,0.0036403002136576523,4,0.18366304233935146,0.0007406472392682798,4,0.1860601134460381,0.0023102287567626596,4,0.6760589629411697,0.0006134125991323124,4,0.2004486545920372,0.0013494091700636379,4,0.2656884863972664,0.0021427340809881544,4,0.46813830227046094,0.011860824796284794,4,0.34719353546705145,0.01628793448487798,4,0.20825641796768957,0.01277650280601493,4,0.21925897942630557,0.011021942394442236,4,0.46862057596445084,0.007562162883011946,4,6.25,2.217355782608345,4,0.6760589629411697,0.0006134125991323124,4,179761.0,0.0,4,3747661.0,0.0,4
B3_with_RC_weighted_bcap_10,10.0,0.0002,1e-05,hq_first,full,1,3215,SKNSH,0.2655971795320511,0.004252110544709563,4,0.34521637856960297,0.004847203667763541,4,0.4600110067257893,0.02359585922866734,4,0.3504550993929831,0.0181116655527271,4,0.20852573753684048,0.02215460075838957,4,0.21202769973842853,0.02190806249195123,4,0.7912280857563019,0.02214768909848888,4,0.24001182615756989,0.0014090700444417085,4,0.3222501575946808,0.0006008149223234514,4,0.41231269717148133,0.00481631822103725,4,0.3448794873139823,0.004169198544585817,4,0.1676098164602879,0.0031038746166635743,4,0.1700191579397264,0.003992361290279185,4,0.6893536597490311,0.002570535530241627,4,0.19872408360242844,0.0007449695395992234,4,0.2633403167128563,0.00044558004742031946,4,0.47677643248924406,0.0050706627645786305,4,0.3406334486515612,0.005419173621574887,4,0.2222258068831808,0.0026320552480789653,4,0.22733505029282478,0.004844525912304833,4,0.460352323949337,0.0015578605410367535,4,5.75,0.9574271077563381,4,0.6893536597490311,0.002570535530241627,4,179761.0,0.0,4,3747661.0,0.0,4
B3_with_RC_weighted_bcap_10,10.0,0.0002,0.0001,hq_first,branched_only,1,161,HepG2,0.19605982303619385,0.01517774190890752,4,0.2665777616202831,0.014709741639862084,4,0.3476999566433133,0.1228336822179921,4,0.25290524666581893,0.1241273909376821,4,0.09184513602396141,0.1180706980367999,4,0.13221134496518494,0.0972318148650122,4,0.9025141149759293,0.11733729553664139,4,0.24939004704356194,0.0019992650261395585,4,0.329732708632946,0.002090820701681934,4,0.36012023470549903,0.014318583418738194,4,0.31032449118054195,0.004560158282124548,4,0.12848130937929403,0.011018217973765515,4,0.12984034981768325,0.010512275782089789,4,1.3770309090614319,0.09248147998046143,4,0.2158726528286934,0.00567717629681635,4,0.2831754982471466,0.005657084580954712,4,0.3354510274507191,0.04113367933056987,4,0.2794587875391973,0.007192057392663976,4,0.10037976076266969,0.0355842139081558,4,0.11379637649919572,0.029182139001105063,4,1.0161559581756592,0.08272745375412616,4,23.25,27.95681193078591,4,1.3770309090614319,0.09248147998046143,4,179761.0,0.0,4,179761.0,0.0,4
B3_with_RC_weighted_bcap_10,10.0,0.0002,0.0001,hq_first,branched_only,1,161,K562,0.19435129687190056,0.010176749225819157,4,0.2646792232990265,0.01039674743916547,4,0.3492082717366497,0.11969030116157443,4,0.25322849697616545,0.07782812552208736,4,0.10489970509669172,0.10653258786666743,4,0.13269074319340907,0.08635218085629078,4,0.8895406275987625,0.1058708698061115,4,0.24710077419877052,0.0029497593628954764,4,0.3264496624469757,0.0033190236478734905,4,0.3850152595607506,0.024976655992143795,4,0.30611797802979246,0.029412496922175308,4,0.14570926023165467,0.01730442388337622,4,0.14870462510304458,0.019620704473556433,4,1.3502813875675201,0.10194951944490538,4,0.2104739286005497,0.00565616941725793,4,0.2779717892408371,0.0049697854812261995,4,0.37331493330065146,0.03208494458733712,4,0.29939064757918354,0.014742977743801214,4,0.13319092899918558,0.03093672241607408,4,0.1401361221771492,0.024243782619980295,4,0.9800001084804535,0.09180193547859183,4,31.0,25.113077602449817,4,1.3502813875675201,0.10194951944490538,4,179761.0,0.0,4,179761.0,0.0,4
B3_with_RC_weighted_bcap_10,10.0,0.0002,0.0001,hq_first,branched_only,1,161,SKNSH,0.1968580074608326,0.013363464543326454,4,0.26591798663139343,0.011770876556297261,4,0.34118499340952335,0.10684049899635763,4,0.23754417163855723,0.10268625289095513,4,0.09813588344226984,0.08958977755986222,4,0.12496836889719949,0.07995811992069225,4,0.8962625116109848,0.08903329233221521,4,0.2506883591413498,0.001807950753385734,4,0.33279120922088623,0.0022119665274019894,4,0.33715092917564254,0.01608717751537209,4,0.3063911603700806,0.00107728106783027,4,0.1122357301449505,0.011770122742343693,4,0.11386484700430746,0.011077886510416125,4,1.4029057323932648,0.0982591314096277,4,0.21199903264641762,0.004053290739687254,4,0.279416099190712,0.004187815925924205,4,0.3567387356299528,0.03178316343547971,4,0.28631004809734584,0.0050569895587521604,4,0.12422224664127332,0.02607095898924335,4,0.12802015260733215,0.02365700938906095,4,0.9893536418676376,0.07846184885041571,4,24.0,26.08958923913266,4,1.4029057323932648,0.0982591314096277,4,179761.0,0.0,4,179761.0,0.0,4
B3_with_RC_weighted_bcap_10,10.0,0.0002,0.0001,hq_first,branched_only,1,322,HepG2,0.1972169168293476,0.005786053797829133,4,0.2659081146121025,0.009611997874490671,4,0.3808605448863605,0.07745296519445716,4,0.27273016334098943,0.051270065875787245,4,0.13731458022454374,0.07258220144420659,4,0.14955397601419576,0.05788686144493334,4,0.8600062131881714,0.07235676176280569,4,0.24772314727306366,0.002714883786157488,4,0.32817745208740234,0.003425881859565128,4,0.3703486505294061,0.02488134918455141,4,0.31003552325431993,0.011811892674219428,4,0.13663874110458193,0.018019612251608783,4,0.13762243410188485,0.018451656693151432,4,1.3083759546279907,0.04860186103712066,4,0.2120511196553707,0.005868285234136928,4,0.2798260897397995,0.005763470033157232,4,0.3568761437319826,0.04685952647699022,4,0.28684195523724143,0.020442077622578405,4,0.12151882773875375,0.03617819690351214,4,0.12900744338124653,0.03347923547510997,4,0.9515409171581268,0.050772573113621336,4,30.5,29.816103031751148,4,1.3083759546279907,0.04860186103712066,4,179761.0,0.0,4,179761.0,0.0,4
B3_with_RC_weighted_bcap_10,10.0,0.0002,0.0001,hq_first,branched_only,1,322,K562,0.1986132264137268,0.004966637062442929,4,0.26578331738710403,0.007499191231159065,4,0.3760104441839561,0.07331895089835516,4,0.25552752771691445,0.026632744098977458,4,0.1384459058437448,0.060789510288356434,4,0.14541560555604252,0.054396305910458354,4,0.8588784039020538,0.0606006689749467,4,0.24607498943805695,0.002220336454020494,4,0.3252633959054947,0.0029753448446176904,4,0.3932096079083896,0.020126844235734017,4,0.3101564190569661,0.010287446395772495,4,0.15191924285324762,0.01551763352421925,4,0.15491761314563662,0.015798057795051862,4,1.2851493656635284,0.04350475551193082,4,0.20721742510795593,0.00485261110100287,4,0.2758715748786926,0.003831662434415633,4,0.38856531916211035,0.03232976594860377,4,0.3098857243912036,0.01414776862929823,4,0.14632094980849084,0.023689496391720796,4,0.15176691758027128,0.025165780261769116,4,0.9247056543827057,0.04130275868454927,4,29.25,24.253865671269807,4,1.2851493656635284,0.04350475551193082,4,179761.0,0.0,4,179761.0,0.0,4
B3_with_RC_weighted_bcap_10,10.0,0.0002,0.0001,hq_first,branched_only,1,322,SKNSH,0.19540615007281303,0.005968271145905454,4,0.2635802924633026,0.007918587414209486,4,0.3945442004877889,0.07730968751036184,4,0.2801583331429135,0.03878574286774294,4,0.15235085410021976,0.06752062267786464,4,0.16014771697576086,0.057553988429609675,4,0.845016673207283,0.06731098732886236,4,0.24747059121727943,0.0028321379100629198,4,0.3289026618003845,0.00388027318785653,4,0.36590813929936805,0.028039900169273938,4,0.32591149577359685,0.01269441003825658,4,0.13279911949796552,0.020502569558474477,4,0.13447844340665288,0.020085257244017763,4,1.3143629729747772,0.05659034892031454,4,0.20609642565250397,0.00609800587807497,4,0.2731822654604912,0.006563826027278104,4,0.40469840249222977,0.049883710142603885,4,0.30573157054265726,0.019841249366131304,4,0.16264253440391907,0.04038267024362713,4,0.1656470853829563,0.039088217265235564,4,0.9074252545833588,0.062429396982806404,4,42.75,24.944939366532843,4,1.3143629729747772,0.05659034892031454,4,179761.0,0.0,4,179761.0,0.0,4
B3_with_RC_weighted_bcap_10,10.0,0.0002,0.0001,hq_first,branched_only,1,643,HepG2,0.20227590203285217,0.0021243168194637852,4,0.2721027210354805,0.003829273557858867,4,0.4449795275491753,0.014631468126347387,4,0.30915658602928725,0.008523549775607656,4,0.19508186115684548,0.011601247760309177,4,0.1981673398325365,0.013107698757767506,4,0.803666353225708,0.011583223100432881,4,0.24455158784985542,0.0004417231031810724,4,0.3252381682395935,0.000631785965886881,4,0.391124661363277,0.003964389681221997,4,0.3220103769274888,0.006903349060277723,4,0.15210156188251558,0.003294641079171292,4,0.15299028801569656,0.003094938252332716,4,1.1484968066215515,0.026578385876878514,4,0.20300864428281784,0.001098867807973298,4,0.2697753980755806,0.0014981704862737466,4,0.4299913973229244,0.009520633824581836,4,0.32709658656235946,0.0054595162102096745,4,0.1837322677738949,0.00905667812075297,4,0.18496058362303736,0.008224519505751104,4,0.7900499552488327,0.008705729545236223,4,33.5,3.8729833462074175,4,1.1484968066215515,0.026578385876878514,4,179761.0,0.0,4,179761.0,0.0,4
B3_with_RC_weighted_bcap_10,10.0,0.0002,0.0001,hq_first,branched_only,1,643,K562,0.206051554530859,0.0020523175433402375,4,0.2764338180422783,0.0038365554899875962,4,0.41307567844801885,0.010658778400251201,4,0.2658259860864318,0.010976348697102156,4,0.16928014233256744,0.008849823611157326,4,0.17071672329303028,0.008774783232242052,4,0.8294279873371124,0.008836087818197433,4,0.24420978873968124,0.00027021570452662126,4,0.3230777084827423,0.0007681316900798216,4,0.40692162784293295,0.004354762765941353,4,0.32927205692922823,0.0035567411615136865,4,0.16332765292096874,0.003977572632118334,4,0.16559943417540315,0.0035344225918567014,4,1.1333231925964355,0.028229506851129814,4,0.2029113881289959,0.0012110162561888764,4,0.2703459560871124,0.0012965518616568608,4,0.42630102720982477,0.008102510053217455,4,0.32234883223387384,0.0036718385265990003,4,0.18028069219230183,0.007854863175266655,4,0.18178180380202363,0.006941980368758196,4,0.7934309840202332,0.011893280243491374,4,24.0,4.08248290463863,4,1.1333231925964355,0.028229506851129814,4,179761.0,0.0,4,179761.0,0.0,4
B3_with_RC_weighted_bcap_10,10.0,0.0002,0.0001,hq_first,branched_only,1,643,SKNSH,0.20361139252781868,0.002550712800438759,4,0.27370215207338333,0.005047332719000982,4,0.4318755862755539,0.02917144613758032,4,0.2903743809080097,0.02625190222823053,4,0.18544427899680224,0.02534420332958352,4,0.1871547519731717,0.025515388412525587,4,0.8132889270782471,0.025304808887427706,4,0.24554359540343285,0.0001998443241632927,4,0.32624461501836777,0.000262271136702072,4,0.3836904606812208,0.0016175926808166322,4,0.33283205468553706,0.006592250308756514,4,0.14684781263270702,0.0013715061524464005,4,0.1472203320723282,0.0012409462168424248,4,1.1555562019348145,0.0229383528323265,4,0.20113181322813034,0.0013121863077528474,4,0.26739969849586487,0.0015888368960187936,4,0.44566477929107373,0.010603291765780457,4,0.31448355127275174,0.0036217356929002698,4,0.19804277627794944,0.009521969082869041,4,0.19870141784776416,0.009478145405112727,4,0.7763568460941315,0.02038133000393918,4,40.25,9.912113800799505,4,1.1555562019348145,0.0229383528323265,4,179761.0,0.0,4,179761.0,0.0,4
B3_with_RC_weighted_bcap_10,10.0,0.0002,0.0001,hq_first,branched_only,1,1125,HepG2,0.24206334725022316,0.0009766226766344916,4,0.32101915776729584,0.0012211564306114087,4,0.413104003464415,0.0211040482721422,4,0.29777763493019516,0.032090465235897384,4,0.16889961381920898,0.016351761040986436,4,0.17098895331843206,0.017418464763209275,4,0.8303616344928741,0.01633729384136938,4,0.24404817819595337,0.001135256997090842,4,0.3255866467952728,0.0015320856429667845,4,0.3889393048898828,0.010492390072284355,4,0.31548283305837044,0.008194994577224871,4,0.1502719054025034,0.008006228259236222,4,0.15135635057529692,0.008116958337690123,4,0.8541616946458817,0.01733106183954527,4,0.201374851167202,0.0009585296660564483,4,0.26777733117341995,0.0009487886762268458,4,0.44372378156296644,0.006268386656947446,4,0.33767606236594744,0.010103162898789523,4,0.1957897529919299,0.005700652832336409,4,0.1969202638279999,0.005561646865778154,4,0.5777259171009064,0.007979806489785453,4,21.25,3.403429642777023,4,0.8541616946458817,0.01733106183954527,4,179761.0,0.0,4,179761.0,0.0,4
B3_with_RC_weighted_bcap_10,10.0,0.0002,0.0001,hq_first,branched_only,1,1125,K562,0.24627014994621277,0.0012020789425138143,4,0.3262958228588104,0.0010806626798804707,4,0.3784199255996738,0.016578297193867924,4,0.2552236665999005,0.025837924268336344,4,0.14141715668709937,0.011576214148304944,4,0.14340777004424882,0.012409507082091193,4,0.8578196465969086,0.011565939358798303,4,0.24429185688495636,0.00021294500254863296,4,0.3236992210149765,0.0006705778830098495,4,0.40928752528256485,0.0032114029407616595,4,0.32769061333586574,0.006421352264101494,4,0.16010635431559864,0.00348310008683465,4,0.16752401318356214,0.0026366922050026467,4,0.8442447483539581,0.013129118137403214,4,0.20205768197774887,0.0013705782288367643,4,0.2699548676609993,0.0015394767399431006,4,0.4294531815650017,0.012715351861365945,4,0.31682795501010635,0.0071144333234824,4,0.1826448554525341,0.009323047781046234,4,0.18455129528602104,0.010928103448259932,4,0.5871742069721222,0.010134434606513552,4,12.75,2.217355782608345,4,0.8442447483539581,0.013129118137403214,4,179761.0,0.0,4,179761.0,0.0,4
B3_with_RC_weighted_bcap_10,10.0,0.0002,0.0001,hq_first,branched_only,1,1125,SKNSH,0.2444232515990734,0.0029196881373166387,4,0.3234775438904762,0.003094772637072324,4,0.3976996453491842,0.032580595669369564,4,0.27920240432866106,0.039350930374899985,4,0.15605207225830633,0.023267075911850687,4,0.15896112932149511,0.026076770939464713,4,0.8431977778673172,0.02324645450149797,4,0.24448884278535843,0.001291049164582836,4,0.3257744163274765,0.0014269200752722157,4,0.3877067277161656,0.009340349206799306,4,0.32330938470060416,0.004810085990958731,4,0.14929335579860512,0.007461739529241086,4,0.15038193830885568,0.007195345391033154,4,0.8551204800605774,0.015382677474610328,4,0.20066550001502037,0.0014174850293481298,4,0.26693371683359146,0.0012534629911986502,4,0.44915617322721,0.007609555416087504,4,0.32177805035601026,0.008393494490454071,4,0.20084327716734796,0.007499850078481782,4,0.20178469694833437,0.006864727469382711,4,0.5741396844387054,0.011969172145616493,4,22.5,6.557438524302,4,0.8551204800605774,0.015382677474610328,4,179761.0,0.0,4,179761.0,0.0,4
B3_with_RC_weighted_bcap_10,10.0,0.0002,0.0001,hq_first,branched_only,1,1608,HepG2,0.2590790092945099,0.00543854882077466,4,0.3401963338255882,0.007682407037048033,4,0.3980168365286305,0.016560803922660725,4,0.29853972889491265,0.02004362400045931,4,0.15726942222960688,0.01373380096110906,4,0.1586230973301822,0.013321989924173917,4,0.8422064632177353,0.013725260322509942,4,0.24335673078894615,0.0010187434057471038,4,0.32491210848093033,0.0007821165041365797,4,0.396054775869514,0.0071599167900103615,4,0.319824195110341,0.01121587604198816,4,0.15379957135086103,0.004075750567096151,4,0.15689783379538086,0.005655412245657017,4,0.7688903510570526,0.030216296191514374,4,0.2025700844824314,0.0013786403937600476,4,0.26859506219625473,0.0017924327364275503,4,0.44125445962732973,0.01567055074704007,4,0.3297763582289033,0.018213923726447354,4,0.1908510966832766,0.010804201084938316,4,0.19488967276154343,0.013816378640886157,4,0.5253258794546127,0.01681564608714349,4,18.25,7.365459931328117,4,0.7688903510570526,0.030216296191514374,4,179761.0,0.0,4,179761.0,0.0,4
B3_with_RC_weighted_bcap_10,10.0,0.0002,0.0001,hq_first,branched_only,1,1608,K562,0.26250841468572617,0.003932860539832743,4,0.3443342372775078,0.006802725409929611,4,0.37173125978328564,0.007690466734222126,4,0.2678006147030858,0.006803830797125011,4,0.1366386776979896,0.006453806144409,4,0.13822848695901122,0.005733041999722332,4,0.8628243952989578,0.0064497038267722785,4,0.24401015415787697,0.00046406849320308334,4,0.32326389104127884,0.0004184729568602554,4,0.4099898877827965,0.0036801383694725544,4,0.3289809979351772,0.002110168799484764,4,0.16236557083018202,0.0021676168954670684,4,0.16810186564796392,0.0030130960485188515,4,0.7610174864530563,0.02660332215842981,4,0.2021910324692726,0.0008886265401779767,4,0.2697031944990158,0.0012418282127569936,4,0.43167445978391367,0.007729335561372654,4,0.31196775627102924,0.004222756212427303,4,0.18417506824482177,0.00752623360617499,4,0.18638764620089893,0.006635200437488371,4,0.5297710448503494,0.020275710697947102,4,10.25,2.217355782608345,4,0.7610174864530563,0.02660332215842981,4,179761.0,0.0,4,179761.0,0.0,4
B3_with_RC_weighted_bcap_10,10.0,0.0002,0.0001,hq_first,branched_only,1,1608,SKNSH,0.2611474245786667,0.00485411756933515,4,0.3421136513352394,0.0071301405525847975,4,0.3869841332573606,0.01313700222074074,4,0.2867440037443261,0.008192488078257487,4,0.14774050611826103,0.00982364621224937,4,0.14988615501346142,0.010176469068101393,4,0.8517294675111771,0.009817501276136476,4,0.24338281527161598,0.0013696933045918437,4,0.3245806321501732,0.0010682595899788308,4,0.3970143593823156,0.006987870140392148,4,0.3365557179859942,0.005473551781040412,4,0.15552206139673289,0.005563005414616771,4,0.1576570243025747,0.005509035061836433,4,0.7672671526670456,0.028366142248368604,4,0.20102816075086594,0.0014267349544958873,4,0.26706400513648987,0.0013754502092712421,4,0.4490581220093099,0.009627231041153183,4,0.3240774562970422,0.005033267611782388,4,0.20006028037096643,0.00823648062091779,4,0.20172270962566805,0.008642327036146187,4,0.5193885043263435,0.017675993547792406,4,20.5,6.454972243679028,4,0.7672671526670456,0.028366142248368604,4,179761.0,0.0,4,179761.0,0.0,4
B3_with_RC_weighted_bcap_10,10.0,0.0002,0.0001,hq_first,branched_only,1,2411,HepG2,0.27115897089242935,0.0021004308783405196,4,0.3537549749016762,0.003146114979153317,4,0.37511885280349794,0.007463596056413183,4,0.27711768126777003,0.008738703223858621,4,0.1393907575507509,0.005199738548156198,4,0.14075593267818234,0.005591794787909438,4,0.8602522313594818,0.005197580612853063,4,0.24281637743115425,0.0007378177775893554,4,0.32420454174280167,0.0006259620117373744,4,0.40061208397369474,0.004216448313439157,4,0.3303269920441711,0.00886429909234811,4,0.15748241852982575,0.003251785446899629,4,0.16050337565303158,0.003390112942942159,4,0.7226443439722061,0.012252273774026693,4,0.2028805948793888,0.001184003782787256,4,0.26941823959350586,0.0011381481388733816,4,0.4347015758467463,0.006433885554107148,4,0.3318954655720353,0.007528371183384527,4,0.18590010697309617,0.006880865189439914,4,0.18899650620613703,0.005619559864265057,4,0.49900563806295395,0.005074523248415387,4,9.25,0.9574271077563381,4,0.7226443439722061,0.012252273774026693,4,179761.0,0.0,4,179761.0,0.0,4
B3_with_RC_weighted_bcap_10,10.0,0.0002,0.0001,hq_first,branched_only,1,2411,K562,0.2720177695155144,0.002212535984561118,4,0.35494113713502884,0.0034176951461847706,4,0.36746687453555804,0.011877793292550376,4,0.2668167295889739,0.011790960602082805,4,0.13359948958951146,0.008496703552000995,4,0.13513771536105695,0.008657351237305537,4,0.8660410940647125,0.008493245822144273,4,0.2428426668047905,0.0007517213962868996,4,0.32296745479106903,0.0005743907526377304,4,0.41070343005196996,0.0026637247464131875,4,0.33695303592402176,0.00505340095924508,4,0.16390019796584024,0.0029732636320711353,4,0.16868262902859688,0.0021883555201823684,4,0.7171095162630081,0.009457354492380976,4,0.20102885365486145,0.0004537882980837442,4,0.2680492699146271,0.0012406757773797059,4,0.4434040486163493,0.005775106639979014,4,0.3264413020086632,0.004321586860019348,4,0.1941501944914709,0.00746611935493868,4,0.19663216422189722,0.0051219540994864535,4,0.49398504197597504,0.008707984547034342,4,9.0,2.160246899469287,4,0.7171095162630081,0.009457354492380976,4,179761.0,0.0,4,179761.0,0.0,4
B3_with_RC_weighted_bcap_10,10.0,0.0002,0.0001,hq_first,branched_only,1,2411,SKNSH,0.27234016358852386,0.001848351550052907,4,0.3545440062880516,0.0029233167984368015,4,0.36976335357580986,0.007220771397204651,4,0.27339326378317186,0.011407675715969427,4,0.1355421678703084,0.004779085780094111,4,0.13676404230230738,0.0052936492590334875,4,0.8640992343425751,0.004777097808885712,4,0.2436073124408722,0.0007910943246246294,4,0.32446184009313583,0.00010674150542937923,4,0.3992621004197495,0.0026156698230221766,4,0.339380387241131,0.00354856424485108,4,0.15614690109158103,0.0005551141189004405,4,0.15941535612805743,0.0020941596092077107,4,0.7237739413976669,0.010637964904165386,4,0.2008812464773655,0.0006834515665545475,4,0.2672237455844879,0.00029474372388598634,4,0.4490360194515857,0.00294402405809958,4,0.3276358484237162,0.007182447547687349,4,0.1991182906992495,0.001766207625641064,4,0.20163984722316589,0.002646474087602617,4,0.4909491091966629,0.00826643411589303,4,11.75,1.707825127659933,4,0.7237739413976669,0.010637964904165386,4,179761.0,0.0,4,179761.0,0.0,4
B3_with_RC_weighted_bcap_10,10.0,0.0002,0.0001,hq_first,branched_only,1,3215,HepG2,0.2784678339958191,0.0003283090800395589,4,0.361991822719574,0.00048513166426628366,4,0.36130579233746857,0.003077314454668903,4,0.2757623124688112,0.002017576443165469,4,0.12986245289800125,0.0023313890250922513,4,0.13054897797479564,0.0022260725670304586,4,0.8698669523000717,0.002330668457624307,4,0.24264395236968994,0.0004598921770281528,4,0.3237784653902054,0.00016240533337527158,4,0.40378190225075616,0.00020118292596715695,4,0.34095918688683696,0.002003066135726547,4,0.1596976319795508,0.000842998407629194,4,0.16303985494116646,0.00016247690659803684,4,0.6959062069654465,0.000698112401160439,4,0.20251880586147308,0.00037360379966781116,4,0.26861952990293503,0.00048676632557623174,4,0.4401071377801739,0.0036703511828688625,4,0.34318589604089944,0.00279030921490219,4,0.19072865109099738,0.002932665184034436,4,0.19370439633341116,0.0032409660709997847,4,0.4789950102567673,0.0017357691534280637,4,7.75,0.9574271077563381,4,0.6959062069654465,0.000698112401160439,4,179761.0,0.0,4,179761.0,0.0,4
B3_with_RC_weighted_bcap_10,10.0,0.0002,0.0001,hq_first,branched_only,1,3215,K562,0.27946964651346207,0.0007490110027054959,4,0.3632879704236984,0.000882001795757995,4,0.35227245882453373,0.00617760625753426,4,0.2637136889765508,0.004872680018371013,4,0.12361743161283317,0.004256846729387151,4,0.12412450736058765,0.004338506453153847,4,0.8761099576950073,0.004255523575069995,4,0.2428833432495594,0.0006618630886048134,4,0.3229949399828911,0.0001277876006299606,4,0.4116471397634639,0.0016283084907366774,4,0.3388015700728015,0.0030920655924323577,4,0.1637597613414028,0.0006616844060147055,4,0.16945535621684651,0.0013383694487393142,4,0.6925421208143234,0.0005480192138491162,4,0.20128880068659782,0.0005389663928185384,4,0.2683985084295273,0.0009359832450733643,4,0.4423886348760041,0.00593980239380796,4,0.3333432006231605,0.008736981399380069,4,0.1920544917551559,0.00564241244733794,4,0.1957341652068126,0.00522890756101716,4,0.4782102555036545,0.0033396328952715105,4,6.75,1.5,4,0.6925421208143234,0.0005480192138491162,4,179761.0,0.0,4,179761.0,0.0,4
B3_with_RC_weighted_bcap_10,10.0,0.0002,0.0001,hq_first,branched_only,1,3215,SKNSH,0.28001081943511963,0.0005272882685684313,4,0.3634989783167839,0.0007597285994327882,4,0.35229011587385917,0.004533575612888611,4,0.2688148015598605,0.002113288281474965,4,0.12260003726432928,0.003670377950821624,4,0.12412374072329546,0.0031871535281028994,4,0.8771270364522934,0.0036692431793170313,4,0.24319900199770927,0.00045871258941491017,4,0.3239169269800186,0.0004274370169141125,4,0.4027774081016718,0.002934791978823027,4,0.33881074612643286,0.004701080442398278,4,0.1589778693791984,0.0022193074179469967,4,0.16223610023006987,0.002365550769587837,4,0.696502298116684,0.0018379419209541728,4,0.20093964412808418,0.0006836508039912584,4,0.2674250975251198,0.0005899880415936633,4,0.4468933962639705,0.0034248600957680416,4,0.3272344866345772,0.004784547609641954,4,0.19790869408648934,0.00353749713505599,4,0.19972250487435284,0.0030644520175342727,4,0.4747452139854431,0.002093789796430425,4,9.25,0.9574271077563381,4,0.696502298116684,0.0018379419209541728,4,179761.0,0.0,4,179761.0,0.0,4
B3_with_RC_weighted_bcap_10,10.0,0.0002,0.0001,hq_first,conv3_plus,1,161,HepG2,0.17032064497470856,0.019687495573774035,4,0.23620476573705673,0.020432856845228515,4,0.5509236446281551,0.14336572667251796,4,0.4502651934017772,0.13497991818113692,4,0.28167160275195297,0.1522613791234873,4,0.3189321608986241,0.16043189593572316,4,0.713866725564003,0.15131561570021898,4,0.24999046698212624,0.00040220900399685005,4,0.3303161635994911,0.0006380017855673248,4,0.3567028661929734,0.005654766157730142,4,0.3120029313634203,0.005012555240282955,4,0.12541822225958346,0.003378099536420991,4,0.12726091703550627,0.0040322270181702745,4,1.3815746903419495,0.08483049645821651,4,0.21780484542250633,0.001691923257875018,4,0.2841193377971649,0.0020124558123097787,4,0.3349354518152597,0.013808971687961354,4,0.2853854955078981,0.005795673847339989,4,0.09460973215475255,0.012816480279176872,4,0.11232477265700135,0.009345765477508742,4,1.0221491903066635,0.06351522796502741,4,8.25,3.593976442141304,4,1.3815746903419495,0.08483049645821651,4,179761.0,0.0,4,3063361.0,0.0,4
B3_with_RC_weighted_bcap_10,10.0,0.0002,0.0001,hq_first,conv3_plus,1,161,K562,0.16243182867765427,0.020270727052471866,4,0.2264079563319683,0.025492794706263814,4,0.587034139009302,0.15520641523385195,4,0.5097430900067196,0.15583366274281002,4,0.33645919806494895,0.17433506235905535,4,0.3626758538596997,0.1796253161476749,4,0.659419409930706,0.17325214048363438,4,0.24926943704485893,0.0009812137310442638,4,0.3280107080936432,0.0014630916872186831,4,0.374171457298875,0.01268784324178131,4,0.2911220177725027,0.008647171969607844,4,0.13757353500696606,0.0076837642670750834,4,0.14012501548175985,0.009630299801110066,4,1.3624464869499207,0.08617080794758195,4,0.21375023946166039,0.001667679794517899,4,0.2800297811627388,0.0017468648344196257,4,0.371377023217818,0.020245822994152646,4,0.3068756664990586,0.020013526937915135,4,0.12049357018667056,0.010969995116486796,4,0.13822831338566066,0.015049278160926653,4,0.9935916662216187,0.07404372067034022,4,10.0,4.242640687119285,4,1.3624464869499207,0.08617080794758195,4,179761.0,0.0,4,3063361.0,0.0,4
B3_with_RC_weighted_bcap_10,10.0,0.0002,0.0001,hq_first,conv3_plus,1,161,SKNSH,0.17069098353385925,0.017589079160900405,4,0.23361927643418312,0.017316746839950395,4,0.5680141086876406,0.12083849895489827,4,0.48574400145983065,0.1336597576094689,4,0.2996095698703183,0.12573480771046905,4,0.33359148479046946,0.14118639022588145,4,0.6960401684045792,0.12495381687258413,4,0.25140373408794403,0.0008129297260674373,4,0.3338245376944542,0.000585381638863952,4,0.33350150406053924,0.004579911473474206,4,0.3118575142423129,0.0038357291132232007,4,0.10674164521605126,0.003131157532974596,4,0.11123898490247051,0.003063789587279964,4,1.411330223083496,0.09162653595259344,4,0.21329227462410927,0.0013067923748379458,4,0.2796925827860832,0.0017114669780713052,4,0.35972977834279807,0.010348389543659318,4,0.2933383378306652,0.0021835993149984063,4,0.12261134413730015,0.010709421083638948,4,0.1294858303011691,0.007513029986002884,4,0.9910478293895721,0.07072105611691183,4,8.75,2.753785273643051,4,1.411330223083496,0.09162653595259344,4,179761.0,0.0,4,3063361.0,0.0,4
B3_with_RC_weighted_bcap_10,10.0,0.0002,0.0001,hq_first,conv3_plus,1,322,HepG2,0.1615421250462532,0.004269522397823998,4,0.22681544348597527,0.0032575760784040618,4,0.633233117766129,0.013530901024866076,4,0.5134222414540626,0.04069487643547909,4,0.3734284030317544,0.006664542054614214,4,0.4011214953977207,0.01715732388762309,4,0.6246257126331329,0.006643846366917651,4,0.2476506046950817,0.0014700175694234846,4,0.327940434217453,0.0004813477321719683,4,0.37359602506828493,0.004669526631147348,4,0.3199325969642574,0.008482401901103422,4,0.1379544387150086,0.0025307667833800573,4,0.13959034330604184,0.0034863974139189347,4,1.306208610534668,0.032231968945977435,4,0.21435150504112244,0.0010503284396749916,4,0.27989985793828964,0.0008349442948365163,4,0.3682141265008351,0.004390887904024932,4,0.29598005737201816,0.008448230290670105,4,0.1213292452404219,0.00524176301230147,4,0.1355961028772123,0.0032314831801072085,4,0.951498344540596,0.021363611384597896,4,9.75,1.2583057392117916,4,1.306208610534668,0.032231968945977435,4,179761.0,0.0,4,3063361.0,0.0,4
B3_with_RC_weighted_bcap_10,10.0,0.0002,0.0001,hq_first,conv3_plus,1,322,K562,0.1567915380001068,0.00861867950564243,4,0.21933390572667122,0.010078990112463677,4,0.6560919466181572,0.04232687371424315,4,0.5445622833315943,0.020403894747349733,4,0.4121018544953301,0.06536349581089737,4,0.43180031559601895,0.056361077690099286,4,0.5860723704099655,0.06516046816627058,4,0.24634700268507004,0.0012600714393508003,4,0.32390373945236206,0.0013587575089741401,4,0.40296023367570205,0.007425736934891964,4,0.30679414711167463,0.013890081334597945,4,0.15903626781590038,0.0070472808915662795,4,0.16241830610074606,0.00599855234253093,4,1.2740804553031921,0.021643100095959943,4,0.2086639069020748,0.002208157648782747,4,0.27570832520723343,0.0017662774653219226,4,0.404977725253336,0.004064363396794202,4,0.31113242399146374,0.01602664287303391,4,0.14742809905630666,0.010923348184762916,4,0.16401934723873238,0.0033018738536225657,4,0.9230683147907257,0.011208284115999141,4,12.0,1.414213562373095,4,1.2740804553031921,0.021643100095959943,4,179761.0,0.0,4,3063361.0,0.0,4
B3_with_RC_weighted_bcap_10,10.0,0.0002,0.0001,hq_first,conv3_plus,1,322,SKNSH,0.16016310080885887,0.00859834215639639,4,0.2238045521080494,0.007929455572876679,4,0.6460932437639255,0.03234646343618647,4,0.5612405274208551,0.057930143805870846,4,0.38951912736332955,0.03918812833542728,4,0.4182211999100127,0.04148295372019219,4,0.6085849553346634,0.03906643774082211,4,0.247897706925869,0.0007368233593209056,4,0.32961510121822357,0.001191163008453574,4,0.3629845007299067,0.010439964423810542,4,0.32708701563852044,0.006234161245184306,4,0.1291205514727152,0.0062939874666321826,4,0.13183949241301746,0.007587368320261343,4,1.3197126686573029,0.03937793832966948,4,0.20754171535372734,0.0018849628241218832,4,0.2732222303748131,0.0022904163296181626,4,0.4084856317350578,0.017041655568254016,4,0.3079105909884129,0.012707026866983048,4,0.16271587285085254,0.013981718703398885,4,0.1670783248523695,0.014172940692660327,4,0.9069144129753113,0.03404017562890779,4,11.5,2.3804761428476167,4,1.3197126686573029,0.03937793832966948,4,179761.0,0.0,4,3063361.0,0.0,4
B3_with_RC_weighted_bcap_10,10.0,0.0002,0.0001,hq_first,conv3_plus,1,643,HepG2,0.18255803361535072,0.0039269580201790125,4,0.24936839193105698,0.00506308877376083,4,0.5859419716593554,0.006116026027089377,4,0.4408170577580608,0.013309944313119007,4,0.32401345510836194,0.014357713589288014,4,0.34335604848282575,0.007176657455769751,4,0.6749352663755417,0.01433541559317534,4,0.2468118965625763,0.00045132046985645345,4,0.326428160071373,0.0004977077235986624,4,0.3835126207021081,0.0029660527778958674,4,0.3071237932617098,0.005030246564507612,4,0.14588649402978188,0.002604434478557395,4,0.14708852833960998,0.0022750272475919766,4,1.156927764415741,0.027396882252966697,4,0.20980612561106682,0.0012628734327098142,4,0.2756376639008522,0.0006997211003361942,4,0.3966204612830991,0.0038929028034489074,4,0.29203103477761466,0.008775263371407696,4,0.14788713502189915,0.004323696337629588,4,0.15731915632759613,0.003083783977030887,4,0.8248854875564575,0.018148756936893527,4,6.25,0.5,4,1.156927764415741,0.027396882252966697,4,179761.0,0.0,4,3063361.0,0.0,4
B3_with_RC_weighted_bcap_10,10.0,0.0002,0.0001,hq_first,conv3_plus,1,643,K562,0.18508902192115784,0.0010677266986683712,4,0.25212881714105606,0.0008729593708170905,4,0.5661610069710847,0.012642618404262538,4,0.4129075561757356,0.013283566132287448,4,0.3087549192767616,0.014851684942789802,4,0.32065816266459946,0.01423331094143516,4,0.6901701092720032,0.01482859020651987,4,0.24400833621621132,0.0004458843429385876,4,0.3222842589020729,0.0007059636845722426,4,0.41089826227328646,0.004298209501505919,4,0.3141636149204405,0.004057205310583956,4,0.16743271033139567,0.0036480998524326164,4,0.16885123789289563,0.003518937252857665,4,1.1277573704719543,0.02776230731071104,4,0.20429932326078415,0.0008154866851447553,4,0.2705017700791359,0.0007331257728045663,4,0.4280874739400167,0.0030694057280604516,4,0.32223452883250037,0.004713763554381963,4,0.1793452002024629,0.004449043089855132,4,0.18326595128298712,0.0026288721974842932,4,0.7943853139877319,0.014388624917460716,4,6.25,0.4999999999999999,4,1.1277573704719543,0.02776230731071104,4,179761.0,0.0,4,3063361.0,0.0,4
B3_with_RC_weighted_bcap_10,10.0,0.0002,0.0001,hq_first,conv3_plus,1,643,SKNSH,0.1824062429368496,0.0036539524906904156,4,0.24928442388772964,0.002981504072999471,4,0.5822096933859068,0.0228504880093092,4,0.4656102082388093,0.02494892644945332,4,0.3240992836768076,0.02475312269231691,4,0.3393597356742093,0.02705957753223602,4,0.6748495697975159,0.02471462283072046,4,0.24598530307412148,0.0002089380483026154,4,0.32638104259967804,0.00044858733808145017,4,0.3833722423044722,0.003710121581993056,4,0.33479635226798266,0.005484960612666083,4,0.1461333039616678,0.002347792273328221,4,0.1469845999211738,0.0028466301545037823,4,1.1565919816493988,0.027274155171988,4,0.20468173548579216,0.0005239165967491166,4,0.2703239470720291,0.0008495088126038306,4,0.42845374580151635,0.006427704306758119,4,0.3106586905854767,0.0033059579778472506,4,0.18042228242904185,0.005150894457364924,4,0.18360359882834176,0.005485935002381488,4,0.7933558076620102,0.015417518641094358,4,6.75,0.9574271077563381,4,1.1565919816493988,0.027274155171988,4,179761.0,0.0,4,3063361.0,0.0,4
B3_with_RC_weighted_bcap_10,10.0,0.0002,0.0001,hq_first,conv3_plus,1,1125,HepG2,0.22345445677638054,0.007498999178139864,4,0.2998168617486954,0.008930954733528335,4,0.5334706728985249,0.04165579568952293,4,0.39030820610661515,0.045647606869136916,4,0.27465117613002726,0.043787857158783694,4,0.28589236282870045,0.043973337027570454,4,0.7247041016817093,0.043749004365308604,4,0.2450207956135273,0.0007347939177768696,4,0.32492218911647797,0.0011473356608241686,4,0.39422013813348994,0.007170981256143384,4,0.3004399632614452,0.002937488421881807,4,0.15374275690964764,0.005974306079755933,4,0.15544808453911987,0.0056647226986107305,4,0.8506240844726562,0.012630546101543584,4,0.20624982565641403,0.0014333775516373578,4,0.27236340194940567,0.0020467210888164993,4,0.4231079572906392,0.015094689491631485,4,0.30970365482217027,0.016973931054473878,4,0.16797993585516324,0.012524857607243181,4,0.17919123076079393,0.012842315976800267,4,0.597673311829567,0.009067559238792164,4,4.75,0.9574271077563381,4,0.8506240844726562,0.012630546101543584,4,179761.0,0.0,4,3063361.0,0.0,4
B3_with_RC_weighted_bcap_10,10.0,0.0002,0.0001,hq_first,conv3_plus,1,1125,K562,0.2231902927160263,0.002953946434172712,4,0.29856792092323303,0.00363821203140534,4,0.5361862294792147,0.022616542572552484,4,0.3981057956477447,0.03316429131775901,4,0.28099603826672576,0.02273761137503459,4,0.2878793036815891,0.023858540390860654,4,0.718364879488945,0.02271743332265428,4,0.24293477460741997,9.765201616112094e-05,4,0.3206740543246269,0.0008992719467829333,4,0.4212252413411084,0.006163447026688538,4,0.3107802870196779,0.003966098402678453,4,0.17572939449431738,0.004620963105642589,4,0.17745919500231308,0.005195839030027585,4,0.8285112380981445,0.010529926881127184,4,0.20147334411740303,0.0013937142835293774,4,0.26845426857471466,0.00191649118158363,4,0.44863914068784216,0.006091283106402573,4,0.32406770997614864,0.007796236849794003,4,0.19169523788553378,0.011531209506507479,4,0.20130490635453718,0.005480088594889399,4,0.5806441754102707,0.008972123064314535,4,5.0,0.0,4,0.8285112380981445,0.010529926881127184,4,179761.0,0.0,4,3063361.0,0.0,4
B3_with_RC_weighted_bcap_10,10.0,0.0002,0.0001,hq_first,conv3_plus,1,1125,SKNSH,0.2287467047572136,0.0040140533632575005,4,0.3046550005674362,0.005371964258396427,4,0.5136466711762129,0.03174272498690235,4,0.3905228986207339,0.03787735794423754,4,0.25128974422598793,0.030259730536346,4,0.26458860325260014,0.03229431733606375,4,0.7480447292327881,0.030232875491717243,4,0.2442811243236065,0.0011349523528199166,4,0.32437994331121445,0.0016047343368689219,4,0.39684641225336914,0.011048753633184529,4,0.3349562333380345,0.006869406969145767,4,0.15655734106827499,0.008344273692821653,4,0.15757863113600615,0.008763662880691796,4,0.8478027582168579,0.01454312442865264,4,0.20118560269474983,0.001873230781711575,4,0.2669416591525078,0.0022959126946321415,4,0.45028476347701674,0.015691029570606228,4,0.32760598701053545,0.008011203459674801,4,0.200764625602525,0.01370769951731313,4,0.2029410245262921,0.014232632322063843,4,0.5741283595561981,0.01041327254156876,4,4.5,0.5773502691896257,4,0.8478027582168579,0.01454312442865264,4,179761.0,0.0,4,3063361.0,0.0,4
B3_with_RC_weighted_bcap_10,10.0,0.0002,0.0001,hq_first,conv3_plus,1,1608,HepG2,0.24108921363949776,0.007520030185180012,4,0.31872058659791946,0.010413487144883576,4,0.5186743014178636,0.02154171318915601,4,0.38598944404504937,0.014466114370876358,4,0.2604234726738585,0.023146086945926462,4,0.26937106500665176,0.022574064186085343,4,0.7391165196895599,0.0231316191472855,4,0.24285991862416267,0.0010315279725365155,4,0.3220450207591057,0.001959788855201083,4,0.4121580922838065,0.011490733530770004,4,0.308184759894771,0.016520786073592995,4,0.1686482671651687,0.01011813811432705,4,0.1699733207528331,0.00948631189091489,4,0.7554069459438324,0.030964825685772863,4,0.20455902814865112,0.0006549659805045912,4,0.2708415538072586,0.0013370904477903601,4,0.436259398773281,0.0074531891673299345,4,0.32177644324990545,0.002221306039423576,4,0.17727172546099046,0.008121428188812905,4,0.19036392553959763,0.0065458093593415995,4,0.5341213047504425,0.015416519222209718,4,4.25,0.5,4,0.7554069459438324,0.030964825685772863,4,179761.0,0.0,4,3063361.0,0.0,4
B3_with_RC_weighted_bcap_10,10.0,0.0002,0.0001,hq_first,conv3_plus,1,1608,K562,0.24561844393610954,0.004023869457353889,4,0.32334883511066437,0.007410962721474914,4,0.4930971920100899,0.03255875943732598,4,0.3700760558580385,0.028111325492199666,4,0.2382668566775561,0.03164635817161394,4,0.2439398953803087,0.031686816216924985,4,0.7612594366073608,0.03162666785659401,4,0.24267296120524406,0.0014745004593365422,4,0.31996407359838486,0.0013708423739668628,4,0.42802173652552544,0.006312436232075394,4,0.31563825570688386,0.007570148472194696,4,0.17936884832193822,0.007023926615754747,4,0.18323249207671433,0.0054271038001557585,4,0.7455342710018158,0.025333723127458938,4,0.20218132436275482,0.0020785883477701696,4,0.2694117873907089,0.0032914198818131293,4,0.4438233688050708,0.01713868645280954,4,0.3245847834048327,0.007898671452608343,4,0.18585885627420343,0.019960948333136507,4,0.19719948362747763,0.015035553390100109,4,0.5284888297319412,0.017000676785750103,4,4.0,0.8164965809277259,4,0.7455342710018158,0.025333723127458938,4,179761.0,0.0,4,3063361.0,0.0,4
B3_with_RC_weighted_bcap_10,10.0,0.0002,0.0001,hq_first,conv3_plus,1,1608,SKNSH,0.2410903126001358,0.01216073739095002,4,0.31743883341550827,0.016188683577033156,4,0.5250359024551847,0.05177029083219368,4,0.41224930123663667,0.044338081487933535,4,0.26611608421645655,0.05098995099772663,4,0.27767282112656766,0.05690462736022043,4,0.733427569270134,0.05095818033382523,4,0.24262181296944618,0.0014417845088073675,4,0.3232439309358597,0.0020997489478110946,4,0.40736969264997996,0.008727166490171573,4,0.33433055960124347,0.0025633981636681478,4,0.16244360769819785,0.010892707406221199,4,0.16600718906594952,0.007111073813588229,4,0.7609601616859436,0.028567633886418833,4,0.1997789889574051,0.0023520043680509283,4,0.26556546241045,0.002854228014152017,4,0.46466209178987666,0.010636028587420368,4,0.3401599056043817,0.007662213411083365,4,0.2089595263750837,0.01705242346946484,4,0.2159957033746281,0.009908480988170055,4,0.5134957730770111,0.015495762071793998,4,4.5,0.9999999999999999,4,0.7609601616859436,0.028567633886418833,4,179761.0,0.0,4,3063361.0,0.0,4
B3_with_RC_weighted_bcap_10,10.0,0.0002,0.0001,hq_first,conv3_plus,1,2411,HepG2,0.25322695448994637,0.0076195747068976225,4,0.3316415771842003,0.009462817335169172,4,0.4974036580997128,0.044846597996784886,4,0.3693969404016918,0.04223171799807129,4,0.24301163360334965,0.04550648863844374,4,0.24891881210488992,0.045080003224363785,4,0.7566743493080139,0.04548759360270359,4,0.24122045561671257,0.0012260357389474313,4,0.32147780805826187,0.000703883337867643,4,0.4164181095877747,0.003766421258136207,4,0.3179808451726524,0.003910277055740385,4,0.17159419522642966,0.003627327002900433,4,0.17341468143947625,0.0031348585309271997,4,0.7105203866958618,0.010464727584398903,4,0.2044106349349022,0.001145062761484856,4,0.27021922916173935,0.0014104919600195522,4,0.44438200061829836,0.010377046494645045,4,0.33429834007073167,0.005203475339121329,4,0.18104647797073317,0.008546885480498125,4,0.19755612479398535,0.009217730430340394,4,0.5019600540399551,0.0027839239630350386,4,3.75,0.9574271077563381,4,0.7105203866958618,0.010464727584398903,4,179761.0,0.0,4,3063361.0,0.0,4
B3_with_RC_weighted_bcap_10,10.0,0.0002,0.0001,hq_first,conv3_plus,1,2411,K562,0.2547573857009411,0.0067812069595646444,4,0.3326157405972481,0.00890792855377516,4,0.4915918884309697,0.030377036325227588,4,0.3654495687907708,0.018913689136250234,4,0.23909327846480338,0.03050494090484334,4,0.24235465802305514,0.02896817568768154,4,0.7605910897254944,0.03049227718469275,4,0.24061650782823563,0.0009711378304543509,4,0.31893178820610046,0.0012937477282488456,4,0.4339357409797785,0.007994590644214278,4,0.3384479550342725,0.007136944871342778,4,0.18465661900719077,0.006604024313158232,4,0.18834816240934585,0.006963349603515055,4,0.69928377866745,0.008221673450032345,4,0.20119507983326912,0.0020302788683124063,4,0.26850737631320953,0.0022574112866849223,4,0.4559253672609791,0.013581471879616626,4,0.3343269050856911,0.008127829008768808,4,0.19136349028852634,0.013552766216995357,4,0.20800628279587127,0.012330159466873235,4,0.4957023188471794,0.011706825354361943,4,3.75,0.5,4,0.69928377866745,0.008221673450032345,4,179761.0,0.0,4,3063361.0,0.0,4
B3_with_RC_weighted_bcap_10,10.0,0.0002,0.0001,hq_first,conv3_plus,1,2411,SKNSH,0.2590397857129574,0.006547164907661321,4,0.3374952971935272,0.009558721529336662,4,0.46995890465031237,0.03381376429080259,4,0.35424141508216056,0.019274601660475454,4,0.21656156449260666,0.033915118245379024,4,0.22171890005175687,0.032898167636704695,4,0.7831134498119354,0.033900988546543394,4,0.24181810021400452,0.001290321695815837,4,0.3225428909063339,0.001161031585878396,4,0.4111586173221503,0.007941061997292043,4,0.33959719094896385,0.0070085952992632325,4,0.1660908599063995,0.005992711974629117,4,0.16909870394749607,0.006581453348463329,4,0.7152011692523956,0.007283566708639292,4,0.19976288452744484,0.0003201774688840785,4,0.265608973801136,0.0005759673174664331,4,0.4636432816669836,0.0068470773469669725,4,0.3399229094102772,0.00606514861451326,4,0.20876604178361335,0.0034318440122554387,4,0.2150002544860764,0.006388822878411078,4,0.4850128963589668,0.006441745177919546,4,3.25,0.49999999999999994,4,0.7152011692523956,0.007283566708639292,4,179761.0,0.0,4,3063361.0,0.0,4
B3_with_RC_weighted_bcap_10,10.0,0.0002,0.0001,hq_first,conv3_plus,1,3215,HepG2,0.26408012211322784,0.004602547384981266,4,0.344243623316288,0.005331567427497365,4,0.4676904211916833,0.026357994783818076,4,0.35249414208855184,0.02436340133001611,4,0.21295470581286977,0.024197580226947218,4,0.21925538799122196,0.025348430794770987,4,0.7868004590272903,0.024190011119495695,4,0.24103892222046852,0.0006664517864279671,4,0.32133660465478897,0.00046690474548036497,4,0.4181795493892265,0.004115029105384799,4,0.33324528815161447,0.005333621664609355,4,0.1723234447689648,0.0024056015931697297,4,0.17488683562578017,0.0034305058167798767,4,0.6854499727487564,0.0019922162266530203,4,0.20231778547167778,0.002287140653221811,4,0.26728761196136475,0.0021355096499551746,4,0.4565684895851635,0.005918422259622422,4,0.34507186996560363,0.005353314100260498,4,0.1986977704833411,0.012854149486357633,4,0.20848105647360998,0.005418046434407762,4,0.47427820414304733,0.007608153364660139,4,3.25,0.49999999999999994,4,0.6854499727487564,0.0019922162266530203,4,179761.0,0.0,4,3063361.0,0.0,4
B3_with_RC_weighted_bcap_10,10.0,0.0002,0.0001,hq_first,conv3_plus,1,3215,K562,0.2630295529961586,0.004789541915094777,4,0.3427077755331993,0.005719098520065249,4,0.4730508902890648,0.028844878139921436,4,0.35951286444742303,0.025510492859491713,4,0.21993927780065825,0.026030526545638484,4,0.22440116504945698,0.027289673115424073,4,0.779818132519722,0.026022407811431482,4,0.23982714116573334,0.000337954683714402,4,0.3187003508210182,0.0006345550963610314,4,0.43342531113337707,0.004189878714001284,4,0.3456564968723274,0.0018837436575622245,4,0.1858471680008478,0.003242114083048619,4,0.18787066664379326,0.0036373230737172142,4,0.6742501556873322,0.002685022015723421,4,0.1992381438612938,0.0003138361725436953,4,0.2661537453532219,0.0003826254757457809,4,0.46236959887386314,0.00531566428499214,4,0.34461471705232527,0.013066468185136185,4,0.20551859444932824,0.002283280145474342,4,0.21380683817787016,0.004920140140270891,4,0.4702410399913788,0.0013514367874304359,4,3.5,0.5773502691896257,4,0.6742501556873322,0.002685022015723421,4,179761.0,0.0,4,3063361.0,0.0,4
B3_with_RC_weighted_bcap_10,10.0,0.0002,0.0001,hq_first,conv3_plus,1,3215,SKNSH,0.26235999912023544,0.005967048592853712,4,0.34150099009275436,0.007152510390664436,4,0.4827005544835623,0.034864399926180865,4,0.3682854437253419,0.030116560947669777,4,0.22533025133630313,0.03244029195510518,4,0.23391147008539803,0.03364266891800515,4,0.7744288146495819,0.03243019556227689,4,0.24059053882956505,0.0012931114925099259,4,0.32244447618722916,0.0004249074078426493,4,0.4109614955557044,0.0018791407814899778,4,0.34899305513060663,0.006597730313918118,4,0.16660671550009978,0.0021956694152102042,4,0.16889199920693873,0.0015441827067418784,4,0.6901843547821045,0.0018183625358133306,4,0.19761495664715767,0.0013631294765992993,4,0.2634464129805565,0.0010885071762638497,4,0.4760688845619514,0.005000013449844757,4,0.3553717521594267,0.00828467115095493,4,0.2215906715446547,0.0064430099771913395,4,0.22666033294893456,0.00474919952864929,4,0.4607282429933548,0.003813472988562038,4,3.5,0.5773502691896257,4,0.6901843547821045,0.0018183625358133306,4,179761.0,0.0,4,3063361.0,0.0,4
B3_with_RC_weighted_bcap_10,10.0,0.0002,0.0001,hq_first,full,1,161,HepG2,0.11513819731771946,0.02354877022194714,4,0.17433645948767662,0.0319879011584733,4,0.8005918537952242,0.09473071999902596,4,0.8118990438945157,0.09484745122936684,4,0.5974155141490229,0.1643479494139076,4,0.6476777483469242,0.14845673623993963,4,0.4000839702785015,0.16332713351461944,4,0.25083066895604134,0.0010559367187750327,4,0.330326184630394,0.0015769447856056739,4,0.35942781020614534,0.009653513635131037,4,0.3207344388937292,0.008720360715417453,4,0.1253526602680686,0.008350178721410173,4,0.1292582434937126,0.006938732278897669,4,1.3813779950141907,0.0785578376872068,4,0.21927066892385483,0.003899156374207682,4,0.2856927663087845,0.0036056765212982246,4,0.3392194461617477,0.011918457159712946,4,0.28895897369510415,0.006209247727847071,4,0.08447907962444026,0.023188461439250876,4,0.11517636987008378,0.008045210217028222,4,1.0326488316059113,0.044902029836820546,4,7.5,2.0816659994661326,4,1.3813779950141907,0.0785578376872068,4,179761.0,0.0,4,3747661.0,0.0,4
B3_with_RC_weighted_bcap_10,10.0,0.0002,0.0001,hq_first,full,1,161,K562,0.11136360839009285,0.017450257145986997,4,0.17305095121264458,0.02754806179593315,4,0.801368743342282,0.07503256474208575,4,0.8294387578998778,0.07632987231828735,4,0.6072291153558423,0.14418030134397922,4,0.6464142771348197,0.11777061877033478,4,0.39033132791519165,0.14328478460119912,4,0.24948468059301376,0.002616229867044609,4,0.32766056060791016,0.001991724745708836,4,0.37965620236320574,0.010015835223683977,4,0.2984675783096973,0.009113652855999655,4,0.1394027967405954,0.010490780651492533,4,0.14421406970927242,0.00751865628767292,4,1.3592291474342346,0.07879195768427086,4,0.216033473610878,0.002035406300947185,4,0.2819245606660843,0.001612105894205683,4,0.3698281495310792,0.014205320415568571,4,0.2962280701334804,0.00893180090055277,4,0.10855534269018105,0.01021851588247029,4,0.13692420353166398,0.010584438605201191,4,1.0064456164836884,0.06224408493462186,4,9.25,2.0615528128088303,4,1.3592291474342346,0.07879195768427086,4,179761.0,0.0,4,3747661.0,0.0,4
B3_with_RC_weighted_bcap_10,10.0,0.0002,0.0001,hq_first,full,1,161,SKNSH,0.10318128578364849,0.0241963912171851,4,0.1610189564526081,0.0332605397084267,4,0.8312599946935739,0.08844907885387841,4,0.867935193784007,0.09653852596917431,4,0.6567666053661378,0.16211817808496984,4,0.6968606084405351,0.139275401863721,4,0.3411015197634697,0.16111125149832334,4,0.25053760781884193,0.0023533519948159957,4,0.3314608111977577,0.0032831835794991083,4,0.3544986688229339,0.020160255481054448,4,0.32952888274668496,0.015539101516921809,4,0.11928398038429039,0.017439970712276955,4,0.12597413312302821,0.014310590258140467,4,1.3916637599468231,0.09624070265092607,4,0.215026393532753,0.002104517854078471,4,0.28038598597049713,0.0025773854569005055,4,0.36657599665638807,0.016658880805290537,4,0.297140543506076,0.009957700108296755,4,0.11822446818651339,0.016139271780963325,4,0.13458610005688787,0.012475878770978142,4,0.9962492287158966,0.07652432571209741,4,10.25,3.095695936834452,4,1.3916637599468231,0.09624070265092607,4,179761.0,0.0,4,3747661.0,0.0,4
B3_with_RC_weighted_bcap_10,10.0,0.0002,0.0001,hq_first,full,1,322,HepG2,0.1311324629932642,0.02641664528976452,4,0.193500854074955,0.029658153234241022,4,0.7556943445937236,0.09493844525696801,4,0.7141437627342212,0.14827938302404003,4,0.5340769748112881,0.14811348279903977,4,0.5778339237417953,0.139134470601511,4,0.46447599679231644,0.1476534614581461,4,0.24846511334180832,0.0007386086694528302,4,0.32811760157346725,0.000684339946386784,4,0.3774844848104294,0.010184975552460673,4,0.33020381518864483,0.00513446276045616,4,0.13702133200607097,0.003599941520348118,4,0.14257233656784846,0.0077919124625697575,4,1.307656079530716,0.03424561156611054,4,0.21621878072619438,0.0012221895581164637,4,0.281847707927227,0.0011806144313830861,4,0.3664441435682914,0.01604387385552213,4,0.3017338082799718,0.008096485083355993,4,0.10905143112053067,0.007471735116829795,4,0.13447436477171748,0.011952542433245844,4,0.9647397696971893,0.019047320939116243,4,6.0,2.160246899469287,4,1.307656079530716,0.03424561156611054,4,179761.0,0.0,4,3747661.0,0.0,4
B3_with_RC_weighted_bcap_10,10.0,0.0002,0.0001,hq_first,full,1,322,K562,0.1289807427674532,0.028536109571587278,4,0.19088201597332954,0.0338631962349027,4,0.7547827255770122,0.08880792151751138,4,0.7167666519515689,0.13493414825938954,4,0.5434466311274117,0.15539163922331234,4,0.5756120980226586,0.13814369317808065,4,0.45513545349240303,0.15490902089929134,4,0.24637475982308388,0.002111875000572044,4,0.32490846514701843,0.0018435074043593896,4,0.39678355502929064,0.008548130850604999,4,0.30843857886979487,0.007595189587604895,4,0.15380174156299115,0.009580180371669387,4,0.15749199244746143,0.00685379746505331,4,1.2820171415805817,0.024416575608916937,4,0.21384422853589058,0.006374937678575075,4,0.2783675342798233,0.003803239442594726,4,0.3882860294789561,0.004106830938927895,4,0.30132119674809926,0.016460494788229845,4,0.13080772561484447,0.023899459430228913,4,0.15077869023380344,0.0031807262292954746,4,0.9409078359603882,0.015890786013602786,4,7.75,4.349329450233296,4,1.2820171415805817,0.024416575608916937,4,179761.0,0.0,4,3747661.0,0.0,4
B3_with_RC_weighted_bcap_10,10.0,0.0002,0.0001,hq_first,full,1,322,SKNSH,0.12877333723008633,0.0140307475074715,4,0.18922175467014313,0.017395379979302458,4,0.7719304813723207,0.04168112631742335,4,0.7410685746935661,0.03605768185354547,4,0.559935265796864,0.08390011608609535,4,0.5971796552900195,0.06608165327839013,4,0.43869806081056595,0.08363951897000878,4,0.24624643474817276,0.0026457309738146884,4,0.3275889456272125,0.003248961027095336,4,0.3764806673781557,0.02188577104271228,4,0.3467167717246942,0.010474323806385143,4,0.13973922891522733,0.016991531766379703,4,0.14209693314010202,0.01691507970295406,4,1.303900122642517,0.05501171875235917,4,0.21060160174965858,0.0029575452741067553,4,0.2752867788076401,0.0029999110531514143,4,0.3977505162098684,0.022589837682522283,4,0.31087450938271066,0.013657822589091637,4,0.14998365650097076,0.018577702058722275,4,0.15858819872010882,0.018004263907859162,4,0.9208135008811951,0.04058020930709095,4,7.0,0.8164965809277259,4,1.303900122642517,0.05501171875235917,4,179761.0,0.0,4,3747661.0,0.0,4
B3_with_RC_weighted_bcap_10,10.0,0.0002,0.0001,hq_first,full,1,643,HepG2,0.1582358032464981,0.0024931246874493876,4,0.22514541819691658,0.0029778082340212063,4,0.702626070417834,0.008818426235001751,4,0.6023441572262211,0.009816942134703978,4,0.4487795984931934,0.01614898128278957,4,0.49374171831175356,0.012401742788994098,4,0.5503631681203842,0.016123880180021605,4,0.2472728118300438,6.790166271217177e-05,4,0.3279077932238579,0.0006916056172117933,4,0.37231367647993857,0.005431634211910219,4,0.3105548415651738,0.007512802142249396,4,0.13812453157361898,0.0036371344786575435,4,0.13863960068166736,0.00403386655996849,4,1.1674574613571167,0.028745659392916578,4,0.20932934805750847,0.0005313800796863041,4,0.2751925215125084,0.00044451666145636917,4,0.3949102914610134,0.0028387793441274735,4,0.30857639949498894,0.004075817426838159,4,0.15063957396947114,0.0027437502800308307,4,0.15596018230294606,0.002235136734216459,4,0.8222115188837051,0.017094157776740723,4,4.0,0.0,4,1.1674574613571167,0.028745659392916578,4,179761.0,0.0,4,3747661.0,0.0,4
B3_with_RC_weighted_bcap_10,10.0,0.0002,0.0001,hq_first,full,1,643,K562,0.16545528545975685,0.006150125850586197,4,0.2332713082432747,0.006303416944261654,4,0.6588308293277567,0.024831056948742693,4,0.5382388994318116,0.02898762333316748,4,0.4077506605772729,0.039625842320640196,4,0.4345204977145935,0.03221104640496541,4,0.5913283228874207,0.039564253352110515,4,0.2443913258612156,0.0009388170729037813,4,0.3233443647623062,0.001135834315597879,4,0.4044143051627652,0.008237817628203853,4,0.31833891863271974,0.011737088431929927,4,0.1619417627555326,0.00588426291803789,4,0.16360182644973886,0.006681497793830003,4,1.1351074576377869,0.023672786919811395,4,0.2060341276228428,0.00046950810353080165,4,0.2707708477973938,0.0003594022647271286,4,0.42671049713709613,0.004969012943103312,4,0.32401608350421346,0.003094593771016037,4,0.17771517047408758,0.0021834031139785917,4,0.18210036668420926,0.004218289105471742,4,0.7960318624973297,0.01839130891414278,4,3.75,0.49999999999999994,4,1.1351074576377869,0.023672786919811395,4,179761.0,0.0,4,3747661.0,0.0,4
B3_with_RC_weighted_bcap_10,10.0,0.0002,0.0001,hq_first,full,1,643,SKNSH,0.1492837741971016,0.008915609661773224,4,0.21590077877044678,0.01029353000066582,4,0.7189737455057024,0.022765873987458246,4,0.6480161330540823,0.028018176139883423,4,0.49282964688503883,0.04132152546694775,4,0.5173119604903081,0.03249544287718885,4,0.5063816159963608,0.04125725264147211,4,0.24427077919244766,0.0003804285014505142,4,0.3251730054616928,0.00041353972124004846,4,0.39283986797944037,0.0031462488675397192,4,0.351782160697658,0.0034838662264555496,4,0.15244274330738228,0.002155939037275675,4,0.1543305860355565,0.0024790746272208594,4,1.1480112373828888,0.025020805746521237,4,0.20633279532194138,0.00142687175329073,4,0.2708231508731842,0.002045126729525167,4,0.42729637620123373,0.01536102537803037,4,0.316680102423077,0.010094834792694879,4,0.17736337238956937,0.012432628809297762,4,0.18275916394020464,0.013056494259592365,4,0.7961967140436172,0.010311268463641086,4,4.75,0.4999999999999999,4,1.1480112373828888,0.025020805746521237,4,179761.0,0.0,4,3747661.0,0.0,4
B3_with_RC_weighted_bcap_10,10.0,0.0002,0.0001,hq_first,full,1,1125,HepG2,0.20940324664115906,0.0022949357206527576,4,0.2863171398639679,0.0024470064199042865,4,0.604970313427873,0.015216711220780346,4,0.47746945046895384,0.014576344208175027,4,0.3388412605962381,0.016582521087949043,4,0.3661627413543014,0.01824891903261948,4,0.6605710238218307,0.016567855659664604,4,0.24481676518917084,0.0012297548431762016,4,0.3255135267972946,0.0018919036868838795,4,0.39131166473677687,0.010029723774204989,4,0.30926945238137726,0.007777017472501004,4,0.15064610409990428,0.009877548153011383,4,0.15320026547830778,0.007842891125077156,4,0.8536837249994278,0.010092072897576137,4,0.20588205754756927,0.0018873175318473798,4,0.27136828005313873,0.002576033692193284,4,0.4275679038825094,0.012979942559418395,4,0.32056287077225704,0.01725443022283672,4,0.1740278492387295,0.015702556610112148,4,0.1829406716121172,0.011044769383950211,4,0.5932770520448685,0.006855158363539692,4,3.0,0.0,4,0.8536837249994278,0.010092072897576137,4,179761.0,0.0,4,3747661.0,0.0,4
B3_with_RC_weighted_bcap_10,10.0,0.0002,0.0001,hq_first,full,1,1125,K562,0.1998157650232315,0.008431972422118263,4,0.27609696239233017,0.008714471848996916,4,0.6306175250699333,0.02090438764240738,4,0.4956094851729056,0.011527153239716825,4,0.3851351288321862,0.03220140175636505,4,0.398006207992356,0.026321465653978797,4,0.6143183559179306,0.032172802400495436,4,0.24257705360651016,0.0021914565690119435,4,0.3196776658296585,0.002909666868526847,4,0.43018835407637723,0.014382550803075735,4,0.32591621340568977,0.007335595525744511,4,0.18079773730106244,0.014844423467538318,4,0.1852171633086448,0.01255154294886156,4,0.823349192738533,0.01285045680353939,4,0.20515785738825798,0.001500664231361027,4,0.2696438357234001,0.0026210593504374575,4,0.44815062232492436,0.01749293071089097,4,0.3204673078227812,0.01117396853572639,4,0.1844893086828819,0.015838466616795614,4,0.201068482258859,0.01574743351340388,4,0.5857779234647751,0.008681799056122184,4,3.5,0.5773502691896257,4,0.823349192738533,0.01285045680353939,4,179761.0,0.0,4,3747661.0,0.0,4
B3_with_RC_weighted_bcap_10,10.0,0.0002,0.0001,hq_first,full,1,1125,SKNSH,0.21135857328772545,0.0021280794043992365,4,0.2866872549057007,0.0017993009034733562,4,0.59702187928717,0.011878510438104735,4,0.4889044438050124,0.01045494134467522,4,0.33714507831307045,0.014796823080076325,4,0.35654094860525526,0.014202763931445385,4,0.662265732884407,0.014783665620544548,4,0.2427617907524109,0.0010398727361412197,4,0.3236960843205452,0.0016831542642839234,4,0.4043338797602866,0.010501514967346982,4,0.355575810847846,0.00610304645803508,4,0.16010825900903017,0.008742033155673448,4,0.16356859768446297,0.008400491276540127,4,0.8442517668008804,0.01606115246845554,4,0.20353227481245995,0.0006644972120821278,4,0.2685258314013481,0.0010744249950045963,4,0.4439140569908242,0.002914716233745678,4,0.33366275552735225,0.0022774168773180337,4,0.19128548326587355,0.006479026525248049,4,0.19706606167209517,0.0025811049394429773,4,0.580936074256897,0.005436888260500513,4,3.0,0.0,4,0.8442517668008804,0.01606115246845554,4,179761.0,0.0,4,3747661.0,0.0,4
B3_with_RC_weighted_bcap_10,10.0,0.0002,0.0001,hq_first,full,1,1608,HepG2,0.21964316815137863,0.0040164109809341245,4,0.2961663380265236,0.006001882152168845,4,0.6114875969886147,0.006673847088708948,4,0.48817675090306056,0.004038010057450674,4,0.36128126506542524,0.007203742949234841,4,0.373950486447133,0.008176109029208201,4,0.6383215188980103,0.007199230584691521,4,0.24226167798042297,0.0006269439106456332,4,0.32284319400787354,0.0019990907806048206,4,0.4117304209032696,0.009302365309922725,4,0.32605177130694835,0.015154766568691514,4,0.1645214098605,0.010346501936580474,4,0.169586839997453,0.007673354901536362,4,0.759076252579689,0.02850422678306797,4,0.2042386792600155,0.0017291670389472772,4,0.27046721428632736,0.0029883569690880053,4,0.4487938126877668,0.008839308987097736,4,0.3328593580013529,0.0112125272607609,4,0.17948429937081536,0.018202486631761317,4,0.20147448634434936,0.00789537188696248,4,0.5326563864946365,0.01742103335235371,4,3.0,0.0,4,0.759076252579689,0.02850422678306797,4,179761.0,0.0,4,3747661.0,0.0,4
B3_with_RC_weighted_bcap_10,10.0,0.0002,0.0001,hq_first,full,1,1608,K562,0.21813681349158287,0.011876596136062949,4,0.29453086853027344,0.01417985868271957,4,0.6146151983705073,0.03427817425439831,4,0.4896295971703485,0.026840175168028665,4,0.3683006695518284,0.039642235916545046,4,0.3786330869906792,0.04323151962110792,4,0.6313064694404602,0.03961756327894996,4,0.2416059374809265,0.001674226428308746,4,0.31918764114379883,0.0022556099216461474,4,0.4391689075736575,0.008346905584516087,4,0.3326512812447878,0.01069995646034557,4,0.18332739318246608,0.011507607604385385,4,0.19292158250406732,0.007345199819488058,4,0.7418458461761475,0.02296237195512591,4,0.20572802051901817,0.0016753952330914742,4,0.27056287974119186,0.0034997120323475915,4,0.4541245104186347,0.014786991417476374,4,0.3237215600580292,0.01949258169358694,4,0.17887592124238183,0.021339443091665355,4,0.20639306229935006,0.013442550374862697,4,0.5330331772565842,0.01815689848335021,4,3.25,0.49999999999999994,4,0.7418458461761475,0.02296237195512591,4,179761.0,0.0,4,3747661.0,0.0,4
B3_with_RC_weighted_bcap_10,10.0,0.0002,0.0001,hq_first,full,1,1608,SKNSH,0.22287201136350632,0.00446645750489948,4,0.2979760840535164,0.0069502803997244155,4,0.6059397362177641,0.0074568014875749,4,0.5027467406048445,0.01242923378547525,4,0.35351103588462723,0.007797723760579994,4,0.3672046668439723,0.00901723341792264,4,0.6460869014263153,0.007792878447990286,4,0.24201776459813118,0.0006515354277865985,4,0.32362983375787735,0.0016671396207442386,4,0.4118709821151128,0.009455927511859068,4,0.35411375963591324,0.01514172656590561,4,0.1604523955629554,0.008636700391760052,4,0.1697047668322997,0.007801406683005068,4,0.7627009302377701,0.02554179742145878,4,0.20252913609147072,0.0014748776273928186,4,0.2677738443017006,0.0020942298554380676,4,0.4606739178129382,0.007550786147226799,4,0.33431368534192585,0.008276380430686492,4,0.19578140878383463,0.012580340603916924,4,0.2122632193317026,0.006929133007227329,4,0.5220501720905304,0.013853617961148326,4,3.0,0.0,4,0.7627009302377701,0.02554179742145878,4,179761.0,0.0,4,3747661.0,0.0,4
B3_with_RC_weighted_bcap_10,10.0,0.0002,0.0001,hq_first,full,1,2411,HepG2,0.23939301073551178,0.014246164751185151,4,0.3169142082333565,0.016869644402497625,4,0.5662935670642998,0.05878810930931205,4,0.4354542546227412,0.05267129079251608,4,0.30790121239145213,0.07239735720532735,4,0.3232804354455313,0.06669210576653468,4,0.691811665892601,0.07236727593262723,4,0.241245299577713,0.002061466028878896,4,0.3217094987630844,0.0014146610993740723,4,0.41929816265406783,0.006907135063788464,4,0.33519942468032143,0.00877251968303525,4,0.17039063592492357,0.007297827588264196,4,0.17584673059116918,0.0058045145145650115,4,0.7115782648324966,0.013663353917201812,4,0.20182393491268158,0.0017249373703652167,4,0.26627402007579803,0.002478249934846858,4,0.4658693178654305,0.019087175149055998,4,0.34451389292890633,0.011546252305061205,4,0.20474993436121897,0.014757933966705826,4,0.2173074615197796,0.0178120986555743,4,0.4874351695179939,0.008279422984311533,4,2.5,0.5773502691896257,4,0.7115782648324966,0.013663353917201812,4,179761.0,0.0,4,3747661.0,0.0,4
B3_with_RC_weighted_bcap_10,10.0,0.0002,0.0001,hq_first,full,1,2411,K562,0.22943594306707382,0.003509672504371192,4,0.3056700974702835,0.004573069416262462,4,0.6057514311446333,0.009493385964263502,4,0.47054305624647597,0.007500063287212104,4,0.3574675104788948,0.010238145129160638,4,0.36700238961657117,0.011583032785542919,4,0.6422659307718277,0.010233881017019159,4,0.23726775869727135,0.002165442394360115,4,0.3154265582561493,0.0029281415383444983,4,0.4551567582090589,0.012126502289633195,4,0.3530931010264845,0.009819016464773669,4,0.2024385475227577,0.014823636845236236,4,0.20727796358671502,0.011015955300917046,4,0.6840325742959976,0.013910058924133812,4,0.20180119201540947,0.0012508167725506871,4,0.2660118415951729,0.0014425477071327813,4,0.4729945205459569,0.006807844065048817,4,0.3395946360022759,0.005267760140957645,4,0.20634925252618722,0.008597985645355579,4,0.22375857652211018,0.006396675096819023,4,0.48646367341279984,0.005027611822465646,4,3.0,0.0,4,0.6840325742959976,0.013910058924133812,4,179761.0,0.0,4,3747661.0,0.0,4
B3_with_RC_weighted_bcap_10,10.0,0.0002,0.0001,hq_first,full,1,2411,SKNSH,0.241498414427042,0.017468086054106036,4,0.3190034553408623,0.02077462778264838,4,0.5564022619139712,0.07436031580961794,4,0.4440302213401433,0.05228926308412695,4,0.29874727768632975,0.08212615164024165,4,0.313730569488463,0.08289639180768699,4,0.7009618282318115,0.08209204810364348,4,0.23972978070378304,0.0026972853475810505,4,0.3207300156354904,0.0027586470860541216,4,0.4251442000491764,0.013429073714957019,4,0.35364292958461285,0.01432815581010477,4,0.1754008743524477,0.014129705170907312,4,0.1808828458510854,0.01154192085822634,4,0.7071569859981537,0.007918983734548258,4,0.20050064474344254,0.0028180004400849604,4,0.2651011198759079,0.003990846536270377,4,0.4678399917980847,0.023075994941787255,4,0.34641363904704525,0.014389956343957473,4,0.21165768441988975,0.02373213702686992,4,0.21927363408254702,0.021580204058499607,4,0.4831254929304123,0.01002973903671135,4,2.5,0.5773502691896257,4,0.7071569859981537,0.007918983734548258,4,179761.0,0.0,4,3747661.0,0.0,4
B3_with_RC_weighted_bcap_10,10.0,0.0002,0.0001,hq_first,full,1,3215,HepG2,0.25168078020215034,0.012811624563652129,4,0.33089956641197205,0.013762926415336125,4,0.5320520904211341,0.05420364708381073,4,0.40940399676209466,0.0424034609403178,4,0.27197665709971824,0.05922855314051901,4,0.2852829534393885,0.06058774288530779,4,0.7277969270944595,0.059210117793124746,4,0.23978790268301964,0.0009967939419783568,4,0.3200899735093117,0.0009740354402697942,4,0.42728825387570535,0.006310374746319907,4,0.3470110275462292,0.006220881673651892,4,0.17872857494873565,0.005001241650491712,4,0.18260511752222844,0.005382320370715385,4,0.6801455467939377,0.004141862567758422,4,0.20022384449839592,0.001386180283298327,4,0.26373889297246933,0.0019302565940832379,4,0.4767034017024848,0.013073774499644109,4,0.35926421498736794,0.011650464800190519,4,0.21983990338974832,0.011429523163645493,4,0.22737432587947123,0.012378175976499777,4,0.46176448464393616,0.006764986289819919,4,2.25,0.5,4,0.6801455467939377,0.004141862567758422,4,179761.0,0.0,4,3747661.0,0.0,4
B3_with_RC_weighted_bcap_10,10.0,0.0002,0.0001,hq_first,full,1,3215,K562,0.2295592799782753,0.011370561862530652,4,0.30664312839508057,0.011310819144347036,4,0.6211897943794331,0.0336680561972692,4,0.4988116829218024,0.043826406877619295,4,0.3749723606082759,0.045227035426451644,4,0.3867269141472393,0.042959294418896656,4,0.6248332411050797,0.04521295793118493,4,0.23624610900878906,0.0009462843223039557,4,0.31455816328525543,0.0018439111032789277,4,0.457244356615387,0.007960760621166687,4,0.36194565101557086,0.002806688860777952,4,0.20685483115932127,0.009299134080462098,4,0.2091199319388698,0.007279499338659509,4,0.6568524092435837,0.007701189526237004,4,0.199699267745018,0.003275554162686188,4,0.26379431784152985,0.002991013158408101,4,0.4838675820977797,0.006564085518444218,4,0.35174071228995185,0.00858680588295889,4,0.21946810707789527,0.017701120780362203,4,0.23416015241917168,0.006368096023759111,4,0.4619845300912857,0.010477007538799325,4,3.25,0.5,4,0.6568524092435837,0.007701189526237004,4,179761.0,0.0,4,3747661.0,0.0,4
B3_with_RC_weighted_bcap_10,10.0,0.0002,0.0001,hq_first,full,1,3215,SKNSH,0.25320426374673843,0.014169292546845904,4,0.3319973796606064,0.015191799395596166,4,0.5303770887020558,0.06106301778257278,4,0.4229467013983553,0.05601108577442603,4,0.26693817247711604,0.0654635784148824,4,0.2840963753256045,0.0685004450360797,4,0.7328338027000427,0.0654432050390798,4,0.23900124430656433,0.00048622389543014245,4,0.3204970881342888,0.00039651010989571724,4,0.4261772828487229,0.005569856753638171,4,0.36283201432727696,0.007098536225089751,4,0.17664291677506513,0.0020366342481648735,4,0.18165034389451243,0.004775765062269987,4,0.681872770190239,0.0016867057543189048,4,0.1981443352997303,0.0019724141398274526,4,0.2624993920326233,0.002813288051548299,4,0.48301338728983584,0.013182701241028771,4,0.35902512849808893,0.007229728076974373,4,0.22712026850302885,0.01658255074802332,4,0.2334322700102086,0.012782349209179585,4,0.4574553295969963,0.009814946817816188,4,2.25,0.5,4,0.681872770190239,0.0016867057543189048,4,179761.0,0.0,4,3747661.0,0.0,4
B3_with_RC_weighted_bcap_10,10.0,0.0005,1e-05,hq_first,branched_only,1,161,HepG2,0.19976284354925156,0.009678248351988506,4,0.2724650427699089,0.004094829603084172,4,0.29395159767455675,0.042624787572917266,4,0.19761219302501237,0.038437104314817463,4,0.0543440359131363,0.05669226934967273,4,0.08777019616215173,0.02411255213351919,4,0.9397823214530945,0.05634008456422048,4,0.2506457529962063,0.0006331385553716562,4,0.3317541256546974,0.0007813158883448999,4,0.346635949500981,0.004044983176935213,4,0.3091662865806629,0.005464197501391993,4,0.11778584032296041,0.004158476147499157,4,0.1201687529031229,0.0028024032263887404,4,1.3936015367507935,0.08476401822499027,4,0.218762818723917,0.0010849418374469112,4,0.28592079132795334,0.0006100296510289208,4,0.30944630155921254,0.004311094777253034,4,0.27472517908480204,0.005144281376359132,4,0.08312346808004195,0.003909791832120092,4,0.09577095270230894,0.0026707281682301675,4,1.0352961719036102,0.066549661663132,4,3.0,1.1547005383792515,4,1.3936015367507935,0.08476401822499027,4,179761.0,0.0,4,179761.0,0.0,4
B3_with_RC_weighted_bcap_10,10.0,0.0005,1e-05,hq_first,branched_only,1,161,K562,0.19701987877488136,0.012479805270267924,4,0.2679256424307823,0.012731873452240156,4,0.32788394850381086,0.11121893796384699,4,0.25635566344213007,0.11084302808906708,4,0.08395332016531329,0.10009747205090262,4,0.11678512280780423,0.08210020520044796,4,0.9103569686412811,0.09947572419732867,4,0.24840259924530983,0.0033897192778366792,4,0.3277095556259155,0.004078478721371615,4,0.37521446304027073,0.030772855236560603,4,0.29635734518503515,0.031881753695466475,4,0.13906920995733518,0.021301785392759377,4,0.14149611973915643,0.023993445908010894,4,1.3603747189044952,0.09747144636586023,4,0.2124958075582981,0.0050942086277448615,4,0.28012198954820633,0.004369776106767319,4,0.3589930147761763,0.028835395795470488,4,0.28459531772566404,0.003824570688181174,4,0.11977934778185517,0.027250632698763756,4,0.12949959469609904,0.021523674624567484,4,0.9941598474979401,0.07566917837812276,4,9.0,12.675435561221029,4,1.3603747189044952,0.09747144636586023,4,179761.0,0.0,4,179761.0,0.0,4
B3_with_RC_weighted_bcap_10,10.0,0.0005,1e-05,hq_first,branched_only,1,161,SKNSH,0.197202879935503,0.012906397026727827,4,0.2667836621403694,0.011821122136980076,4,0.33255297322081423,0.10536278524847692,4,0.23558556248034812,0.11050118212305003,4,0.09219483673993584,0.09082251641032754,4,0.1189174673844911,0.07696255550391672,4,0.9021666795015335,0.09025841898575705,4,0.2507588006556034,0.0016673583631852645,4,0.3329019770026207,0.0021667790689279542,4,0.3371882490854552,0.015999317023916295,4,0.3078058538182724,0.0038327880148077715,4,0.11164589632231342,0.011532083845236919,4,0.11388789893023879,0.011022568618548745,4,1.4037882387638092,0.0973072832721667,4,0.21265263482928276,0.004662024529418666,4,0.2803206890821457,0.004586971599564902,4,0.3501255485619356,0.03499243986252605,4,0.2825719594582321,0.012003216268868494,4,0.11851398956134346,0.028634763186016234,4,0.12350625289144573,0.025705659370040764,4,0.9958166927099228,0.08026976449772137,4,9.0,12.027745701779143,4,1.4037882387638092,0.0973072832721667,4,179761.0,0.0,4,179761.0,0.0,4
B3_with_RC_weighted_bcap_10,10.0,0.0005,1e-05,hq_first,branched_only,1,322,HepG2,0.19400140270590782,0.006303817772004912,4,0.26076044887304306,0.009278406344428027,4,0.4135149190793211,0.08695374879992161,4,0.31017497040130665,0.06552045633313276,4,0.17020633521123982,0.07347236084225245,4,0.17666530412394738,0.064903575853602,4,0.8272166401147842,0.07324420265479638,4,0.2463652268052101,0.0029772076362027484,4,0.3269255459308624,0.0036041350311824013,4,0.3788527724010028,0.024842300904718086,4,0.3215306300331116,0.008184817804462223,4,0.14320507568606533,0.018958156814514477,4,0.14399227809160642,0.018420913102521707,4,1.2984532713890076,0.050579589329776485,4,0.20896966010332108,0.005544340574025764,4,0.2767292708158493,0.005454411597491089,4,0.382752278636288,0.0468430288334382,4,0.29729669200890296,0.013923192946003157,4,0.14087841830326955,0.03414075333665413,4,0.14814500881398837,0.03374105510765898,4,0.9307844340801239,0.05419676948904258,4,18.5,13.279056191361393,4,1.2984532713890076,0.050579589329776485,4,179761.0,0.0,4,179761.0,0.0,4
B3_with_RC_weighted_bcap_10,10.0,0.0005,1e-05,hq_first,branched_only,1,322,K562,0.194152120500803,0.0018338478991926442,4,0.2616710588335991,0.001713505361845346,4,0.4106705906776832,0.03497921006207149,4,0.2783226504321683,0.032895512570598535,4,0.1656478936245798,0.027614382882037342,4,0.1695679928999821,0.02839303251026118,4,0.8317609131336212,0.027528605084260308,4,0.24535801261663437,0.0009545480364094133,4,0.32444481551647186,0.0015207558730312035,4,0.40416017634269674,0.005787919011494415,4,0.32592720393320307,0.008066873998505444,4,0.156221534844887,0.007918857557106586,4,0.16337057314622241,0.0046722367426409945,4,1.2785677313804626,0.035600417913368806,4,0.2048589177429676,0.0015075281691013206,4,0.272931732237339,0.0024283925513887672,4,0.409219484760552,0.015926275214513105,4,0.31396015310391334,0.008534598659065843,4,0.16448979226371013,0.014803441874126345,4,0.16765082138934795,0.013264858570378906,4,0.9048908799886703,0.030934418008785623,4,19.25,3.5,4,1.2785677313804626,0.035600417913368806,4,179761.0,0.0,4,179761.0,0.0,4
B3_with_RC_weighted_bcap_10,10.0,0.0005,1e-05,hq_first,branched_only,1,322,SKNSH,0.19149687513709068,0.010833440038895852,4,0.2573025971651077,0.013472126586750325,4,0.44040260962010125,0.10227058993438293,4,0.32513080042434567,0.07770040579231668,4,0.19105201743453118,0.09799512791156928,4,0.2017989137343403,0.0796412335087689,4,0.806435689330101,0.09769081454904449,4,0.24706381559371948,0.0032808035002648414,4,0.3278111666440964,0.003996290127618693,4,0.37363779736155034,0.028570433168840458,4,0.3211947449965145,0.011821188317415942,4,0.13853924318149316,0.021119892756213128,4,0.14021740585578235,0.020581344347006238,4,1.3056238293647766,0.055919643927042795,4,0.20259137079119682,0.008722921635315859,4,0.2699474096298218,0.00848815491847385,4,0.42854111780448545,0.06318483678646088,4,0.31060537827792706,0.020408132075191134,4,0.18210385811097443,0.05216852924746617,4,0.18664173234891665,0.050241982986856816,4,0.8864067941904068,0.07303649106218832,4,32.0,23.692474191889147,4,1.3056238293647766,0.055919643927042795,4,179761.0,0.0,4,179761.0,0.0,4
B3_with_RC_weighted_bcap_10,10.0,0.0005,1e-05,hq_first,branched_only,1,643,HepG2,0.19999895989894867,0.0031037430951090677,4,0.26901504397392273,0.004102420478377606,4,0.4624564513867835,0.04035753495647346,4,0.3196694130337353,0.031110907769056804,4,0.2127873231168324,0.03416338113169972,4,0.21508751740007867,0.03572106205015185,4,0.7859883904457092,0.03411032882003972,4,0.24445106834173203,0.000686892740064583,4,0.3250036910176277,0.0008828048620599732,4,0.3929539834472861,0.005557309359157685,4,0.3263849697725537,0.009561229613694374,4,0.1533214184032994,0.004598054670668561,4,0.15443599587257503,0.004371777395248828,4,1.1468851566314697,0.02912164133768503,4,0.20220660418272018,0.002340971420989339,4,0.2678529992699623,0.003541691848704128,4,0.4435412690623818,0.02304975720258698,4,0.3301939984476199,0.003553877869688746,4,0.19523724099159992,0.02135812694133253,4,0.19712732584179182,0.020127115660998483,4,0.779229149222374,0.033160484717573366,4,19.0,6.831300510639732,4,1.1468851566314697,0.02912164133768503,4,179761.0,0.0,4,179761.0,0.0,4
B3_with_RC_weighted_bcap_10,10.0,0.0005,1e-05,hq_first,branched_only,1,643,K562,0.20494746044278145,0.0020513649233116276,4,0.27505434304475784,0.003705081730474172,4,0.42217687108944923,0.016035725934745178,4,0.2786552397118694,0.009542466211447715,4,0.1774946481333604,0.013562662323750902,4,0.17842616886256812,0.013586417434684873,4,0.821226179599762,0.013541609242079037,4,0.24421020969748497,0.00033473090401650536,4,0.3233315944671631,0.0009245365534859186,4,0.40423191512924395,0.006066159044357538,4,0.33444559740846663,0.007099369663366095,4,0.16201058625218964,0.004794709851905685,4,0.1634310399232199,0.004891469484098542,4,1.135067105293274,0.026214821950764477,4,0.20262401551008224,0.00032517750807816456,4,0.2697856202721596,0.0005292976393982492,4,0.4306928042167175,0.0020235803680076223,4,0.31712475239278054,0.004534359363759353,4,0.18368692336121842,0.003203737490958847,4,0.1854993627621891,0.0017430599477844897,4,0.7901826500892639,0.013969937526395146,4,10.25,0.5000000000000001,4,1.135067105293274,0.026214821950764477,4,179761.0,0.0,4,179761.0,0.0,4
B3_with_RC_weighted_bcap_10,10.0,0.0005,1e-05,hq_first,branched_only,1,643,SKNSH,0.2015763707458973,0.002587938439043862,4,0.27095623314380646,0.004812361275081676,4,0.45073372320782434,0.03037562892849051,4,0.3068479768808305,0.027989749027863917,4,0.20164391481771277,0.026899465042411832,4,0.20385289836138862,0.02733513674536516,4,0.7971144765615463,0.02685758886071188,4,0.24449177086353302,0.0008912023060483746,4,0.32515059411525726,0.0012088002020928979,4,0.39102766804956485,0.008771289470361413,4,0.33354104739436596,0.009452833241547432,4,0.15255173096954983,0.00629120317536014,4,0.15296033881951032,0.006924491064316539,4,1.1479702293872833,0.031769084699236776,4,0.19976986944675446,0.0013004132334959004,4,0.2656871974468231,0.0016910197134406483,4,0.4564776734049387,0.010971440876519406,4,0.3221495510768795,0.004517879860188526,4,0.20827866338259074,0.010076608795710904,4,0.20846214570336613,0.01002233696337731,4,0.7664285004138947,0.019459903929815905,4,20.25,5.560275772537426,4,1.1479702293872833,0.031769084699236776,4,179761.0,0.0,4,179761.0,0.0,4
B3_with_RC_weighted_bcap_10,10.0,0.0005,1e-05,hq_first,branched_only,1,1125,HepG2,0.241557776927948,0.002478659842979172,4,0.32052280753850937,0.0025996310158467955,4,0.4161318971707438,0.02207346958945039,4,0.3003423196152438,0.02815542704836415,4,0.17148061714481197,0.017618692911142958,4,0.17353118438770979,0.018040952719580092,4,0.8277829438447952,0.01760311677445096,4,0.24402505904436111,0.001158673553496795,4,0.32562965154647827,0.0014961147626039802,4,0.3887478447119886,0.010054956458688983,4,0.3148918848360876,0.010725895076780782,4,0.15004807832016748,0.007810668296085441,4,0.15120071338025598,0.007820982304594758,4,0.8543878942728043,0.017303388655215055,4,0.20112886279821396,0.0008097476962156889,4,0.2673123925924301,0.0012525559042121217,4,0.4469945257249356,0.008011888289910733,4,0.3414962572613054,0.01178484056968217,4,0.19857434936777726,0.00749984629534391,4,0.1998522487935376,0.007191629026172848,4,0.5756884962320328,0.00439369858527201,4,9.25,1.2583057392117913,4,0.8543878942728043,0.017303388655215055,4,179761.0,0.0,4,179761.0,0.0,4
B3_with_RC_weighted_bcap_10,10.0,0.0005,1e-05,hq_first,branched_only,1,1125,K562,0.2445630580186844,0.0014625169194874255,4,0.32378438860177994,0.003231186191512465,4,0.39377086011625084,0.03112217223153551,4,0.27452615198246566,0.039824488085628544,4,0.15440337652103497,0.025585288970417775,4,0.155781932479999,0.024889586187739406,4,0.8448449969291687,0.0255625899641188,4,0.24365191161632538,0.0006912370795617928,4,0.32353363931179047,0.0009747329217490046,4,0.40733194397873007,0.004460930348543878,4,0.3226308751529914,0.007138187211271242,4,0.16096235786944624,0.00505961212184648,4,0.16593423751017222,0.0036336544360195274,4,0.8433767557144165,0.013009817773429433,4,0.20208730921149254,0.0009007566993960533,4,0.269277423620224,0.0017445587421734046,4,0.4360618876755518,0.014866911088060115,4,0.322678237143224,0.013950105385665742,4,0.18673614784807926,0.010536743383365958,4,0.1903157386671408,0.012965674593574963,4,0.5842429250478745,0.011210607270575632,4,7.25,3.8622100754188224,4,0.8433767557144165,0.013009817773429433,4,179761.0,0.0,4,179761.0,0.0,4
B3_with_RC_weighted_bcap_10,10.0,0.0005,1e-05,hq_first,branched_only,1,1125,SKNSH,0.24188440293073654,0.0024295274407257514,4,0.32003021985292435,0.0022645353201261164,4,0.4184225411178677,0.01578990475849306,4,0.29819499720102477,0.026567030089811674,4,0.17408916511526776,0.011990305601826375,4,0.17526441373474538,0.013158655213228511,4,0.8251767009496689,0.011979738786806889,4,0.2443830817937851,0.001059696696816,4,0.3258400857448578,0.0016304399426315074,4,0.38728693301711564,0.011347296451307949,4,0.3205682330861462,0.0044788366889235475,4,0.14894667151828045,0.00852866084624325,4,0.15008773933836922,0.008715423919006548,4,0.8554762154817581,0.0164437691597291,4,0.1989719606935978,0.001232372309431898,4,0.26477861404418945,0.0013818705078636896,4,0.46404381677120526,0.007725707584363142,4,0.33202537361723017,0.011798873195084464,4,0.21369217307009442,0.008205695559918626,4,0.21538142880184724,0.00718082316883678,4,0.5648150593042374,0.0020910651900643137,4,14.25,1.5,4,0.8554762154817581,0.0164437691597291,4,179761.0,0.0,4,179761.0,0.0,4
B3_with_RC_weighted_bcap_10,10.0,0.0005,1e-05,hq_first,branched_only,1,1608,HepG2,0.2598903253674507,0.004923971608018139,4,0.3412155210971832,0.006805094445085788,4,0.3910833583358468,0.01868341488649326,4,0.29223715156169117,0.02179122658759314,4,0.15214681033467575,0.013365729829013406,4,0.15320799566110999,0.014952839453574696,4,0.847325935959816,0.013357387909635298,4,0.2436843439936638,0.0010127117504602262,4,0.3246987909078598,0.0005997381566205005,4,0.39667476637805826,0.005948245694052226,4,0.31931635802782216,0.01250341126788195,4,0.1549117846475458,0.003123714515661713,4,0.1573774065012147,0.004706031101555154,4,0.7678361535072327,0.02860875858447261,4,0.2030104175209999,0.00236020387993848,4,0.2693104147911072,0.0028908598341055546,4,0.4370425969632671,0.01946749365405045,4,0.333149673942864,0.016333573110298823,4,0.18649219734668812,0.017370511852020147,4,0.1912904690422746,0.017389859129792393,4,0.5283246040344238,0.024602264803556973,4,7.0,4.0,4,0.7678361535072327,0.02860875858447261,4,179761.0,0.0,4,179761.0,0.0,4
B3_with_RC_weighted_bcap_10,10.0,0.0005,1e-05,hq_first,branched_only,1,1608,K562,0.2623744383454323,0.005096981347637357,4,0.34418636560440063,0.008382944470927368,4,0.3722867876998867,0.013764981971951118,4,0.27428221890974697,0.006251516870260601,4,0.13748218320655226,0.010309723136614084,4,0.1387395583424166,0.010286456517174128,4,0.8619814366102219,0.01030326708376547,4,0.24429278448224068,0.0010683198208338274,4,0.3232259452342987,0.000640582168503499,4,0.40941807143487297,0.004947269062111109,4,0.3272693961847079,0.008035062065154652,4,0.1625608000957046,0.0033163848949502067,4,0.16764151382083045,0.004051002576412355,4,0.760835587978363,0.026507363106084002,4,0.20336315780878067,0.00215039309683298,4,0.2703186720609665,0.0029841985251982967,4,0.42821790593581244,0.018795545654251938,4,0.3128464804154242,0.007261364298647991,4,0.1803854564250472,0.018103995036552686,4,0.1836355293663831,0.016078195871392528,4,0.5320100635290146,0.014811363558169272,4,4.25,0.9574271077563382,4,0.760835587978363,0.026507363106084002,4,179761.0,0.0,4,179761.0,0.0,4
B3_with_RC_weighted_bcap_10,10.0,0.0005,1e-05,hq_first,branched_only,1,1608,SKNSH,0.26069384068250656,0.005526556789412068,4,0.34134045243263245,0.008107797746310569,4,0.3904276975524644,0.01416647933087122,4,0.28707731467207664,0.006265933984664577,4,0.1516628185006059,0.01072066899459786,4,0.15258430386859265,0.011131606417809173,4,0.8478095978498459,0.010713940309202957,4,0.24373622611165047,0.0015252154707078225,4,0.3248949572443962,0.001049301882271862,4,0.3970087834991488,0.007142188106143785,4,0.3366189222949282,0.008930765163234234,4,0.15388590000512575,0.005467363710612113,4,0.15765423231368167,0.00562254454048517,4,0.7687829434871674,0.029378764751272216,4,0.20017389953136444,0.0014429963533275094,4,0.266374334692955,0.0018616603353110387,4,0.4564295808543811,0.01119121212703709,4,0.3348722150445379,0.0058200920899665436,4,0.20417317363924256,0.011099248261727623,4,0.20842189470056027,0.010236771918150782,4,0.5166026800870895,0.01322461789983687,4,8.75,3.095695936834452,4,0.7687829434871674,0.029378764751272216,4,179761.0,0.0,4,179761.0,0.0,4
B3_with_RC_weighted_bcap_10,10.0,0.0005,1e-05,hq_first,branched_only,1,2411,HepG2,0.27118968218564987,0.0019929811058440037,4,0.35366928577423096,0.0031106337914729733,4,0.37658341554547486,0.007485707375181892,4,0.2762592875955604,0.0077234002332006255,4,0.1398078116714825,0.004886871475274722,4,0.14185709572507596,0.005642386760631952,4,0.8598353415727615,0.004884782595921574,4,0.2428121455013752,0.000827691581061866,4,0.32410960644483566,0.0006333309522742965,4,0.3990545480468686,0.004570934266281504,4,0.33051092785368597,0.005324056450501768,4,0.15797568972310677,0.0032932966818665058,4,0.15926020239694053,0.0036282527307346583,4,0.7222092151641846,0.011279366039688248,4,0.20162609219551086,0.001392137903097679,4,0.2679529935121536,0.00121382935748105,4,0.44273160430061775,0.008068229527501924,4,0.34028123320394943,0.007380620801897345,4,0.19472946370189348,0.007283408700467007,4,0.1960600956923801,0.007204928258722451,4,0.4936058670282364,0.006628506709234112,4,3.75,0.49999999999999994,4,0.7222092151641846,0.011279366039688248,4,179761.0,0.0,4,179761.0,0.0,4
B3_with_RC_weighted_bcap_10,10.0,0.0005,1e-05,hq_first,branched_only,1,2411,K562,0.2715512812137604,0.002109356211681217,4,0.3543347492814064,0.0020777288267870876,4,0.3697389986040704,0.018041460449094528,4,0.272295537746934,0.018428673541056442,4,0.13647845670434863,0.012833751799363125,4,0.13695104781009296,0.013485059360108536,4,0.8631633073091507,0.012828403328711754,4,0.24327370524406433,0.0009152502133718682,4,0.3231058567762375,0.0008244914252831298,4,0.408901193797774,0.0053960716540886215,4,0.33501979176601226,0.003016106153389792,4,0.16318135666958428,0.004267254954543874,4,0.16722202448121676,0.0044194923764177005,4,0.7177077084779739,0.007840182879787558,4,0.20218445360660553,0.0019215133007922328,4,0.2689390182495117,0.002175269150109857,4,0.44025178773406015,0.014629782236170433,4,0.3286474439534848,0.012216805301356848,4,0.18876471367834155,0.013118287682183304,4,0.1939821594992443,0.012811202976134577,4,0.4973723739385605,0.015322293872710228,4,4.5,3.1091263510296048,4,0.7177077084779739,0.007840182879787558,4,179761.0,0.0,4,179761.0,0.0,4
B3_with_RC_weighted_bcap_10,10.0,0.0005,1e-05,hq_first,branched_only,1,2411,SKNSH,0.2712116315960884,0.003217435123596906,4,0.35300491005182266,0.005046952974022171,4,0.3799088237719549,0.019606411057326648,4,0.28344183465726447,0.01463741301122753,4,0.14304243523216967,0.014070080810438384,4,0.14461902289570192,0.014903025154433279,4,0.8566020876169205,0.014064192466541319,4,0.2431972324848175,0.0005327430954105029,4,0.32436056435108185,0.0005418840372399598,4,0.39881842386120636,0.0040167395740449,4,0.3379743773510938,0.0040886513398693276,4,0.15667189502591405,0.0028177614858412446,4,0.15906823585874114,0.003193936492253995,4,0.7233499139547348,0.013010895649528648,4,0.20023736730217934,0.001382196307674257,4,0.2662684768438339,0.001987366887600493,4,0.45553782759765293,0.012009679470288111,4,0.3418651140334216,0.007345288152656544,4,0.20480148031477627,0.011869739128495071,4,0.20762288667312329,0.01095132082353367,4,0.4873891547322273,0.0045160718454833795,4,6.5,2.516611478423583,4,0.7233499139547348,0.013010895649528648,4,179761.0,0.0,4,179761.0,0.0,4
B3_with_RC_weighted_bcap_10,10.0,0.0005,1e-05,hq_first,branched_only,1,3215,HepG2,0.2792313024401665,0.001162785661632322,4,0.36287229508161545,0.001541196331475621,4,0.35700204289155685,0.009075231422141884,4,0.2734043342675159,0.006050751388953218,4,0.12561380250081972,0.007428352417806477,4,0.12751222849776905,0.0064853795530866835,4,0.8741142600774765,0.007426027960811546,4,0.24302642792463303,0.0006113194634749415,4,0.32387541234493256,0.0007961860856370402,4,0.40194913661413784,0.005865767099262067,4,0.3371934277923195,0.007273326375646755,4,0.15919071552559752,0.004133350543873234,4,0.16158891384259794,0.00470259693287726,4,0.6963260024785995,0.00342307643258021,4,0.20286904647946358,0.001549544792965639,4,0.26902811229228973,0.0018900885492594743,4,0.43688992378150243,0.012137439786702947,4,0.34462513732094024,0.010551775450350775,4,0.1882369207412416,0.011410606983544494,4,0.19098329358523886,0.010603775839605936,4,0.4804697781801224,0.006753792109491892,4,2.75,0.9574271077563381,4,0.6963260024785995,0.00342307643258021,4,179761.0,0.0,4,179761.0,0.0,4
B3_with_RC_weighted_bcap_10,10.0,0.0005,1e-05,hq_first,branched_only,1,3215,K562,0.27947694063186646,0.0017720922546038166,4,0.36328089982271194,0.00230098004804894,4,0.3531947925637933,0.016872513762569347,4,0.26749246478239513,0.011482398913655177,4,0.12362899792613166,0.011122763504514174,4,0.12496007278468205,0.01177664264098949,4,0.8760984241962433,0.01111931034984401,4,0.24350405111908913,0.0011857330320965834,4,0.3234914243221283,0.0005646506761639239,4,0.40746917832926755,0.004425262239759225,4,0.3387145879474916,0.006563165386590086,4,0.16118516459371585,0.0029263764099339918,4,0.16604581849774638,0.0035915860504680736,4,0.6946743130683899,0.002423470191484473,4,0.20190835744142532,0.0021570754503180394,4,0.26861313730478287,0.002825582718491103,4,0.4404724786186389,0.019408468122685908,4,0.33765636235563057,0.020359955209764528,4,0.19070208550155,0.017045790755686782,4,0.1942985208965993,0.016862423397438535,4,0.4790107160806656,0.010089108542557035,4,2.75,1.5,4,0.6946743130683899,0.002423470191484473,4,179761.0,0.0,4,179761.0,0.0,4
B3_with_RC_weighted_bcap_10,10.0,0.0005,1e-05,hq_first,branched_only,1,3215,SKNSH,0.27803388983011246,0.001428577736057979,4,0.36094022542238235,0.0016342608010354754,4,0.36921733456596084,0.01241892569879003,4,0.28460979647792317,0.009311045782590593,4,0.13489860534843978,0.007832422784435963,4,0.1364371124306267,0.009222253112703046,4,0.8648322969675064,0.007829935652497077,4,0.2421352006494999,0.00041988423976747154,4,0.3241332620382309,0.0008002082003916799,4,0.39916774700237934,0.0062302611374757625,4,0.3415824845863287,0.0032231160523565876,4,0.15785136347030254,0.004161639829931414,4,0.1593640023623364,0.00493765136116024,4,0.6974351853132248,0.00344649875850193,4,0.19978419691324234,0.0003606779535812054,4,0.2656330019235611,0.0008039630496131824,4,0.45926138520276555,0.00541007998152065,4,0.3448962198313261,0.00674827428836443,4,0.2086202184726204,0.004795200044919447,4,0.21094297166241785,0.004941705369292354,4,0.46840523183345795,0.0028382206193223788,4,6.0,2.160246899469287,4,0.6974351853132248,0.00344649875850193,4,179761.0,0.0,4,179761.0,0.0,4
B3_with_RC_weighted_bcap_10,10.0,0.0005,1e-05,hq_first,conv3_plus,1,161,HepG2,0.18704745918512344,0.01790138145810804,4,0.25551119074225426,0.017796186500662645,4,0.41270038220279504,0.1693357226424828,4,0.3039426262401068,0.15543873115362422,4,0.16030398933352857,0.1639768156833392,4,0.191827545692472,0.13867809223387298,4,0.8344805091619492,0.1629582717547703,4,0.2482907809317112,0.0021265983425596867,4,0.3288588225841522,0.0027751088724078388,4,0.36642181225283355,0.01977582412185503,4,0.31052657968177505,0.004586915476069216,4,0.13307458300282587,0.01462803671820489,4,0.1345582569094247,0.014521494253804614,4,1.3706072866916656,0.10786718254517559,4,0.21445003896951675,0.00487149702423283,4,0.28135326504707336,0.004987011575194204,4,0.3486355178718711,0.0422511422404512,4,0.28495623113320356,0.007814157083419176,4,0.11197714739153436,0.03145439295916338,4,0.12288559358725488,0.029458927911484706,4,1.0040648132562637,0.09489964672791992,4,12.75,12.737739202856996,4,1.3706072866916656,0.10786718254517559,4,179761.0,0.0,4,3063361.0,0.0,4
B3_with_RC_weighted_bcap_10,10.0,0.0005,1e-05,hq_first,conv3_plus,1,161,K562,0.19034520536661148,0.015306156342810798,4,0.25937221199274063,0.016957654190688717,4,0.3878187573077617,0.1575824368995025,4,0.30036641659977276,0.13164696969063774,4,0.13677937071707089,0.1507085201811269,4,0.16902755683412582,0.12589939539747988,4,0.8578589856624603,0.14977242204248792,4,0.2475108504295349,0.0035664722146931368,4,0.3263617530465126,0.0039941319854798485,4,0.38406171763807495,0.02576826869110099,4,0.30229632556897257,0.02694594991342327,4,0.1461395963951014,0.020829561381548966,4,0.148001405708611,0.020133768978298546,4,1.3499102890491486,0.10880771973689055,4,0.21101946756243706,0.005192638871693885,4,0.27861278504133224,0.004615597569531906,4,0.3731463989323853,0.030793804820036113,4,0.2911171098253115,0.008450128780913226,4,0.12921816268272246,0.028853576186511735,4,0.1399494288476777,0.023009648223034158,4,0.9845914840698242,0.09246817555181547,4,10.75,10.30776406404415,4,1.3499102890491486,0.10880771973689055,4,179761.0,0.0,4,3063361.0,0.0,4
B3_with_RC_weighted_bcap_10,10.0,0.0005,1e-05,hq_first,conv3_plus,1,161,SKNSH,0.19420288875699043,0.017539696030802916,4,0.26267189159989357,0.017811409302662652,4,0.35881960688384684,0.14321729253072565,4,0.25707198310040846,0.13794222514035662,4,0.1182043091909748,0.12277740566325324,4,0.14413490494415196,0.11971590034046878,4,0.8763187229633331,0.1220148394684185,4,0.25064703822135925,0.00168043465519101,4,0.3326040729880333,0.0023608695902206027,4,0.3390025403189831,0.017609422753564863,4,0.3059906980767646,0.002192847879620779,4,0.11322979236494876,0.012550134669627365,4,0.11515529117000908,0.012217952303981176,4,1.4013402163982391,0.09854638186476433,4,0.21251936629414558,0.004883573777780913,4,0.2800431028008461,0.004920457938758693,4,0.35169878018111117,0.03797394917752845,4,0.2831737359712006,0.009988407268148241,4,0.12023192090568696,0.030649762831003537,4,0.1247735475929847,0.028142118155863233,4,0.9938395023345947,0.0805253928299719,4,7.25,9.17877987534291,4,1.4013402163982391,0.09854638186476433,4,179761.0,0.0,4,3063361.0,0.0,4
B3_with_RC_weighted_bcap_10,10.0,0.0005,1e-05,hq_first,conv3_plus,1,322,HepG2,0.18334300071001053,0.00569098930712262,4,0.2468617670238018,0.004678996164290814,4,0.5108609820170973,0.038542718816139486,4,0.370476366080704,0.03127419358915531,4,0.2571774418695433,0.03788553799979303,4,0.2620930988277779,0.03876199789147893,4,0.7405156046152115,0.037767903098136935,4,0.24518056213855743,0.001529752582996612,4,0.32570428401231766,0.0018510782722934243,4,0.3894362853069243,0.01251581849176967,4,0.32726649302649685,0.01140300806465271,4,0.1496512909140533,0.009660125045427854,4,0.15177810459804536,0.009787524259788587,4,1.2884632050991058,0.033730889257584266,4,0.20739749819040298,0.0021932379389534916,4,0.2742893025279045,0.002153798788516853,4,0.40814724867205315,0.01466105798397584,4,0.2974711486606272,0.01819948949945968,4,0.15616849154555779,0.013200399774626403,4,0.1667453865644739,0.012143714307938683,4,0.9138497710227966,0.02806380691497715,4,19.0,4.08248290463863,4,1.2884632050991058,0.033730889257584266,4,179761.0,0.0,4,3063361.0,0.0,4
B3_with_RC_weighted_bcap_10,10.0,0.0005,1e-05,hq_first,conv3_plus,1,322,K562,0.18483492732048035,0.002085256728597381,4,0.24856430664658546,0.0033994444317435773,4,0.5024805336550016,0.01336381719854252,4,0.3468607685225668,0.0364108298027987,4,0.24737986855145305,0.017166146973545494,4,0.2526206304098022,0.013403328317959463,4,0.7502827197313309,0.01711284902187792,4,0.24381886050105095,0.00127748240660697,4,0.3230019062757492,0.0012015669502808512,4,0.408041203742148,0.00867681235457884,4,0.3237900212935013,0.01103782952257389,4,0.16371507381348194,0.006220576493149845,4,0.16655408925581852,0.007072448752847957,4,1.2670298516750336,0.02388249006512437,4,0.2019134685397148,0.0016990228857549795,4,0.26987242698669434,0.001683666639141135,4,0.4344528248726563,0.005202172683824235,4,0.31368191637925447,0.008100107509433832,4,0.18314005545989234,0.010222983222138635,4,0.1887695539903052,0.004494247399994531,4,0.8844449669122696,0.0143666062964381,4,19.0,6.377042156569663,4,1.2670298516750336,0.02388249006512437,4,179761.0,0.0,4,3063361.0,0.0,4
B3_with_RC_weighted_bcap_10,10.0,0.0005,1e-05,hq_first,conv3_plus,1,322,SKNSH,0.18254175037145615,0.007577187322189244,4,0.24729669466614723,0.006042136414887264,4,0.506043854468645,0.043604657315488606,4,0.3860073340081073,0.05948099765369916,4,0.2544115248817004,0.04417662799162255,4,0.25750640725018403,0.04528172194189738,4,0.7432729452848434,0.04403939832158102,4,0.24598203599452972,0.0005337895079067421,4,0.3263290748000145,0.0008070346315119345,4,0.38559426344789105,0.0057666515436664186,4,0.3299151064729774,0.010611444183725137,4,0.1464025237772423,0.004219546785340606,4,0.14870787670644117,0.004459784628651953,4,1.2934470474720001,0.03431768124657068,4,0.2018333487212658,0.002000348415004023,4,0.2688388451933861,0.0020268804018617834,4,0.4402732066900227,0.014047050264824246,4,0.30963434189113453,0.013066765396079531,4,0.18937411959023565,0.012219194852052785,4,0.19398848624497228,0.01234624613401638,4,0.8780372142791748,0.03253757946324562,4,24.0,10.23067283548187,4,1.2934470474720001,0.03431768124657068,4,179761.0,0.0,4,3063361.0,0.0,4
B3_with_RC_weighted_bcap_10,10.0,0.0005,1e-05,hq_first,conv3_plus,1,643,HepG2,0.19419146329164505,0.005673706891136279,4,0.26130781322717667,0.0073840892163525235,4,0.5077190787242796,0.04912773593381373,4,0.3555412063644464,0.049512339601086156,4,0.25683049740379854,0.04966766718407125,4,0.25958881372911813,0.04988708776682784,4,0.7420137226581573,0.049590429806232704,4,0.24428648129105568,0.001455740708923547,4,0.3249795213341713,0.0007319805556107344,4,0.3927119906335213,0.005060722229018109,4,0.327575938586529,0.0044735357782001535,4,0.15344883219007613,0.0038148679400353716,4,0.15424191576945237,0.003964761994230067,4,1.1466569602489471,0.025775032320789436,4,0.20348778367042542,0.0010596121016616528,4,0.26975588500499725,0.001782063912285147,4,0.4350398426270248,0.010583982034301281,4,0.3249286004269936,0.0038119367634906866,4,0.1838425541652336,0.010792702224755014,4,0.1893436801797233,0.009189383071349455,4,0.7900405377149582,0.017669609389761323,4,13.0,4.69041575982343,4,1.1466569602489471,0.025775032320789436,4,179761.0,0.0,4,3063361.0,0.0,4
B3_with_RC_weighted_bcap_10,10.0,0.0005,1e-05,hq_first,conv3_plus,1,643,K562,0.20145251601934433,0.00151602777547006,4,0.2702169269323349,0.0014259606069470857,4,0.45445031956165527,0.025245724264403593,4,0.29887790512347334,0.0182075044660118,4,0.2059079725409993,0.023097259390970383,4,0.20700310289491633,0.023149716717880867,4,0.7928570508956909,0.023061409668700905,4,0.24361860379576683,0.0011635039532451427,4,0.3230697140097618,0.0006243375053362295,4,0.4065120817086683,0.002386052198800329,4,0.33102022475128284,0.009668457970963258,4,0.16337025694793947,0.0032333532930104774,4,0.1652563425089366,0.0019409181190097279,4,1.1332367956638336,0.026433066955954487,4,0.20210328325629234,0.0007806285976622199,4,0.26919057965278625,0.0013314374421141645,4,0.4358327558762349,0.010992917849327252,4,0.32158437651524296,0.002790288899047039,4,0.18727127462987253,0.00802389994584412,4,0.1900408242768053,0.009695840295820943,4,0.7868443578481674,0.022655816334308264,4,8.25,2.5,4,1.1332367956638336,0.026433066955954487,4,179761.0,0.0,4,3063361.0,0.0,4
B3_with_RC_weighted_bcap_10,10.0,0.0005,1e-05,hq_first,conv3_plus,1,643,SKNSH,0.19289251416921616,0.001057981274531677,4,0.25940297544002533,0.0019766277424225908,4,0.5210137405631274,0.01694228316153327,4,0.36036817999013404,0.010908703238325332,4,0.2683215691787937,0.015569092359481507,4,0.27167059857462605,0.017527721818893748,4,0.730540543794632,0.015544899522623756,4,0.24374352023005486,0.0008215573867671193,4,0.32493991404771805,0.001297158003226561,4,0.392317920315105,0.008366373383865864,4,0.3290139869011096,0.00411112565241137,4,0.15364820734722887,0.0067446152942854,4,0.15396584775306774,0.0066266477971565615,4,1.1464821100234985,0.031736836899698855,4,0.19804712012410164,0.0010349152418628075,4,0.2641841918230057,0.0010055731615884276,4,0.4679534049747648,0.00606654897687539,4,0.3228441319669446,0.006108707504775249,4,0.2172262674695316,0.0059682981780274395,4,0.21900799148984285,0.005652862835348427,4,0.7576774805784225,0.011182493145686853,4,16.25,2.9860788111948193,4,1.1464821100234985,0.031736836899698855,4,179761.0,0.0,4,3063361.0,0.0,4
B3_with_RC_weighted_bcap_10,10.0,0.0005,1e-05,hq_first,conv3_plus,1,1125,HepG2,0.23666557297110558,0.0057193292490139895,4,0.31411586701869965,0.006587207816889159,4,0.4515443004454383,0.03969307733745845,4,0.3303747568493725,0.036196746634574464,4,0.20406939100192983,0.03451779084775624,4,0.20507391055614835,0.03562817617370887,4,0.7952231019735336,0.03448713561771616,4,0.24310288205742836,0.0011660007824810543,4,0.3245092183351517,0.001609264905680426,4,0.3962497388778269,0.0103463281418988,4,0.31707372019306,0.00911282672855152,4,0.15588488874216413,0.008371378958447782,4,0.15709414044026088,0.008197119790534627,4,0.8485058695077896,0.016483520781251197,4,0.2025984711945057,0.000913455918658792,4,0.2684362605214119,0.0017460982409543007,4,0.44602992630828964,0.011505829623116368,4,0.3270662070727657,0.007958100512090406,4,0.19180890376825135,0.010507715579744331,4,0.19904198324906544,0.010301641250452756,4,0.5805308371782303,0.004466018778984891,4,8.25,2.629955639676583,4,0.8485058695077896,0.016483520781251197,4,179761.0,0.0,4,3063361.0,0.0,4
B3_with_RC_weighted_bcap_10,10.0,0.0005,1e-05,hq_first,conv3_plus,1,1125,K562,0.24073005467653275,0.0022878439857966486,4,0.31895585358142853,0.00392958477790983,4,0.4241266891783968,0.035520205836181463,4,0.2918974661160733,0.041190216916166665,4,0.1793580096102099,0.02930931777934531,4,0.18082971224041192,0.03028099886961435,4,0.8199125230312347,0.02928335231754265,4,0.24259259924292564,0.0011768409542610978,4,0.3227714076638222,0.0005163500003021313,4,0.4078317406121933,0.0025599663661192555,4,0.3256170844257291,0.006359831616050607,4,0.16491527571970552,0.00267372584994188,4,0.16633164372161807,0.0020863954379492797,4,0.8394072204828262,0.012534573735473717,4,0.2006521187722683,0.0008391906717251096,4,0.2672035023570061,0.0010728519425573673,4,0.4496641970368127,0.007231121622282832,4,0.32031226590417416,0.012929161240026433,4,0.1992306326575094,0.006432060536104667,4,0.20223710693669872,0.006512978841361161,4,0.5752663612365723,0.009291750580074415,4,6.0,2.0,4,0.8394072204828262,0.012534573735473717,4,179761.0,0.0,4,3063361.0,0.0,4
B3_with_RC_weighted_bcap_10,10.0,0.0005,1e-05,hq_first,conv3_plus,1,1125,SKNSH,0.2377932406961918,0.005232613082131027,4,0.31509922444820404,0.006087578424590458,4,0.44960406468419334,0.02679926086780029,4,0.31660376622104286,0.020873404014887992,4,0.1993212153709243,0.024304570583410522,4,0.20268246526784361,0.024805568652805813,4,0.7999671101570129,0.024283006035912092,4,0.24335628002882004,0.0011684510260893323,4,0.32460440695285797,0.0018569863204272227,4,0.3944971796130221,0.01243848575218878,4,0.32759506832545543,0.0032450574853534406,4,0.15538443384275474,0.00967405489039768,4,0.1557440616684846,0.009756874528002831,4,0.8490314334630966,0.018636110435548477,4,0.1982417292892933,0.0015908763364842718,4,0.2645566910505295,0.0018121797578241877,4,0.4642713200520966,0.01146260109988017,4,0.326130612109114,0.00468217180497888,4,0.21499817228744603,0.010756698071766772,4,0.21564640204089758,0.010630681500820107,4,0.5638656467199326,0.0035137628232836363,4,9.0,3.559026084010437,4,0.8490314334630966,0.018636110435548477,4,179761.0,0.0,4,3063361.0,0.0,4
B3_with_RC_weighted_bcap_10,10.0,0.0005,1e-05,hq_first,conv3_plus,1,1608,HepG2,0.25333673506975174,0.009548841660293515,4,0.33289750665426254,0.012178840192623525,4,0.4407273864010359,0.04695790059543271,4,0.3341734900744103,0.045103246653498456,4,0.19294819797917023,0.03796956080031161,4,0.19589441244513592,0.04136369269429034,4,0.8065498769283295,0.03794592541841501,4,0.2419074885547161,0.0014534374746822665,4,0.32343532890081406,0.0009797985363715071,4,0.40273937610679644,0.006526010577321963,4,0.31923863846759293,0.016121897161383722,4,0.16147219202440818,0.005083408830403579,4,0.16223094667743315,0.005238496338075286,4,0.7618825733661652,0.02882615709102746,4,0.20281081646680832,0.002022059966606263,4,0.2680967375636101,0.00312348369192516,4,0.44793618240498495,0.020569145057179244,4,0.33512459997712496,0.018430985423456954,4,0.1937956440376853,0.01881351297486356,4,0.20096414080383943,0.01825046999224739,4,0.5232333838939667,0.011322634077389138,4,8.25,4.425306015783918,4,0.7618825733661652,0.02882615709102746,4,179761.0,0.0,4,3063361.0,0.0,4
B3_with_RC_weighted_bcap_10,10.0,0.0005,1e-05,hq_first,conv3_plus,1,1608,K562,0.2577371373772621,0.003164163772667361,4,0.3383526876568794,0.00645677358952181,4,0.4115862913701564,0.025390769711211122,4,0.29862653904338843,0.021161714471786046,4,0.1662115155796129,0.019087833362891556,4,0.1698867936337351,0.02091192814293216,4,0.8332699537277222,0.019075988263517914,4,0.24277625977993011,0.0010175308089538102,4,0.3224908709526062,0.0006872937252991108,4,0.41242375645468204,0.005636799165299924,4,0.3288907151848204,0.009785387067898945,4,0.16636508886844786,0.0035523103886387847,4,0.17011718501681333,0.004633668610547208,4,0.757400780916214,0.02720955370028857,4,0.2013271152973175,0.0021349141940624336,4,0.26740435510873795,0.00324908487251585,4,0.44757329045783995,0.02023682105915922,4,0.31545958309968525,0.00896159783224209,4,0.1979472446762907,0.01957833701522355,4,0.2006289970261933,0.017745739060697062,4,0.5208138898015022,0.02262664974514076,4,5.5,2.516611478423583,4,0.757400780916214,0.02720955370028857,4,179761.0,0.0,4,3063361.0,0.0,4
B3_with_RC_weighted_bcap_10,10.0,0.0005,1e-05,hq_first,conv3_plus,1,1608,SKNSH,0.25220873206853867,0.01259304311523161,4,0.3307117372751236,0.016573058773933277,4,0.451585632310282,0.06499210213200231,4,0.3414169542000727,0.06013493581596251,4,0.20321046404621362,0.059273779796657884,4,0.20709756331372964,0.06170592738346616,4,0.7962939590215683,0.05923687135573835,4,0.24203333631157875,0.001976960203464195,4,0.32332614809274673,0.0016064315287474527,4,0.4066835604980902,0.010216947955083402,4,0.33853142983499734,0.007576040399165121,4,0.16202842306650148,0.008331719284916354,4,0.16546980789854143,0.008220811070045981,4,0.7613674849271774,0.029054962000208948,4,0.19977404177188873,0.001103784616563405,4,0.2657605707645416,0.0007099242816464869,4,0.46430156260719657,0.007538645268694017,4,0.34035261982028164,0.008410063781154557,4,0.20786112199671222,0.004227990783704185,4,0.21561856441884986,0.006983017326819218,4,0.5143319591879845,0.017242178574169015,4,9.75,6.5,4,0.7613674849271774,0.029054962000208948,4,179761.0,0.0,4,3063361.0,0.0,4
B3_with_RC_weighted_bcap_10,10.0,0.0005,1e-05,hq_first,conv3_plus,1,2411,HepG2,0.2673985958099365,0.003117549301300246,4,0.34862251579761505,0.0038224278526609854,4,0.4065926739476764,0.014964610864193258,4,0.2947661342871325,0.012733500874163299,4,0.16413880599149774,0.013342522241291326,4,0.16548555719165906,0.01222364770433575,4,0.835514485836029,0.013337054879150618,4,0.2419073022902012,0.0008768817631666158,4,0.3232799768447876,0.0005396632752554724,4,0.4067824564118013,0.004448046431401136,4,0.3386805705859335,0.002186112484242687,4,0.16228154136864553,0.002798947554402938,4,0.1654868056822109,0.0036269851778825547,4,0.7185132950544357,0.010889399609965175,4,0.20237774774432182,0.0009115792006787623,4,0.2679080590605736,0.001057189478402282,4,0.4512845442010303,0.005597010060413761,4,0.346196524196501,0.010810069408047001,4,0.19500250570123678,0.006351238572499392,4,0.20368123472594396,0.00503564994865887,4,0.4934246242046356,0.004538939854918321,4,4.75,1.5,4,0.7185132950544357,0.010889399609965175,4,179761.0,0.0,4,3063361.0,0.0,4
B3_with_RC_weighted_bcap_10,10.0,0.0005,1e-05,hq_first,conv3_plus,1,2411,K562,0.26925841718912125,0.0044463896876133,4,0.35151711106300354,0.004809930932149536,4,0.38847941890285376,0.03214624827472432,4,0.28401425199973546,0.024571714163500492,4,0.15006275974525674,0.02440357064429744,4,0.15169129486970406,0.02488251822095408,4,0.8495846539735794,0.02439346126172812,4,0.2427210658788681,0.001308379873324336,4,0.32263344526290894,0.00101593429704593,4,0.4116137436908761,0.0048888903221306415,4,0.3355059152400316,0.0030304191173460473,4,0.16562443103247015,0.0052563816533766,4,0.1694437999316546,0.004022587714298597,4,0.7156117558479309,0.008178997094531385,4,0.20157726109027863,0.0012705307787658725,4,0.26811130344867706,0.0021455672666131024,4,0.4450006876229119,0.01508290178606186,4,0.32906312296667584,0.011415659670862183,4,0.19375136224858672,0.01290495160765995,4,0.1981962324295804,0.013421172367278734,4,0.49429481476545334,0.01428972655325041,4,4.0,2.309401076758503,4,0.7156117558479309,0.008178997094531385,4,179761.0,0.0,4,3063361.0,0.0,4
B3_with_RC_weighted_bcap_10,10.0,0.0005,1e-05,hq_first,conv3_plus,1,2411,SKNSH,0.2683858126401901,0.004071179569346044,4,0.34949783235788345,0.004685559145012419,4,0.4006692609546372,0.02585112177314681,4,0.2961248771092635,0.021975903884146657,4,0.15988809713687394,0.019331538242907984,4,0.16103706704663268,0.020584889871697723,4,0.839763417840004,0.01932349167010259,4,0.24227473884820938,0.0009961602713987293,4,0.32315579801797867,0.00037756158473916865,4,0.4064276970789952,0.003213705040083514,4,0.3413706058790325,0.0025262667285800974,4,0.16292588153363965,0.0019559613605847122,4,0.16519121887799895,0.0026108019975839103,4,0.7179695069789886,0.011535947731741011,4,0.20003096759319305,0.001357478534524848,4,0.2660214602947235,0.0014167624714302733,4,0.45867425847115206,0.00874669505265653,4,0.34063173786119155,0.007586913250369088,4,0.20629251539515103,0.008448139194503025,4,0.21043945388981936,0.008013852902991041,4,0.48650579899549484,0.005831827384351051,4,5.0,1.8257418583505538,4,0.7179695069789886,0.011535947731741011,4,179761.0,0.0,4,3063361.0,0.0,4
B3_with_RC_weighted_bcap_10,10.0,0.0005,1e-05,hq_first,conv3_plus,1,3215,HepG2,0.2752329409122467,0.002923794581589649,4,0.3578285127878189,0.0038269163320295632,4,0.38740408020052935,0.023826111489991905,4,0.2932343588350279,0.015500323064015982,4,0.1496907066973303,0.018200013733246662,4,0.1505076840475683,0.018363920230553058,4,0.8500448316335678,0.018194356724810155,4,0.24185902997851372,0.0007506895916273936,4,0.3232460170984268,0.0005381521120935355,4,0.4057475621679544,0.003931342896242489,4,0.3443289329904734,0.004158623983508002,4,0.16245751045107445,0.0027881977578409238,4,0.16464267579796388,0.003189197336797571,4,0.6936206370592117,0.002309119953624311,4,0.20170417800545692,0.0019626278644055547,4,0.2671956419944763,0.0023081718041725093,4,0.45257395104944437,0.012548322541122247,4,0.3505392877865787,0.012631415579056721,4,0.19924265249798068,0.013878703593559956,4,0.2049412764674519,0.0112378340519328,4,0.4739556759595871,0.008214560974325944,4,4.0,1.8257418583505538,4,0.6936206370592117,0.002309119953624311,4,179761.0,0.0,4,3063361.0,0.0,4
B3_with_RC_weighted_bcap_10,10.0,0.0005,1e-05,hq_first,conv3_plus,1,3215,K562,0.27364665269851685,0.006249472350786366,4,0.35573970526456833,0.008229055049139298,4,0.39989618357383233,0.05093161870758132,4,0.3051862940693935,0.04004181353349997,4,0.15932382260918634,0.03902412700205636,4,0.16186247997504705,0.039819622080221266,4,0.8404146879911423,0.03901196977056809,4,0.24213027954101562,0.0017178831392635372,4,0.32301606237888336,0.0008110400782187193,4,0.4108619020966917,0.003762280247877304,4,0.3348419214834741,0.010810019239405656,4,0.16364654053797784,0.004200707152814641,4,0.16881811865900917,0.003078730171547827,4,0.6926358640193939,0.003478926176879618,4,0.20178651809692383,0.0015974062635317073,4,0.2680428549647331,0.00261534929318808,4,0.44947363065959217,0.019760868348542706,4,0.34369057919993684,0.016339510226096164,4,0.1941440800508833,0.015732214124010588,4,0.2023194135967318,0.017407214390679347,4,0.4769734516739845,0.009311619830286949,4,5.75,3.947573094109004,4,0.6926358640193939,0.003478926176879618,4,179761.0,0.0,4,3063361.0,0.0,4
B3_with_RC_weighted_bcap_10,10.0,0.0005,1e-05,hq_first,conv3_plus,1,3215,SKNSH,0.27559908479452133,0.002528470803618109,4,0.3578055277466774,0.003168597038262356,4,0.39106042758319903,0.01868602926650153,4,0.29906346362242503,0.01554320849347474,4,0.14982285261466124,0.014990304015412032,4,0.1531901337888659,0.01495602388041445,4,0.8499126732349396,0.01498565233485199,4,0.24150356277823448,0.0006239076416604202,4,0.32346100360155106,0.0008301365430400623,4,0.4032922032636393,0.006227114233787274,4,0.3450788720725489,0.002188042296197129,4,0.161340653335081,0.004305541950988945,4,0.16267368392700104,0.005013263133260464,4,0.6945455521345139,0.0035656948809579107,4,0.19916458800435066,0.001160172172891313,4,0.2649688199162483,0.001083525009976449,4,0.46341932280611015,0.0036360500938103137,4,0.34145494790548764,0.007268078128582958,4,0.21256833540608805,0.006451212955013287,4,0.21476738439528725,0.003366670365360182,4,0.46606844663619995,0.0038183757832228908,4,4.75,1.5,4,0.6945455521345139,0.0035656948809579107,4,179761.0,0.0,4,3063361.0,0.0,4
B3_with_RC_weighted_bcap_10,10.0,0.0005,1e-05,hq_first,full,1,161,HepG2,0.18302932381629944,0.02067175692352453,4,0.2504170723259449,0.021787674133245734,4,0.4426305852711938,0.18971529745878793,4,0.32755242889898084,0.17238492470897998,4,0.19040550152564972,0.18641526771542535,4,0.22291575558492685,0.16686874139776098,4,0.8045659512281418,0.18525736299170126,4,0.24927055090665817,0.0012587791585984608,4,0.329707495868206,0.0019719921691781135,4,0.361071365622648,0.014823518445647953,4,0.3136402089102347,0.00437229433554328,4,0.1286174631846883,0.01040901195269986,4,0.1305373335969353,0.010809031854199376,4,1.3773618936538696,0.10191633670515231,4,0.2179020419716835,0.002604254010311428,4,0.2846628203988075,0.002416807504809157,4,0.33268860408804823,0.02378205430215707,4,0.28035435335938286,0.0023681485597598848,4,0.0911276888905736,0.015371367988964215,4,0.11110589687017719,0.01582031383562507,4,1.0262662023305893,0.0684725897590332,4,8.25,7.32006375199925,4,1.3773618936538696,0.10191633670515231,4,179761.0,0.0,4,3747661.0,0.0,4
B3_with_RC_weighted_bcap_10,10.0,0.0005,1e-05,hq_first,full,1,161,K562,0.16800490766763687,0.0306411479884081,4,0.23673022538423538,0.02850931287876739,4,0.5106486769797595,0.18794381411991476,4,0.4467061648817944,0.16276765029420948,4,0.27387964043903135,0.19967093489213744,4,0.2872542292506345,0.18312174053480498,4,0.7216102480888367,0.19843064391455578,4,0.24771568551659584,0.0032189002977320255,4,0.3252086937427521,0.004081932525079238,4,0.39394185103421514,0.026552805026481264,4,0.3143326121435718,0.029315824029845724,4,0.15215755475335146,0.02126566931495421,4,0.1557189705873445,0.020921822329102797,4,1.3400006294250488,0.10209670999361224,4,0.21273809298872948,0.0035997158177693673,4,0.2801303416490555,0.0025205021462416924,4,0.37825372215008946,0.028140608734611904,4,0.3036456503752292,0.017908573560857302,4,0.11983406418608747,0.015858878857531365,4,0.14366979871536295,0.02146218229519286,4,0.9940040409564972,0.06986091312290288,4,16.0,12.409673645990857,4,1.3400006294250488,0.10209670999361224,4,179761.0,0.0,4,3747661.0,0.0,4
B3_with_RC_weighted_bcap_10,10.0,0.0005,1e-05,hq_first,full,1,161,SKNSH,0.18637651205062866,0.01531437233237941,4,0.2534758746623993,0.013098856359533225,4,0.42820733126253513,0.15138380779481914,4,0.32460851535590257,0.1659587109359811,4,0.17607783232716537,0.1326399927977609,4,0.20054931149382657,0.12811266907273522,4,0.8188046514987946,0.1318160956290045,4,0.2504059933125973,0.0016510351009896887,4,0.33228495717048645,0.00248265353865395,4,0.34128681244947173,0.01830421755823607,4,0.3117592813397559,0.009576523486610521,4,0.11492695901123057,0.013193915055326846,4,0.11672797163723532,0.012737318086862784,4,1.3991645574569702,0.1069371510103442,4,0.2126915082335472,0.002731978220056418,4,0.2799539938569069,0.0033553082038746893,4,0.35401498765799355,0.027495050934603922,4,0.2845428865955727,0.007400737621338327,4,0.12090048533677014,0.02105326949765718,4,0.12589359485591167,0.019750831467673424,4,0.9936175495386124,0.08443119836671224,4,8.0,6.97614984548545,4,1.3991645574569702,0.1069371510103442,4,179761.0,0.0,4,3747661.0,0.0,4
B3_with_RC_weighted_bcap_10,10.0,0.0005,1e-05,hq_first,full,1,322,HepG2,0.17187583446502686,0.00867338056143972,4,0.23495900630950928,0.011616012529646115,4,0.5749337805787467,0.05836293159979103,4,0.4311612434843467,0.050244701364850104,4,0.3263929311059085,0.06550468072855627,4,0.33310352588926184,0.06727618285905007,4,0.6715151220560074,0.06530125230892105,4,0.2463742382824421,0.00149442273073634,4,0.32708950340747833,0.0009889460948505875,4,0.3818664376325833,0.00901672702331366,4,0.3188143107897804,0.004624599351500776,4,0.14241775898655493,0.005189159711526201,4,0.14588295221485936,0.006877400219405159,4,1.299507588148117,0.035946664622075186,4,0.2114892676472664,0.0014549188149107516,4,0.27850960940122604,0.0008054576821678757,4,0.38850722405391597,0.013703123362995577,4,0.2904742155412619,0.016712195603004337,4,0.13003653961823033,0.005035177624926242,4,0.15107869483450578,0.010575235308265384,4,0.9420061111450195,0.016916770614475336,4,13.0,3.9157800414902435,4,1.299507588148117,0.035946664622075186,4,179761.0,0.0,4,3747661.0,0.0,4
B3_with_RC_weighted_bcap_10,10.0,0.0005,1e-05,hq_first,full,1,322,K562,0.16759030520915985,0.010316817807322132,4,0.23041172325611115,0.008834499995198182,4,0.5981228989996887,0.038232099797358234,4,0.4480687589507818,0.030688509623170507,4,0.3527638120396417,0.04687372716939541,4,0.3588472723989783,0.04590089404469488,4,0.6452261209487915,0.04672821641099152,4,0.24343689903616905,0.0017078433498101887,4,0.3217715173959732,0.0013567259360472781,4,0.41360827936996847,0.009363778554025306,4,0.31817561598334776,0.01233268335213375,4,0.17007168656496136,0.007012379957558295,4,0.17113756902499247,0.007666849364306589,4,1.257360428571701,0.021354500082795762,4,0.2044580653309822,0.001745805292059478,4,0.27203214168548584,0.002234434644692378,4,0.4279863000269415,0.01175374121019929,4,0.3150853865879305,0.014024114980287158,4,0.16999578504260807,0.013591513136058558,4,0.18327588583507845,0.010052748667679481,4,0.8988837897777557,0.02831603353989453,4,16.0,4.546060565661953,4,1.257360428571701,0.021354500082795762,4,179761.0,0.0,4,3747661.0,0.0,4
B3_with_RC_weighted_bcap_10,10.0,0.0005,1e-05,hq_first,full,1,322,SKNSH,0.17340708151459694,0.007135461862603943,4,0.23693642392754555,0.009802752540646149,4,0.5658985332649157,0.058792336812703905,4,0.43849922602493996,0.046634690133918896,4,0.31420727466685777,0.072017269314007,4,0.32283355410230663,0.06671298878044378,4,0.683662936091423,0.0717935305284851,4,0.24687708914279938,0.0005955600351953917,4,0.3278450071811676,0.0012844291134874654,4,0.3774873841255231,0.013952794274727036,4,0.3334755708082844,0.009550266379161588,4,0.13844751087500654,0.006759491488339601,4,0.14264273552498483,0.010481228068426746,4,1.305508404970169,0.03595325172219942,4,0.20438525825738907,0.001961597498850642,4,0.2709609717130661,0.0024881229336465075,4,0.4273624157875022,0.024529353856412698,4,0.31249759831687973,0.015666471681112713,4,0.17650902303294094,0.015121651915804826,4,0.18308990132818978,0.020988891716717795,4,0.8920371681451797,0.03651281834258511,4,14.5,3.415650255319866,4,1.305508404970169,0.03595325172219942,4,179761.0,0.0,4,3747661.0,0.0,4
B3_with_RC_weighted_bcap_10,10.0,0.0005,1e-05,hq_first,full,1,643,HepG2,0.19014741480350494,0.004266974414564566,4,0.25633443892002106,0.006707438814721356,4,0.540212838642792,0.02156055268672384,4,0.3707345464724527,0.013046454122419131,4,0.2856317795052759,0.02593237549723501,4,0.2921785541086209,0.02313030230688456,4,0.7132572531700134,0.02589206678988879,4,0.2456597276031971,0.0005122779156435379,4,0.3259776383638382,0.00028861547776360736,4,0.38704268768283745,0.0007440535481830796,4,0.32355097721361026,0.005474870767958969,4,0.14824351369022407,0.0015076183410847245,4,0.1498024573005164,0.0005763247957940342,4,1.1537122130393982,0.025825031554624314,4,0.20559456571936607,0.0015096963327728915,4,0.27245135605335236,0.0018071585033432337,4,0.41985131925637265,0.014293569616445484,4,0.31805412630054264,0.0084919410972276,4,0.16745026155172865,0.011046931512401034,4,0.17642835988060168,0.011848021945304989,4,0.8058387637138367,0.01335684114889772,4,7.5,1.0,4,1.1537122130393982,0.025825031554624314,4,179761.0,0.0,4,3747661.0,0.0,4
B3_with_RC_weighted_bcap_10,10.0,0.0005,1e-05,hq_first,full,1,643,K562,0.19435034692287445,0.0010632405662192909,4,0.2608095183968544,0.0020699671470250144,4,0.5139446336985708,0.008522337281762618,4,0.34737343628277395,0.006692575190494217,4,0.26045964043435466,0.008085172056618446,4,0.26419355918211623,0.00870866799082443,4,0.738390251994133,0.008072606775581723,4,0.24294354766607285,0.00013901021575276135,4,0.3216658979654312,0.00023223492882085538,4,0.4145523260426451,0.001642085416511562,4,0.3318444624726685,0.008356130958631285,4,0.1706272203315173,0.00119731922850908,4,0.17185565336075384,0.0013615025849442015,4,1.1233556866645813,0.022780697003545444,4,0.20189744979143143,0.00025335845625113076,4,0.2687864899635315,0.0001677576424473257,4,0.43991751994833717,0.0023483005889110543,4,0.32377853456155076,0.0028033170363564604,4,0.18972414082877115,0.001011432290975015,4,0.19353156024423757,0.00206575860508876,4,0.7843689918518066,0.015714400480548753,4,6.75,0.5,4,1.1233556866645813,0.022780697003545444,4,179761.0,0.0,4,3747661.0,0.0,4
B3_with_RC_weighted_bcap_10,10.0,0.0005,1e-05,hq_first,full,1,643,SKNSH,0.18393773585557938,0.005579549456729959,4,0.2495000846683979,0.005355437471407346,4,0.5714986949901066,0.03107594724818155,4,0.4214638025291704,0.028552364044553274,4,0.32281267974968997,0.03370335301487789,4,0.32733504424842375,0.035317122121502766,4,0.6761341392993927,0.0336509558158272,4,0.24547459557652473,0.00039054261237675837,4,0.32570549100637436,0.0006400274309927025,4,0.3922505278234192,0.00392999239602102,4,0.33177364614916305,0.006400034861028452,4,0.14966309393931748,0.003340605733126063,4,0.15387206020792554,0.0030954360975581356,4,1.1518184542655945,0.027730264405936535,4,0.20046760514378548,0.001173641987780615,4,0.2666408270597458,0.0011139254546502452,4,0.4582329200373682,0.00916874386614886,4,0.32249124257161155,0.011443337187316948,4,0.2025988009982669,0.006665861127367275,4,0.21004045840403537,0.008360559456317232,4,0.7718744575977325,0.01461710879765166,4,10.0,2.943920288775949,4,1.1518184542655945,0.027730264405936535,4,179761.0,0.0,4,3747661.0,0.0,4
B3_with_RC_weighted_bcap_10,10.0,0.0005,1e-05,hq_first,full,1,1125,HepG2,0.23560316115617752,0.002282737368507598,4,0.3129674345254898,0.0036729424718019567,4,0.4613334604359621,0.02808744304227432,4,0.327360227716894,0.02799987702539299,4,0.20998438211458326,0.024065032552022542,4,0.21342024006030916,0.02538597627582923,4,0.789313405752182,0.02404371428618125,4,0.2439071573317051,0.0013957895943491926,4,0.3246547728776932,0.0016027192526568747,4,0.39485004007780017,0.010091496521270006,4,0.3211136120929376,0.008417082764570384,4,0.15512760162668848,0.008339186147299378,4,0.1559829328759695,0.00798162454214874,4,0.8492613285779953,0.01605539455963324,4,0.20371323451399803,0.001258297061157255,4,0.27037110179662704,0.002093829781010385,4,0.4303456828238076,0.011925308126789373,4,0.32504809654220485,0.008059958859966243,4,0.18010551608247685,0.012722865979546829,4,0.18530406645552835,0.010292024069010386,4,0.5889535546302795,0.008365787801636541,4,4.5,0.5773502691896257,4,0.8492613285779953,0.01605539455963324,4,179761.0,0.0,4,3747661.0,0.0,4
B3_with_RC_weighted_bcap_10,10.0,0.0005,1e-05,hq_first,full,1,1125,K562,0.23158089444041252,0.004903309737284591,4,0.3075886741280556,0.006791004103189851,4,0.48682655748133336,0.04424533400844602,4,0.34334869520009575,0.04895450151581989,4,0.2364846346503894,0.042070368516841324,4,0.23846833425526517,0.04384082770804999,4,0.7628367245197296,0.04203303807260039,4,0.2412160150706768,0.0005482242981100214,4,0.3215429559350014,0.0004652066019212057,4,0.4154267235413591,0.003428064608086041,4,0.3285895555390752,0.00435385679505324,4,0.17126004846552373,0.002398403887336549,4,0.17258817635252674,0.002844538386467946,4,0.833017036318779,0.011208431980078657,4,0.2009088359773159,0.0014335123408515445,4,0.26747458428144455,0.0015154753232468803,4,0.45512549540193714,0.005634041332644737,4,0.3231618205543695,0.014903059496495782,4,0.19759541175165518,0.009072959732716612,4,0.2071630233811622,0.005122940055372164,4,0.5764108300209045,0.007899044612609782,4,5.75,1.5,4,0.833017036318779,0.011208431980078657,4,179761.0,0.0,4,3747661.0,0.0,4
B3_with_RC_weighted_bcap_10,10.0,0.0005,1e-05,hq_first,full,1,1125,SKNSH,0.23519467189908028,0.0025329175840533382,4,0.31204432994127274,0.0031618759827386,4,0.4728483003145896,0.019420745259615232,4,0.34190609822709733,0.03301666999549716,4,0.214726422618048,0.018207578333489707,4,0.22386838912022541,0.01850761549387227,4,0.7845755517482758,0.018191432539807716,4,0.24359998479485512,0.0018484964937944771,4,0.3247135132551193,0.0023045173709478005,4,0.39421528443869996,0.01482778131642882,4,0.33043197231876736,0.007414878432748443,4,0.15480536922200028,0.012005126134079044,4,0.155570587809161,0.011648700494781113,4,0.8496190160512924,0.020271287710515444,4,0.19907160475850105,0.0018739177366684093,4,0.26552677899599075,0.0018150926628545726,4,0.4590143964554183,0.013635333635078871,4,0.3286805192339641,0.006372595589042868,4,0.20923079152844432,0.010837154935999876,4,0.21083365789583686,0.012421470419496459,4,0.5680364817380905,0.0073906872756683405,4,5.25,0.9574271077563382,4,0.8496190160512924,0.020271287710515444,4,179761.0,0.0,4,3747661.0,0.0,4
B3_with_RC_weighted_bcap_10,10.0,0.0005,1e-05,hq_first,full,1,1608,HepG2,0.24576860293745995,0.010064042632754332,4,0.3242916837334633,0.010514345230111343,4,0.48388188196945126,0.06724797578996886,4,0.36184468888687726,0.07221045561890484,4,0.2321569704431367,0.06886453496410327,4,0.2375333933841841,0.06958810184151475,4,0.7673655301332474,0.06882173483558465,4,0.2421432062983513,0.0015920634524224267,4,0.32308728992938995,0.001215038060841868,4,0.4063914088721025,0.007852670974383497,4,0.32619036317090605,0.01172350985228122,4,0.16327271910599267,0.006292670915998412,4,0.16520022553612637,0.006381060081622246,4,0.7602342814207077,0.028479516423815746,4,0.20324064791202545,0.0018382239598428382,4,0.2690013647079468,0.001916643864185271,4,0.4456136966657656,0.0035532088504182918,4,0.32745512675012556,0.006087482989403773,4,0.1883974640017972,0.011587703956759872,4,0.19858103562597998,0.0031583812649233593,4,0.5268616080284119,0.014583651914583919,4,6.0,4.0,4,0.7602342814207077,0.028479516423815746,4,179761.0,0.0,4,3747661.0,0.0,4
B3_with_RC_weighted_bcap_10,10.0,0.0005,1e-05,hq_first,full,1,1608,K562,0.2442585453391075,0.012217430298285871,4,0.321919284760952,0.016206460609769983,4,0.49756392503635294,0.07060543415741898,4,0.37505875718506954,0.06316018060376107,4,0.24446691884891245,0.06612141689004701,4,0.25130870499699964,0.0695355543187024,4,0.7550632357597351,0.06608025418425183,4,0.24097038805484772,0.0015777907450243165,4,0.320900097489357,0.000994803361252216,4,0.4202116447511417,0.00689518960566528,4,0.3239670537196304,0.008949550059161699,4,0.1745659031516086,0.005115104002520867,4,0.17661348411423328,0.005791732749306059,4,0.7499417215585709,0.02681987154652288,4,0.2015606425702572,0.002069999410254995,4,0.26724720001220703,0.003088944860419773,4,0.4545896305257415,0.022613183418477806,4,0.3239234157870028,0.02273362519191187,4,0.19889811857792114,0.018606966674600302,4,0.20703524922976843,0.020148894860926286,4,0.5200896188616753,0.01872957644270599,4,6.75,3.304037933599835,4,0.7499417215585709,0.02681987154652288,4,179761.0,0.0,4,3747661.0,0.0,4
B3_with_RC_weighted_bcap_10,10.0,0.0005,1e-05,hq_first,full,1,1608,SKNSH,0.25070124492049217,0.007919241206255687,4,0.32883497327566147,0.010425081675821415,4,0.4657733017652687,0.0304554531248499,4,0.3501707982377832,0.013925359843808096,4,0.2126162475979149,0.027969564672432768,4,0.2176404196061,0.0283211304637795,4,0.7868941128253937,0.02795214700226544,4,0.24222103506326675,0.0013604521811607984,4,0.3235410451889038,0.0013164917289233298,4,0.4031119067550229,0.008812341790279725,4,0.34017357153808053,0.009369200780128496,4,0.16091929746738895,0.006828189015604673,4,0.1625574523935418,0.007070429074171448,4,0.7623521089553833,0.027969263732098085,4,0.1994672268629074,0.0011141435199522247,4,0.265043243765831,0.0015491761770823843,4,0.4641262053544801,0.010659044752033935,4,0.3382849570968469,0.005182508474106537,4,0.21211560550172837,0.009222857002727328,4,0.21549834592301842,0.009813399409591752,4,0.5114608407020569,0.01325907816605535,4,5.0,1.1547005383792515,4,0.7623521089553833,0.027969263732098085,4,179761.0,0.0,4,3747661.0,0.0,4
B3_with_RC_weighted_bcap_10,10.0,0.0005,1e-05,hq_first,full,1,2411,HepG2,0.261172391474247,0.003639217852731658,4,0.3405401259660721,0.003087808865508305,4,0.45479197646714875,0.02201889408868786,4,0.333143208611713,0.023626174133492286,4,0.2023348841263086,0.018800282808371083,4,0.20719936563156222,0.019964443476142662,4,0.7973342388868332,0.018792491218907914,4,0.24050986021757126,0.0013863799390743093,4,0.3224394917488098,0.0010317184668232264,4,0.4086580832173052,0.006198805930586958,4,0.3373345420182212,0.004366665251796465,4,0.16662715849099755,0.005339968474949122,4,0.1670302478750657,0.0050349871364524556,4,0.7147772163152695,0.010758859399475709,4,0.20153436437249184,0.000890002964175338,4,0.26620495319366455,0.0008568970500957084,4,0.45901344405025785,0.0037040192780278753,4,0.34538332850747566,0.0029999429141409468,4,0.2052078902831749,0.005119154361766457,4,0.2107036316379882,0.0034122782889795824,4,0.48717761784791946,0.005119895943143437,4,4.25,0.9574271077563381,4,0.7147772163152695,0.010758859399475709,4,179761.0,0.0,4,3747661.0,0.0,4
B3_with_RC_weighted_bcap_10,10.0,0.0005,1e-05,hq_first,full,1,2411,K562,0.2587102800607681,0.009338903253356021,4,0.33789362758398056,0.011953195081919877,4,0.463557626033882,0.060782426445800536,4,0.34064485584174675,0.046401514401018466,4,0.2142621531303196,0.052480716490223865,4,0.2176565501776478,0.052765863600810904,4,0.7854119092226028,0.052458897521485026,4,0.2403995618224144,0.002388682596968675,4,0.3211558163166046,0.0019008642742548197,4,0.4202847119505194,0.009036155934378181,4,0.33755424888426516,0.008908387935208848,4,0.17323405426789887,0.009783172272282847,4,0.17670047818488388,0.007623185655954016,4,0.7090564221143723,0.007857018730368445,4,0.2012549676001072,0.0010562095284311662,4,0.26671116054058075,0.0018259975325904604,4,0.4606603969622334,0.01485190700837737,4,0.3441101894196851,0.019897617929093753,4,0.20216049490247276,0.01090817596128499,4,0.21237343568574152,0.013539521968359194,4,0.48903466761112213,0.006838021984346755,4,5.0,2.0,4,0.7090564221143723,0.007857018730368445,4,179761.0,0.0,4,3747661.0,0.0,4
B3_with_RC_weighted_bcap_10,10.0,0.0005,1e-05,hq_first,full,1,2411,SKNSH,0.2628781795501709,0.0048708879888934445,4,0.3424406498670578,0.0059869977305023496,4,0.44204791744819877,0.026183868126641252,4,0.3286558351683754,0.021955379594827972,4,0.19349174121720064,0.021666906424567468,4,0.19592055753284454,0.02293980540398045,4,0.8061736971139908,0.021657919809590403,4,0.24080323055386543,0.0008886514149356188,4,0.3224288299679756,0.0007657413799945727,4,0.4101180328851293,0.005512849678428231,4,0.3420114093737766,0.006105348329525998,4,0.16668508859857797,0.003955156540077774,4,0.1682195945312507,0.004530138565577505,4,0.714716836810112,0.009312886492002006,4,0.198768749833107,0.0010719035759511007,4,0.26417484134435654,0.001460415603528779,4,0.4696764781877967,0.009602921091331812,4,0.3486305123132763,0.005962889704443705,4,0.217272169324085,0.008657312261917844,4,0.2206651562330066,0.00899623291537176,4,0.479800246655941,0.008144287207041348,4,4.0,0.816496580927726,4,0.714716836810112,0.009312886492002006,4,179761.0,0.0,4,3747661.0,0.0,4
B3_with_RC_weighted_bcap_10,10.0,0.0005,1e-05,hq_first,full,1,3215,HepG2,0.2655569314956665,0.005942505837250177,4,0.3454291522502899,0.007351096384390983,4,0.456801942441108,0.03888242470603512,4,0.3476485822857288,0.03357600002552527,4,0.20739784865312016,0.033593123253220246,4,0.2098018968312347,0.036043335390316636,4,0.7923556417226791,0.03358263619615593,4,0.23961792513728142,0.0008449324919310447,4,0.32222480326890945,0.0004579114194160802,4,0.4124876225421428,0.0030820252998007146,4,0.3440565974874804,0.007952655657537902,4,0.1677416376464176,0.0023663664464329886,4,0.17015316291043073,0.0025390582878955276,4,0.6892444938421249,0.0019597237664578915,4,0.201414804905653,0.0005807631147867257,4,0.2658366784453392,0.0007866982975454352,4,0.4656782182364119,0.004441404227215786,4,0.3562676878917826,0.0032924898504194124,4,0.20740635394548998,0.004690830532330716,4,0.21687099749347144,0.004139070312877733,4,0.4691237136721611,0.0027764243764536764,4,4.75,1.707825127659933,4,0.6892444938421249,0.0019597237664578915,4,179761.0,0.0,4,3747661.0,0.0,4
B3_with_RC_weighted_bcap_10,10.0,0.0005,1e-05,hq_first,full,1,3215,K562,0.2621707618236542,0.008628249269412904,4,0.34141015261411667,0.010193445637575746,4,0.47998917678559805,0.05227237893204971,4,0.37025320725370636,0.04942994448973908,4,0.22547951035478137,0.045975972865552356,4,0.23243891103072792,0.050718519228731836,4,0.7742795646190643,0.045961652167411195,4,0.2390657551586628,0.001021311323274146,4,0.3208761587738991,0.00026537918639433117,4,0.42044285211836163,0.003130348763196773,4,0.3356023415663274,0.013594341871769236,4,0.1746945827119926,0.0013650058137062322,4,0.17677954120995695,0.002630301379891465,4,0.6834863424301147,0.0011304592383505993,4,0.20051347464323044,0.0010062162183218225,4,0.26521340757608414,0.0013177816941517238,4,0.47000444216520576,0.0029457801808070857,4,0.3585417948721972,0.008338842991370094,4,0.21110926613334344,0.007852581552646539,4,0.2209106838706815,0.0027634946125258916,4,0.466932013630867,0.004647785932156608,4,6.0,2.449489742783178,4,0.6834863424301147,0.0011304592383505993,4,179761.0,0.0,4,3747661.0,0.0,4
B3_with_RC_weighted_bcap_10,10.0,0.0005,1e-05,hq_first,full,1,3215,SKNSH,0.27000829577445984,0.003376878971569418,4,0.35062720626592636,0.00433932280822066,4,0.43383431598749095,0.019815396690271967,4,0.3300141102969127,0.01523329410770403,4,0.18354752758865123,0.020238807130006052,4,0.18850670118782878,0.01707252394623557,4,0.816198542714119,0.020232537729365778,4,0.2405518889427185,0.0011770090434075893,4,0.32297931611537933,0.0009316457691484092,4,0.40733103516358077,0.004684190675066571,4,0.34335631425328467,0.006703335706047233,4,0.16383554482836651,0.004821881736147164,4,0.16593502843914457,0.0038195634759599735,4,0.6924793720245361,0.003993302556596654,4,0.1983400247991085,0.0007451339193681616,4,0.2634965032339096,0.0002913438388110557,4,0.474069434792666,0.002379051609876708,4,0.35138685480939363,0.0028818251166229606,4,0.22130385027891608,0.0017211541083523305,4,0.22474607391955964,0.002257353291518882,4,0.4608979970216751,0.0010187472241417685,4,4.0,0.816496580927726,4,0.6924793720245361,0.003993302556596654,4,179761.0,0.0,4,3747661.0,0.0,4
B3_with_RC_weighted_bcap_10,10.0,0.0005,0.0001,hq_first,branched_only,1,161,HepG2,0.19976284354925156,0.009678248351988506,4,0.2724650427699089,0.004094829603084172,4,0.29395159767455675,0.042624787572917266,4,0.19761219302501237,0.038437104314817463,4,0.0543440359131363,0.05669226934967273,4,0.08777019616215173,0.02411255213351919,4,0.9397823214530945,0.05634008456422048,4,0.2506457529962063,0.0006331385553716562,4,0.3317541256546974,0.0007813158883448999,4,0.346635949500981,0.004044983176935213,4,0.3091662865806629,0.005464197501391993,4,0.11778584032296041,0.004158476147499157,4,0.1201687529031229,0.0028024032263887404,4,1.3936015367507935,0.08476401822499027,4,0.218762818723917,0.0010849418374469112,4,0.28592079132795334,0.0006100296510289208,4,0.30944630155921254,0.004311094777253034,4,0.27472517908480204,0.005144281376359132,4,0.08312346808004195,0.003909791832120092,4,0.09577095270230894,0.0026707281682301675,4,1.0352961719036102,0.066549661663132,4,3.0,1.1547005383792515,4,1.3936015367507935,0.08476401822499027,4,179761.0,0.0,4,179761.0,0.0,4
B3_with_RC_weighted_bcap_10,10.0,0.0005,0.0001,hq_first,branched_only,1,161,K562,0.19701987877488136,0.012479805270267924,4,0.2679256424307823,0.012731873452240156,4,0.32788394850381086,0.11121893796384699,4,0.25635566344213007,0.11084302808906708,4,0.08395332016531329,0.10009747205090262,4,0.11678512280780423,0.08210020520044796,4,0.9103569686412811,0.09947572419732867,4,0.24840259924530983,0.0033897192778366792,4,0.3277095556259155,0.004078478721371615,4,0.37521446304027073,0.030772855236560603,4,0.29635734518503515,0.031881753695466475,4,0.13906920995733518,0.021301785392759377,4,0.14149611973915643,0.023993445908010894,4,1.3603747189044952,0.09747144636586023,4,0.2124958075582981,0.0050942086277448615,4,0.28012198954820633,0.004369776106767319,4,0.3589930147761763,0.028835395795470488,4,0.28459531772566404,0.003824570688181174,4,0.11977934778185517,0.027250632698763756,4,0.12949959469609904,0.021523674624567484,4,0.9941598474979401,0.07566917837812276,4,9.0,12.675435561221029,4,1.3603747189044952,0.09747144636586023,4,179761.0,0.0,4,179761.0,0.0,4
B3_with_RC_weighted_bcap_10,10.0,0.0005,0.0001,hq_first,branched_only,1,161,SKNSH,0.197202879935503,0.012906397026727827,4,0.2667836621403694,0.011821122136980076,4,0.33255297322081423,0.10536278524847692,4,0.23558556248034812,0.11050118212305003,4,0.09219483673993584,0.09082251641032754,4,0.1189174673844911,0.07696255550391672,4,0.9021666795015335,0.09025841898575705,4,0.2507588006556034,0.0016673583631852645,4,0.3329019770026207,0.0021667790689279542,4,0.3371882490854552,0.015999317023916295,4,0.3078058538182724,0.0038327880148077715,4,0.11164589632231342,0.011532083845236919,4,0.11388789893023879,0.011022568618548745,4,1.4037882387638092,0.0973072832721667,4,0.21265263482928276,0.004662024529418666,4,0.2803206890821457,0.004586971599564902,4,0.3501255485619356,0.03499243986252605,4,0.2825719594582321,0.012003216268868494,4,0.11851398956134346,0.028634763186016234,4,0.12350625289144573,0.025705659370040764,4,0.9958166927099228,0.08026976449772137,4,9.0,12.027745701779143,4,1.4037882387638092,0.0973072832721667,4,179761.0,0.0,4,179761.0,0.0,4
B3_with_RC_weighted_bcap_10,10.0,0.0005,0.0001,hq_first,branched_only,1,322,HepG2,0.19400140270590782,0.006303817772004912,4,0.26076044887304306,0.009278406344428027,4,0.4135149190793211,0.08695374879992161,4,0.31017497040130665,0.06552045633313276,4,0.17020633521123982,0.07347236084225245,4,0.17666530412394738,0.064903575853602,4,0.8272166401147842,0.07324420265479638,4,0.2463652268052101,0.0029772076362027484,4,0.3269255459308624,0.0036041350311824013,4,0.3788527724010028,0.024842300904718086,4,0.3215306300331116,0.008184817804462223,4,0.14320507568606533,0.018958156814514477,4,0.14399227809160642,0.018420913102521707,4,1.2984532713890076,0.050579589329776485,4,0.20896966010332108,0.005544340574025764,4,0.2767292708158493,0.005454411597491089,4,0.382752278636288,0.0468430288334382,4,0.29729669200890296,0.013923192946003157,4,0.14087841830326955,0.03414075333665413,4,0.14814500881398837,0.03374105510765898,4,0.9307844340801239,0.05419676948904258,4,18.5,13.279056191361393,4,1.2984532713890076,0.050579589329776485,4,179761.0,0.0,4,179761.0,0.0,4
B3_with_RC_weighted_bcap_10,10.0,0.0005,0.0001,hq_first,branched_only,1,322,K562,0.194152120500803,0.0018338478991926442,4,0.2616710588335991,0.001713505361845346,4,0.4106705906776832,0.03497921006207149,4,0.2783226504321683,0.032895512570598535,4,0.1656478936245798,0.027614382882037342,4,0.1695679928999821,0.02839303251026118,4,0.8317609131336212,0.027528605084260308,4,0.24535801261663437,0.0009545480364094133,4,0.32444481551647186,0.0015207558730312035,4,0.40416017634269674,0.005787919011494415,4,0.32592720393320307,0.008066873998505444,4,0.156221534844887,0.007918857557106586,4,0.16337057314622241,0.0046722367426409945,4,1.2785677313804626,0.035600417913368806,4,0.2048589177429676,0.0015075281691013206,4,0.272931732237339,0.0024283925513887672,4,0.409219484760552,0.015926275214513105,4,0.31396015310391334,0.008534598659065843,4,0.16448979226371013,0.014803441874126345,4,0.16765082138934795,0.013264858570378906,4,0.9048908799886703,0.030934418008785623,4,19.25,3.5,4,1.2785677313804626,0.035600417913368806,4,179761.0,0.0,4,179761.0,0.0,4
B3_with_RC_weighted_bcap_10,10.0,0.0005,0.0001,hq_first,branched_only,1,322,SKNSH,0.19149687513709068,0.010833440038895852,4,0.2573025971651077,0.013472126586750325,4,0.44040260962010125,0.10227058993438293,4,0.32513080042434567,0.07770040579231668,4,0.19105201743453118,0.09799512791156928,4,0.2017989137343403,0.0796412335087689,4,0.806435689330101,0.09769081454904449,4,0.24706381559371948,0.0032808035002648414,4,0.3278111666440964,0.003996290127618693,4,0.37363779736155034,0.028570433168840458,4,0.3211947449965145,0.011821188317415942,4,0.13853924318149316,0.021119892756213128,4,0.14021740585578235,0.020581344347006238,4,1.3056238293647766,0.055919643927042795,4,0.20259137079119682,0.008722921635315859,4,0.2699474096298218,0.00848815491847385,4,0.42854111780448545,0.06318483678646088,4,0.31060537827792706,0.020408132075191134,4,0.18210385811097443,0.05216852924746617,4,0.18664173234891665,0.050241982986856816,4,0.8864067941904068,0.07303649106218832,4,32.0,23.692474191889147,4,1.3056238293647766,0.055919643927042795,4,179761.0,0.0,4,179761.0,0.0,4
B3_with_RC_weighted_bcap_10,10.0,0.0005,0.0001,hq_first,branched_only,1,643,HepG2,0.19999895989894867,0.0031037430951090677,4,0.26901504397392273,0.004102420478377606,4,0.4624564513867835,0.04035753495647346,4,0.3196694130337353,0.031110907769056804,4,0.2127873231168324,0.03416338113169972,4,0.21508751740007867,0.03572106205015185,4,0.7859883904457092,0.03411032882003972,4,0.24445106834173203,0.000686892740064583,4,0.3250036910176277,0.0008828048620599732,4,0.3929539834472861,0.005557309359157685,4,0.3263849697725537,0.009561229613694374,4,0.1533214184032994,0.004598054670668561,4,0.15443599587257503,0.004371777395248828,4,1.1468851566314697,0.02912164133768503,4,0.20220660418272018,0.002340971420989339,4,0.2678529992699623,0.003541691848704128,4,0.4435412690623818,0.02304975720258698,4,0.3301939984476199,0.003553877869688746,4,0.19523724099159992,0.02135812694133253,4,0.19712732584179182,0.020127115660998483,4,0.779229149222374,0.033160484717573366,4,19.0,6.831300510639732,4,1.1468851566314697,0.02912164133768503,4,179761.0,0.0,4,179761.0,0.0,4
B3_with_RC_weighted_bcap_10,10.0,0.0005,0.0001,hq_first,branched_only,1,643,K562,0.20494746044278145,0.0020513649233116276,4,0.27505434304475784,0.003705081730474172,4,0.42217687108944923,0.016035725934745178,4,0.2786552397118694,0.009542466211447715,4,0.1774946481333604,0.013562662323750902,4,0.17842616886256812,0.013586417434684873,4,0.821226179599762,0.013541609242079037,4,0.24421020969748497,0.00033473090401650536,4,0.3233315944671631,0.0009245365534859186,4,0.40423191512924395,0.006066159044357538,4,0.33444559740846663,0.007099369663366095,4,0.16201058625218964,0.004794709851905685,4,0.1634310399232199,0.004891469484098542,4,1.135067105293274,0.026214821950764477,4,0.20262401551008224,0.00032517750807816456,4,0.2697856202721596,0.0005292976393982492,4,0.4306928042167175,0.0020235803680076223,4,0.31712475239278054,0.004534359363759353,4,0.18368692336121842,0.003203737490958847,4,0.1854993627621891,0.0017430599477844897,4,0.7901826500892639,0.013969937526395146,4,10.25,0.5000000000000001,4,1.135067105293274,0.026214821950764477,4,179761.0,0.0,4,179761.0,0.0,4
B3_with_RC_weighted_bcap_10,10.0,0.0005,0.0001,hq_first,branched_only,1,643,SKNSH,0.2015763707458973,0.002587938439043862,4,0.27095623314380646,0.004812361275081676,4,0.45073372320782434,0.03037562892849051,4,0.3068479768808305,0.027989749027863917,4,0.20164391481771277,0.026899465042411832,4,0.20385289836138862,0.02733513674536516,4,0.7971144765615463,0.02685758886071188,4,0.24449177086353302,0.0008912023060483746,4,0.32515059411525726,0.0012088002020928979,4,0.39102766804956485,0.008771289470361413,4,0.33354104739436596,0.009452833241547432,4,0.15255173096954983,0.00629120317536014,4,0.15296033881951032,0.006924491064316539,4,1.1479702293872833,0.031769084699236776,4,0.19976986944675446,0.0013004132334959004,4,0.2656871974468231,0.0016910197134406483,4,0.4564776734049387,0.010971440876519406,4,0.3221495510768795,0.004517879860188526,4,0.20827866338259074,0.010076608795710904,4,0.20846214570336613,0.01002233696337731,4,0.7664285004138947,0.019459903929815905,4,20.25,5.560275772537426,4,1.1479702293872833,0.031769084699236776,4,179761.0,0.0,4,179761.0,0.0,4
B3_with_RC_weighted_bcap_10,10.0,0.0005,0.0001,hq_first,branched_only,1,1125,HepG2,0.241557776927948,0.002478659842979172,4,0.32052280753850937,0.0025996310158467955,4,0.4161318971707438,0.02207346958945039,4,0.3003423196152438,0.02815542704836415,4,0.17148061714481197,0.017618692911142958,4,0.17353118438770979,0.018040952719580092,4,0.8277829438447952,0.01760311677445096,4,0.24402505904436111,0.001158673553496795,4,0.32562965154647827,0.0014961147626039802,4,0.3887478447119886,0.010054956458688983,4,0.3148918848360876,0.010725895076780782,4,0.15004807832016748,0.007810668296085441,4,0.15120071338025598,0.007820982304594758,4,0.8543878942728043,0.017303388655215055,4,0.20112886279821396,0.0008097476962156889,4,0.2673123925924301,0.0012525559042121217,4,0.4469945257249356,0.008011888289910733,4,0.3414962572613054,0.01178484056968217,4,0.19857434936777726,0.00749984629534391,4,0.1998522487935376,0.007191629026172848,4,0.5756884962320328,0.00439369858527201,4,9.25,1.2583057392117913,4,0.8543878942728043,0.017303388655215055,4,179761.0,0.0,4,179761.0,0.0,4
B3_with_RC_weighted_bcap_10,10.0,0.0005,0.0001,hq_first,branched_only,1,1125,K562,0.2445630580186844,0.0014625169194874255,4,0.32378438860177994,0.003231186191512465,4,0.39377086011625084,0.03112217223153551,4,0.27452615198246566,0.039824488085628544,4,0.15440337652103497,0.025585288970417775,4,0.155781932479999,0.024889586187739406,4,0.8448449969291687,0.0255625899641188,4,0.24365191161632538,0.0006912370795617928,4,0.32353363931179047,0.0009747329217490046,4,0.40733194397873007,0.004460930348543878,4,0.3226308751529914,0.007138187211271242,4,0.16096235786944624,0.00505961212184648,4,0.16593423751017222,0.0036336544360195274,4,0.8433767557144165,0.013009817773429433,4,0.20208730921149254,0.0009007566993960533,4,0.269277423620224,0.0017445587421734046,4,0.4360618876755518,0.014866911088060115,4,0.322678237143224,0.013950105385665742,4,0.18673614784807926,0.010536743383365958,4,0.1903157386671408,0.012965674593574963,4,0.5842429250478745,0.011210607270575632,4,7.25,3.8622100754188224,4,0.8433767557144165,0.013009817773429433,4,179761.0,0.0,4,179761.0,0.0,4
B3_with_RC_weighted_bcap_10,10.0,0.0005,0.0001,hq_first,branched_only,1,1125,SKNSH,0.24188440293073654,0.0024295274407257514,4,0.32003021985292435,0.0022645353201261164,4,0.4184225411178677,0.01578990475849306,4,0.29819499720102477,0.026567030089811674,4,0.17408916511526776,0.011990305601826375,4,0.17526441373474538,0.013158655213228511,4,0.8251767009496689,0.011979738786806889,4,0.2443830817937851,0.001059696696816,4,0.3258400857448578,0.0016304399426315074,4,0.38728693301711564,0.011347296451307949,4,0.3205682330861462,0.0044788366889235475,4,0.14894667151828045,0.00852866084624325,4,0.15008773933836922,0.008715423919006548,4,0.8554762154817581,0.0164437691597291,4,0.1989719606935978,0.001232372309431898,4,0.26477861404418945,0.0013818705078636896,4,0.46404381677120526,0.007725707584363142,4,0.33202537361723017,0.011798873195084464,4,0.21369217307009442,0.008205695559918626,4,0.21538142880184724,0.00718082316883678,4,0.5648150593042374,0.0020910651900643137,4,14.25,1.5,4,0.8554762154817581,0.0164437691597291,4,179761.0,0.0,4,179761.0,0.0,4
B3_with_RC_weighted_bcap_10,10.0,0.0005,0.0001,hq_first,branched_only,1,1608,HepG2,0.2598903253674507,0.004923971608018139,4,0.3412155210971832,0.006805094445085788,4,0.3910833583358468,0.01868341488649326,4,0.29223715156169117,0.02179122658759314,4,0.15214681033467575,0.013365729829013406,4,0.15320799566110999,0.014952839453574696,4,0.847325935959816,0.013357387909635298,4,0.2436843439936638,0.0010127117504602262,4,0.3246987909078598,0.0005997381566205005,4,0.39667476637805826,0.005948245694052226,4,0.31931635802782216,0.01250341126788195,4,0.1549117846475458,0.003123714515661713,4,0.1573774065012147,0.004706031101555154,4,0.7678361535072327,0.02860875858447261,4,0.2030104175209999,0.00236020387993848,4,0.2693104147911072,0.0028908598341055546,4,0.4370425969632671,0.01946749365405045,4,0.333149673942864,0.016333573110298823,4,0.18649219734668812,0.017370511852020147,4,0.1912904690422746,0.017389859129792393,4,0.5283246040344238,0.024602264803556973,4,7.0,4.0,4,0.7678361535072327,0.02860875858447261,4,179761.0,0.0,4,179761.0,0.0,4
B3_with_RC_weighted_bcap_10,10.0,0.0005,0.0001,hq_first,branched_only,1,1608,K562,0.2623744383454323,0.005096981347637357,4,0.34418636560440063,0.008382944470927368,4,0.3722867876998867,0.013764981971951118,4,0.27428221890974697,0.006251516870260601,4,0.13748218320655226,0.010309723136614084,4,0.1387395583424166,0.010286456517174128,4,0.8619814366102219,0.01030326708376547,4,0.24429278448224068,0.0010683198208338274,4,0.3232259452342987,0.000640582168503499,4,0.40941807143487297,0.004947269062111109,4,0.3272693961847079,0.008035062065154652,4,0.1625608000957046,0.0033163848949502067,4,0.16764151382083045,0.004051002576412355,4,0.760835587978363,0.026507363106084002,4,0.20336315780878067,0.00215039309683298,4,0.2703186720609665,0.0029841985251982967,4,0.42821790593581244,0.018795545654251938,4,0.3128464804154242,0.007261364298647991,4,0.1803854564250472,0.018103995036552686,4,0.1836355293663831,0.016078195871392528,4,0.5320100635290146,0.014811363558169272,4,4.25,0.9574271077563382,4,0.760835587978363,0.026507363106084002,4,179761.0,0.0,4,179761.0,0.0,4
B3_with_RC_weighted_bcap_10,10.0,0.0005,0.0001,hq_first,branched_only,1,1608,SKNSH,0.26069384068250656,0.005526556789412068,4,0.34134045243263245,0.008107797746310569,4,0.3904276975524644,0.01416647933087122,4,0.28707731467207664,0.006265933984664577,4,0.1516628185006059,0.01072066899459786,4,0.15258430386859265,0.011131606417809173,4,0.8478095978498459,0.010713940309202957,4,0.24373622611165047,0.0015252154707078225,4,0.3248949572443962,0.001049301882271862,4,0.3970087834991488,0.007142188106143785,4,0.3366189222949282,0.008930765163234234,4,0.15388590000512575,0.005467363710612113,4,0.15765423231368167,0.00562254454048517,4,0.7687829434871674,0.029378764751272216,4,0.20017389953136444,0.0014429963533275094,4,0.266374334692955,0.0018616603353110387,4,0.4564295808543811,0.01119121212703709,4,0.3348722150445379,0.0058200920899665436,4,0.20417317363924256,0.011099248261727623,4,0.20842189470056027,0.010236771918150782,4,0.5166026800870895,0.01322461789983687,4,8.75,3.095695936834452,4,0.7687829434871674,0.029378764751272216,4,179761.0,0.0,4,179761.0,0.0,4
B3_with_RC_weighted_bcap_10,10.0,0.0005,0.0001,hq_first,branched_only,1,2411,HepG2,0.27118968218564987,0.0019929811058440037,4,0.35366928577423096,0.0031106337914729733,4,0.37658341554547486,0.007485707375181892,4,0.2762592875955604,0.0077234002332006255,4,0.1398078116714825,0.004886871475274722,4,0.14185709572507596,0.005642386760631952,4,0.8598353415727615,0.004884782595921574,4,0.2428121455013752,0.000827691581061866,4,0.32410960644483566,0.0006333309522742965,4,0.3990545480468686,0.004570934266281504,4,0.33051092785368597,0.005324056450501768,4,0.15797568972310677,0.0032932966818665058,4,0.15926020239694053,0.0036282527307346583,4,0.7222092151641846,0.011279366039688248,4,0.20162609219551086,0.001392137903097679,4,0.2679529935121536,0.00121382935748105,4,0.44273160430061775,0.008068229527501924,4,0.34028123320394943,0.007380620801897345,4,0.19472946370189348,0.007283408700467007,4,0.1960600956923801,0.007204928258722451,4,0.4936058670282364,0.006628506709234112,4,3.75,0.49999999999999994,4,0.7222092151641846,0.011279366039688248,4,179761.0,0.0,4,179761.0,0.0,4
B3_with_RC_weighted_bcap_10,10.0,0.0005,0.0001,hq_first,branched_only,1,2411,K562,0.2715512812137604,0.002109356211681217,4,0.3543347492814064,0.0020777288267870876,4,0.3697389986040704,0.018041460449094528,4,0.272295537746934,0.018428673541056442,4,0.13647845670434863,0.012833751799363125,4,0.13695104781009296,0.013485059360108536,4,0.8631633073091507,0.012828403328711754,4,0.24327370524406433,0.0009152502133718682,4,0.3231058567762375,0.0008244914252831298,4,0.408901193797774,0.0053960716540886215,4,0.33501979176601226,0.003016106153389792,4,0.16318135666958428,0.004267254954543874,4,0.16722202448121676,0.0044194923764177005,4,0.7177077084779739,0.007840182879787558,4,0.20218445360660553,0.0019215133007922328,4,0.2689390182495117,0.002175269150109857,4,0.44025178773406015,0.014629782236170433,4,0.3286474439534848,0.012216805301356848,4,0.18876471367834155,0.013118287682183304,4,0.1939821594992443,0.012811202976134577,4,0.4973723739385605,0.015322293872710228,4,4.5,3.1091263510296048,4,0.7177077084779739,0.007840182879787558,4,179761.0,0.0,4,179761.0,0.0,4
B3_with_RC_weighted_bcap_10,10.0,0.0005,0.0001,hq_first,branched_only,1,2411,SKNSH,0.2712116315960884,0.003217435123596906,4,0.35300491005182266,0.005046952974022171,4,0.3799088237719549,0.019606411057326648,4,0.28344183465726447,0.01463741301122753,4,0.14304243523216967,0.014070080810438384,4,0.14461902289570192,0.014903025154433279,4,0.8566020876169205,0.014064192466541319,4,0.2431972324848175,0.0005327430954105029,4,0.32436056435108185,0.0005418840372399598,4,0.39881842386120636,0.0040167395740449,4,0.3379743773510938,0.0040886513398693276,4,0.15667189502591405,0.0028177614858412446,4,0.15906823585874114,0.003193936492253995,4,0.7233499139547348,0.013010895649528648,4,0.20023736730217934,0.001382196307674257,4,0.2662684768438339,0.001987366887600493,4,0.45553782759765293,0.012009679470288111,4,0.3418651140334216,0.007345288152656544,4,0.20480148031477627,0.011869739128495071,4,0.20762288667312329,0.01095132082353367,4,0.4873891547322273,0.0045160718454833795,4,6.5,2.516611478423583,4,0.7233499139547348,0.013010895649528648,4,179761.0,0.0,4,179761.0,0.0,4
B3_with_RC_weighted_bcap_10,10.0,0.0005,0.0001,hq_first,branched_only,1,3215,HepG2,0.2792313024401665,0.001162785661632322,4,0.36287229508161545,0.001541196331475621,4,0.35700204289155685,0.009075231422141884,4,0.2734043342675159,0.006050751388953218,4,0.12561380250081972,0.007428352417806477,4,0.12751222849776905,0.0064853795530866835,4,0.8741142600774765,0.007426027960811546,4,0.24302642792463303,0.0006113194634749415,4,0.32387541234493256,0.0007961860856370402,4,0.40194913661413784,0.005865767099262067,4,0.3371934277923195,0.007273326375646755,4,0.15919071552559752,0.004133350543873234,4,0.16158891384259794,0.00470259693287726,4,0.6963260024785995,0.00342307643258021,4,0.20286904647946358,0.001549544792965639,4,0.26902811229228973,0.0018900885492594743,4,0.43688992378150243,0.012137439786702947,4,0.34462513732094024,0.010551775450350775,4,0.1882369207412416,0.011410606983544494,4,0.19098329358523886,0.010603775839605936,4,0.4804697781801224,0.006753792109491892,4,2.75,0.9574271077563381,4,0.6963260024785995,0.00342307643258021,4,179761.0,0.0,4,179761.0,0.0,4
B3_with_RC_weighted_bcap_10,10.0,0.0005,0.0001,hq_first,branched_only,1,3215,K562,0.27947694063186646,0.0017720922546038166,4,0.36328089982271194,0.00230098004804894,4,0.3531947925637933,0.016872513762569347,4,0.26749246478239513,0.011482398913655177,4,0.12362899792613166,0.011122763504514174,4,0.12496007278468205,0.01177664264098949,4,0.8760984241962433,0.01111931034984401,4,0.24350405111908913,0.0011857330320965834,4,0.3234914243221283,0.0005646506761639239,4,0.40746917832926755,0.004425262239759225,4,0.3387145879474916,0.006563165386590086,4,0.16118516459371585,0.0029263764099339918,4,0.16604581849774638,0.0035915860504680736,4,0.6946743130683899,0.002423470191484473,4,0.20190835744142532,0.0021570754503180394,4,0.26861313730478287,0.002825582718491103,4,0.4404724786186389,0.019408468122685908,4,0.33765636235563057,0.020359955209764528,4,0.19070208550155,0.017045790755686782,4,0.1942985208965993,0.016862423397438535,4,0.4790107160806656,0.010089108542557035,4,2.75,1.5,4,0.6946743130683899,0.002423470191484473,4,179761.0,0.0,4,179761.0,0.0,4
B3_with_RC_weighted_bcap_10,10.0,0.0005,0.0001,hq_first,branched_only,1,3215,SKNSH,0.27803388983011246,0.001428577736057979,4,0.36094022542238235,0.0016342608010354754,4,0.36921733456596084,0.01241892569879003,4,0.28460979647792317,0.009311045782590593,4,0.13489860534843978,0.007832422784435963,4,0.1364371124306267,0.009222253112703046,4,0.8648322969675064,0.007829935652497077,4,0.2421352006494999,0.00041988423976747154,4,0.3241332620382309,0.0008002082003916799,4,0.39916774700237934,0.0062302611374757625,4,0.3415824845863287,0.0032231160523565876,4,0.15785136347030254,0.004161639829931414,4,0.1593640023623364,0.00493765136116024,4,0.6974351853132248,0.00344649875850193,4,0.19978419691324234,0.0003606779535812054,4,0.2656330019235611,0.0008039630496131824,4,0.45926138520276555,0.00541007998152065,4,0.3448962198313261,0.00674827428836443,4,0.2086202184726204,0.004795200044919447,4,0.21094297166241785,0.004941705369292354,4,0.46840523183345795,0.0028382206193223788,4,6.0,2.160246899469287,4,0.6974351853132248,0.00344649875850193,4,179761.0,0.0,4,179761.0,0.0,4
B3_with_RC_weighted_bcap_10,10.0,0.0005,0.0001,hq_first,conv3_plus,1,161,HepG2,0.17429853975772858,0.02712144341923635,4,0.2415401227772236,0.02847175881112817,4,0.48830161881285117,0.21895815125608104,4,0.385083187825448,0.21563759541951866,4,0.24141970912613717,0.21878112429712462,4,0.2743954749363616,0.21305542946227843,4,0.7538686245679855,0.21742221768295839,4,0.24904902279376984,0.001011918582186416,4,0.3298584222793579,0.0015119441298933152,4,0.35929169805568856,0.0105479649004963,4,0.31391886025638527,0.0028382786285287447,4,0.12782915057953514,0.007991402008589705,4,0.12917396896439667,0.0075961861569577805,4,1.3783144056797028,0.09640894353427323,4,0.2170332632958889,0.002598123544840922,4,0.28333481401205063,0.0026251094481416406,4,0.33524719573902356,0.02544200174344505,4,0.28203714903871646,0.008047673845087675,4,0.09957876904569851,0.0166151672026672,4,0.11287615384041427,0.017242698236340556,4,1.0170016437768936,0.07352049763980989,4,6.25,4.924428900898052,4,1.3783144056797028,0.09640894353427323,4,179761.0,0.0,4,3063361.0,0.0,4
B3_with_RC_weighted_bcap_10,10.0,0.0005,0.0001,hq_first,conv3_plus,1,161,K562,0.1458970382809639,0.01128584829149931,4,0.2125055529177189,0.016113701739730632,4,0.6567948544597235,0.0646731108173851,4,0.5889160186712985,0.08171527074020246,4,0.4229079099639875,0.08597802511833799,4,0.4345164392918677,0.08559714230320001,4,0.5735076814889908,0.08544399095763479,4,0.2477237805724144,0.002094310929494544,4,0.3257254585623741,0.002852688475515481,4,0.3915993283026311,0.01881229898861181,4,0.3012377096641549,0.01891418089842339,4,0.1495124284420618,0.014838788916355695,4,0.15361546087199957,0.01485840858291824,4,1.3438729643821716,0.09325413458607873,4,0.21199755370616913,0.0037123250497393583,4,0.27882950007915497,0.0026575931063212146,4,0.38424970448771434,0.022374627770719958,4,0.3055439976437741,0.022065370156517095,4,0.1279830108439168,0.016646182625186086,4,0.14802330337480446,0.017159642397973067,4,0.985245868563652,0.0772065784974948,4,13.0,2.449489742783178,4,1.3438729643821716,0.09325413458607873,4,179761.0,0.0,4,3063361.0,0.0,4
B3_with_RC_weighted_bcap_10,10.0,0.0005,0.0001,hq_first,conv3_plus,1,161,SKNSH,0.16721875965595245,0.02828242088515952,4,0.23352480307221413,0.022788733385018013,4,0.5465857710570152,0.19136565533262218,4,0.48015100216285445,0.19960494280588212,4,0.29526963298179193,0.18136697970309695,4,0.3262216156526548,0.17657648719626606,4,0.7003531903028488,0.1802404590031884,4,0.2503906898200512,0.000988462872807439,4,0.3322439044713974,0.0013500000746001827,4,0.34431505525490447,0.009425413097952882,4,0.3131748644556948,0.003323073909263594,4,0.11517172709956738,0.007191993114971817,4,0.1186194860842382,0.006434888131353259,4,1.3983506560325623,0.09817094324407521,4,0.21187005564570427,0.0024538998134620697,4,0.2786681726574898,0.00343410065681383,4,0.3687084401981565,0.027947884473432008,4,0.2945709882130415,0.010945847466456668,4,0.12895194934637152,0.021434292116238318,4,0.13653172705826278,0.020731174107238508,4,0.9846081733703613,0.08530005074802227,4,9.0,5.228129047119374,4,1.3983506560325623,0.09817094324407521,4,179761.0,0.0,4,3063361.0,0.0,4
B3_with_RC_weighted_bcap_10,10.0,0.0005,0.0001,hq_first,conv3_plus,1,322,HepG2,0.17276457697153091,0.0027076119271015695,4,0.23756323009729385,0.004022734472255304,4,0.572126932964919,0.02749771828973201,4,0.4373937304821578,0.05092269703715766,4,0.3121439699259611,0.031781636143016975,4,0.32789632080720105,0.03220635709072138,4,0.6857198029756546,0.031682916997223025,4,0.24665012583136559,0.0012097499546748574,4,0.32660990953445435,0.0012940772473393224,4,0.38404846537103443,0.009026153228175054,4,0.32084899243847576,0.008586859633412216,4,0.14492656976003954,0.006777085412397489,4,0.14755432733542048,0.006921214432725371,4,1.2957623898983002,0.0389911232712038,4,0.21336355432868004,0.0019881643684179985,4,0.2798161953687668,0.0016470597975172597,4,0.3749727361874836,0.010734582163927663,4,0.28771289620043294,0.01568194281794669,4,0.12183754513188796,0.010360887102029325,4,0.14069097632460376,0.008032625639291068,4,0.9511318653821945,0.031886032932453026,4,6.5,0.9999999999999999,4,1.2957623898983002,0.0389911232712038,4,179761.0,0.0,4,3063361.0,0.0,4
B3_with_RC_weighted_bcap_10,10.0,0.0005,0.0001,hq_first,conv3_plus,1,322,K562,0.16967080906033516,0.0032397593281064158,4,0.2323821522295475,0.0044193464966404425,4,0.5932133480775421,0.019823760430366377,4,0.4469416341391222,0.043965534919435244,4,0.34213145842679227,0.021746278349880396,4,0.3521968124455675,0.02330150361546995,4,0.6558254212141037,0.02167872936821003,4,0.24464788287878036,0.001546646855356156,4,0.32200338691473007,0.0015081718636746789,4,0.4145058138807225,0.008573791181629879,4,0.3205028601842865,0.008170812494523743,4,0.16887260885719527,0.007786473461447833,4,0.17187020216233978,0.00710850188466866,4,1.2591326534748077,0.018249672993458407,4,0.20621583238244057,0.0017682759157345062,4,0.2744816616177559,0.0017864173930129904,4,0.4140920938745017,0.00438597735866377,4,0.31938224339715,0.009487659291057857,4,0.1549967835603701,0.011011164216233518,4,0.17148668980741213,0.003625488473913711,4,0.9149333834648132,0.01654925409794992,4,7.5,1.2909944487358056,4,1.2591326534748077,0.018249672993458407,4,179761.0,0.0,4,3063361.0,0.0,4
B3_with_RC_weighted_bcap_10,10.0,0.0005,0.0001,hq_first,conv3_plus,1,322,SKNSH,0.17641348019242287,0.0046451206392136984,4,0.24203616008162498,0.00465549836810985,4,0.5416716775259425,0.039078268067716804,4,0.43599652703866026,0.0355564433080257,4,0.2857658984504497,0.040548227883117446,4,0.29455353951014784,0.04236260323609884,4,0.7120159268379211,0.040422269543803034,4,0.2472733110189438,0.0007190379754755619,4,0.32838737964630127,0.0008290210668038698,4,0.37131824775252364,0.007956143236176735,4,0.33389253690634746,0.007590975140104149,4,0.13560033261631507,0.004364599155708716,4,0.13792471627540046,0.0059107687717277965,4,1.3098642230033875,0.037200809791173746,4,0.20764677971601486,0.0025769188556453034,4,0.2739449366927147,0.0027681344634180286,4,0.4033650688769048,0.02038151737230559,4,0.3049568854942005,0.0092954351013141,4,0.1582605360695554,0.017031105464266307,4,0.16301493347786833,0.016418537326860813,4,0.911811351776123,0.03838994711605218,4,6.75,0.9574271077563381,4,1.3098642230033875,0.037200809791173746,4,179761.0,0.0,4,3063361.0,0.0,4
B3_with_RC_weighted_bcap_10,10.0,0.0005,0.0001,hq_first,conv3_plus,1,643,HepG2,0.1881013810634613,0.003483818893512328,4,0.2552332356572151,0.004036989117805327,4,0.547459424055599,0.03440571865927226,4,0.39257049900377716,0.02912831644586701,4,0.29127505171691676,0.03391932521991064,4,0.30059963609463397,0.037340762536576554,4,0.7076227515935898,0.033866574473201023,4,0.2460637427866459,0.00043319184088966376,4,0.32525458186864853,0.0006966774573963629,4,0.39095068484443807,0.0045589594458175075,4,0.3257575671213752,0.01007778004835835,4,0.15201548229636186,0.0036329072212780756,4,0.1528580260637566,0.003562850144792245,4,1.1486536264419556,0.028926058798834125,4,0.20763415843248367,0.0006984045370318401,4,0.2743152752518654,0.0006806574505638782,4,0.40732905771784705,0.003789027777673233,4,0.304577513020575,0.009748846990395717,4,0.1560438336058295,0.004189332065291911,4,0.16592772880993417,0.003086555007521481,4,0.817008838057518,0.018969583736282457,4,4.5,0.5773502691896258,4,1.1486536264419556,0.028926058798834125,4,179761.0,0.0,4,3063361.0,0.0,4
B3_with_RC_weighted_bcap_10,10.0,0.0005,0.0001,hq_first,conv3_plus,1,643,K562,0.1926042176783085,0.004255610540280662,4,0.2594769448041916,0.005436838080859749,4,0.5214108353118112,0.027675240017774577,4,0.3605863640967114,0.019973187390898747,4,0.26785007091115787,0.027282273015247424,4,0.2724436983630918,0.02930024788769396,4,0.731011301279068,0.027239848941567172,4,0.2434203177690506,0.0009585127591103919,4,0.3209839314222336,0.00039778984883995916,4,0.4189981971742354,0.0030220414521525615,4,0.3278069554444122,0.0036015469767663633,4,0.17413956794938926,0.002047654346484245,4,0.17556633878616337,0.002525949534837388,4,1.118645191192627,0.025708711183397424,4,0.20288723334670067,0.002178327413131651,4,0.27022555470466614,0.002516088970884057,4,0.43098375493566177,0.013155164177940883,4,0.3262087900447923,0.00554854278778654,4,0.18097157171852085,0.015220887515017715,4,0.185876790776854,0.011443898171056127,4,0.7927663028240204,0.01766956237938306,4,4.25,0.4999999999999999,4,1.118645191192627,0.025708711183397424,4,179761.0,0.0,4,3063361.0,0.0,4
B3_with_RC_weighted_bcap_10,10.0,0.0005,0.0001,hq_first,conv3_plus,1,643,SKNSH,0.1867491938173771,0.0017912128650169857,4,0.25325775519013405,0.00391745881878245,4,0.5557270108140896,0.016319762855969196,4,0.4233762644087805,0.015757437138999172,4,0.30259463861861047,0.019073444201866113,4,0.3090322615431196,0.01808547199643502,4,0.6963207274675369,0.019043816419894714,4,0.24559392780065536,0.0005441378550231604,4,0.32561590522527695,0.0004571631540046792,4,0.39059619909514454,0.0024214601602950496,4,0.33106305502760874,0.0048756626420698975,4,0.15013203780583717,0.002385715823639878,4,0.15256978834955473,0.001897409677380899,4,1.1511781811714172,0.027284039450322206,4,0.20227670297026634,0.0009720032340222501,4,0.26825807988643646,0.0008281175172241801,4,0.4456542437882493,0.004050541525637817,4,0.31603612775118806,0.002933455026336675,4,0.19290135048656315,0.004980481687921827,4,0.19862001017146455,0.003610093252256789,4,0.7812964022159576,0.01661676039668214,4,5.0,0.0,4,1.1511781811714172,0.027284039450322206,4,179761.0,0.0,4,3063361.0,0.0,4
B3_with_RC_weighted_bcap_10,10.0,0.0005,0.0001,hq_first,conv3_plus,1,1125,HepG2,0.22970956191420555,0.004754527355278173,4,0.30679209530353546,0.006333579430005542,4,0.4961175092978927,0.03745340078054207,4,0.35215155142279236,0.03305170649912751,4,0.2406186017564779,0.03668842980414199,4,0.2471846509544656,0.0365877500262019,4,0.7587063908576965,0.03665591105075922,4,0.24355881288647652,0.0015357699701370046,4,0.32369571179151535,0.0010718388905439943,4,0.40118678197439006,0.005862940736881062,4,0.3204415309670779,0.0071984908803191085,4,0.16012036053966794,0.0055622599365739355,4,0.16097661458652995,0.004702988561978506,4,0.8442181348800659,0.012743249407865245,4,0.20325269922614098,0.0015068061503603024,4,0.2696942836046219,0.0021871548206562844,4,0.4357386215006408,0.01452887078283579,4,0.3171445042452298,0.008256049505026453,4,0.18420168609444512,0.01323116973488037,4,0.19002646233194698,0.012655348691155009,4,0.5859963893890381,0.00737892668624783,4,3.5,0.5773502691896257,4,0.8442181348800659,0.012743249407865245,4,179761.0,0.0,4,3063361.0,0.0,4
B3_with_RC_weighted_bcap_10,10.0,0.0005,0.0001,hq_first,conv3_plus,1,1125,K562,0.2313569150865078,0.004404592514048421,4,0.30792974680662155,0.004626658445094488,4,0.4892113123166483,0.014628336320269211,4,0.35071287130901885,0.006707505425630212,4,0.23541882276515658,0.014693651229635512,4,0.2394881992662014,0.01448222779759589,4,0.763901561498642,0.014680630241335736,4,0.24207337945699692,0.0010739159372405859,4,0.3206630200147629,0.0006559922536815683,4,0.4212653816835892,0.004242653351139936,4,0.3257143402257995,0.009647558199766355,4,0.1757883953579128,0.00337246837827235,4,0.17747802188561354,0.0035702823591379444,4,0.8284641802310944,0.01129671886149155,4,0.19973235577344894,0.002421989152907718,4,0.2668333724141121,0.002823953212483292,4,0.45274432181720947,0.01563901254306263,4,0.3247716568729013,0.012109017977948203,4,0.20139014506867406,0.01686935450926131,4,0.2051608549727165,0.014242759166563404,4,0.5736030787229538,0.006455753243658384,4,3.5,0.5773502691896257,4,0.8284641802310944,0.01129671886149155,4,179761.0,0.0,4,3063361.0,0.0,4
B3_with_RC_weighted_bcap_10,10.0,0.0005,0.0001,hq_first,conv3_plus,1,1125,SKNSH,0.22950535267591476,0.0037705274119212775,4,0.30540069937705994,0.004277409581161967,4,0.5043697251224818,0.019218800429467185,4,0.37091800697611427,0.02181702917710473,4,0.24784026634598919,0.018745134583237105,4,0.2546658413375886,0.019092296317892544,4,0.7514911592006683,0.01872849506260198,4,0.2434115633368492,0.0013475266422415758,4,0.3236880302429199,0.0019358165740782746,4,0.4018669342775785,0.013453924329077924,4,0.3325091301766679,0.012349671385014164,4,0.16014457575578334,0.010048584113553295,4,0.16163278892554905,0.010785456115209573,4,0.8442063927650452,0.0162321062464628,4,0.19915463402867317,0.001967347006384509,4,0.26509542018175125,0.002507627125973995,4,0.46333964029514185,0.015208713364125468,4,0.3272148903085252,0.007837729097964813,4,0.21177270906718232,0.014948732889077073,4,0.21485710099047556,0.013922337793252868,4,0.5661782771348953,0.007798782138790734,4,3.75,0.5,4,0.8442063927650452,0.0162321062464628,4,179761.0,0.0,4,3063361.0,0.0,4
B3_with_RC_weighted_bcap_10,10.0,0.0005,0.0001,hq_first,conv3_plus,1,1608,HepG2,0.24056551232933998,0.004265900956478218,4,0.3180830478668213,0.006400985883138334,4,0.5194785690362363,0.007676450299918111,4,0.3827341290703961,0.010186061910457513,4,0.2632790762805752,0.0030263919527366394,4,0.2699021796048411,0.007940794425340058,4,0.7362627536058426,0.003024494964834874,4,0.24102149903774261,0.0009832271349145341,4,0.32106275111436844,0.0016108193574241015,4,0.4186075833723081,0.01069457958784597,4,0.32849587684465775,0.004130494766123792,4,0.17371928687627913,0.008289670229675186,4,0.17531808938122442,0.008953572081982556,4,0.7507377415895462,0.028350737491593322,4,0.203544232994318,0.0029695807703528994,4,0.2697433605790138,0.004254945579819116,4,0.4499404164226174,0.0074370305973271945,4,0.3333915174905691,0.008256137007511787,4,0.183792732797483,0.025929720607154857,4,0.2024878603986375,0.0066408283012876655,4,0.5296007543802261,0.009026110678954953,4,4.0,0.0,4,0.7507377415895462,0.028350737491593322,4,179761.0,0.0,4,3063361.0,0.0,4
B3_with_RC_weighted_bcap_10,10.0,0.0005,0.0001,hq_first,conv3_plus,1,1608,K562,0.24457626044750214,0.005269983063720721,4,0.32241638749837875,0.007207617150719229,4,0.49973270752827686,0.03681567447432011,4,0.3723369743831406,0.030961380551406563,4,0.24244635713806847,0.03687913999284509,4,0.2507493243887916,0.03726617490354307,4,0.7570825517177582,0.036856197548969225,4,0.24097924679517746,0.0012270304213266568,4,0.3193059340119362,0.00181662988699594,4,0.428906673311696,0.010827738774439407,4,0.3302744241437066,0.006157922644226018,4,0.18273276601659066,0.009300046715641767,4,0.18404886435653156,0.009268011726037324,4,0.742501974105835,0.02677355851162863,4,0.20032625272870064,0.001451424005129382,4,0.2666935473680496,0.002427301096001407,4,0.45608935110102267,0.01258628958551817,4,0.3271380084261572,0.0058248839168791025,4,0.20224432022471595,0.014540863597341034,4,0.20813630720189982,0.011369186845420305,4,0.5179156139492989,0.017162875879486162,4,3.75,0.9574271077563381,4,0.742501974105835,0.02677355851162863,4,179761.0,0.0,4,3063361.0,0.0,4
B3_with_RC_weighted_bcap_10,10.0,0.0005,0.0001,hq_first,conv3_plus,1,1608,SKNSH,0.24646484479308128,0.005689501083896286,4,0.3237035349011421,0.008865650024310176,4,0.49167059604696584,0.028093490356729242,4,0.37150953716775825,0.026175688289298445,4,0.2367941716399753,0.029532192142240205,4,0.24233190816749642,0.027630327204010246,4,0.7627311944961548,0.0295138611420843,4,0.24123535305261612,0.0018378557948617298,4,0.3221093863248825,0.0013622811816784279,4,0.4121284978794218,0.009483180329005228,4,0.33966862937780024,0.012003217214207421,4,0.16832788994030143,0.007035965502158491,4,0.16991734679621287,0.007816557374722609,4,0.7556670755147934,0.02931277823067168,4,0.19881181418895721,0.00044926181963539743,4,0.26480522006750107,0.0005358971525053173,4,0.46821420378927964,0.008016780431565573,4,0.3436775668247013,0.005355159699912218,4,0.21354777820391113,0.0031845225128665717,4,0.21927274220639503,0.00752389856593345,4,0.5107068344950676,0.019481403823043468,4,3.5,0.5773502691896257,4,0.7556670755147934,0.02931277823067168,4,179761.0,0.0,4,3063361.0,0.0,4
B3_with_RC_weighted_bcap_10,10.0,0.0005,0.0001,hq_first,conv3_plus,1,2411,HepG2,0.2535029388964176,0.005899062494431421,4,0.3314535990357399,0.006016404105696242,4,0.4983894966754997,0.027409244232273623,4,0.3719147114097491,0.03797464095784994,4,0.24422495881278894,0.02861498888351607,4,0.24895554039849624,0.027382982535385438,4,0.7554615586996078,0.028603136553655064,4,0.23982005193829536,0.0009112564121786369,4,0.3213771805167198,0.0005831781412830626,4,0.41645847702945027,0.004329870728074807,4,0.33144973664018657,0.00976560163376111,4,0.17211371113640522,0.0030028409474600177,4,0.17345172392508054,0.0036146707270180182,4,0.710096463561058,0.012137912745451134,4,0.20343996956944466,0.00204705031827834,4,0.2687923088669777,0.0026770796387163382,4,0.4542540505097279,0.005465219823814624,4,0.34788008049984565,0.005178379186196852,4,0.18962902730852013,0.016145711190176833,4,0.20636914387528638,0.004991770831235579,4,0.4966619983315468,0.0053673024172399934,4,3.5,0.5773502691896257,4,0.710096463561058,0.012137912745451134,4,179761.0,0.0,4,3063361.0,0.0,4
B3_with_RC_weighted_bcap_10,10.0,0.0005,0.0001,hq_first,conv3_plus,1,2411,K562,0.25209447368979454,0.006797376730515863,4,0.3298386409878731,0.009098578702579045,4,0.5068836722908056,0.028820817932127936,4,0.37480521879892825,0.019338482307313973,4,0.2517303818586314,0.03134542841969253,4,0.25755403689472034,0.02839591486270832,4,0.7479592561721802,0.03133245221966058,4,0.24032359197735786,0.0003246809553311966,4,0.31993699073791504,0.0011021479100094315,4,0.42709999074113836,0.006930453576387528,4,0.3417912527669703,0.0043649242699576665,4,0.1795117954812474,0.005648794948965423,4,0.1824504254811613,0.0059298656906134894,4,0.7036834210157394,0.005967118676205381,4,0.20082959532737732,0.0022696297003816984,4,0.266886442899704,0.0024123373040930663,4,0.4642997650405322,0.012252105100528148,4,0.3477821158163428,0.015052221304493331,4,0.20109060716011795,0.01444566838407342,4,0.21568685737623924,0.011427060541989128,4,0.4897608086466789,0.013131428757355788,4,3.75,0.5,4,0.7036834210157394,0.005967118676205381,4,179761.0,0.0,4,3063361.0,0.0,4
B3_with_RC_weighted_bcap_10,10.0,0.0005,0.0001,hq_first,conv3_plus,1,2411,SKNSH,0.2586825117468834,0.0021469369368690024,4,0.33722303062677383,0.003610509146239405,4,0.4731365975050686,0.006774116719508697,4,0.3494829045627964,0.01208585154005667,4,0.21796715836290023,0.005173616092749491,4,0.22389265639167044,0.006413582511568777,4,0.7817084491252899,0.005171416054492939,4,0.2407556213438511,0.000777004773441943,4,0.32228829711675644,0.0009121603278224053,4,0.4104964314335846,0.0051246219061196535,4,0.3368191277515368,0.00880045500045748,4,0.16740986857123963,0.0047063291945237265,4,0.16852701653196814,0.004232484476702155,4,0.7140785902738571,0.007697578375409372,4,0.19778919592499733,0.0010845281080818982,4,0.2633644640445709,0.0009069584561607634,4,0.47494958200354015,0.0035506056482898242,4,0.3502944892373261,0.008999789667575833,4,0.2220778931651494,0.0053566329648622926,4,0.22558656054568976,0.0033737587924521466,4,0.4768305569887161,0.004263514475337964,4,3.0,0.0,4,0.7140785902738571,0.007697578375409372,4,179761.0,0.0,4,3063361.0,0.0,4
B3_with_RC_weighted_bcap_10,10.0,0.0005,0.0001,hq_first,conv3_plus,1,3215,HepG2,0.2686753198504448,0.003905291218331135,4,0.34962453693151474,0.004791489813546848,4,0.4396270291777838,0.030670944516808532,4,0.3323733019023116,0.02417837303831063,4,0.18818930657462027,0.02224805602244525,4,0.19397745491184884,0.02696609058189603,4,0.8115582019090652,0.022241108051991244,4,0.24084094911813736,0.0005935410059049881,4,0.3212099000811577,0.0008431100883139745,4,0.42057924303573835,0.007506596550701932,4,0.34625532509546886,0.007027595363846029,4,0.17297307620748606,0.004343506011409055,4,0.1769291614163459,0.006307124330019725,4,0.6849119663238525,0.003597141386428048,4,0.2008412666618824,0.0022563632138109073,4,0.26594220846891403,0.0018522979238096734,4,0.46145961456595325,0.004480330002512493,4,0.35932021403050995,0.010819403967736422,4,0.20675331078666753,0.01107530507228657,4,0.2129600308930567,0.004128394402445305,4,0.4695102274417877,0.006555309428635244,4,2.5,0.5773502691896257,4,0.6849119663238525,0.003597141386428048,4,179761.0,0.0,4,3063361.0,0.0,4
B3_with_RC_weighted_bcap_10,10.0,0.0005,0.0001,hq_first,conv3_plus,1,3215,K562,0.26244639605283737,0.008076823563591254,4,0.34218548238277435,0.009703084391282106,4,0.47360917909959344,0.04718494861346724,4,0.3655306594835246,0.04651336586293426,4,0.22200859210044122,0.044300192903762484,4,0.2259754690591324,0.04384846559513551,4,0.7777494043111801,0.04428636965596653,4,0.2411961853504181,0.0012464080416884986,4,0.32093479484319687,0.0014805812659344861,4,0.42294066864770075,0.006236428287901796,4,0.34335486267417914,0.007429817336097128,4,0.17438021881420493,0.007622497013251971,4,0.1789079789745068,0.005262776710836844,4,0.6837466657161713,0.0063126571226504394,4,0.20029404759407043,0.0009462990232581701,4,0.2662792056798935,0.000995341001363606,4,0.46747591345013173,0.0033578079105065135,4,0.3710982185532103,0.004915215453121864,4,0.20476232002292202,0.005948361648662179,4,0.21854218581150792,0.0031378453846797037,4,0.47068867087364197,0.0035207510045499003,4,3.25,0.9574271077563382,4,0.6837466657161713,0.0063126571226504394,4,179761.0,0.0,4,3063361.0,0.0,4
B3_with_RC_weighted_bcap_10,10.0,0.0005,0.0001,hq_first,conv3_plus,1,3215,SKNSH,0.2738798260688782,0.0003388308442667066,4,0.3556224852800369,0.0006191232461334329,4,0.4079284991293026,0.0012054687151665598,4,0.3094686642077059,0.0023093795598616482,4,0.16021286869908538,0.0029240678141610847,4,0.1664067502680029,0.0009837595475467413,4,0.8395259082317352,0.002923164593518924,4,0.24233001843094826,0.00036398310694101877,4,0.32318758964538574,0.00041312441024430306,4,0.4099903079282995,0.0028835098003157384,4,0.34573535765040686,0.004592647119524461,4,0.16276104280070072,0.002141164157450247,4,0.1680982885667182,0.002367872362648154,4,0.6933692395687103,0.001773208377157563,4,0.19854167476296425,0.0014804412028640627,4,0.265350803732872,0.001339743463199344,4,0.46296235153574505,0.006087967072918515,4,0.34669576393163504,0.007971686027343265,4,0.2102911330786567,0.007981971555511114,4,0.2143619364468175,0.0056405664151989825,4,0.46741626411676407,0.0047243871918285435,4,2.0,0.0,4,0.6933692395687103,0.001773208377157563,4,179761.0,0.0,4,3063361.0,0.0,4
B3_with_RC_weighted_bcap_10,10.0,0.0005,0.0001,hq_first,full,1,161,HepG2,0.14168887957930565,0.029753874447027456,4,0.20807217434048653,0.03645033804079824,4,0.6715615355730826,0.17630225859387463,4,0.621954593525998,0.2224817420914911,4,0.43634945182466056,0.20554759155132438,4,0.4743067608502527,0.20868632792294659,4,0.560149610042572,0.20427093120169787,4,0.2499856986105442,0.00042955773885446145,4,0.3303980603814125,0.0006538708938018123,4,0.35694557904438107,0.007691485550572843,4,0.31774828146310236,0.010428408424237997,4,0.12498433783035973,0.0034653517662690714,4,0.12745451561180948,0.00550136328531594,4,1.382444143295288,0.08849719519254427,4,0.21647916361689568,0.0014636431616690425,4,0.2826993614435196,0.001781674931412608,4,0.3382113280431325,0.0207018871871673,4,0.2865401827769312,0.0051793880420866675,4,0.1036440881337905,0.011312372791076851,4,0.11470832851653204,0.013866552466481465,4,1.012131080031395,0.06620953831076522,4,5.25,2.9860788111948193,4,1.382444143295288,0.08849719519254427,4,179761.0,0.0,4,3747661.0,0.0,4
B3_with_RC_weighted_bcap_10,10.0,0.0005,0.0001,hq_first,full,1,161,K562,0.1190319862216711,0.005216710157666716,4,0.18441253155469894,0.009201109247231104,4,0.7577732252734123,0.025856647746431722,4,0.7625145101419446,0.031229307165659755,4,0.5665933868448415,0.043228618259314205,4,0.574721685615782,0.03863432927779632,4,0.4307146370410919,0.04296008786765008,4,0.24803556501865387,0.000567954532427077,4,0.3264400586485863,0.0008587109158454629,4,0.3877534444510786,0.0009284884223985788,4,0.30312170381679826,0.005641553267918127,4,0.1458213231799314,0.0044988767890437285,4,0.15035338025173864,0.0007209035167458395,4,1.3496116995811462,0.0883863924468769,4,0.2147485315799713,0.001991658445914935,4,0.28083132207393646,0.0022872615477921667,4,0.3722083100724592,0.014048155578347531,4,0.2944422641982608,0.011019901508437456,4,0.11543328702849476,0.014402350626031455,4,0.13868703909336103,0.010455926582742251,4,0.9993464797735214,0.07601503760167573,4,7.75,0.9574271077563381,4,1.3496116995811462,0.0883863924468769,4,179761.0,0.0,4,3747661.0,0.0,4
B3_with_RC_weighted_bcap_10,10.0,0.0005,0.0001,hq_first,full,1,161,SKNSH,0.12385695800185204,0.03896863116589838,4,0.18673990666866302,0.043894159261481554,4,0.7214848114652285,0.18459702551920867,4,0.7023274400072339,0.24480485984087166,4,0.5330270228303082,0.2411545906637181,4,0.5460973795479208,0.23662859219978766,4,0.4640725404024124,0.23965673183504704,4,0.25020085647702217,0.001059686470318627,4,0.331157423555851,0.0022478827072286494,4,0.359557728035847,0.023835399675238653,4,0.32925287534819087,0.02170766056863379,4,0.12092980300227607,0.01192528120873424,4,0.1297078544985589,0.017146519133853313,4,1.389238029718399,0.09777860527142515,4,0.2157377451658249,0.0034726661913560557,4,0.2809422016143799,0.002849631411935585,4,0.3685910022278326,0.02761751075241722,4,0.29884547571473175,0.016641896077582014,4,0.1147104068545283,0.017962741874662964,4,0.136431372098438,0.020732469388903153,4,1.0004941374063492,0.08243342752080332,4,7.75,4.645786621588784,4,1.389238029718399,0.09777860527142515,4,179761.0,0.0,4,3747661.0,0.0,4
B3_with_RC_weighted_bcap_10,10.0,0.0005,0.0001,hq_first,full,1,322,HepG2,0.14341479912400246,0.0010340323065968894,4,0.2086668498814106,0.0024036901734462036,4,0.7059853730529253,0.024438379729666324,4,0.6295305482418183,0.02393173631183424,4,0.4694787855579009,0.016835568543698158,4,0.49886327276753667,0.03466051141087454,4,0.5288736075162888,0.01678327068468092,4,0.24659570306539536,0.0017395998775460502,4,0.326815664768219,0.0010975056074466396,4,0.3822466918103508,0.006345466822702428,4,0.3281761750586158,0.011628623018508132,4,0.14385170666600702,0.005745459780221826,4,0.14614273211185583,0.004888509427231002,4,1.2973935306072235,0.03874033255009013,4,0.2130623608827591,0.003792047913366873,4,0.27889595925807953,0.0025093830157092646,4,0.3793567724577324,0.010546655159417698,4,0.30441084025707427,0.010309971825294606,4,0.12757381366613357,0.015744911709129207,4,0.14399498476083653,0.007976940150119412,4,0.9450200647115707,0.03772796365560362,4,4.75,0.5,4,1.2973935306072235,0.03874033255009013,4,179761.0,0.0,4,3747661.0,0.0,4
B3_with_RC_weighted_bcap_10,10.0,0.0005,0.0001,hq_first,full,1,322,K562,0.13279245048761368,0.011986772306068984,4,0.1981356181204319,0.012810865404106342,4,0.7240298790339024,0.04713092008234925,4,0.6393926083984801,0.07863961367479967,4,0.5194269023548471,0.07027298559789326,4,0.5258852584547039,0.0680565295709996,4,0.47908059507608414,0.07005469457135774,4,0.24448703229427338,0.0011321839962512347,4,0.3220271021127701,0.0008700517426015783,4,0.4137705348197781,0.006598820948898312,4,0.31808479663700395,0.008824175023607097,4,0.16875925105068817,0.0044925490642787605,4,0.17123871381348188,0.005468605283757577,4,1.259424775838852,0.025317654202951883,4,0.20934170857071877,0.002200051005028176,4,0.274077445268631,0.0009825739477737068,4,0.416051905139477,0.004115995023833893,4,0.31282932066959557,0.015689114327620386,4,0.15750238027681449,0.00603760510789771,4,0.17311189383146552,0.003415128595253834,4,0.9123006910085678,0.019230954125266327,4,6.25,0.9574271077563381,4,1.259424775838852,0.025317654202951883,4,179761.0,0.0,4,3747661.0,0.0,4
B3_with_RC_weighted_bcap_10,10.0,0.0005,0.0001,hq_first,full,1,322,SKNSH,0.15010161697864532,0.004732583657318885,4,0.21370984613895416,0.006579147269765193,4,0.6810599475621593,0.028598397174659326,4,0.6150763863182322,0.020995578794134218,4,0.4433792915452129,0.032164243830844236,4,0.46445605341409085,0.0390232293053558,4,0.5548920631408691,0.03206432656321053,4,0.24646339938044548,0.0019775067758532727,4,0.3276612311601639,0.0016472292514402487,4,0.376671704203101,0.010147242811873082,4,0.34614448666233955,0.007002453045570351,4,0.13940671277322336,0.008631561499996108,4,0.14195879764978073,0.00774283908031853,4,1.3041739165782928,0.04190321459550284,4,0.20882808417081833,0.0027838278065087083,4,0.2746436521410942,0.002746818736448859,4,0.3999250828386504,0.016284410643727668,4,0.30869849597496946,0.008065886213260577,4,0.1539625198379628,0.01695246356374003,4,0.16013895840601156,0.012894933900054611,4,0.9164125025272369,0.03664012378174126,4,5.0,0.8164965809277259,4,1.3041739165782928,0.04190321459550284,4,179761.0,0.0,4,3747661.0,0.0,4
B3_with_RC_weighted_bcap_10,10.0,0.0005,0.0001,hq_first,full,1,643,HepG2,0.1686517298221588,0.006106856752843819,4,0.2375381775200367,0.006338546042361159,4,0.6358117940441982,0.023538624359088833,4,0.49745938574562587,0.01634730031958226,4,0.3861621685863138,0.033914915460776046,4,0.40467218757324064,0.03004611767167056,4,0.6128832101821899,0.03386214987380831,4,0.24578362703323364,0.0008864325194675726,4,0.3258599564433098,0.0009780541654656949,4,0.38635534133944394,0.007010515247057333,4,0.3248225345685211,0.006785647859712584,4,0.1488531433201476,0.005108897794344903,4,0.14930731027454014,0.0054241836580905005,4,1.152795523405075,0.02085978247909848,4,0.2067783959209919,0.0018094929861694024,4,0.2728990912437439,0.0019203696936741532,4,0.41177107023886594,0.012689258855094487,4,0.3140726070244958,0.005920273197009704,4,0.1647082223791731,0.011767853865679053,4,0.16967617725337975,0.010465981914042626,4,0.8084914237260818,0.013830266553703821,4,3.25,0.5,4,1.152795523405075,0.02085978247909848,4,179761.0,0.0,4,3747661.0,0.0,4
B3_with_RC_weighted_bcap_10,10.0,0.0005,0.0001,hq_first,full,1,643,K562,0.17172342538833618,0.008115895219749914,4,0.23823121190071106,0.009038789666485053,4,0.6264581485571119,0.03133665356389293,4,0.4881971784787237,0.030331732218824087,4,0.38247314889516454,0.04287375118804139,4,0.39318630128604215,0.04001515227036381,4,0.6165665239095688,0.04280707527185113,4,0.24187232926487923,0.0010466791851487412,4,0.31966432929039,0.0007067690686410004,4,0.4261762835427664,0.0038999862875054945,4,0.33401592964605226,0.006514459201311313,4,0.18091395465590734,0.003621605082223726,4,0.18163763207410644,0.0033241103566320363,4,1.109385997056961,0.020525999032008854,4,0.20365894958376884,0.0006456405633445252,4,0.2689899578690529,0.0016115241151813853,4,0.43948970364253154,0.012643676220720672,4,0.3304482322649716,0.004451887798273473,4,0.18847534908403937,0.00971847233147161,4,0.19327109651908103,0.01117097292386446,4,0.7855019718408585,0.013317638373114758,4,3.25,0.5,4,1.109385997056961,0.020525999032008854,4,179761.0,0.0,4,3747661.0,0.0,4
B3_with_RC_weighted_bcap_10,10.0,0.0005,0.0001,hq_first,full,1,643,SKNSH,0.16844801604747772,0.009546447403563953,4,0.23596996441483498,0.010959781292820863,4,0.6405334679770567,0.03805674818036796,4,0.5300383820790844,0.031254394876429975,4,0.39363022216510557,0.05567747519118682,4,0.4113693606602631,0.04949827756736685,4,0.6054267734289169,0.055590877309568604,4,0.24486255273222923,0.001220274937065489,4,0.3253699094057083,0.00103301465697822,4,0.3924038123315566,0.005609653148305659,4,0.3505431951486982,0.007021262901110133,4,0.15141053404529248,0.005390846324814637,4,0.15400435308867272,0.004415339187836417,4,1.1493988633155823,0.025290633013448725,4,0.20396259799599648,0.001652154168697794,4,0.2693769782781601,0.0021820508277994,4,0.4369514227598795,0.01711711309577426,4,0.3201085781659247,0.005711525822631583,4,0.18612031393454181,0.0131632702573224,4,0.1911462925224331,0.015158063092400012,4,0.7877921164035797,0.01661698775248217,4,3.25,0.5,4,1.1493988633155823,0.025290633013448725,4,179761.0,0.0,4,3747661.0,0.0,4
B3_with_RC_weighted_bcap_10,10.0,0.0005,0.0001,hq_first,full,1,1125,HepG2,0.21014855057001114,0.009651877275388744,4,0.2869178056716919,0.011477380166301782,4,0.5848683562685647,0.03954932121181731,4,0.43290974189423226,0.03420789730406398,4,0.33547350412293386,0.05225877921829005,4,0.34324410577052933,0.04512093418150603,4,0.6639357954263687,0.05221234866760226,4,0.24378599599003792,0.001917855496308364,4,0.32446806877851486,0.002462999888742161,4,0.4012197807448391,0.013234962216522601,4,0.3273608886484803,0.010105313298782526,4,0.15607802616497302,0.012789475106104212,4,0.16110868562959135,0.010688824515598355,4,0.8481896370649338,0.009572675207740924,4,0.20512757822871208,0.004111272700768643,4,0.2709196209907532,0.0053303915102072335,4,0.4414450348850611,0.030083092893663645,4,0.3249448788565712,0.02131926703643122,4,0.17657342498978487,0.0323751664554489,4,0.1955524631832094,0.025963889660863725,4,0.591333344578743,0.016753157699314944,4,2.75,0.5,4,0.8481896370649338,0.009572675207740924,4,179761.0,0.0,4,3747661.0,0.0,4
B3_with_RC_weighted_bcap_10,10.0,0.0005,0.0001,hq_first,full,1,1125,K562,0.20774727314710617,0.016051090045387188,4,0.2839929461479187,0.016073558393776527,4,0.594814961772243,0.05140741461087667,4,0.46006107872402374,0.035429011027955634,4,0.3485555902877444,0.06815529588848264,4,0.35578688045584583,0.06074260879662637,4,0.650865375995636,0.06809471433509529,4,0.24036270380020142,0.0025318300204590824,4,0.31880978494882584,0.002803857363220871,4,0.43652978209847,0.012019710147463116,4,0.33897705561823765,0.014657662958864934,4,0.18524302995439867,0.014288743399823348,4,0.19066660573295946,0.010595384891715456,4,0.8188500106334686,0.008886548054589586,4,0.2031807377934456,0.004054478762051394,4,0.26821671426296234,0.004926269500125768,4,0.4582582926920731,0.0223320008008373,4,0.3299686406980219,0.012638175778517663,4,0.19295183381654255,0.029560242066792534,4,0.21037470151588017,0.020468231661102912,4,0.5796184837818146,0.016584145633626816,4,3.0,0.816496580927726,4,0.8188500106334686,0.008886548054589586,4,179761.0,0.0,4,3747661.0,0.0,4
B3_with_RC_weighted_bcap_10,10.0,0.0005,0.0001,hq_first,full,1,1125,SKNSH,0.20544418320059776,0.0019480404626041,4,0.2799212858080864,0.0013999328752071162,4,0.611753637642422,0.010962383276750608,4,0.4792746197072906,0.023837304002609902,4,0.36806715625537634,0.013471606352667247,4,0.37433264355406554,0.013414088926480078,4,0.6313711404800415,0.013459665125476137,4,0.24236687272787094,0.0018692731448650142,4,0.32416966557502747,0.002643705535689278,4,0.403171917081998,0.017855416587200617,4,0.3493242225351108,0.009227104237166566,4,0.15762396222293742,0.013756577605041034,4,0.16278670664970035,0.014180215472241731,4,0.8467677682638168,0.020408803909602695,4,0.19996873289346695,0.001362812433324994,4,0.26477624475955963,0.0021087096349744487,4,0.4716289899192315,0.0077116692932187115,4,0.34052504675268624,0.003542647323314401,4,0.21368492632569436,0.012529551191161956,4,0.22247850651470058,0.0072484834293275804,4,0.5648046582937241,0.005206437570142206,4,3.0,0.0,4,0.8467677682638168,0.020408803909602695,4,179761.0,0.0,4,3747661.0,0.0,4
B3_with_RC_weighted_bcap_10,10.0,0.0005,0.0001,hq_first,full,1,1608,HepG2,0.2247716784477234,0.01221067212850327,4,0.30234405398368835,0.013423532907249182,4,0.5897533298328819,0.048979034667138856,4,0.4550549499059995,0.038634528834883115,4,0.3333413022522395,0.05838599315228104,4,0.3496081994266655,0.05544750503591545,4,0.6662440896034241,0.05834973079518163,4,0.24103958904743195,0.0016902447740303485,4,0.32065318524837494,0.0015960555077444006,4,0.4218910518502641,0.008816617866336465,4,0.3400569267885291,0.014423795996868166,4,0.17582632181637114,0.0081961103042605,4,0.17805035919427298,0.007476885617932808,4,0.748769000172615,0.026361666276086895,4,0.2013426460325718,0.0015172409065408459,4,0.2658248394727707,0.001999306619755742,4,0.46355463193349133,0.014914695750834619,4,0.3334854554345009,0.003049627919539938,4,0.20744859758772602,0.01195163798782483,4,0.2150497328989996,0.013685597876274734,4,0.5146880149841309,0.021621588968173188,4,2.75,0.5,4,0.748769000172615,0.026361666276086895,4,179761.0,0.0,4,3747661.0,0.0,4
B3_with_RC_weighted_bcap_10,10.0,0.0005,0.0001,hq_first,full,1,1608,K562,0.2191832922399044,0.005157927802302236,4,0.29519785940647125,0.007023402489687793,4,0.6083703840090227,0.006200408637639901,4,0.47202603906880847,0.016571598717482254,4,0.3655271301755427,0.006968628923357777,4,0.37014335793974107,0.007523277604114724,4,0.634078249335289,0.006964299716981568,4,0.23930180817842484,0.0014448181599240985,4,0.3176364228129387,0.0024258833793202052,4,0.4422537252856395,0.012707072327315353,4,0.34924677042140867,0.011310948261991515,4,0.19124094744746004,0.012330825777610724,4,0.19570945979437462,0.01134147804414552,4,0.7345773130655289,0.01953439946667097,4,0.20386401563882828,0.00206590156450326,4,0.26830247789621353,0.003795414622927199,4,0.4676779504560702,0.01797787423927084,4,0.3287072262073715,0.01741811025128184,4,0.1925187537383446,0.022710928277292104,4,0.21896506831441273,0.01695548349779047,4,0.5242161005735397,0.0204574141795779,4,3.0,0.0,4,0.7345773130655289,0.01953439946667097,4,179761.0,0.0,4,3747661.0,0.0,4
B3_with_RC_weighted_bcap_10,10.0,0.0005,0.0001,hq_first,full,1,1608,SKNSH,0.2255609817802906,0.012098957568389461,4,0.3009827882051468,0.013506991768881402,4,0.5913033966787353,0.05444748496571314,4,0.4708324918073312,0.046582704544869055,4,0.339142863347189,0.06122077217085526,4,0.3518631033881285,0.06142828821083178,4,0.6604461520910263,0.0611826737900583,4,0.240751251578331,0.0018125881791882788,4,0.323002927005291,0.0018720792376705911,4,0.4102249356704659,0.015002814838543922,4,0.3505837266197114,0.020439326607904235,4,0.16369739033020783,0.00970301791730089,4,0.1684533111856476,0.012357855390364282,4,0.7598623186349869,0.02971758949737897,4,0.20011398196220398,0.0016017678147895328,4,0.2652120664715767,0.00202749992172982,4,0.46927189901172545,0.018133798257305,4,0.34241365563648013,0.006129756764817018,4,0.2110972288728135,0.012098493414569002,4,0.2204627411814985,0.016843381368410577,4,0.5123708993196487,0.02314297716289853,4,2.75,0.5,4,0.7598623186349869,0.02971758949737897,4,179761.0,0.0,4,3747661.0,0.0,4
B3_with_RC_weighted_bcap_10,10.0,0.0005,0.0001,hq_first,full,1,2411,HepG2,0.24970827251672745,0.0032425095660140193,4,0.32816091924905777,0.0045595783342898535,4,0.5259189097910959,0.01091970509474341,4,0.3956992069399421,0.009368748772296024,4,0.25943447000907716,0.010350593389030823,4,0.276680129645372,0.011488792118983059,4,0.7402583360671997,0.010346333795024198,4,0.23944508284330368,0.000285262232174992,4,0.3208782523870468,0.0005230237233199732,4,0.4230148992333561,0.005683647031910722,4,0.3449865412730151,0.010421248383034059,4,0.17468260575873823,0.002689583491521795,4,0.17896583285609396,0.004814132535197788,4,0.7078519463539124,0.00825930302271831,4,0.19887735322117805,0.0015085903229923793,4,0.26346181333065033,0.0011345366522336744,4,0.4755624622211787,0.006811113550990016,4,0.34783110663147276,0.009612892740820219,4,0.22149879815531334,0.006700702554939915,4,0.22619444892472337,0.006468606998725577,4,0.47723549604415894,0.0093225444058621,4,2.0,0.0,4,0.7078519463539124,0.00825930302271831,4,179761.0,0.0,4,3747661.0,0.0,4
B3_with_RC_weighted_bcap_10,10.0,0.0005,0.0001,hq_first,full,1,2411,K562,0.23423201590776443,0.012730460141131899,4,0.31067007035017014,0.013701789942263978,4,0.5925699842032989,0.05184920177719258,4,0.46072035503877895,0.052540517837203836,4,0.335481594283192,0.056161705825351904,4,0.35315544097239693,0.058951237581952275,4,0.664242759346962,0.05613840189512907,4,0.23733382299542427,0.0011761449736023457,4,0.3164939731359482,0.002630800486263627,4,0.4467518811264157,0.012953507237100072,4,0.3588804862079145,0.010818204552423065,4,0.19704177222653604,0.013352276882426477,4,0.19971308830229725,0.011574893177075688,4,0.6886422038078308,0.011390110949014456,4,0.19989877194166183,0.0015832203361655387,4,0.26302342116832733,0.0016796592783393043,4,0.4818217783890484,0.009878797269792804,4,0.34909095706809645,0.007741385736645257,4,0.22407447576772288,0.009888574380380417,4,0.2322254191066085,0.009566186811718162,4,0.47558874636888504,0.004647905833650256,4,2.75,0.5,4,0.6886422038078308,0.011390110949014456,4,179761.0,0.0,4,3747661.0,0.0,4
B3_with_RC_weighted_bcap_10,10.0,0.0005,0.0001,hq_first,full,1,2411,SKNSH,0.23871351033449173,0.01654831137078332,4,0.3154607564210892,0.019155154627650984,4,0.5684388863402422,0.06672454461314505,4,0.43900935678627273,0.05099256427272984,4,0.3144660846231129,0.07423795986086403,4,0.3264618911441085,0.07594599418527234,4,0.6852495223283768,0.07420715963183705,4,0.23871687427163124,0.0015103800641927503,4,0.32020603120326996,0.0019204809160824723,4,0.42888658442039146,0.009794528685508957,4,0.3522998647213684,0.01275317737739456,4,0.17811643062689714,0.00983162346110617,4,0.184015651889918,0.00842062407217058,4,0.7048671692609787,0.007708558296067132,4,0.19878597185015678,0.002144518094653545,4,0.26340606063604355,0.002818960810020472,4,0.4823324084188524,0.012496024493398707,4,0.354928148209102,0.010218340422758756,4,0.2217722582360644,0.016638124487203854,4,0.23276166518223534,0.012068062919483858,4,0.4769766479730606,0.007680026426827122,4,2.5,0.5773502691896257,4,0.7048671692609787,0.007708558296067132,4,179761.0,0.0,4,3747661.0,0.0,4
B3_with_RC_weighted_bcap_10,10.0,0.0005,0.0001,hq_first,full,1,3215,HepG2,0.24417202547192574,0.013105531413619323,4,0.32231901586055756,0.014063896625608006,4,0.5637420160644712,0.05618889967363221,4,0.44366910465435067,0.05142576572197638,4,0.30915386083537905,0.060206897578342515,4,0.3201729550113346,0.06332341962846588,4,0.6906312704086304,0.060188153757400796,4,0.2383262813091278,0.0011220582164639874,4,0.31960421800613403,0.0008654318571045873,4,0.43037719139546143,0.006721223123673266,4,0.35373380880504113,0.010205857874871204,4,0.1812204784287353,0.004432050482549123,4,0.18525840800365428,0.005781583341455706,4,0.6780817806720734,0.0036704432869633995,4,0.19996830448508263,0.0023789865574556485,4,0.2627144455909729,0.0019194970695784598,4,0.486633112899202,0.008912522045020922,4,0.3648805324022955,0.003507474700520972,4,0.2258890884375963,0.011314988381791187,4,0.23687136135686976,0.008652904609430297,4,0.45818406343460083,0.006697144601210211,4,2.5,0.5773502691896257,4,0.6780817806720734,0.0036704432869633995,4,179761.0,0.0,4,3747661.0,0.0,4
B3_with_RC_weighted_bcap_10,10.0,0.0005,0.0001,hq_first,full,1,3215,K562,0.2390039674937725,0.01329372419447535,4,0.3163625970482826,0.015077061694174346,4,0.5880440387937788,0.0528885602954476,4,0.4738277525311046,0.04991866341301691,4,0.33426832951802576,0.06482480739689175,4,0.347893691418493,0.05941096310501956,4,0.6655245870351791,0.06480459553962341,4,0.2377067133784294,0.0015322069368016154,4,0.3180615231394768,0.0023116509712580217,4,0.4402149160840115,0.011713003872578107,4,0.3650785734621888,0.009659352563489158,4,0.1890780569666725,0.01178113881476729,4,0.19389206818764254,0.010247211978287919,4,0.6715744882822037,0.009756690737404948,4,0.19839010760188103,0.0031427021437987574,4,0.2618693858385086,0.0031077380382342973,4,0.49479137844748367,0.005730633611109095,4,0.37589397869631,0.010531291434533874,4,0.23081069050882735,0.018257591596495152,4,0.2448431383071496,0.005666946944992824,4,0.45527102798223495,0.01080638429282086,4,2.75,0.5,4,0.6715744882822037,0.009756690737404948,4,179761.0,0.0,4,3747661.0,0.0,4
B3_with_RC_weighted_bcap_10,10.0,0.0005,0.0001,hq_first,full,1,3215,SKNSH,0.2577589377760887,0.0013126834444151915,4,0.33669736236333847,0.0013774622075086254,4,0.5137788229053227,0.003077723518264828,4,0.3990345991677833,0.004803508895427386,4,0.24720854749922436,0.006150873624060026,4,0.2639757831525201,0.0031548172167209215,4,0.7525572627782822,0.0061489943514243025,4,0.2383318766951561,0.0007559570226283026,4,0.3212558329105377,0.0005574871692552278,4,0.419382246878757,0.005899860947768476,4,0.3630878364031782,0.009773368242629601,4,0.17273891556631418,0.002871052405962035,4,0.17590757526647696,0.004974311929882536,4,0.6851059198379517,0.0023777181235689394,4,0.19634366780519485,0.001937620540187392,4,0.2611314430832863,0.0017854226542825772,4,0.48903806091117386,0.0059850912124331255,4,0.37109895396104386,0.008902286976498662,4,0.23519371662665162,0.010489126899694943,4,0.2391850910073768,0.0058382165517885136,4,0.45267681032419205,0.0062083681431549164,4,2.0,0.0,4,0.6851059198379517,0.0023777181235689394,4,179761.0,0.0,4,3747661.0,0.0,4
