run_id,seed,split_strategy,split_pool,split_seed_base,split_seed_effective,val_seed_effective,test_seed_effective,val_is_fixed_across_seeds,test_is_fixed_across_seeds,split_val_fraction,split_test_fraction,train_row_id_hash,val_row_id_hash,test_row_id_hash,init_head,head_idx,setting,use_rc_augmentation,use_barcode_weighting,b_cap,min_weight,train_threshold,train_size,train_fraction,unfreeze_scope,train_sampling_mode,train_pool_eligible_size,train_pool_leftover_hq_size,train_pool_lower_quality_size,train_hq_count,train_lower_quality_count,train_hq_fraction,val_size,test_size,head_lr,backbone_lr,weight_decay,train_n,train_mae,train_rmse,train_r2,train_pearson,train_spearman,train_pearson_sq,train_loss_standardized,val_n,val_mae,val_rmse,val_r2,val_pearson,val_spearman,val_pearson_sq,val_loss_standardized,test_n,test_mae,test_rmse,test_r2,test_pearson,test_spearman,test_pearson_sq,test_loss_standardized,best_epoch,best_val_loss_standardized,initial_trainable_params,total_params,final_trainable_params,frozen_epochs,initial_trainable_names,final_trainable_names,initial_trainable_conv1_params,initial_trainable_conv2_params,initial_trainable_conv3_params,initial_trainable_linear_params,initial_trainable_branched_params,initial_trainable_output_params,initial_trainable_other_params,final_trainable_conv1_params,final_trainable_conv2_params,final_trainable_conv3_params,final_trainable_linear_params,final_trainable_branched_params,final_trainable_output_params,final_trainable_other_params
20260414T220505Z_fe14746b,17,random_all_per_seed,all_rows,7,717185,717185,717185,False,False,0.1,0.1,fd2ed1f7a2f865a02b437eb807b01700163c4e7b5b3d25f1fd6719b606e9feb3,09700ad8a87e01fddb78e1e19347ac15933ccd3442ae763be67b580da0d6acf2,165d865a5469b007379d19d8eddb5ccdcd8811d96d30294e5b7d188c27387d3a,HepG2,1,B2_with_RC,True,False,,,1,2297,0.7499183806725432,branched_only,random,3063,983,2080,728,1569,0.3169351327818894,383,383,0.0005,0.0001,0.0001,2297,0.2683790326118469,0.3517683446407318,0.17398593698284037,0.4271631624907338,0.3349853680685305,0.18246836738908506,0.8256543874740601,383,0.25701233744621277,0.33733516931533813,0.01950763709849468,0.21388172449968837,0.15160507504958123,0.045745392074960596,0.7592903971672058,383,0.29663971066474915,0.38498130440711975,0.0900004292994554,0.30604702366883,0.2197871749100755,0.0936647806965494,0.9889265298843384,7,0.7592903971672058,179761,3747661,179761,0,"[""branched.branched_layer_1.weight"", ""branched.branched_layer_1.bias"", ""branched.branched_layer_2.weight"", ""branched.branched_layer_2.bias"", ""branched.branched_layer_3.weight"", ""branched.branched_layer_3.bias"", ""output.weight"", ""output.bias""]","[""branched.branched_layer_1.weight"", ""branched.branched_layer_1.bias"", ""branched.branched_layer_2.weight"", ""branched.branched_layer_2.bias"", ""branched.branched_layer_3.weight"", ""branched.branched_layer_3.bias"", ""output.weight"", ""output.bias""]",0,0,0,0,179620,141,0,0,0,0,0,179620,141,0
20260414T220505Z_fe14746b,19,random_all_per_seed,all_rows,7,719203,719203,719203,False,False,0.1,0.1,d10f09aa265bab71343f680e34f2eb30e8cd4527aa6a1ca50685490c50e26cf1,b0c6175bfc15047131416b9da64bb2cb3fc428a1cef9486a2cc5173235f866bb,3ca99a39f2f8ee987e87b32207e9c91500b2f4159a741abfc9982d5f0c4932bd,HepG2,1,B2_with_RC,True,False,,,1,2297,0.7499183806725432,branched_only,random,3063,972,2091,733,1564,0.31911188506747934,383,383,0.0005,0.0001,0.0001,2297,0.26820915937423706,0.3522498607635498,0.1705458701288367,0.4224431488291473,0.35682402946147257,0.1784582139926851,0.8290930390357971,383,0.2570761442184448,0.3302486538887024,0.2185757187440971,0.47775467199683935,0.2967901668090667,0.22824952661480755,0.7287586331367493,383,0.2531639039516449,0.33305051922798157,0.12217141141962984,0.3502297390061546,0.2786042453714468,0.12266087008431918,0.7411768436431885,16,0.7287586331367493,179761,3747661,179761,0,"[""branched.branched_layer_1.weight"", ""branched.branched_layer_1.bias"", ""branched.branched_layer_2.weight"", ""branched.branched_layer_2.bias"", ""branched.branched_layer_3.weight"", ""branched.branched_layer_3.bias"", ""output.weight"", ""output.bias""]","[""branched.branched_layer_1.weight"", ""branched.branched_layer_1.bias"", ""branched.branched_layer_2.weight"", ""branched.branched_layer_2.bias"", ""branched.branched_layer_3.weight"", ""branched.branched_layer_3.bias"", ""output.weight"", ""output.bias""]",0,0,0,0,179620,141,0,0,0,0,0,179620,141,0
20260414T220505Z_fe14746b,23,random_all_per_seed,all_rows,7,723239,723239,723239,False,False,0.1,0.1,31a2235bdd32c79f9bbcf57fc47adfc274d10761b654866ae9cb9911c3fafcdd,e458c253f91c63ca9a967c6fa4d0ab9cc52faa8ba7794e12b09a2f25a2869c9b,e651fb131205a5d9c63fd1d1ecf15ac7ac31e5181706fbf3e757de8449fba204,HepG2,1,B2_with_RC,True,False,,,1,2297,0.7499183806725432,branched_only,random,3063,967,2096,716,1581,0.31171092729647365,383,383,0.0005,0.0001,0.0001,2297,0.19661745429039001,0.2584821879863739,0.5288680689447127,0.7537455433691117,0.7089913793696493,0.5681323441487974,0.47092685103416443,383,0.26777198910713196,0.35268405079841614,0.09871723924111697,0.32964003122355623,0.2873842462752992,0.10866255018506712,0.876725971698761,383,0.28425270318984985,0.3707028329372406,0.06054977906498138,0.29414713424325345,0.2469775540305267,0.08652253658351856,0.9685989022254944,166,0.876725971698761,179761,3747661,179761,0,"[""branched.branched_layer_1.weight"", ""branched.branched_layer_1.bias"", ""branched.branched_layer_2.weight"", ""branched.branched_layer_2.bias"", ""branched.branched_layer_3.weight"", ""branched.branched_layer_3.bias"", ""output.weight"", ""output.bias""]","[""branched.branched_layer_1.weight"", ""branched.branched_layer_1.bias"", ""branched.branched_layer_2.weight"", ""branched.branched_layer_2.bias"", ""branched.branched_layer_3.weight"", ""branched.branched_layer_3.bias"", ""output.weight"", ""output.bias""]",0,0,0,0,179620,141,0,0,0,0,0,179620,141,0
20260414T220505Z_fe14746b,31,random_all_per_seed,all_rows,7,731311,731311,731311,False,False,0.1,0.1,7ed9f1e71cff080acfd2b40dc86b6782e03711f552c9029ae842ca8d03bd429d,0584dd818218833228e343b6fa1df680f9194b9f11e5f570a45a30905d139e17,27306d05049ecb6e9137a41b7d192b6574e2d4876a1af2e57e67cc9df35420c3,HepG2,1,B2_with_RC,True,False,,,1,2297,0.7499183806725432,branched_only,random,3063,989,2074,734,1563,0.3195472355245973,383,383,0.0005,0.0001,0.0001,2297,0.26977360248565674,0.35273271799087524,0.1491122673272508,0.39196341836597953,0.3042868961235795,0.1536353213371439,0.8505173325538635,383,0.27448317408561707,0.36221203207969666,0.055138227533721995,0.2525252014019685,0.21947735835608645,0.06376897734310474,0.8968452215194702,383,0.26899078488349915,0.35269373655319214,0.11562011311168152,0.351852737839889,0.26695790349226584,0.12380034912542567,0.8503293395042419,3,0.8968452215194702,179761,3747661,179761,0,"[""branched.branched_layer_1.weight"", ""branched.branched_layer_1.bias"", ""branched.branched_layer_2.weight"", ""branched.branched_layer_2.bias"", ""branched.branched_layer_3.weight"", ""branched.branched_layer_3.bias"", ""output.weight"", ""output.bias""]","[""branched.branched_layer_1.weight"", ""branched.branched_layer_1.bias"", ""branched.branched_layer_2.weight"", ""branched.branched_layer_2.bias"", ""branched.branched_layer_3.weight"", ""branched.branched_layer_3.bias"", ""output.weight"", ""output.bias""]",0,0,0,0,179620,141,0,0,0,0,0,179620,141,0
20260414T220505Z_fe14746b,17,random_all_per_seed,all_rows,7,717185,717185,717185,False,False,0.1,0.1,fd2ed1f7a2f865a02b437eb807b01700163c4e7b5b3d25f1fd6719b606e9feb3,09700ad8a87e01fddb78e1e19347ac15933ccd3442ae763be67b580da0d6acf2,165d865a5469b007379d19d8eddb5ccdcd8811d96d30294e5b7d188c27387d3a,K562,0,B2_with_RC,True,False,,,1,2297,0.7499183806725432,branched_only,random,3063,983,2080,728,1569,0.3169351327818894,383,383,0.0005,0.0001,0.0001,2297,0.2796397805213928,0.36742064356803894,0.0988418994332152,0.3217455095886761,0.27092136367400216,0.10352017294047686,0.9007657170295715,383,0.25947076082229614,0.33889859914779663,0.01039806008378319,0.1900440060789025,0.12196364605332408,0.036116724246517934,0.7663449645042419,383,0.30444538593292236,0.39254793524742126,0.0538776931966799,0.23508361010705797,0.19495063759497713,0.05526430374096725,1.0281822681427002,0,0.7663449645042419,179761,3747661,179761,0,"[""branched.branched_layer_1.weight"", ""branched.branched_layer_1.bias"", ""branched.branched_layer_2.weight"", ""branched.branched_layer_2.bias"", ""branched.branched_layer_3.weight"", ""branched.branched_layer_3.bias"", ""output.weight"", ""output.bias""]","[""branched.branched_layer_1.weight"", ""branched.branched_layer_1.bias"", ""branched.branched_layer_2.weight"", ""branched.branched_layer_2.bias"", ""branched.branched_layer_3.weight"", ""branched.branched_layer_3.bias"", ""output.weight"", ""output.bias""]",0,0,0,0,179620,141,0,0,0,0,0,179620,141,0
20260414T220505Z_fe14746b,19,random_all_per_seed,all_rows,7,719203,719203,719203,False,False,0.1,0.1,d10f09aa265bab71343f680e34f2eb30e8cd4527aa6a1ca50685490c50e26cf1,b0c6175bfc15047131416b9da64bb2cb3fc428a1cef9486a2cc5173235f866bb,3ca99a39f2f8ee987e87b32207e9c91500b2f4159a741abfc9982d5f0c4932bd,K562,0,B2_with_RC,True,False,,,1,2297,0.7499183806725432,branched_only,random,3063,972,2091,733,1564,0.31911188506747934,383,383,0.0005,0.0001,0.0001,2297,0.2667461931705475,0.3507581055164337,0.1775562883275391,0.4315617957404065,0.36426703265724464,0.18624558354268433,0.8220855593681335,383,0.25780436396598816,0.32916632294654846,0.22368922369650257,0.48188471461391574,0.28692847853660297,0.23221287817853503,0.7239897847175598,383,0.253253310918808,0.33334869146347046,0.1205989004561937,0.3511385954994891,0.29041688193516574,0.12329831324935384,0.7425045371055603,21,0.7239897847175598,179761,3747661,179761,0,"[""branched.branched_layer_1.weight"", ""branched.branched_layer_1.bias"", ""branched.branched_layer_2.weight"", ""branched.branched_layer_2.bias"", ""branched.branched_layer_3.weight"", ""branched.branched_layer_3.bias"", ""output.weight"", ""output.bias""]","[""branched.branched_layer_1.weight"", ""branched.branched_layer_1.bias"", ""branched.branched_layer_2.weight"", ""branched.branched_layer_2.bias"", ""branched.branched_layer_3.weight"", ""branched.branched_layer_3.bias"", ""output.weight"", ""output.bias""]",0,0,0,0,179620,141,0,0,0,0,0,179620,141,0
20260414T220505Z_fe14746b,23,random_all_per_seed,all_rows,7,723239,723239,723239,False,False,0.1,0.1,31a2235bdd32c79f9bbcf57fc47adfc274d10761b654866ae9cb9911c3fafcdd,e458c253f91c63ca9a967c6fa4d0ab9cc52faa8ba7794e12b09a2f25a2869c9b,e651fb131205a5d9c63fd1d1ecf15ac7ac31e5181706fbf3e757de8449fba204,K562,0,B2_with_RC,True,False,,,1,2297,0.7499183806725432,branched_only,random,3063,967,2096,716,1581,0.31171092729647365,383,383,0.0005,0.0001,0.0001,2297,0.224960595369339,0.2937677502632141,0.3914594821464372,0.6528707148126536,0.5944146500214399,0.42624017025998523,0.6082756519317627,383,0.2636069655418396,0.35201627016067505,0.10212708037981677,0.3268646542199633,0.28937487943854895,0.10684050217833617,0.8734090328216553,383,0.2792307138442993,0.3635309338569641,0.09654868826322505,0.3276071538545685,0.2693178017093221,0.10732644725669092,0.9314830303192139,96,0.8734090328216553,179761,3747661,179761,0,"[""branched.branched_layer_1.weight"", ""branched.branched_layer_1.bias"", ""branched.branched_layer_2.weight"", ""branched.branched_layer_2.bias"", ""branched.branched_layer_3.weight"", ""branched.branched_layer_3.bias"", ""output.weight"", ""output.bias""]","[""branched.branched_layer_1.weight"", ""branched.branched_layer_1.bias"", ""branched.branched_layer_2.weight"", ""branched.branched_layer_2.bias"", ""branched.branched_layer_3.weight"", ""branched.branched_layer_3.bias"", ""output.weight"", ""output.bias""]",0,0,0,0,179620,141,0,0,0,0,0,179620,141,0
20260414T220505Z_fe14746b,31,random_all_per_seed,all_rows,7,731311,731311,731311,False,False,0.1,0.1,7ed9f1e71cff080acfd2b40dc86b6782e03711f552c9029ae842ca8d03bd429d,0584dd818218833228e343b6fa1df680f9194b9f11e5f570a45a30905d139e17,27306d05049ecb6e9137a41b7d192b6574e2d4876a1af2e57e67cc9df35420c3,K562,0,B2_with_RC,True,False,,,1,2297,0.7499183806725432,branched_only,random,3063,989,2074,734,1563,0.3195472355245973,383,383,0.0005,0.0001,0.0001,2297,0.2654634416103363,0.34711557626724243,0.17599665492036354,0.4242369248974865,0.32773483833533373,0.1799769684464756,0.8236445784568787,383,0.2746034264564514,0.36343440413475037,0.04875019654155721,0.25253228548642487,0.22002888494749437,0.0637725552129972,0.902908444404602,383,0.270816445350647,0.35008373856544495,0.1286607847685861,0.37424155401831655,0.22590960164654497,0.14005674075404453,0.837790846824646,11,0.902908444404602,179761,3747661,179761,0,"[""branched.branched_layer_1.weight"", ""branched.branched_layer_1.bias"", ""branched.branched_layer_2.weight"", ""branched.branched_layer_2.bias"", ""branched.branched_layer_3.weight"", ""branched.branched_layer_3.bias"", ""output.weight"", ""output.bias""]","[""branched.branched_layer_1.weight"", ""branched.branched_layer_1.bias"", ""branched.branched_layer_2.weight"", ""branched.branched_layer_2.bias"", ""branched.branched_layer_3.weight"", ""branched.branched_layer_3.bias"", ""output.weight"", ""output.bias""]",0,0,0,0,179620,141,0,0,0,0,0,179620,141,0
20260414T220505Z_fe14746b,17,random_all_per_seed,all_rows,7,717185,717185,717185,False,False,0.1,0.1,fd2ed1f7a2f865a02b437eb807b01700163c4e7b5b3d25f1fd6719b606e9feb3,09700ad8a87e01fddb78e1e19347ac15933ccd3442ae763be67b580da0d6acf2,165d865a5469b007379d19d8eddb5ccdcd8811d96d30294e5b7d188c27387d3a,SKNSH,2,B2_with_RC,True,False,,,1,2297,0.7499183806725432,branched_only,random,3063,983,2080,728,1569,0.3169351327818894,383,383,0.0005,0.0001,0.0001,2297,0.26719608902931213,0.3501312732696533,0.18165635111496292,0.4357199943353292,0.3519589357077158,0.18985191346357932,0.8179873824119568,383,0.25745120644569397,0.3372449576854706,0.02003181816855526,0.21935201535981247,0.15685885848714903,0.048115306642411405,0.758884608745575,383,0.29599690437316895,0.38361656665802,0.09644077728396794,0.3137404306181606,0.22114226407564838,0.09843305780446884,0.9819275140762329,12,0.758884608745575,179761,3747661,179761,0,"[""branched.branched_layer_1.weight"", ""branched.branched_layer_1.bias"", ""branched.branched_layer_2.weight"", ""branched.branched_layer_2.bias"", ""branched.branched_layer_3.weight"", ""branched.branched_layer_3.bias"", ""output.weight"", ""output.bias""]","[""branched.branched_layer_1.weight"", ""branched.branched_layer_1.bias"", ""branched.branched_layer_2.weight"", ""branched.branched_layer_2.bias"", ""branched.branched_layer_3.weight"", ""branched.branched_layer_3.bias"", ""output.weight"", ""output.bias""]",0,0,0,0,179620,141,0,0,0,0,0,179620,141,0
20260414T220505Z_fe14746b,19,random_all_per_seed,all_rows,7,719203,719203,719203,False,False,0.1,0.1,d10f09aa265bab71343f680e34f2eb30e8cd4527aa6a1ca50685490c50e26cf1,b0c6175bfc15047131416b9da64bb2cb3fc428a1cef9486a2cc5173235f866bb,3ca99a39f2f8ee987e87b32207e9c91500b2f4159a741abfc9982d5f0c4932bd,SKNSH,2,B2_with_RC,True,False,,,1,2297,0.7499183806725432,branched_only,random,3063,972,2091,733,1564,0.31911188506747934,383,383,0.0005,0.0001,0.0001,2297,0.26324519515037537,0.34640008211135864,0.1978663759262378,0.4457134229332471,0.3915722463348839,0.1986604553828716,0.8017843961715698,383,0.25812309980392456,0.33082515001296997,0.2158451287935158,0.46481004580323737,0.2711036183880642,0.21604837867960763,0.7313051819801331,383,0.25568169355392456,0.3356774151325226,0.10826931098638926,0.34526803572319825,0.28340010853218817,0.11921001649215571,0.7529147863388062,28,0.7313051819801331,179761,3747661,179761,0,"[""branched.branched_layer_1.weight"", ""branched.branched_layer_1.bias"", ""branched.branched_layer_2.weight"", ""branched.branched_layer_2.bias"", ""branched.branched_layer_3.weight"", ""branched.branched_layer_3.bias"", ""output.weight"", ""output.bias""]","[""branched.branched_layer_1.weight"", ""branched.branched_layer_1.bias"", ""branched.branched_layer_2.weight"", ""branched.branched_layer_2.bias"", ""branched.branched_layer_3.weight"", ""branched.branched_layer_3.bias"", ""output.weight"", ""output.bias""]",0,0,0,0,179620,141,0,0,0,0,0,179620,141,0
20260414T220505Z_fe14746b,23,random_all_per_seed,all_rows,7,723239,723239,723239,False,False,0.1,0.1,31a2235bdd32c79f9bbcf57fc47adfc274d10761b654866ae9cb9911c3fafcdd,e458c253f91c63ca9a967c6fa4d0ab9cc52faa8ba7794e12b09a2f25a2869c9b,e651fb131205a5d9c63fd1d1ecf15ac7ac31e5181706fbf3e757de8449fba204,SKNSH,2,B2_with_RC,True,False,,,1,2297,0.7499183806725432,branched_only,random,3063,967,2096,716,1581,0.31171092729647365,383,383,0.0005,0.0001,0.0001,2297,0.24842998385429382,0.32485339045524597,0.25585756497527656,0.5182691864146808,0.4364998023990994,0.26860294958693515,0.7438185811042786,383,0.2668408453464508,0.3539595305919647,0.09218659382793348,0.3050929136453236,0.2601869363291198,0.09308168595659289,0.8830786943435669,383,0.27463215589523315,0.3586443066596985,0.12067406373700373,0.3497411390138487,0.2515461670948494,0.12231886431870423,0.9066091775894165,50,0.8830786943435669,179761,3747661,179761,0,"[""branched.branched_layer_1.weight"", ""branched.branched_layer_1.bias"", ""branched.branched_layer_2.weight"", ""branched.branched_layer_2.bias"", ""branched.branched_layer_3.weight"", ""branched.branched_layer_3.bias"", ""output.weight"", ""output.bias""]","[""branched.branched_layer_1.weight"", ""branched.branched_layer_1.bias"", ""branched.branched_layer_2.weight"", ""branched.branched_layer_2.bias"", ""branched.branched_layer_3.weight"", ""branched.branched_layer_3.bias"", ""output.weight"", ""output.bias""]",0,0,0,0,179620,141,0,0,0,0,0,179620,141,0
20260414T220505Z_fe14746b,31,random_all_per_seed,all_rows,7,731311,731311,731311,False,False,0.1,0.1,7ed9f1e71cff080acfd2b40dc86b6782e03711f552c9029ae842ca8d03bd429d,0584dd818218833228e343b6fa1df680f9194b9f11e5f570a45a30905d139e17,27306d05049ecb6e9137a41b7d192b6574e2d4876a1af2e57e67cc9df35420c3,SKNSH,2,B2_with_RC,True,False,,,1,2297,0.7499183806725432,branched_only,random,3063,989,2074,734,1563,0.3195472355245973,383,383,0.0005,0.0001,0.0001,2297,0.27019888162612915,0.3532647490501404,0.14654349039652492,0.38865260930709883,0.3100141722112855,0.1510508507212164,0.853084921836853,383,0.27437156438827515,0.36125698685646057,0.06011424372530316,0.2604625051661868,0.23440819994250003,0.06784071659744588,0.8921219706535339,383,0.2687906324863434,0.3513871729373932,0.12216041782266673,0.36158577973503875,0.25041916373144696,0.13074427610659595,0.8440408110618591,5,0.8921219706535339,179761,3747661,179761,0,"[""branched.branched_layer_1.weight"", ""branched.branched_layer_1.bias"", ""branched.branched_layer_2.weight"", ""branched.branched_layer_2.bias"", ""branched.branched_layer_3.weight"", ""branched.branched_layer_3.bias"", ""output.weight"", ""output.bias""]","[""branched.branched_layer_1.weight"", ""branched.branched_layer_1.bias"", ""branched.branched_layer_2.weight"", ""branched.branched_layer_2.bias"", ""branched.branched_layer_3.weight"", ""branched.branched_layer_3.bias"", ""output.weight"", ""output.bias""]",0,0,0,0,179620,141,0,0,0,0,0,179620,141,0
20260414T220505Z_fe14746b,17,random_all_per_seed,all_rows,7,717185,717185,717185,False,False,0.1,0.1,d20de91f4b455148159ffd14b15eca3b322f00e6bd4570610b1fd92d56691f0d,09700ad8a87e01fddb78e1e19347ac15933ccd3442ae763be67b580da0d6acf2,165d865a5469b007379d19d8eddb5ccdcd8811d96d30294e5b7d188c27387d3a,HepG2,1,B2_with_RC,True,False,,,1,3063,1.0,branched_only,random,3063,983,2080,983,2080,0.32092719555990856,383,383,0.0005,0.0001,0.0001,3063,0.26244255900382996,0.3428352177143097,0.18695967706919758,0.43994341684915084,0.3505419432212693,0.19355021002890568,0.8127748370170593,383,0.2589203715324402,0.3382038176059723,0.014451538224282579,0.20651841353447983,0.1525856004442575,0.042649855128798424,0.790963351726532,383,0.2949943542480469,0.3828211724758148,0.10018375484383713,0.3241304407267524,0.2209880436504366,0.10506054260571875,1.013424277305603,14,0.790963351726532,179761,3747661,179761,0,"[""branched.branched_layer_1.weight"", ""branched.branched_layer_1.bias"", ""branched.branched_layer_2.weight"", ""branched.branched_layer_2.bias"", ""branched.branched_layer_3.weight"", ""branched.branched_layer_3.bias"", ""output.weight"", ""output.bias""]","[""branched.branched_layer_1.weight"", ""branched.branched_layer_1.bias"", ""branched.branched_layer_2.weight"", ""branched.branched_layer_2.bias"", ""branched.branched_layer_3.weight"", ""branched.branched_layer_3.bias"", ""output.weight"", ""output.bias""]",0,0,0,0,179620,141,0,0,0,0,0,179620,141,0
20260414T220505Z_fe14746b,19,random_all_per_seed,all_rows,7,719203,719203,719203,False,False,0.1,0.1,e749d923ec422f4e9585fafb01f5ecd5ad938df3ddbd0bb71ac99303ee9e50fa,b0c6175bfc15047131416b9da64bb2cb3fc428a1cef9486a2cc5173235f866bb,3ca99a39f2f8ee987e87b32207e9c91500b2f4159a741abfc9982d5f0c4932bd,HepG2,1,B2_with_RC,True,False,,,1,3063,1.0,branched_only,random,3063,972,2091,972,2091,0.31733594515181196,383,383,0.0005,0.0001,0.0001,3063,0.2657446265220642,0.34664100408554077,0.17866359096762208,0.42506170834575696,0.34012437028691184,0.18067745590181336,0.821068286895752,383,0.255677729845047,0.3279579281806946,0.22937861880417654,0.48362606408306175,0.29079922696150823,0.23389416986047376,0.7349463701248169,383,0.2520746886730194,0.3332151770591736,0.12130325925164553,0.3511610423116524,0.2865620353718921,0.12331407763740614,0.758698046207428,19,0.7349463701248169,179761,3747661,179761,0,"[""branched.branched_layer_1.weight"", ""branched.branched_layer_1.bias"", ""branched.branched_layer_2.weight"", ""branched.branched_layer_2.bias"", ""branched.branched_layer_3.weight"", ""branched.branched_layer_3.bias"", ""output.weight"", ""output.bias""]","[""branched.branched_layer_1.weight"", ""branched.branched_layer_1.bias"", ""branched.branched_layer_2.weight"", ""branched.branched_layer_2.bias"", ""branched.branched_layer_3.weight"", ""branched.branched_layer_3.bias"", ""output.weight"", ""output.bias""]",0,0,0,0,179620,141,0,0,0,0,0,179620,141,0
20260414T220505Z_fe14746b,23,random_all_per_seed,all_rows,7,723239,723239,723239,False,False,0.1,0.1,13ab0f6315aefa701430d3c6d72aabbac7d8c14bbd495bef999f60f53d37b30d,e458c253f91c63ca9a967c6fa4d0ab9cc52faa8ba7794e12b09a2f25a2869c9b,e651fb131205a5d9c63fd1d1ecf15ac7ac31e5181706fbf3e757de8449fba204,HepG2,1,B2_with_RC,True,False,,,1,3063,1.0,branched_only,random,3063,967,2096,967,2096,0.3157035586026771,383,383,0.0005,0.0001,0.0001,3063,0.23662862181663513,0.30767425894737244,0.34252981608349276,0.595420823352406,0.5224838485356256,0.35452595688165706,0.6572554707527161,383,0.26599255204200745,0.3531684875488281,0.09623967730639871,0.32244268427623834,0.28663131082806975,0.10396928464326592,0.8659957051277161,383,0.27908915281295776,0.36317989230155945,0.09829260927338102,0.3352629058508334,0.25470565187129135,0.11240121603954478,0.9157891869544983,78,0.8659957051277161,179761,3747661,179761,0,"[""branched.branched_layer_1.weight"", ""branched.branched_layer_1.bias"", ""branched.branched_layer_2.weight"", ""branched.branched_layer_2.bias"", ""branched.branched_layer_3.weight"", ""branched.branched_layer_3.bias"", ""output.weight"", ""output.bias""]","[""branched.branched_layer_1.weight"", ""branched.branched_layer_1.bias"", ""branched.branched_layer_2.weight"", ""branched.branched_layer_2.bias"", ""branched.branched_layer_3.weight"", ""branched.branched_layer_3.bias"", ""output.weight"", ""output.bias""]",0,0,0,0,179620,141,0,0,0,0,0,179620,141,0
20260414T220505Z_fe14746b,31,random_all_per_seed,all_rows,7,731311,731311,731311,False,False,0.1,0.1,399d8048139dad18f085378ecdd6bc241c21c7bdfccf442a2b187df7b6daa383,0584dd818218833228e343b6fa1df680f9194b9f11e5f570a45a30905d139e17,27306d05049ecb6e9137a41b7d192b6574e2d4876a1af2e57e67cc9df35420c3,HepG2,1,B2_with_RC,True,False,,,1,3063,1.0,branched_only,random,3063,989,2074,989,2074,0.3228860594188704,383,383,0.0005,0.0001,0.0001,3063,0.26338037848472595,0.3429293930530548,0.18588178249126108,0.4411744223067717,0.3415202317523267,0.19463487089771372,0.8138524293899536,383,0.2751469910144806,0.3610595464706421,0.06114149614893316,0.2633395209305867,0.21902515781619072,0.06934770328395091,0.9021815061569214,383,0.2664099335670471,0.346468985080719,0.1465617549730307,0.394246979344938,0.24205766585782332,0.155430680722608,0.8307397961616516,18,0.9021815061569214,179761,3747661,179761,0,"[""branched.branched_layer_1.weight"", ""branched.branched_layer_1.bias"", ""branched.branched_layer_2.weight"", ""branched.branched_layer_2.bias"", ""branched.branched_layer_3.weight"", ""branched.branched_layer_3.bias"", ""output.weight"", ""output.bias""]","[""branched.branched_layer_1.weight"", ""branched.branched_layer_1.bias"", ""branched.branched_layer_2.weight"", ""branched.branched_layer_2.bias"", ""branched.branched_layer_3.weight"", ""branched.branched_layer_3.bias"", ""output.weight"", ""output.bias""]",0,0,0,0,179620,141,0,0,0,0,0,179620,141,0
20260414T220505Z_fe14746b,17,random_all_per_seed,all_rows,7,717185,717185,717185,False,False,0.1,0.1,d20de91f4b455148159ffd14b15eca3b322f00e6bd4570610b1fd92d56691f0d,09700ad8a87e01fddb78e1e19347ac15933ccd3442ae763be67b580da0d6acf2,165d865a5469b007379d19d8eddb5ccdcd8811d96d30294e5b7d188c27387d3a,K562,0,B2_with_RC,True,False,,,1,3063,1.0,branched_only,random,3063,983,2080,983,2080,0.32092719555990856,383,383,0.0005,0.0001,0.0001,3063,0.27464860677719116,0.3596898913383484,0.1050523067125857,0.33180071546420775,0.26470587868167017,0.11009171478256015,0.8946555256843567,383,0.2587718665599823,0.338472843170166,0.012882942677693299,0.19284997854013414,0.12272074707966762,0.0371911142229302,0.7922221422195435,383,0.30220329761505127,0.39030376076698303,0.06466460643697225,0.2590457400328801,0.20245628082393075,0.0671046954291825,1.0534279346466064,0,0.7922221422195435,179761,3747661,179761,0,"[""branched.branched_layer_1.weight"", ""branched.branched_layer_1.bias"", ""branched.branched_layer_2.weight"", ""branched.branched_layer_2.bias"", ""branched.branched_layer_3.weight"", ""branched.branched_layer_3.bias"", ""output.weight"", ""output.bias""]","[""branched.branched_layer_1.weight"", ""branched.branched_layer_1.bias"", ""branched.branched_layer_2.weight"", ""branched.branched_layer_2.bias"", ""branched.branched_layer_3.weight"", ""branched.branched_layer_3.bias"", ""output.weight"", ""output.bias""]",0,0,0,0,179620,141,0,0,0,0,0,179620,141,0
20260414T220505Z_fe14746b,19,random_all_per_seed,all_rows,7,719203,719203,719203,False,False,0.1,0.1,e749d923ec422f4e9585fafb01f5ecd5ad938df3ddbd0bb71ac99303ee9e50fa,b0c6175bfc15047131416b9da64bb2cb3fc428a1cef9486a2cc5173235f866bb,3ca99a39f2f8ee987e87b32207e9c91500b2f4159a741abfc9982d5f0c4932bd,K562,0,B2_with_RC,True,False,,,1,3063,1.0,branched_only,random,3063,972,2091,972,2091,0.31733594515181196,383,383,0.0005,0.0001,0.0001,3063,0.2656106650829315,0.347185343503952,0.17608209043655731,0.4282477760117962,0.3499255510685194,0.18339615765904957,0.8236489295959473,383,0.255286306142807,0.32748234272003174,0.2316119593617082,0.4906671245678545,0.2910274583271243,0.24075422713168645,0.7328163981437683,383,0.2526989281177521,0.33379390835762024,0.11824841038453138,0.35302802443022446,0.2942925545382198,0.12462878603310716,0.7613357305526733,22,0.7328163981437683,179761,3747661,179761,0,"[""branched.branched_layer_1.weight"", ""branched.branched_layer_1.bias"", ""branched.branched_layer_2.weight"", ""branched.branched_layer_2.bias"", ""branched.branched_layer_3.weight"", ""branched.branched_layer_3.bias"", ""output.weight"", ""output.bias""]","[""branched.branched_layer_1.weight"", ""branched.branched_layer_1.bias"", ""branched.branched_layer_2.weight"", ""branched.branched_layer_2.bias"", ""branched.branched_layer_3.weight"", ""branched.branched_layer_3.bias"", ""output.weight"", ""output.bias""]",0,0,0,0,179620,141,0,0,0,0,0,179620,141,0
20260414T220505Z_fe14746b,23,random_all_per_seed,all_rows,7,723239,723239,723239,False,False,0.1,0.1,13ab0f6315aefa701430d3c6d72aabbac7d8c14bbd495bef999f60f53d37b30d,e458c253f91c63ca9a967c6fa4d0ab9cc52faa8ba7794e12b09a2f25a2869c9b,e651fb131205a5d9c63fd1d1ecf15ac7ac31e5181706fbf3e757de8449fba204,K562,0,B2_with_RC,True,False,,,1,3063,1.0,branched_only,random,3063,967,2096,967,2096,0.3157035586026771,383,383,0.0005,0.0001,0.0001,3063,0.25119879841804504,0.3266000747680664,0.2591568147009755,0.5204832115138125,0.4377892715959325,0.27090277346773206,0.7406011819839478,383,0.2642923891544342,0.35212770104408264,0.10155846079101272,0.319770180258666,0.3054716781061272,0.10225296818265975,0.8608992099761963,383,0.27635839581489563,0.3598988354206085,0.11451151044381402,0.3407728500889393,0.24630161247118176,0.1161261353577387,0.8993170261383057,51,0.8608992099761963,179761,3747661,179761,0,"[""branched.branched_layer_1.weight"", ""branched.branched_layer_1.bias"", ""branched.branched_layer_2.weight"", ""branched.branched_layer_2.bias"", ""branched.branched_layer_3.weight"", ""branched.branched_layer_3.bias"", ""output.weight"", ""output.bias""]","[""branched.branched_layer_1.weight"", ""branched.branched_layer_1.bias"", ""branched.branched_layer_2.weight"", ""branched.branched_layer_2.bias"", ""branched.branched_layer_3.weight"", ""branched.branched_layer_3.bias"", ""output.weight"", ""output.bias""]",0,0,0,0,179620,141,0,0,0,0,0,179620,141,0
20260414T220505Z_fe14746b,31,random_all_per_seed,all_rows,7,731311,731311,731311,False,False,0.1,0.1,399d8048139dad18f085378ecdd6bc241c21c7bdfccf442a2b187df7b6daa383,0584dd818218833228e343b6fa1df680f9194b9f11e5f570a45a30905d139e17,27306d05049ecb6e9137a41b7d192b6574e2d4876a1af2e57e67cc9df35420c3,K562,0,B2_with_RC,True,False,,,1,3063,1.0,branched_only,random,3063,989,2074,989,2074,0.3228860594188704,383,383,0.0005,0.0001,0.0001,3063,0.25988927483558655,0.33755815029144287,0.2111847822788233,0.4718946932484428,0.37672385586104423,0.2226846015160419,0.7885578274726868,383,0.2763095498085022,0.36210307478904724,0.05570661997872184,0.26087110749890247,0.19987808554638992,0.06805373472770393,0.9074040651321411,383,0.26815828680992126,0.34929078817367554,0.13260357689421842,0.383611074663555,0.23613367941828875,0.14715745660452756,0.8443267941474915,28,0.9074040651321411,179761,3747661,179761,0,"[""branched.branched_layer_1.weight"", ""branched.branched_layer_1.bias"", ""branched.branched_layer_2.weight"", ""branched.branched_layer_2.bias"", ""branched.branched_layer_3.weight"", ""branched.branched_layer_3.bias"", ""output.weight"", ""output.bias""]","[""branched.branched_layer_1.weight"", ""branched.branched_layer_1.bias"", ""branched.branched_layer_2.weight"", ""branched.branched_layer_2.bias"", ""branched.branched_layer_3.weight"", ""branched.branched_layer_3.bias"", ""output.weight"", ""output.bias""]",0,0,0,0,179620,141,0,0,0,0,0,179620,141,0
20260414T220505Z_fe14746b,17,random_all_per_seed,all_rows,7,717185,717185,717185,False,False,0.1,0.1,d20de91f4b455148159ffd14b15eca3b322f00e6bd4570610b1fd92d56691f0d,09700ad8a87e01fddb78e1e19347ac15933ccd3442ae763be67b580da0d6acf2,165d865a5469b007379d19d8eddb5ccdcd8811d96d30294e5b7d188c27387d3a,SKNSH,2,B2_with_RC,True,False,,,1,3063,1.0,branched_only,random,3063,983,2080,983,2080,0.32092719555990856,383,383,0.0005,0.0001,0.0001,3063,0.25932830572128296,0.33849555253982544,0.20741274231354256,0.47304317143928765,0.39063355675949574,0.22376984204533928,0.7923284769058228,383,0.2584325969219208,0.33716848492622375,0.02047635941657655,0.2068951576392843,0.16368355446477711,0.042805606254584294,0.7861281037330627,383,0.2927699387073517,0.3822634816169739,0.10280352113614899,0.32784849316574616,0.21795991919335211,0.1074846344710503,1.0104737281799316,30,0.7861281037330627,179761,3747661,179761,0,"[""branched.branched_layer_1.weight"", ""branched.branched_layer_1.bias"", ""branched.branched_layer_2.weight"", ""branched.branched_layer_2.bias"", ""branched.branched_layer_3.weight"", ""branched.branched_layer_3.bias"", ""output.weight"", ""output.bias""]","[""branched.branched_layer_1.weight"", ""branched.branched_layer_1.bias"", ""branched.branched_layer_2.weight"", ""branched.branched_layer_2.bias"", ""branched.branched_layer_3.weight"", ""branched.branched_layer_3.bias"", ""output.weight"", ""output.bias""]",0,0,0,0,179620,141,0,0,0,0,0,179620,141,0
20260414T220505Z_fe14746b,19,random_all_per_seed,all_rows,7,719203,719203,719203,False,False,0.1,0.1,e749d923ec422f4e9585fafb01f5ecd5ad938df3ddbd0bb71ac99303ee9e50fa,b0c6175bfc15047131416b9da64bb2cb3fc428a1cef9486a2cc5173235f866bb,3ca99a39f2f8ee987e87b32207e9c91500b2f4159a741abfc9982d5f0c4932bd,SKNSH,2,B2_with_RC,True,False,,,1,3063,1.0,branched_only,random,3063,972,2091,972,2091,0.31733594515181196,383,383,0.0005,0.0001,0.0001,3063,0.2658812403678894,0.34767183661460876,0.1737713661971486,0.41783729854971163,0.3447659910978376,0.17458800805932084,0.8259589076042175,383,0.25702378153800964,0.3292565643787384,0.22326347888035247,0.4776794802254118,0.2864933757834351,0.22817768582841957,0.7407783269882202,383,0.25096994638442993,0.3323075473308563,0.1260835349352819,0.3579380626436001,0.29232209077437,0.1281196566890538,0.754570484161377,22,0.7407783269882202,179761,3747661,179761,0,"[""branched.branched_layer_1.weight"", ""branched.branched_layer_1.bias"", ""branched.branched_layer_2.weight"", ""branched.branched_layer_2.bias"", ""branched.branched_layer_3.weight"", ""branched.branched_layer_3.bias"", ""output.weight"", ""output.bias""]","[""branched.branched_layer_1.weight"", ""branched.branched_layer_1.bias"", ""branched.branched_layer_2.weight"", ""branched.branched_layer_2.bias"", ""branched.branched_layer_3.weight"", ""branched.branched_layer_3.bias"", ""output.weight"", ""output.bias""]",0,0,0,0,179620,141,0,0,0,0,0,179620,141,0
20260414T220505Z_fe14746b,23,random_all_per_seed,all_rows,7,723239,723239,723239,False,False,0.1,0.1,13ab0f6315aefa701430d3c6d72aabbac7d8c14bbd495bef999f60f53d37b30d,e458c253f91c63ca9a967c6fa4d0ab9cc52faa8ba7794e12b09a2f25a2869c9b,e651fb131205a5d9c63fd1d1ecf15ac7ac31e5181706fbf3e757de8449fba204,SKNSH,2,B2_with_RC,True,False,,,1,3063,1.0,branched_only,random,3063,967,2096,967,2096,0.3157035586026771,383,383,0.0005,0.0001,0.0001,3063,0.24415943026542664,0.317574679851532,0.29953657061981875,0.559397218970464,0.4967122837772327,0.31292524859188925,0.7002347111701965,383,0.2647871673107147,0.35359257459640503,0.09406775110700039,0.3098237392218034,0.2814835819548129,0.09599074938538003,0.8680769205093384,383,0.2750183641910553,0.3587203621864319,0.1203011348219396,0.35152576193031143,0.26099877565748847,0.123570361300686,0.8934369087219238,70,0.8680769205093384,179761,3747661,179761,0,"[""branched.branched_layer_1.weight"", ""branched.branched_layer_1.bias"", ""branched.branched_layer_2.weight"", ""branched.branched_layer_2.bias"", ""branched.branched_layer_3.weight"", ""branched.branched_layer_3.bias"", ""output.weight"", ""output.bias""]","[""branched.branched_layer_1.weight"", ""branched.branched_layer_1.bias"", ""branched.branched_layer_2.weight"", ""branched.branched_layer_2.bias"", ""branched.branched_layer_3.weight"", ""branched.branched_layer_3.bias"", ""output.weight"", ""output.bias""]",0,0,0,0,179620,141,0,0,0,0,0,179620,141,0
20260414T220505Z_fe14746b,31,random_all_per_seed,all_rows,7,731311,731311,731311,False,False,0.1,0.1,399d8048139dad18f085378ecdd6bc241c21c7bdfccf442a2b187df7b6daa383,0584dd818218833228e343b6fa1df680f9194b9f11e5f570a45a30905d139e17,27306d05049ecb6e9137a41b7d192b6574e2d4876a1af2e57e67cc9df35420c3,SKNSH,2,B2_with_RC,True,False,,,1,3063,1.0,branched_only,random,3063,989,2074,989,2074,0.3228860594188704,383,383,0.0005,0.0001,0.0001,3063,0.26620349287986755,0.3475416302680969,0.16383549587677504,0.41092186387136703,0.3140577947480389,0.1688567782075183,0.835891604423523,383,0.2734571695327759,0.3605387210845947,0.0638480311987486,0.2744493700499499,0.23927357443351266,0.07532245672081433,0.8995805978775024,383,0.2665010690689087,0.34724318981170654,0.14274337889920752,0.3850764158216117,0.2441043824534684,0.14828384602201877,0.834456741809845,11,0.8995805978775024,179761,3747661,179761,0,"[""branched.branched_layer_1.weight"", ""branched.branched_layer_1.bias"", ""branched.branched_layer_2.weight"", ""branched.branched_layer_2.bias"", ""branched.branched_layer_3.weight"", ""branched.branched_layer_3.bias"", ""output.weight"", ""output.bias""]","[""branched.branched_layer_1.weight"", ""branched.branched_layer_1.bias"", ""branched.branched_layer_2.weight"", ""branched.branched_layer_2.bias"", ""branched.branched_layer_3.weight"", ""branched.branched_layer_3.bias"", ""output.weight"", ""output.bias""]",0,0,0,0,179620,141,0,0,0,0,0,179620,141,0
20260414T220505Z_fe14746b,17,random_all_per_seed,all_rows,7,717185,717185,717185,False,False,0.1,0.1,fd2ed1f7a2f865a02b437eb807b01700163c4e7b5b3d25f1fd6719b606e9feb3,09700ad8a87e01fddb78e1e19347ac15933ccd3442ae763be67b580da0d6acf2,165d865a5469b007379d19d8eddb5ccdcd8811d96d30294e5b7d188c27387d3a,HepG2,1,B2_with_RC,True,False,,,1,2297,0.7499183806725432,conv3_plus,random,3063,983,2080,728,1569,0.3169351327818894,383,383,0.0005,0.0001,0.0001,2297,0.27530521154403687,0.36121031641960144,0.12904810167715364,0.3834061691895922,0.3191699694947008,0.1470002905726382,0.8705726265907288,383,0.2605915069580078,0.3387388288974762,0.011330995973211522,0.18904568624753185,0.13876999002557214,0.03573827148880025,0.7656224370002747,383,0.29699355363845825,0.3873468041419983,0.07878305468210989,0.28655556600792564,0.2350096725949918,0.08211409241012263,1.0011167526245117,0,0.7656224370002747,3063361,3747661,3063361,0,"[""conv3.conv.weight"", ""conv3.conv.bias"", ""conv3.bn_layer.weight"", ""conv3.bn_layer.bias"", ""linear1.linear.weight"", ""linear1.linear.bias"", ""linear1.bn_layer.weight"", ""linear1.bn_layer.bias"", ""branched.branched_layer_1.weight"", ""branched.branched_layer_1.bias"", ""branched.branched_layer_2.weight"", ""branched.branched_layer_2.bias"", ""branched.branched_layer_3.weight"", ""branched.branched_layer_3.bias"", ""output.weight"", ""output.bias""]","[""conv3.conv.weight"", ""conv3.conv.bias"", ""conv3.bn_layer.weight"", ""conv3.bn_layer.bias"", ""linear1.linear.weight"", ""linear1.linear.bias"", ""linear1.bn_layer.weight"", ""linear1.bn_layer.bias"", ""branched.branched_layer_1.weight"", ""branched.branched_layer_1.bias"", ""branched.branched_layer_2.weight"", ""branched.branched_layer_2.bias"", ""branched.branched_layer_3.weight"", ""branched.branched_layer_3.bias"", ""output.weight"", ""output.bias""]",0,0,280600,2603000,179620,141,0,0,0,280600,2603000,179620,141,0
20260414T220505Z_fe14746b,19,random_all_per_seed,all_rows,7,719203,719203,719203,False,False,0.1,0.1,d10f09aa265bab71343f680e34f2eb30e8cd4527aa6a1ca50685490c50e26cf1,b0c6175bfc15047131416b9da64bb2cb3fc428a1cef9486a2cc5173235f866bb,3ca99a39f2f8ee987e87b32207e9c91500b2f4159a741abfc9982d5f0c4932bd,HepG2,1,B2_with_RC,True,False,,,1,2297,0.7499183806725432,conv3_plus,random,3063,972,2091,733,1564,0.31911188506747934,383,383,0.0005,0.0001,0.0001,2297,0.24416287243366241,0.322130024433136,0.30632953708183863,0.557257689676525,0.46740302196377903,0.31053613270361824,0.6933684349060059,383,0.2598608136177063,0.3342832028865814,0.1993662496541626,0.45138604947585903,0.26334236355854423,0.20374936566142265,0.7466734051704407,383,0.2597631514072418,0.33922329545021057,0.0893304461138722,0.3418481432698231,0.252930971532053,0.1168601530570255,0.7689054608345032,3,0.7466734051704407,3063361,3747661,3063361,0,"[""conv3.conv.weight"", ""conv3.conv.bias"", ""conv3.bn_layer.weight"", ""conv3.bn_layer.bias"", ""linear1.linear.weight"", ""linear1.linear.bias"", ""linear1.bn_layer.weight"", ""linear1.bn_layer.bias"", ""branched.branched_layer_1.weight"", ""branched.branched_layer_1.bias"", ""branched.branched_layer_2.weight"", ""branched.branched_layer_2.bias"", ""branched.branched_layer_3.weight"", ""branched.branched_layer_3.bias"", ""output.weight"", ""output.bias""]","[""conv3.conv.weight"", ""conv3.conv.bias"", ""conv3.bn_layer.weight"", ""conv3.bn_layer.bias"", ""linear1.linear.weight"", ""linear1.linear.bias"", ""linear1.bn_layer.weight"", ""linear1.bn_layer.bias"", ""branched.branched_layer_1.weight"", ""branched.branched_layer_1.bias"", ""branched.branched_layer_2.weight"", ""branched.branched_layer_2.bias"", ""branched.branched_layer_3.weight"", ""branched.branched_layer_3.bias"", ""output.weight"", ""output.bias""]",0,0,280600,2603000,179620,141,0,0,0,280600,2603000,179620,141,0
20260414T220505Z_fe14746b,23,random_all_per_seed,all_rows,7,723239,723239,723239,False,False,0.1,0.1,31a2235bdd32c79f9bbcf57fc47adfc274d10761b654866ae9cb9911c3fafcdd,e458c253f91c63ca9a967c6fa4d0ab9cc52faa8ba7794e12b09a2f25a2869c9b,e651fb131205a5d9c63fd1d1ecf15ac7ac31e5181706fbf3e757de8449fba204,HepG2,1,B2_with_RC,True,False,,,1,2297,0.7499183806725432,conv3_plus,random,3063,967,2096,716,1581,0.31171092729647365,383,383,0.0005,0.0001,0.0001,2297,0.23935751616954803,0.31325724720954895,0.3080359300959522,0.5653985762931559,0.4327175064813932,0.3196755500743277,0.6916629076004028,383,0.2652021050453186,0.35394635796546936,0.09225407184741974,0.3147268832939063,0.25073230989835615,0.09905301106789612,0.8830129504203796,383,0.27482175827026367,0.3591155707836151,0.11836159124961831,0.3532259413691357,0.2351135995164119,0.1247685656561121,0.9089934229850769,3,0.8830129504203796,3063361,3747661,3063361,0,"[""conv3.conv.weight"", ""conv3.conv.bias"", ""conv3.bn_layer.weight"", ""conv3.bn_layer.bias"", ""linear1.linear.weight"", ""linear1.linear.bias"", ""linear1.bn_layer.weight"", ""linear1.bn_layer.bias"", ""branched.branched_layer_1.weight"", ""branched.branched_layer_1.bias"", ""branched.branched_layer_2.weight"", ""branched.branched_layer_2.bias"", ""branched.branched_layer_3.weight"", ""branched.branched_layer_3.bias"", ""output.weight"", ""output.bias""]","[""conv3.conv.weight"", ""conv3.conv.bias"", ""conv3.bn_layer.weight"", ""conv3.bn_layer.bias"", ""linear1.linear.weight"", ""linear1.linear.bias"", ""linear1.bn_layer.weight"", ""linear1.bn_layer.bias"", ""branched.branched_layer_1.weight"", ""branched.branched_layer_1.bias"", ""branched.branched_layer_2.weight"", ""branched.branched_layer_2.bias"", ""branched.branched_layer_3.weight"", ""branched.branched_layer_3.bias"", ""output.weight"", ""output.bias""]",0,0,280600,2603000,179620,141,0,0,0,280600,2603000,179620,141,0
20260414T220505Z_fe14746b,31,random_all_per_seed,all_rows,7,731311,731311,731311,False,False,0.1,0.1,7ed9f1e71cff080acfd2b40dc86b6782e03711f552c9029ae842ca8d03bd429d,0584dd818218833228e343b6fa1df680f9194b9f11e5f570a45a30905d139e17,27306d05049ecb6e9137a41b7d192b6574e2d4876a1af2e57e67cc9df35420c3,HepG2,1,B2_with_RC,True,False,,,1,2297,0.7499183806725432,conv3_plus,random,3063,989,2074,734,1563,0.3195472355245973,383,383,0.0005,0.0001,0.0001,2297,0.27156466245651245,0.3557983338832855,0.13425775503143011,0.38593247014028687,0.3119057965906446,0.1489438715085834,0.8653653264045715,383,0.2792905271053314,0.3633767366409302,0.0490518950049178,0.23372599079880266,0.1896696102972524,0.05462783877488198,0.9026220440864563,383,0.2691061496734619,0.35648027062416077,0.09652865761240714,0.3205075404986402,0.2628292120218292,0.1027250835164875,0.868685781955719,0,0.9026220440864563,3063361,3747661,3063361,0,"[""conv3.conv.weight"", ""conv3.conv.bias"", ""conv3.bn_layer.weight"", ""conv3.bn_layer.bias"", ""linear1.linear.weight"", ""linear1.linear.bias"", ""linear1.bn_layer.weight"", ""linear1.bn_layer.bias"", ""branched.branched_layer_1.weight"", ""branched.branched_layer_1.bias"", ""branched.branched_layer_2.weight"", ""branched.branched_layer_2.bias"", ""branched.branched_layer_3.weight"", ""branched.branched_layer_3.bias"", ""output.weight"", ""output.bias""]","[""conv3.conv.weight"", ""conv3.conv.bias"", ""conv3.bn_layer.weight"", ""conv3.bn_layer.bias"", ""linear1.linear.weight"", ""linear1.linear.bias"", ""linear1.bn_layer.weight"", ""linear1.bn_layer.bias"", ""branched.branched_layer_1.weight"", ""branched.branched_layer_1.bias"", ""branched.branched_layer_2.weight"", ""branched.branched_layer_2.bias"", ""branched.branched_layer_3.weight"", ""branched.branched_layer_3.bias"", ""output.weight"", ""output.bias""]",0,0,280600,2603000,179620,141,0,0,0,280600,2603000,179620,141,0
20260414T220505Z_fe14746b,17,random_all_per_seed,all_rows,7,717185,717185,717185,False,False,0.1,0.1,fd2ed1f7a2f865a02b437eb807b01700163c4e7b5b3d25f1fd6719b606e9feb3,09700ad8a87e01fddb78e1e19347ac15933ccd3442ae763be67b580da0d6acf2,165d865a5469b007379d19d8eddb5ccdcd8811d96d30294e5b7d188c27387d3a,K562,0,B2_with_RC,True,False,,,1,2297,0.7499183806725432,conv3_plus,random,3063,983,2080,728,1569,0.3169351327818894,383,383,0.0005,0.0001,0.0001,2297,0.2747232913970947,0.3607717752456665,0.13116170483131084,0.38428446394833143,0.3119585517597509,0.14767454923205645,0.868459939956665,383,0.2593931257724762,0.33888986706733704,0.010448950616616437,0.19258731258951498,0.12928314370326838,0.037089872970451555,0.7663056254386902,383,0.3014651834964752,0.38837674260139465,0.07387766628902181,0.2760539525696493,0.2154221174316606,0.0762057847293262,1.0064475536346436,0,0.7663056254386902,3063361,3747661,3063361,0,"[""conv3.conv.weight"", ""conv3.conv.bias"", ""conv3.bn_layer.weight"", ""conv3.bn_layer.bias"", ""linear1.linear.weight"", ""linear1.linear.bias"", ""linear1.bn_layer.weight"", ""linear1.bn_layer.bias"", ""branched.branched_layer_1.weight"", ""branched.branched_layer_1.bias"", ""branched.branched_layer_2.weight"", ""branched.branched_layer_2.bias"", ""branched.branched_layer_3.weight"", ""branched.branched_layer_3.bias"", ""output.weight"", ""output.bias""]","[""conv3.conv.weight"", ""conv3.conv.bias"", ""conv3.bn_layer.weight"", ""conv3.bn_layer.bias"", ""linear1.linear.weight"", ""linear1.linear.bias"", ""linear1.bn_layer.weight"", ""linear1.bn_layer.bias"", ""branched.branched_layer_1.weight"", ""branched.branched_layer_1.bias"", ""branched.branched_layer_2.weight"", ""branched.branched_layer_2.bias"", ""branched.branched_layer_3.weight"", ""branched.branched_layer_3.bias"", ""output.weight"", ""output.bias""]",0,0,280600,2603000,179620,141,0,0,0,280600,2603000,179620,141,0
20260414T220505Z_fe14746b,19,random_all_per_seed,all_rows,7,719203,719203,719203,False,False,0.1,0.1,d10f09aa265bab71343f680e34f2eb30e8cd4527aa6a1ca50685490c50e26cf1,b0c6175bfc15047131416b9da64bb2cb3fc428a1cef9486a2cc5173235f866bb,3ca99a39f2f8ee987e87b32207e9c91500b2f4159a741abfc9982d5f0c4932bd,K562,0,B2_with_RC,True,False,,,1,2297,0.7499183806725432,conv3_plus,random,3063,972,2091,733,1564,0.31911188506747934,383,383,0.0005,0.0001,0.0001,2297,0.2610589265823364,0.34254083037376404,0.21564003393392694,0.4677654432909325,0.383447824044171,0.21880450993716258,0.7840184569358826,383,0.25977855920791626,0.3340335488319397,0.2005615606951472,0.4500099783844551,0.2885720220487534,0.20250898064557776,0.7455586194992065,383,0.25624215602874756,0.3368019759654999,0.10228446825797943,0.3344593360295617,0.28295090687415275,0.11186304745733526,0.757968008518219,2,0.7455586194992065,3063361,3747661,3063361,0,"[""conv3.conv.weight"", ""conv3.conv.bias"", ""conv3.bn_layer.weight"", ""conv3.bn_layer.bias"", ""linear1.linear.weight"", ""linear1.linear.bias"", ""linear1.bn_layer.weight"", ""linear1.bn_layer.bias"", ""branched.branched_layer_1.weight"", ""branched.branched_layer_1.bias"", ""branched.branched_layer_2.weight"", ""branched.branched_layer_2.bias"", ""branched.branched_layer_3.weight"", ""branched.branched_layer_3.bias"", ""output.weight"", ""output.bias""]","[""conv3.conv.weight"", ""conv3.conv.bias"", ""conv3.bn_layer.weight"", ""conv3.bn_layer.bias"", ""linear1.linear.weight"", ""linear1.linear.bias"", ""linear1.bn_layer.weight"", ""linear1.bn_layer.bias"", ""branched.branched_layer_1.weight"", ""branched.branched_layer_1.bias"", ""branched.branched_layer_2.weight"", ""branched.branched_layer_2.bias"", ""branched.branched_layer_3.weight"", ""branched.branched_layer_3.bias"", ""output.weight"", ""output.bias""]",0,0,280600,2603000,179620,141,0,0,0,280600,2603000,179620,141,0
20260414T220505Z_fe14746b,23,random_all_per_seed,all_rows,7,723239,723239,723239,False,False,0.1,0.1,31a2235bdd32c79f9bbcf57fc47adfc274d10761b654866ae9cb9911c3fafcdd,e458c253f91c63ca9a967c6fa4d0ab9cc52faa8ba7794e12b09a2f25a2869c9b,e651fb131205a5d9c63fd1d1ecf15ac7ac31e5181706fbf3e757de8449fba204,K562,0,B2_with_RC,True,False,,,1,2297,0.7499183806725432,conv3_plus,random,3063,967,2096,716,1581,0.31171092729647365,383,383,0.0005,0.0001,0.0001,2297,0.2612829804420471,0.3393744230270386,0.18784389445065885,0.4413128895889766,0.3410063991041916,0.19475706651737223,0.8118026256561279,383,0.2663329541683197,0.35507306456565857,0.08646568464858462,0.2955446845706258,0.2325284667714317,0.08734666057795072,0.888643741607666,383,0.2752876281738281,0.3592938184738159,0.11748622624467664,0.3443061820220385,0.2383459223626079,0.1185467469785931,0.9098958373069763,1,0.888643741607666,3063361,3747661,3063361,0,"[""conv3.conv.weight"", ""conv3.conv.bias"", ""conv3.bn_layer.weight"", ""conv3.bn_layer.bias"", ""linear1.linear.weight"", ""linear1.linear.bias"", ""linear1.bn_layer.weight"", ""linear1.bn_layer.bias"", ""branched.branched_layer_1.weight"", ""branched.branched_layer_1.bias"", ""branched.branched_layer_2.weight"", ""branched.branched_layer_2.bias"", ""branched.branched_layer_3.weight"", ""branched.branched_layer_3.bias"", ""output.weight"", ""output.bias""]","[""conv3.conv.weight"", ""conv3.conv.bias"", ""conv3.bn_layer.weight"", ""conv3.bn_layer.bias"", ""linear1.linear.weight"", ""linear1.linear.bias"", ""linear1.bn_layer.weight"", ""linear1.bn_layer.bias"", ""branched.branched_layer_1.weight"", ""branched.branched_layer_1.bias"", ""branched.branched_layer_2.weight"", ""branched.branched_layer_2.bias"", ""branched.branched_layer_3.weight"", ""branched.branched_layer_3.bias"", ""output.weight"", ""output.bias""]",0,0,280600,2603000,179620,141,0,0,0,280600,2603000,179620,141,0
20260414T220505Z_fe14746b,31,random_all_per_seed,all_rows,7,731311,731311,731311,False,False,0.1,0.1,7ed9f1e71cff080acfd2b40dc86b6782e03711f552c9029ae842ca8d03bd429d,0584dd818218833228e343b6fa1df680f9194b9f11e5f570a45a30905d139e17,27306d05049ecb6e9137a41b7d192b6574e2d4876a1af2e57e67cc9df35420c3,K562,0,B2_with_RC,True,False,,,1,2297,0.7499183806725432,conv3_plus,random,3063,989,2074,734,1563,0.3195472355245973,383,383,0.0005,0.0001,0.0001,2297,0.27250728011131287,0.3575190007686615,0.12586389116643115,0.38337747594932325,0.30354724892136425,0.14697828906527394,0.8737555742263794,383,0.27700087428092957,0.36477139592170715,0.04173839716199734,0.21457218248734888,0.19161885735762935,0.04604122149738415,0.9095640778541565,383,0.26644614338874817,0.35458317399024963,0.10611917372446289,0.3565216473505705,0.28915192101137055,0.12710768502956457,0.8594644069671631,0,0.9095640778541565,3063361,3747661,3063361,0,"[""conv3.conv.weight"", ""conv3.conv.bias"", ""conv3.bn_layer.weight"", ""conv3.bn_layer.bias"", ""linear1.linear.weight"", ""linear1.linear.bias"", ""linear1.bn_layer.weight"", ""linear1.bn_layer.bias"", ""branched.branched_layer_1.weight"", ""branched.branched_layer_1.bias"", ""branched.branched_layer_2.weight"", ""branched.branched_layer_2.bias"", ""branched.branched_layer_3.weight"", ""branched.branched_layer_3.bias"", ""output.weight"", ""output.bias""]","[""conv3.conv.weight"", ""conv3.conv.bias"", ""conv3.bn_layer.weight"", ""conv3.bn_layer.bias"", ""linear1.linear.weight"", ""linear1.linear.bias"", ""linear1.bn_layer.weight"", ""linear1.bn_layer.bias"", ""branched.branched_layer_1.weight"", ""branched.branched_layer_1.bias"", ""branched.branched_layer_2.weight"", ""branched.branched_layer_2.bias"", ""branched.branched_layer_3.weight"", ""branched.branched_layer_3.bias"", ""output.weight"", ""output.bias""]",0,0,280600,2603000,179620,141,0,0,0,280600,2603000,179620,141,0
20260414T220505Z_fe14746b,17,random_all_per_seed,all_rows,7,717185,717185,717185,False,False,0.1,0.1,fd2ed1f7a2f865a02b437eb807b01700163c4e7b5b3d25f1fd6719b606e9feb3,09700ad8a87e01fddb78e1e19347ac15933ccd3442ae763be67b580da0d6acf2,165d865a5469b007379d19d8eddb5ccdcd8811d96d30294e5b7d188c27387d3a,SKNSH,2,B2_with_RC,True,False,,,1,2297,0.7499183806725432,conv3_plus,random,3063,983,2080,728,1569,0.3169351327818894,383,383,0.0005,0.0001,0.0001,2297,0.27549150586128235,0.36202314496040344,0.12512385224927747,0.38241152229257286,0.3259973108746217,0.14623857238212296,0.874495267868042,383,0.2618527412414551,0.3395814597606659,0.006406028185288237,0.16234569532035742,0.1263984916054352,0.02635612478905032,0.7694364190101624,383,0.29664894938468933,0.3870377838611603,0.08025245743361364,0.2997236696627461,0.23655757814337294,0.08983427815610295,0.999519944190979,0,0.7694364190101624,3063361,3747661,3063361,0,"[""conv3.conv.weight"", ""conv3.conv.bias"", ""conv3.bn_layer.weight"", ""conv3.bn_layer.bias"", ""linear1.linear.weight"", ""linear1.linear.bias"", ""linear1.bn_layer.weight"", ""linear1.bn_layer.bias"", ""branched.branched_layer_1.weight"", ""branched.branched_layer_1.bias"", ""branched.branched_layer_2.weight"", ""branched.branched_layer_2.bias"", ""branched.branched_layer_3.weight"", ""branched.branched_layer_3.bias"", ""output.weight"", ""output.bias""]","[""conv3.conv.weight"", ""conv3.conv.bias"", ""conv3.bn_layer.weight"", ""conv3.bn_layer.bias"", ""linear1.linear.weight"", ""linear1.linear.bias"", ""linear1.bn_layer.weight"", ""linear1.bn_layer.bias"", ""branched.branched_layer_1.weight"", ""branched.branched_layer_1.bias"", ""branched.branched_layer_2.weight"", ""branched.branched_layer_2.bias"", ""branched.branched_layer_3.weight"", ""branched.branched_layer_3.bias"", ""output.weight"", ""output.bias""]",0,0,280600,2603000,179620,141,0,0,0,280600,2603000,179620,141,0
20260414T220505Z_fe14746b,19,random_all_per_seed,all_rows,7,719203,719203,719203,False,False,0.1,0.1,d10f09aa265bab71343f680e34f2eb30e8cd4527aa6a1ca50685490c50e26cf1,b0c6175bfc15047131416b9da64bb2cb3fc428a1cef9486a2cc5173235f866bb,3ca99a39f2f8ee987e87b32207e9c91500b2f4159a741abfc9982d5f0c4932bd,SKNSH,2,B2_with_RC,True,False,,,1,2297,0.7499183806725432,conv3_plus,random,3063,972,2091,733,1564,0.31911188506747934,383,383,0.0005,0.0001,0.0001,2297,0.24540865421295166,0.32350194454193115,0.3004085073548376,0.5608001134535635,0.4771863200809682,0.3144967672495297,0.6992868781089783,383,0.2575373947620392,0.3319043219089508,0.21072091956313133,0.4592267321744299,0.3284070995398157,0.21088919154360555,0.736083984375,383,0.2576808035373688,0.3403396010398865,0.0833270012507571,0.31946886013437215,0.25918123987090325,0.10206035259555503,0.7739743590354919,3,0.736083984375,3063361,3747661,3063361,0,"[""conv3.conv.weight"", ""conv3.conv.bias"", ""conv3.bn_layer.weight"", ""conv3.bn_layer.bias"", ""linear1.linear.weight"", ""linear1.linear.bias"", ""linear1.bn_layer.weight"", ""linear1.bn_layer.bias"", ""branched.branched_layer_1.weight"", ""branched.branched_layer_1.bias"", ""branched.branched_layer_2.weight"", ""branched.branched_layer_2.bias"", ""branched.branched_layer_3.weight"", ""branched.branched_layer_3.bias"", ""output.weight"", ""output.bias""]","[""conv3.conv.weight"", ""conv3.conv.bias"", ""conv3.bn_layer.weight"", ""conv3.bn_layer.bias"", ""linear1.linear.weight"", ""linear1.linear.bias"", ""linear1.bn_layer.weight"", ""linear1.bn_layer.bias"", ""branched.branched_layer_1.weight"", ""branched.branched_layer_1.bias"", ""branched.branched_layer_2.weight"", ""branched.branched_layer_2.bias"", ""branched.branched_layer_3.weight"", ""branched.branched_layer_3.bias"", ""output.weight"", ""output.bias""]",0,0,280600,2603000,179620,141,0,0,0,280600,2603000,179620,141,0
20260414T220505Z_fe14746b,23,random_all_per_seed,all_rows,7,723239,723239,723239,False,False,0.1,0.1,31a2235bdd32c79f9bbcf57fc47adfc274d10761b654866ae9cb9911c3fafcdd,e458c253f91c63ca9a967c6fa4d0ab9cc52faa8ba7794e12b09a2f25a2869c9b,e651fb131205a5d9c63fd1d1ecf15ac7ac31e5181706fbf3e757de8449fba204,SKNSH,2,B2_with_RC,True,False,,,1,2297,0.7499183806725432,conv3_plus,random,3063,967,2096,716,1581,0.31171092729647365,383,383,0.0005,0.0001,0.0001,2297,0.23645758628845215,0.30841970443725586,0.3292425749902099,0.5819995332038707,0.46960839677584815,0.33872345664952336,0.6704654693603516,383,0.27032172679901123,0.35934850573539734,0.06433347160914649,0.28640705776475844,0.2300561685206636,0.08202900273746568,0.9101728796958923,383,0.2780374586582184,0.3616090714931488,0.10607590877165984,0.3428202539989831,0.2379237392398254,0.11752572655192728,0.9216601848602295,3,0.9101728796958923,3063361,3747661,3063361,0,"[""conv3.conv.weight"", ""conv3.conv.bias"", ""conv3.bn_layer.weight"", ""conv3.bn_layer.bias"", ""linear1.linear.weight"", ""linear1.linear.bias"", ""linear1.bn_layer.weight"", ""linear1.bn_layer.bias"", ""branched.branched_layer_1.weight"", ""branched.branched_layer_1.bias"", ""branched.branched_layer_2.weight"", ""branched.branched_layer_2.bias"", ""branched.branched_layer_3.weight"", ""branched.branched_layer_3.bias"", ""output.weight"", ""output.bias""]","[""conv3.conv.weight"", ""conv3.conv.bias"", ""conv3.bn_layer.weight"", ""conv3.bn_layer.bias"", ""linear1.linear.weight"", ""linear1.linear.bias"", ""linear1.bn_layer.weight"", ""linear1.bn_layer.bias"", ""branched.branched_layer_1.weight"", ""branched.branched_layer_1.bias"", ""branched.branched_layer_2.weight"", ""branched.branched_layer_2.bias"", ""branched.branched_layer_3.weight"", ""branched.branched_layer_3.bias"", ""output.weight"", ""output.bias""]",0,0,280600,2603000,179620,141,0,0,0,280600,2603000,179620,141,0
20260414T220505Z_fe14746b,31,random_all_per_seed,all_rows,7,731311,731311,731311,False,False,0.1,0.1,7ed9f1e71cff080acfd2b40dc86b6782e03711f552c9029ae842ca8d03bd429d,0584dd818218833228e343b6fa1df680f9194b9f11e5f570a45a30905d139e17,27306d05049ecb6e9137a41b7d192b6574e2d4876a1af2e57e67cc9df35420c3,SKNSH,2,B2_with_RC,True,False,,,1,2297,0.7499183806725432,conv3_plus,random,3063,989,2074,734,1563,0.3195472355245973,383,383,0.0005,0.0001,0.0001,2297,0.2733035385608673,0.3586841821670532,0.12015683059156013,0.3758421965501324,0.3240785115447134,0.14125735670762835,0.8794602155685425,383,0.2780125141143799,0.3625791668891907,0.05322194735096408,0.24742565454982848,0.19898732299904756,0.06121945452941106,0.8986640572547913,383,0.27268746495246887,0.36032167077064514,0.07695228400112963,0.2841355506901751,0.21261481953417902,0.08073301116600906,0.8875083923339844,0,0.8986640572547913,3063361,3747661,3063361,0,"[""conv3.conv.weight"", ""conv3.conv.bias"", ""conv3.bn_layer.weight"", ""conv3.bn_layer.bias"", ""linear1.linear.weight"", ""linear1.linear.bias"", ""linear1.bn_layer.weight"", ""linear1.bn_layer.bias"", ""branched.branched_layer_1.weight"", ""branched.branched_layer_1.bias"", ""branched.branched_layer_2.weight"", ""branched.branched_layer_2.bias"", ""branched.branched_layer_3.weight"", ""branched.branched_layer_3.bias"", ""output.weight"", ""output.bias""]","[""conv3.conv.weight"", ""conv3.conv.bias"", ""conv3.bn_layer.weight"", ""conv3.bn_layer.bias"", ""linear1.linear.weight"", ""linear1.linear.bias"", ""linear1.bn_layer.weight"", ""linear1.bn_layer.bias"", ""branched.branched_layer_1.weight"", ""branched.branched_layer_1.bias"", ""branched.branched_layer_2.weight"", ""branched.branched_layer_2.bias"", ""branched.branched_layer_3.weight"", ""branched.branched_layer_3.bias"", ""output.weight"", ""output.bias""]",0,0,280600,2603000,179620,141,0,0,0,280600,2603000,179620,141,0
20260414T220505Z_fe14746b,17,random_all_per_seed,all_rows,7,717185,717185,717185,False,False,0.1,0.1,d20de91f4b455148159ffd14b15eca3b322f00e6bd4570610b1fd92d56691f0d,09700ad8a87e01fddb78e1e19347ac15933ccd3442ae763be67b580da0d6acf2,165d865a5469b007379d19d8eddb5ccdcd8811d96d30294e5b7d188c27387d3a,HepG2,1,B2_with_RC,True,False,,,1,3063,1.0,conv3_plus,random,3063,983,2080,983,2080,0.32092719555990856,383,383,0.0005,0.0001,0.0001,3063,0.2697423994541168,0.352364718914032,0.14113280784252646,0.39443119987391706,0.316937677322699,0.15557597143397792,0.8585867881774902,383,0.2610631287097931,0.3385709524154663,0.012310531456785734,0.20689473866043992,0.14446115563173018,0.04280543288537173,0.7926816344261169,383,0.2958030700683594,0.3862793743610382,0.0838534359428339,0.2916963480630381,0.2208882500525976,0.08508675947331308,1.0318163633346558,0,0.7926816344261169,3063361,3747661,3063361,0,"[""conv3.conv.weight"", ""conv3.conv.bias"", ""conv3.bn_layer.weight"", ""conv3.bn_layer.bias"", ""linear1.linear.weight"", ""linear1.linear.bias"", ""linear1.bn_layer.weight"", ""linear1.bn_layer.bias"", ""branched.branched_layer_1.weight"", ""branched.branched_layer_1.bias"", ""branched.branched_layer_2.weight"", ""branched.branched_layer_2.bias"", ""branched.branched_layer_3.weight"", ""branched.branched_layer_3.bias"", ""output.weight"", ""output.bias""]","[""conv3.conv.weight"", ""conv3.conv.bias"", ""conv3.bn_layer.weight"", ""conv3.bn_layer.bias"", ""linear1.linear.weight"", ""linear1.linear.bias"", ""linear1.bn_layer.weight"", ""linear1.bn_layer.bias"", ""branched.branched_layer_1.weight"", ""branched.branched_layer_1.bias"", ""branched.branched_layer_2.weight"", ""branched.branched_layer_2.bias"", ""branched.branched_layer_3.weight"", ""branched.branched_layer_3.bias"", ""output.weight"", ""output.bias""]",0,0,280600,2603000,179620,141,0,0,0,280600,2603000,179620,141,0
20260414T220505Z_fe14746b,19,random_all_per_seed,all_rows,7,719203,719203,719203,False,False,0.1,0.1,e749d923ec422f4e9585fafb01f5ecd5ad938df3ddbd0bb71ac99303ee9e50fa,b0c6175bfc15047131416b9da64bb2cb3fc428a1cef9486a2cc5173235f866bb,3ca99a39f2f8ee987e87b32207e9c91500b2f4159a741abfc9982d5f0c4932bd,HepG2,1,B2_with_RC,True,False,,,1,3063,1.0,conv3_plus,random,3063,972,2091,972,2091,0.31733594515181196,383,383,0.0005,0.0001,0.0001,3063,0.25437021255493164,0.33273449540138245,0.2432422382684265,0.5006173107045182,0.39605380847733374,0.25061769177702414,0.7565106749534607,383,0.25683721899986267,0.33024051785469055,0.21861418278296807,0.4699930509833857,0.2952224512190442,0.22089346797267137,0.7452123761177063,383,0.2527279555797577,0.33372244238853455,0.11862581301575603,0.3528883542529716,0.2865297817102833,0.12453019056737079,0.7610097527503967,2,0.7452123761177063,3063361,3747661,3063361,0,"[""conv3.conv.weight"", ""conv3.conv.bias"", ""conv3.bn_layer.weight"", ""conv3.bn_layer.bias"", ""linear1.linear.weight"", ""linear1.linear.bias"", ""linear1.bn_layer.weight"", ""linear1.bn_layer.bias"", ""branched.branched_layer_1.weight"", ""branched.branched_layer_1.bias"", ""branched.branched_layer_2.weight"", ""branched.branched_layer_2.bias"", ""branched.branched_layer_3.weight"", ""branched.branched_layer_3.bias"", ""output.weight"", ""output.bias""]","[""conv3.conv.weight"", ""conv3.conv.bias"", ""conv3.bn_layer.weight"", ""conv3.bn_layer.bias"", ""linear1.linear.weight"", ""linear1.linear.bias"", ""linear1.bn_layer.weight"", ""linear1.bn_layer.bias"", ""branched.branched_layer_1.weight"", ""branched.branched_layer_1.bias"", ""branched.branched_layer_2.weight"", ""branched.branched_layer_2.bias"", ""branched.branched_layer_3.weight"", ""branched.branched_layer_3.bias"", ""output.weight"", ""output.bias""]",0,0,280600,2603000,179620,141,0,0,0,280600,2603000,179620,141,0
20260414T220505Z_fe14746b,23,random_all_per_seed,all_rows,7,723239,723239,723239,False,False,0.1,0.1,13ab0f6315aefa701430d3c6d72aabbac7d8c14bbd495bef999f60f53d37b30d,e458c253f91c63ca9a967c6fa4d0ab9cc52faa8ba7794e12b09a2f25a2869c9b,e651fb131205a5d9c63fd1d1ecf15ac7ac31e5181706fbf3e757de8449fba204,HepG2,1,B2_with_RC,True,False,,,1,3063,1.0,conv3_plus,random,3063,967,2096,967,2096,0.3157035586026771,383,383,0.0005,0.0001,0.0001,3063,0.2509745657444,0.32655420899391174,0.25936496383650964,0.5131302101917363,0.39064142009747993,0.2633026126114155,0.7403931617736816,383,0.263028621673584,0.3546302318572998,0.08874290542598329,0.31219482250482505,0.25817686568340265,0.09746560719881922,0.8731791377067566,383,0.2767634093761444,0.36066657304763794,0.11072958772527997,0.34386469897455835,0.22670571529150588,0.11824293120086363,0.9031579494476318,2,0.8731791377067566,3063361,3747661,3063361,0,"[""conv3.conv.weight"", ""conv3.conv.bias"", ""conv3.bn_layer.weight"", ""conv3.bn_layer.bias"", ""linear1.linear.weight"", ""linear1.linear.bias"", ""linear1.bn_layer.weight"", ""linear1.bn_layer.bias"", ""branched.branched_layer_1.weight"", ""branched.branched_layer_1.bias"", ""branched.branched_layer_2.weight"", ""branched.branched_layer_2.bias"", ""branched.branched_layer_3.weight"", ""branched.branched_layer_3.bias"", ""output.weight"", ""output.bias""]","[""conv3.conv.weight"", ""conv3.conv.bias"", ""conv3.bn_layer.weight"", ""conv3.bn_layer.bias"", ""linear1.linear.weight"", ""linear1.linear.bias"", ""linear1.bn_layer.weight"", ""linear1.bn_layer.bias"", ""branched.branched_layer_1.weight"", ""branched.branched_layer_1.bias"", ""branched.branched_layer_2.weight"", ""branched.branched_layer_2.bias"", ""branched.branched_layer_3.weight"", ""branched.branched_layer_3.bias"", ""output.weight"", ""output.bias""]",0,0,280600,2603000,179620,141,0,0,0,280600,2603000,179620,141,0
20260414T220505Z_fe14746b,31,random_all_per_seed,all_rows,7,731311,731311,731311,False,False,0.1,0.1,399d8048139dad18f085378ecdd6bc241c21c7bdfccf442a2b187df7b6daa383,0584dd818218833228e343b6fa1df680f9194b9f11e5f570a45a30905d139e17,27306d05049ecb6e9137a41b7d192b6574e2d4876a1af2e57e67cc9df35420c3,HepG2,1,B2_with_RC,True,False,,,1,3063,1.0,conv3_plus,random,3063,989,2074,989,2074,0.3228860594188704,383,383,0.0005,0.0001,0.0001,3063,0.25977733731269836,0.33884626626968384,0.20515306558810786,0.4581131836445938,0.3451422157578916,0.20986768902898534,0.7945874929428101,383,0.2757004201412201,0.3628956079483032,0.05156848770309774,0.2653744591439367,0.21450304561502806,0.07042360356593692,0.9113804697990417,383,0.26852601766586304,0.34932398796081543,0.13243865658422205,0.3701709222048128,0.27676480592443586,0.13702651164596155,0.8444873094558716,1,0.9113804697990417,3063361,3747661,3063361,0,"[""conv3.conv.weight"", ""conv3.conv.bias"", ""conv3.bn_layer.weight"", ""conv3.bn_layer.bias"", ""linear1.linear.weight"", ""linear1.linear.bias"", ""linear1.bn_layer.weight"", ""linear1.bn_layer.bias"", ""branched.branched_layer_1.weight"", ""branched.branched_layer_1.bias"", ""branched.branched_layer_2.weight"", ""branched.branched_layer_2.bias"", ""branched.branched_layer_3.weight"", ""branched.branched_layer_3.bias"", ""output.weight"", ""output.bias""]","[""conv3.conv.weight"", ""conv3.conv.bias"", ""conv3.bn_layer.weight"", ""conv3.bn_layer.bias"", ""linear1.linear.weight"", ""linear1.linear.bias"", ""linear1.bn_layer.weight"", ""linear1.bn_layer.bias"", ""branched.branched_layer_1.weight"", ""branched.branched_layer_1.bias"", ""branched.branched_layer_2.weight"", ""branched.branched_layer_2.bias"", ""branched.branched_layer_3.weight"", ""branched.branched_layer_3.bias"", ""output.weight"", ""output.bias""]",0,0,280600,2603000,179620,141,0,0,0,280600,2603000,179620,141,0
20260414T220505Z_fe14746b,17,random_all_per_seed,all_rows,7,717185,717185,717185,False,False,0.1,0.1,d20de91f4b455148159ffd14b15eca3b322f00e6bd4570610b1fd92d56691f0d,09700ad8a87e01fddb78e1e19347ac15933ccd3442ae763be67b580da0d6acf2,165d865a5469b007379d19d8eddb5ccdcd8811d96d30294e5b7d188c27387d3a,K562,0,B2_with_RC,True,False,,,1,3063,1.0,conv3_plus,random,3063,983,2080,983,2080,0.32092719555990856,383,383,0.0005,0.0001,0.0001,3063,0.2688136100769043,0.35155555605888367,0.14507281725697663,0.39694185088057965,0.3091441608779698,0.15756283298050033,0.8546479940414429,383,0.259278804063797,0.33939415216445923,0.007501762288518954,0.20179479378468004,0.13265341272405032,0.04072113879860154,0.7965409755706787,383,0.2977064251899719,0.3849739134311676,0.09003540925508469,0.3054194703417187,0.22952495587235772,0.09328105286381598,1.0248539447784424,0,0.7965409755706787,3063361,3747661,3063361,0,"[""conv3.conv.weight"", ""conv3.conv.bias"", ""conv3.bn_layer.weight"", ""conv3.bn_layer.bias"", ""linear1.linear.weight"", ""linear1.linear.bias"", ""linear1.bn_layer.weight"", ""linear1.bn_layer.bias"", ""branched.branched_layer_1.weight"", ""branched.branched_layer_1.bias"", ""branched.branched_layer_2.weight"", ""branched.branched_layer_2.bias"", ""branched.branched_layer_3.weight"", ""branched.branched_layer_3.bias"", ""output.weight"", ""output.bias""]","[""conv3.conv.weight"", ""conv3.conv.bias"", ""conv3.bn_layer.weight"", ""conv3.bn_layer.bias"", ""linear1.linear.weight"", ""linear1.linear.bias"", ""linear1.bn_layer.weight"", ""linear1.bn_layer.bias"", ""branched.branched_layer_1.weight"", ""branched.branched_layer_1.bias"", ""branched.branched_layer_2.weight"", ""branched.branched_layer_2.bias"", ""branched.branched_layer_3.weight"", ""branched.branched_layer_3.bias"", ""output.weight"", ""output.bias""]",0,0,280600,2603000,179620,141,0,0,0,280600,2603000,179620,141,0
20260414T220505Z_fe14746b,19,random_all_per_seed,all_rows,7,719203,719203,719203,False,False,0.1,0.1,e749d923ec422f4e9585fafb01f5ecd5ad938df3ddbd0bb71ac99303ee9e50fa,b0c6175bfc15047131416b9da64bb2cb3fc428a1cef9486a2cc5173235f866bb,3ca99a39f2f8ee987e87b32207e9c91500b2f4159a741abfc9982d5f0c4932bd,K562,0,B2_with_RC,True,False,,,1,3063,1.0,conv3_plus,random,3063,972,2091,972,2091,0.31733594515181196,383,383,0.0005,0.0001,0.0001,3063,0.25442785024642944,0.33239927887916565,0.24476630834663837,0.49982838758118414,0.3821875260042338,0.24982841703200642,0.7549871206283569,383,0.25709524750709534,0.3298295736312866,0.22055765149282935,0.4704577609274393,0.29365772602595075,0.22133050481685962,0.7433589696884155,383,0.25599148869514465,0.3374175429344177,0.09900000914342211,0.3332070518000947,0.28236863216193,0.11102693936931099,0.7779554724693298,2,0.7433589696884155,3063361,3747661,3063361,0,"[""conv3.conv.weight"", ""conv3.conv.bias"", ""conv3.bn_layer.weight"", ""conv3.bn_layer.bias"", ""linear1.linear.weight"", ""linear1.linear.bias"", ""linear1.bn_layer.weight"", ""linear1.bn_layer.bias"", ""branched.branched_layer_1.weight"", ""branched.branched_layer_1.bias"", ""branched.branched_layer_2.weight"", ""branched.branched_layer_2.bias"", ""branched.branched_layer_3.weight"", ""branched.branched_layer_3.bias"", ""output.weight"", ""output.bias""]","[""conv3.conv.weight"", ""conv3.conv.bias"", ""conv3.bn_layer.weight"", ""conv3.bn_layer.bias"", ""linear1.linear.weight"", ""linear1.linear.bias"", ""linear1.bn_layer.weight"", ""linear1.bn_layer.bias"", ""branched.branched_layer_1.weight"", ""branched.branched_layer_1.bias"", ""branched.branched_layer_2.weight"", ""branched.branched_layer_2.bias"", ""branched.branched_layer_3.weight"", ""branched.branched_layer_3.bias"", ""output.weight"", ""output.bias""]",0,0,280600,2603000,179620,141,0,0,0,280600,2603000,179620,141,0
20260414T220505Z_fe14746b,23,random_all_per_seed,all_rows,7,723239,723239,723239,False,False,0.1,0.1,13ab0f6315aefa701430d3c6d72aabbac7d8c14bbd495bef999f60f53d37b30d,e458c253f91c63ca9a967c6fa4d0ab9cc52faa8ba7794e12b09a2f25a2869c9b,e651fb131205a5d9c63fd1d1ecf15ac7ac31e5181706fbf3e757de8449fba204,K562,0,B2_with_RC,True,False,,,1,3063,1.0,conv3_plus,random,3063,967,2096,967,2096,0.3157035586026771,383,383,0.0005,0.0001,0.0001,3063,0.26029276847839355,0.3388051688671112,0.20275137450741898,0.45479942196722795,0.3460565107953067,0.20684251422172467,0.7969883680343628,383,0.26618847250938416,0.3552722632884979,0.08544045176642301,0.29847375007117316,0.2468734356317894,0.08908657948154915,0.8763437271118164,383,0.2765553593635559,0.3606836795806885,0.11064529230865605,0.3384985928810197,0.22463271392211337,0.11458129738243031,0.9032436013221741,1,0.8763437271118164,3063361,3747661,3063361,0,"[""conv3.conv.weight"", ""conv3.conv.bias"", ""conv3.bn_layer.weight"", ""conv3.bn_layer.bias"", ""linear1.linear.weight"", ""linear1.linear.bias"", ""linear1.bn_layer.weight"", ""linear1.bn_layer.bias"", ""branched.branched_layer_1.weight"", ""branched.branched_layer_1.bias"", ""branched.branched_layer_2.weight"", ""branched.branched_layer_2.bias"", ""branched.branched_layer_3.weight"", ""branched.branched_layer_3.bias"", ""output.weight"", ""output.bias""]","[""conv3.conv.weight"", ""conv3.conv.bias"", ""conv3.bn_layer.weight"", ""conv3.bn_layer.bias"", ""linear1.linear.weight"", ""linear1.linear.bias"", ""linear1.bn_layer.weight"", ""linear1.bn_layer.bias"", ""branched.branched_layer_1.weight"", ""branched.branched_layer_1.bias"", ""branched.branched_layer_2.weight"", ""branched.branched_layer_2.bias"", ""branched.branched_layer_3.weight"", ""branched.branched_layer_3.bias"", ""output.weight"", ""output.bias""]",0,0,280600,2603000,179620,141,0,0,0,280600,2603000,179620,141,0
20260414T220505Z_fe14746b,31,random_all_per_seed,all_rows,7,731311,731311,731311,False,False,0.1,0.1,399d8048139dad18f085378ecdd6bc241c21c7bdfccf442a2b187df7b6daa383,0584dd818218833228e343b6fa1df680f9194b9f11e5f570a45a30905d139e17,27306d05049ecb6e9137a41b7d192b6574e2d4876a1af2e57e67cc9df35420c3,K562,0,B2_with_RC,True,False,,,1,3063,1.0,conv3_plus,random,3063,989,2074,989,2074,0.3228860594188704,383,383,0.0005,0.0001,0.0001,3063,0.27119287848472595,0.35323938727378845,0.13619388675684696,0.38449765929331464,0.2903273772142123,0.14783845000203788,0.8635241985321045,383,0.2754038870334625,0.36315926909446716,0.0501899710438336,0.2325119300673561,0.2026972365740437,0.054061797623647094,0.91270512342453,383,0.2666443884372711,0.35334619879722595,0.1123449331297357,0.3579908923785899,0.28969615874225596,0.12815747902601912,0.864046573638916,0,0.91270512342453,3063361,3747661,3063361,0,"[""conv3.conv.weight"", ""conv3.conv.bias"", ""conv3.bn_layer.weight"", ""conv3.bn_layer.bias"", ""linear1.linear.weight"", ""linear1.linear.bias"", ""linear1.bn_layer.weight"", ""linear1.bn_layer.bias"", ""branched.branched_layer_1.weight"", ""branched.branched_layer_1.bias"", ""branched.branched_layer_2.weight"", ""branched.branched_layer_2.bias"", ""branched.branched_layer_3.weight"", ""branched.branched_layer_3.bias"", ""output.weight"", ""output.bias""]","[""conv3.conv.weight"", ""conv3.conv.bias"", ""conv3.bn_layer.weight"", ""conv3.bn_layer.bias"", ""linear1.linear.weight"", ""linear1.linear.bias"", ""linear1.bn_layer.weight"", ""linear1.bn_layer.bias"", ""branched.branched_layer_1.weight"", ""branched.branched_layer_1.bias"", ""branched.branched_layer_2.weight"", ""branched.branched_layer_2.bias"", ""branched.branched_layer_3.weight"", ""branched.branched_layer_3.bias"", ""output.weight"", ""output.bias""]",0,0,280600,2603000,179620,141,0,0,0,280600,2603000,179620,141,0
20260414T220505Z_fe14746b,17,random_all_per_seed,all_rows,7,717185,717185,717185,False,False,0.1,0.1,d20de91f4b455148159ffd14b15eca3b322f00e6bd4570610b1fd92d56691f0d,09700ad8a87e01fddb78e1e19347ac15933ccd3442ae763be67b580da0d6acf2,165d865a5469b007379d19d8eddb5ccdcd8811d96d30294e5b7d188c27387d3a,SKNSH,2,B2_with_RC,True,False,,,1,3063,1.0,conv3_plus,random,3063,983,2080,983,2080,0.32092719555990856,383,383,0.0005,0.0001,0.0001,3063,0.2703470289707184,0.3534846007823944,0.13566484557476044,0.38945090281787,0.31991909126943274,0.151672005705654,0.8640528917312622,383,0.2615034580230713,0.3401922881603241,0.00282841514522858,0.17482796968888636,0.12980987839954802,0.03056481898553817,0.8002917170524597,383,0.2970248758792877,0.38676056265830994,0.08156946499380935,0.29469243605245155,0.2350705899299216,0.08684363186652824,1.0343886613845825,0,0.8002917170524597,3063361,3747661,3063361,0,"[""conv3.conv.weight"", ""conv3.conv.bias"", ""conv3.bn_layer.weight"", ""conv3.bn_layer.bias"", ""linear1.linear.weight"", ""linear1.linear.bias"", ""linear1.bn_layer.weight"", ""linear1.bn_layer.bias"", ""branched.branched_layer_1.weight"", ""branched.branched_layer_1.bias"", ""branched.branched_layer_2.weight"", ""branched.branched_layer_2.bias"", ""branched.branched_layer_3.weight"", ""branched.branched_layer_3.bias"", ""output.weight"", ""output.bias""]","[""conv3.conv.weight"", ""conv3.conv.bias"", ""conv3.bn_layer.weight"", ""conv3.bn_layer.bias"", ""linear1.linear.weight"", ""linear1.linear.bias"", ""linear1.bn_layer.weight"", ""linear1.bn_layer.bias"", ""branched.branched_layer_1.weight"", ""branched.branched_layer_1.bias"", ""branched.branched_layer_2.weight"", ""branched.branched_layer_2.bias"", ""branched.branched_layer_3.weight"", ""branched.branched_layer_3.bias"", ""output.weight"", ""output.bias""]",0,0,280600,2603000,179620,141,0,0,0,280600,2603000,179620,141,0
20260414T220505Z_fe14746b,19,random_all_per_seed,all_rows,7,719203,719203,719203,False,False,0.1,0.1,e749d923ec422f4e9585fafb01f5ecd5ad938df3ddbd0bb71ac99303ee9e50fa,b0c6175bfc15047131416b9da64bb2cb3fc428a1cef9486a2cc5173235f866bb,3ca99a39f2f8ee987e87b32207e9c91500b2f4159a741abfc9982d5f0c4932bd,SKNSH,2,B2_with_RC,True,False,,,1,3063,1.0,conv3_plus,random,3063,972,2091,972,2091,0.31733594515181196,383,383,0.0005,0.0001,0.0001,3063,0.25223010778427124,0.328836590051651,0.2608688486586631,0.5130389613548709,0.4013622718992727,0.2632089758680847,0.7388898730278015,383,0.2577962875366211,0.3312285542488098,0.21393163206199572,0.46355681941309324,0.30467445511223645,0.21488492482438312,0.7496781945228577,383,0.2553487718105316,0.33785879611968994,0.09664195210171012,0.34074363429034893,0.28466312774472413,0.11610622430939506,0.7799914479255676,2,0.7496781945228577,3063361,3747661,3063361,0,"[""conv3.conv.weight"", ""conv3.conv.bias"", ""conv3.bn_layer.weight"", ""conv3.bn_layer.bias"", ""linear1.linear.weight"", ""linear1.linear.bias"", ""linear1.bn_layer.weight"", ""linear1.bn_layer.bias"", ""branched.branched_layer_1.weight"", ""branched.branched_layer_1.bias"", ""branched.branched_layer_2.weight"", ""branched.branched_layer_2.bias"", ""branched.branched_layer_3.weight"", ""branched.branched_layer_3.bias"", ""output.weight"", ""output.bias""]","[""conv3.conv.weight"", ""conv3.conv.bias"", ""conv3.bn_layer.weight"", ""conv3.bn_layer.bias"", ""linear1.linear.weight"", ""linear1.linear.bias"", ""linear1.bn_layer.weight"", ""linear1.bn_layer.bias"", ""branched.branched_layer_1.weight"", ""branched.branched_layer_1.bias"", ""branched.branched_layer_2.weight"", ""branched.branched_layer_2.bias"", ""branched.branched_layer_3.weight"", ""branched.branched_layer_3.bias"", ""output.weight"", ""output.bias""]",0,0,280600,2603000,179620,141,0,0,0,280600,2603000,179620,141,0
20260414T220505Z_fe14746b,23,random_all_per_seed,all_rows,7,723239,723239,723239,False,False,0.1,0.1,13ab0f6315aefa701430d3c6d72aabbac7d8c14bbd495bef999f60f53d37b30d,e458c253f91c63ca9a967c6fa4d0ab9cc52faa8ba7794e12b09a2f25a2869c9b,e651fb131205a5d9c63fd1d1ecf15ac7ac31e5181706fbf3e757de8449fba204,SKNSH,2,B2_with_RC,True,False,,,1,3063,1.0,conv3_plus,random,3063,967,2096,967,2096,0.3157035586026771,383,383,0.0005,0.0001,0.0001,3063,0.24885721504688263,0.32419946789741516,0.27000762636842657,0.5246642312569566,0.40750506464197545,0.2752725555604532,0.7297539710998535,383,0.26647141575813293,0.3575572669506073,0.07363822139776355,0.29309434068818846,0.24340192262296753,0.08590429254344388,0.8876527547836304,383,0.2772734761238098,0.3601911664009094,0.11307249644144657,0.3433523451298278,0.23272090271204396,0.11789083290615239,0.9007785320281982,2,0.8876527547836304,3063361,3747661,3063361,0,"[""conv3.conv.weight"", ""conv3.conv.bias"", ""conv3.bn_layer.weight"", ""conv3.bn_layer.bias"", ""linear1.linear.weight"", ""linear1.linear.bias"", ""linear1.bn_layer.weight"", ""linear1.bn_layer.bias"", ""branched.branched_layer_1.weight"", ""branched.branched_layer_1.bias"", ""branched.branched_layer_2.weight"", ""branched.branched_layer_2.bias"", ""branched.branched_layer_3.weight"", ""branched.branched_layer_3.bias"", ""output.weight"", ""output.bias""]","[""conv3.conv.weight"", ""conv3.conv.bias"", ""conv3.bn_layer.weight"", ""conv3.bn_layer.bias"", ""linear1.linear.weight"", ""linear1.linear.bias"", ""linear1.bn_layer.weight"", ""linear1.bn_layer.bias"", ""branched.branched_layer_1.weight"", ""branched.branched_layer_1.bias"", ""branched.branched_layer_2.weight"", ""branched.branched_layer_2.bias"", ""branched.branched_layer_3.weight"", ""branched.branched_layer_3.bias"", ""output.weight"", ""output.bias""]",0,0,280600,2603000,179620,141,0,0,0,280600,2603000,179620,141,0
20260414T220505Z_fe14746b,31,random_all_per_seed,all_rows,7,731311,731311,731311,False,False,0.1,0.1,399d8048139dad18f085378ecdd6bc241c21c7bdfccf442a2b187df7b6daa383,0584dd818218833228e343b6fa1df680f9194b9f11e5f570a45a30905d139e17,27306d05049ecb6e9137a41b7d192b6574e2d4876a1af2e57e67cc9df35420c3,SKNSH,2,B2_with_RC,True,False,,,1,3063,1.0,conv3_plus,random,3063,989,2074,989,2074,0.3228860594188704,383,383,0.0005,0.0001,0.0001,3063,0.27118921279907227,0.354337602853775,0.13081438176455817,0.3821808118768399,0.30613594579780257,0.1460621729668405,0.8689019680023193,383,0.2762664258480072,0.36059021949768066,0.06358061991215591,0.25605960298432884,0.2151223916071998,0.0655665202804921,0.8998375535011292,383,0.27238473296165466,0.3585031032562256,0.08624624096408062,0.30831012816564396,0.22051448916764677,0.0950551351295158,0.8894511461257935,0,0.8998375535011292,3063361,3747661,3063361,0,"[""conv3.conv.weight"", ""conv3.conv.bias"", ""conv3.bn_layer.weight"", ""conv3.bn_layer.bias"", ""linear1.linear.weight"", ""linear1.linear.bias"", ""linear1.bn_layer.weight"", ""linear1.bn_layer.bias"", ""branched.branched_layer_1.weight"", ""branched.branched_layer_1.bias"", ""branched.branched_layer_2.weight"", ""branched.branched_layer_2.bias"", ""branched.branched_layer_3.weight"", ""branched.branched_layer_3.bias"", ""output.weight"", ""output.bias""]","[""conv3.conv.weight"", ""conv3.conv.bias"", ""conv3.bn_layer.weight"", ""conv3.bn_layer.bias"", ""linear1.linear.weight"", ""linear1.linear.bias"", ""linear1.bn_layer.weight"", ""linear1.bn_layer.bias"", ""branched.branched_layer_1.weight"", ""branched.branched_layer_1.bias"", ""branched.branched_layer_2.weight"", ""branched.branched_layer_2.bias"", ""branched.branched_layer_3.weight"", ""branched.branched_layer_3.bias"", ""output.weight"", ""output.bias""]",0,0,280600,2603000,179620,141,0,0,0,280600,2603000,179620,141,0
20260414T220505Z_fe14746b,17,random_all_per_seed,all_rows,7,717185,717185,717185,False,False,0.1,0.1,fd2ed1f7a2f865a02b437eb807b01700163c4e7b5b3d25f1fd6719b606e9feb3,09700ad8a87e01fddb78e1e19347ac15933ccd3442ae763be67b580da0d6acf2,165d865a5469b007379d19d8eddb5ccdcd8811d96d30294e5b7d188c27387d3a,HepG2,1,B2_with_RC,True,False,,,1,2297,0.7499183806725432,full,random,3063,983,2080,728,1569,0.3169351327818894,383,383,0.0005,0.0001,0.0001,2297,0.2629927098751068,0.3461433947086334,0.20019152976551347,0.5008263065086321,0.4128192124781118,0.25082698929107833,0.799460232257843,383,0.2592804431915283,0.33738118410110474,0.01924005416194452,0.20351662685975008,0.14888233085920144,0.04141901740837075,0.7594977617263794,383,0.29560387134552,0.38475874066352844,0.09105233527284551,0.3084253288895685,0.23575930779053464,0.09512618350063848,0.9877833127975464,0,0.7594977617263794,3747661,3747661,3747661,0,"[""conv1.conv.weight"", ""conv1.conv.bias"", ""conv1.bn_layer.weight"", ""conv1.bn_layer.bias"", ""conv2.conv.weight"", ""conv2.conv.bias"", ""conv2.bn_layer.weight"", ""conv2.bn_layer.bias"", ""conv3.conv.weight"", ""conv3.conv.bias"", ""conv3.bn_layer.weight"", ""conv3.bn_layer.bias"", ""linear1.linear.weight"", ""linear1.linear.bias"", ""linear1.bn_layer.weight"", ""linear1.bn_layer.bias"", ""branched.branched_layer_1.weight"", ""branched.branched_layer_1.bias"", ""branched.branched_layer_2.weight"", ""branched.branched_layer_2.bias"", ""branched.branched_layer_3.weight"", ""branched.branched_layer_3.bias"", ""output.weight"", ""output.bias""]","[""conv1.conv.weight"", ""conv1.conv.bias"", ""conv1.bn_layer.weight"", ""conv1.bn_layer.bias"", ""conv2.conv.weight"", ""conv2.conv.bias"", ""conv2.bn_layer.weight"", ""conv2.bn_layer.bias"", ""conv3.conv.weight"", ""conv3.conv.bias"", ""conv3.bn_layer.weight"", ""conv3.bn_layer.bias"", ""linear1.linear.weight"", ""linear1.linear.bias"", ""linear1.bn_layer.weight"", ""linear1.bn_layer.bias"", ""branched.branched_layer_1.weight"", ""branched.branched_layer_1.bias"", ""branched.branched_layer_2.weight"", ""branched.branched_layer_2.bias"", ""branched.branched_layer_3.weight"", ""branched.branched_layer_3.bias"", ""output.weight"", ""output.bias""]",23700,660600,280600,2603000,179620,141,0,23700,660600,280600,2603000,179620,141,0
20260414T220505Z_fe14746b,19,random_all_per_seed,all_rows,7,719203,719203,719203,False,False,0.1,0.1,d10f09aa265bab71343f680e34f2eb30e8cd4527aa6a1ca50685490c50e26cf1,b0c6175bfc15047131416b9da64bb2cb3fc428a1cef9486a2cc5173235f866bb,3ca99a39f2f8ee987e87b32207e9c91500b2f4159a741abfc9982d5f0c4932bd,HepG2,1,B2_with_RC,True,False,,,1,2297,0.7499183806725432,full,random,3063,972,2091,733,1564,0.31911188506747934,383,383,0.0005,0.0001,0.0001,2297,0.2086883932352066,0.2844841480255127,0.458987978892188,0.6969126675513071,0.6094120569277305,0.4856872661934787,0.5407764911651611,383,0.2632707953453064,0.3399883508682251,0.17180444654280014,0.4244168812201914,0.2572311670344843,0.18012968906467405,0.7723776698112488,383,0.26315200328826904,0.3400322198867798,0.08498196065869212,0.34185565075605184,0.24594410218619622,0.11686528595384368,0.7725769281387329,2,0.7723776698112488,3747661,3747661,3747661,0,"[""conv1.conv.weight"", ""conv1.conv.bias"", ""conv1.bn_layer.weight"", ""conv1.bn_layer.bias"", ""conv2.conv.weight"", ""conv2.conv.bias"", ""conv2.bn_layer.weight"", ""conv2.bn_layer.bias"", ""conv3.conv.weight"", ""conv3.conv.bias"", ""conv3.bn_layer.weight"", ""conv3.bn_layer.bias"", ""linear1.linear.weight"", ""linear1.linear.bias"", ""linear1.bn_layer.weight"", ""linear1.bn_layer.bias"", ""branched.branched_layer_1.weight"", ""branched.branched_layer_1.bias"", ""branched.branched_layer_2.weight"", ""branched.branched_layer_2.bias"", ""branched.branched_layer_3.weight"", ""branched.branched_layer_3.bias"", ""output.weight"", ""output.bias""]","[""conv1.conv.weight"", ""conv1.conv.bias"", ""conv1.bn_layer.weight"", ""conv1.bn_layer.bias"", ""conv2.conv.weight"", ""conv2.conv.bias"", ""conv2.bn_layer.weight"", ""conv2.bn_layer.bias"", ""conv3.conv.weight"", ""conv3.conv.bias"", ""conv3.bn_layer.weight"", ""conv3.bn_layer.bias"", ""linear1.linear.weight"", ""linear1.linear.bias"", ""linear1.bn_layer.weight"", ""linear1.bn_layer.bias"", ""branched.branched_layer_1.weight"", ""branched.branched_layer_1.bias"", ""branched.branched_layer_2.weight"", ""branched.branched_layer_2.bias"", ""branched.branched_layer_3.weight"", ""branched.branched_layer_3.bias"", ""output.weight"", ""output.bias""]",23700,660600,280600,2603000,179620,141,0,23700,660600,280600,2603000,179620,141,0
20260414T220505Z_fe14746b,23,random_all_per_seed,all_rows,7,723239,723239,723239,False,False,0.1,0.1,31a2235bdd32c79f9bbcf57fc47adfc274d10761b654866ae9cb9911c3fafcdd,e458c253f91c63ca9a967c6fa4d0ab9cc52faa8ba7794e12b09a2f25a2869c9b,e651fb131205a5d9c63fd1d1ecf15ac7ac31e5181706fbf3e757de8449fba204,HepG2,1,B2_with_RC,True,False,,,1,2297,0.7499183806725432,full,random,3063,967,2096,716,1581,0.31171092729647365,383,383,0.0005,0.0001,0.0001,2297,0.2588652968406677,0.3377041220664978,0.1958186481994667,0.5019978579232153,0.3963671781168443,0.25200184935949665,0.8038313388824463,383,0.26642894744873047,0.3562314510345459,0.08049543155765826,0.30148982872219177,0.24464933908022152,0.09089611682293652,0.8944512605667114,383,0.2803983688354492,0.3664203882217407,0.08212981426070098,0.3077572639599695,0.22374210297830271,0.09471453352012633,0.9463493227958679,0,0.8944512605667114,3747661,3747661,3747661,0,"[""conv1.conv.weight"", ""conv1.conv.bias"", ""conv1.bn_layer.weight"", ""conv1.bn_layer.bias"", ""conv2.conv.weight"", ""conv2.conv.bias"", ""conv2.bn_layer.weight"", ""conv2.bn_layer.bias"", ""conv3.conv.weight"", ""conv3.conv.bias"", ""conv3.bn_layer.weight"", ""conv3.bn_layer.bias"", ""linear1.linear.weight"", ""linear1.linear.bias"", ""linear1.bn_layer.weight"", ""linear1.bn_layer.bias"", ""branched.branched_layer_1.weight"", ""branched.branched_layer_1.bias"", ""branched.branched_layer_2.weight"", ""branched.branched_layer_2.bias"", ""branched.branched_layer_3.weight"", ""branched.branched_layer_3.bias"", ""output.weight"", ""output.bias""]","[""conv1.conv.weight"", ""conv1.conv.bias"", ""conv1.bn_layer.weight"", ""conv1.bn_layer.bias"", ""conv2.conv.weight"", ""conv2.conv.bias"", ""conv2.bn_layer.weight"", ""conv2.bn_layer.bias"", ""conv3.conv.weight"", ""conv3.conv.bias"", ""conv3.bn_layer.weight"", ""conv3.bn_layer.bias"", ""linear1.linear.weight"", ""linear1.linear.bias"", ""linear1.bn_layer.weight"", ""linear1.bn_layer.bias"", ""branched.branched_layer_1.weight"", ""branched.branched_layer_1.bias"", ""branched.branched_layer_2.weight"", ""branched.branched_layer_2.bias"", ""branched.branched_layer_3.weight"", ""branched.branched_layer_3.bias"", ""output.weight"", ""output.bias""]",23700,660600,280600,2603000,179620,141,0,23700,660600,280600,2603000,179620,141,0
20260414T220505Z_fe14746b,31,random_all_per_seed,all_rows,7,731311,731311,731311,False,False,0.1,0.1,7ed9f1e71cff080acfd2b40dc86b6782e03711f552c9029ae842ca8d03bd429d,0584dd818218833228e343b6fa1df680f9194b9f11e5f570a45a30905d139e17,27306d05049ecb6e9137a41b7d192b6574e2d4876a1af2e57e67cc9df35420c3,HepG2,1,B2_with_RC,True,False,,,1,2297,0.7499183806725432,full,random,3063,989,2074,734,1563,0.3195472355245973,383,383,0.0005,0.0001,0.0001,2297,0.2573237419128418,0.33825141191482544,0.21754384147724304,0.512998879185812,0.41286249120190516,0.2631678500458993,0.7821155786514282,383,0.27804338932037354,0.3621155619621277,0.05564148868896168,0.2483994815471821,0.19126363322071555,0.06170230243290887,0.8963674306869507,383,0.2666900157928467,0.35163888335227966,0.12090237822309802,0.35931569129351276,0.28544946744645994,0.12910776600973498,0.8452505469322205,0,0.8963674306869507,3747661,3747661,3747661,0,"[""conv1.conv.weight"", ""conv1.conv.bias"", ""conv1.bn_layer.weight"", ""conv1.bn_layer.bias"", ""conv2.conv.weight"", ""conv2.conv.bias"", ""conv2.bn_layer.weight"", ""conv2.bn_layer.bias"", ""conv3.conv.weight"", ""conv3.conv.bias"", ""conv3.bn_layer.weight"", ""conv3.bn_layer.bias"", ""linear1.linear.weight"", ""linear1.linear.bias"", ""linear1.bn_layer.weight"", ""linear1.bn_layer.bias"", ""branched.branched_layer_1.weight"", ""branched.branched_layer_1.bias"", ""branched.branched_layer_2.weight"", ""branched.branched_layer_2.bias"", ""branched.branched_layer_3.weight"", ""branched.branched_layer_3.bias"", ""output.weight"", ""output.bias""]","[""conv1.conv.weight"", ""conv1.conv.bias"", ""conv1.bn_layer.weight"", ""conv1.bn_layer.bias"", ""conv2.conv.weight"", ""conv2.conv.bias"", ""conv2.bn_layer.weight"", ""conv2.bn_layer.bias"", ""conv3.conv.weight"", ""conv3.conv.bias"", ""conv3.bn_layer.weight"", ""conv3.bn_layer.bias"", ""linear1.linear.weight"", ""linear1.linear.bias"", ""linear1.bn_layer.weight"", ""linear1.bn_layer.bias"", ""branched.branched_layer_1.weight"", ""branched.branched_layer_1.bias"", ""branched.branched_layer_2.weight"", ""branched.branched_layer_2.bias"", ""branched.branched_layer_3.weight"", ""branched.branched_layer_3.bias"", ""output.weight"", ""output.bias""]",23700,660600,280600,2603000,179620,141,0,23700,660600,280600,2603000,179620,141,0
20260414T220505Z_fe14746b,17,random_all_per_seed,all_rows,7,717185,717185,717185,False,False,0.1,0.1,fd2ed1f7a2f865a02b437eb807b01700163c4e7b5b3d25f1fd6719b606e9feb3,09700ad8a87e01fddb78e1e19347ac15933ccd3442ae763be67b580da0d6acf2,165d865a5469b007379d19d8eddb5ccdcd8811d96d30294e5b7d188c27387d3a,K562,0,B2_with_RC,True,False,,,1,2297,0.7499183806725432,full,random,3063,983,2080,728,1569,0.3169351327818894,383,383,0.0005,0.0001,0.0001,2297,0.26396819949150085,0.34780457615852356,0.1924964604774303,0.4925474426477539,0.40076413915364134,0.24260298325884241,0.8071520328521729,383,0.2577926516532898,0.3371424674987793,0.02062740045837519,0.20691583953708761,0.13822493179106807,0.04281416465133779,0.7584233283996582,383,0.29885202646255493,0.3860463500022888,0.08495854569489092,0.29982926993785414,0.23151657809489887,0.0898975911114666,0.9944057464599609,0,0.7584233283996582,3747661,3747661,3747661,0,"[""conv1.conv.weight"", ""conv1.conv.bias"", ""conv1.bn_layer.weight"", ""conv1.bn_layer.bias"", ""conv2.conv.weight"", ""conv2.conv.bias"", ""conv2.bn_layer.weight"", ""conv2.bn_layer.bias"", ""conv3.conv.weight"", ""conv3.conv.bias"", ""conv3.bn_layer.weight"", ""conv3.bn_layer.bias"", ""linear1.linear.weight"", ""linear1.linear.bias"", ""linear1.bn_layer.weight"", ""linear1.bn_layer.bias"", ""branched.branched_layer_1.weight"", ""branched.branched_layer_1.bias"", ""branched.branched_layer_2.weight"", ""branched.branched_layer_2.bias"", ""branched.branched_layer_3.weight"", ""branched.branched_layer_3.bias"", ""output.weight"", ""output.bias""]","[""conv1.conv.weight"", ""conv1.conv.bias"", ""conv1.bn_layer.weight"", ""conv1.bn_layer.bias"", ""conv2.conv.weight"", ""conv2.conv.bias"", ""conv2.bn_layer.weight"", ""conv2.bn_layer.bias"", ""conv3.conv.weight"", ""conv3.conv.bias"", ""conv3.bn_layer.weight"", ""conv3.bn_layer.bias"", ""linear1.linear.weight"", ""linear1.linear.bias"", ""linear1.bn_layer.weight"", ""linear1.bn_layer.bias"", ""branched.branched_layer_1.weight"", ""branched.branched_layer_1.bias"", ""branched.branched_layer_2.weight"", ""branched.branched_layer_2.bias"", ""branched.branched_layer_3.weight"", ""branched.branched_layer_3.bias"", ""output.weight"", ""output.bias""]",23700,660600,280600,2603000,179620,141,0,23700,660600,280600,2603000,179620,141,0
20260414T220505Z_fe14746b,19,random_all_per_seed,all_rows,7,719203,719203,719203,False,False,0.1,0.1,d10f09aa265bab71343f680e34f2eb30e8cd4527aa6a1ca50685490c50e26cf1,b0c6175bfc15047131416b9da64bb2cb3fc428a1cef9486a2cc5173235f866bb,3ca99a39f2f8ee987e87b32207e9c91500b2f4159a741abfc9982d5f0c4932bd,K562,0,B2_with_RC,True,False,,,1,2297,0.7499183806725432,full,random,3063,972,2091,733,1564,0.31911188506747934,383,383,0.0005,0.0001,0.0001,2297,0.2420433759689331,0.31992167234420776,0.31580790953226456,0.5667537741412672,0.4737122394310308,0.3212098405033705,0.683894157409668,383,0.26305606961250305,0.3388494551181793,0.17734369631135571,0.43304624688718263,0.2869641496999702,0.18752905194307473,0.7672117352485657,383,0.2587190568447113,0.33928382396698,0.0890054605147621,0.3381889291893002,0.28392652673771746,0.11437175182620551,0.7691799402236938,1,0.7672117352485657,3747661,3747661,3747661,0,"[""conv1.conv.weight"", ""conv1.conv.bias"", ""conv1.bn_layer.weight"", ""conv1.bn_layer.bias"", ""conv2.conv.weight"", ""conv2.conv.bias"", ""conv2.bn_layer.weight"", ""conv2.bn_layer.bias"", ""conv3.conv.weight"", ""conv3.conv.bias"", ""conv3.bn_layer.weight"", ""conv3.bn_layer.bias"", ""linear1.linear.weight"", ""linear1.linear.bias"", ""linear1.bn_layer.weight"", ""linear1.bn_layer.bias"", ""branched.branched_layer_1.weight"", ""branched.branched_layer_1.bias"", ""branched.branched_layer_2.weight"", ""branched.branched_layer_2.bias"", ""branched.branched_layer_3.weight"", ""branched.branched_layer_3.bias"", ""output.weight"", ""output.bias""]","[""conv1.conv.weight"", ""conv1.conv.bias"", ""conv1.bn_layer.weight"", ""conv1.bn_layer.bias"", ""conv2.conv.weight"", ""conv2.conv.bias"", ""conv2.bn_layer.weight"", ""conv2.bn_layer.bias"", ""conv3.conv.weight"", ""conv3.conv.bias"", ""conv3.bn_layer.weight"", ""conv3.bn_layer.bias"", ""linear1.linear.weight"", ""linear1.linear.bias"", ""linear1.bn_layer.weight"", ""linear1.bn_layer.bias"", ""branched.branched_layer_1.weight"", ""branched.branched_layer_1.bias"", ""branched.branched_layer_2.weight"", ""branched.branched_layer_2.bias"", ""branched.branched_layer_3.weight"", ""branched.branched_layer_3.bias"", ""output.weight"", ""output.bias""]",23700,660600,280600,2603000,179620,141,0,23700,660600,280600,2603000,179620,141,0
20260414T220505Z_fe14746b,23,random_all_per_seed,all_rows,7,723239,723239,723239,False,False,0.1,0.1,31a2235bdd32c79f9bbcf57fc47adfc274d10761b654866ae9cb9911c3fafcdd,e458c253f91c63ca9a967c6fa4d0ab9cc52faa8ba7794e12b09a2f25a2869c9b,e651fb131205a5d9c63fd1d1ecf15ac7ac31e5181706fbf3e757de8449fba204,K562,0,B2_with_RC,True,False,,,1,2297,0.7499183806725432,full,random,3063,967,2096,716,1581,0.31171092729647365,383,383,0.0005,0.0001,0.0001,2297,0.23409798741340637,0.3064204752445221,0.3379102234763529,0.5867636385229649,0.4680773318752275,0.34429156749270856,0.6618016362190247,383,0.26552826166152954,0.3539618253707886,0.09217483028015139,0.32230691420452834,0.2572327593921249,0.10388174694404519,0.883090078830719,383,0.2784426510334015,0.3624277710914612,0.10202360067395477,0.34444884649456753,0.2436372556879651,0.11864500785143814,0.92583829164505,1,0.883090078830719,3747661,3747661,3747661,0,"[""conv1.conv.weight"", ""conv1.conv.bias"", ""conv1.bn_layer.weight"", ""conv1.bn_layer.bias"", ""conv2.conv.weight"", ""conv2.conv.bias"", ""conv2.bn_layer.weight"", ""conv2.bn_layer.bias"", ""conv3.conv.weight"", ""conv3.conv.bias"", ""conv3.bn_layer.weight"", ""conv3.bn_layer.bias"", ""linear1.linear.weight"", ""linear1.linear.bias"", ""linear1.bn_layer.weight"", ""linear1.bn_layer.bias"", ""branched.branched_layer_1.weight"", ""branched.branched_layer_1.bias"", ""branched.branched_layer_2.weight"", ""branched.branched_layer_2.bias"", ""branched.branched_layer_3.weight"", ""branched.branched_layer_3.bias"", ""output.weight"", ""output.bias""]","[""conv1.conv.weight"", ""conv1.conv.bias"", ""conv1.bn_layer.weight"", ""conv1.bn_layer.bias"", ""conv2.conv.weight"", ""conv2.conv.bias"", ""conv2.bn_layer.weight"", ""conv2.bn_layer.bias"", ""conv3.conv.weight"", ""conv3.conv.bias"", ""conv3.bn_layer.weight"", ""conv3.bn_layer.bias"", ""linear1.linear.weight"", ""linear1.linear.bias"", ""linear1.bn_layer.weight"", ""linear1.bn_layer.bias"", ""branched.branched_layer_1.weight"", ""branched.branched_layer_1.bias"", ""branched.branched_layer_2.weight"", ""branched.branched_layer_2.bias"", ""branched.branched_layer_3.weight"", ""branched.branched_layer_3.bias"", ""output.weight"", ""output.bias""]",23700,660600,280600,2603000,179620,141,0,23700,660600,280600,2603000,179620,141,0
20260414T220505Z_fe14746b,31,random_all_per_seed,all_rows,7,731311,731311,731311,False,False,0.1,0.1,7ed9f1e71cff080acfd2b40dc86b6782e03711f552c9029ae842ca8d03bd429d,0584dd818218833228e343b6fa1df680f9194b9f11e5f570a45a30905d139e17,27306d05049ecb6e9137a41b7d192b6574e2d4876a1af2e57e67cc9df35420c3,K562,0,B2_with_RC,True,False,,,1,2297,0.7499183806725432,full,random,3063,989,2074,734,1563,0.3195472355245973,383,383,0.0005,0.0001,0.0001,2297,0.26266416907310486,0.34497347474098206,0.18613538268525143,0.4853679263714475,0.3825444064919837,0.23558202395011887,0.8135102391242981,383,0.27579906582832336,0.3625219166278839,0.05352092005550224,0.23794499811817954,0.19905570856075064,0.05661782212946047,0.8983802795410156,383,0.26562681794166565,0.35195866227149963,0.11930267245962534,0.37781878027741017,0.3047591342136181,0.14274703073030995,0.8467885851860046,0,0.8983802795410156,3747661,3747661,3747661,0,"[""conv1.conv.weight"", ""conv1.conv.bias"", ""conv1.bn_layer.weight"", ""conv1.bn_layer.bias"", ""conv2.conv.weight"", ""conv2.conv.bias"", ""conv2.bn_layer.weight"", ""conv2.bn_layer.bias"", ""conv3.conv.weight"", ""conv3.conv.bias"", ""conv3.bn_layer.weight"", ""conv3.bn_layer.bias"", ""linear1.linear.weight"", ""linear1.linear.bias"", ""linear1.bn_layer.weight"", ""linear1.bn_layer.bias"", ""branched.branched_layer_1.weight"", ""branched.branched_layer_1.bias"", ""branched.branched_layer_2.weight"", ""branched.branched_layer_2.bias"", ""branched.branched_layer_3.weight"", ""branched.branched_layer_3.bias"", ""output.weight"", ""output.bias""]","[""conv1.conv.weight"", ""conv1.conv.bias"", ""conv1.bn_layer.weight"", ""conv1.bn_layer.bias"", ""conv2.conv.weight"", ""conv2.conv.bias"", ""conv2.bn_layer.weight"", ""conv2.bn_layer.bias"", ""conv3.conv.weight"", ""conv3.conv.bias"", ""conv3.bn_layer.weight"", ""conv3.bn_layer.bias"", ""linear1.linear.weight"", ""linear1.linear.bias"", ""linear1.bn_layer.weight"", ""linear1.bn_layer.bias"", ""branched.branched_layer_1.weight"", ""branched.branched_layer_1.bias"", ""branched.branched_layer_2.weight"", ""branched.branched_layer_2.bias"", ""branched.branched_layer_3.weight"", ""branched.branched_layer_3.bias"", ""output.weight"", ""output.bias""]",23700,660600,280600,2603000,179620,141,0,23700,660600,280600,2603000,179620,141,0
20260414T220505Z_fe14746b,17,random_all_per_seed,all_rows,7,717185,717185,717185,False,False,0.1,0.1,fd2ed1f7a2f865a02b437eb807b01700163c4e7b5b3d25f1fd6719b606e9feb3,09700ad8a87e01fddb78e1e19347ac15933ccd3442ae763be67b580da0d6acf2,165d865a5469b007379d19d8eddb5ccdcd8811d96d30294e5b7d188c27387d3a,SKNSH,2,B2_with_RC,True,False,,,1,2297,0.7499183806725432,full,random,3063,983,2080,728,1569,0.3169351327818894,383,383,0.0005,0.0001,0.0001,2297,0.26413267850875854,0.3478512465953827,0.19227961926763193,0.49681769251343066,0.4236809593039978,0.24682781959436975,0.8073687553405762,383,0.2602393627166748,0.3376101553440094,0.01790840424967699,0.18770072186389677,0.14329266327325582,0.03523156098822794,0.7605288028717041,383,0.29452794790267944,0.3845474421977997,0.09205036477611417,0.3233953742275111,0.2610168948616237,0.10458456807175194,0.9866988062858582,0,0.7605288028717041,3747661,3747661,3747661,0,"[""conv1.conv.weight"", ""conv1.conv.bias"", ""conv1.bn_layer.weight"", ""conv1.bn_layer.bias"", ""conv2.conv.weight"", ""conv2.conv.bias"", ""conv2.bn_layer.weight"", ""conv2.bn_layer.bias"", ""conv3.conv.weight"", ""conv3.conv.bias"", ""conv3.bn_layer.weight"", ""conv3.bn_layer.bias"", ""linear1.linear.weight"", ""linear1.linear.bias"", ""linear1.bn_layer.weight"", ""linear1.bn_layer.bias"", ""branched.branched_layer_1.weight"", ""branched.branched_layer_1.bias"", ""branched.branched_layer_2.weight"", ""branched.branched_layer_2.bias"", ""branched.branched_layer_3.weight"", ""branched.branched_layer_3.bias"", ""output.weight"", ""output.bias""]","[""conv1.conv.weight"", ""conv1.conv.bias"", ""conv1.bn_layer.weight"", ""conv1.bn_layer.bias"", ""conv2.conv.weight"", ""conv2.conv.bias"", ""conv2.bn_layer.weight"", ""conv2.bn_layer.bias"", ""conv3.conv.weight"", ""conv3.conv.bias"", ""conv3.bn_layer.weight"", ""conv3.bn_layer.bias"", ""linear1.linear.weight"", ""linear1.linear.bias"", ""linear1.bn_layer.weight"", ""linear1.bn_layer.bias"", ""branched.branched_layer_1.weight"", ""branched.branched_layer_1.bias"", ""branched.branched_layer_2.weight"", ""branched.branched_layer_2.bias"", ""branched.branched_layer_3.weight"", ""branched.branched_layer_3.bias"", ""output.weight"", ""output.bias""]",23700,660600,280600,2603000,179620,141,0,23700,660600,280600,2603000,179620,141,0
20260414T220505Z_fe14746b,19,random_all_per_seed,all_rows,7,719203,719203,719203,False,False,0.1,0.1,d10f09aa265bab71343f680e34f2eb30e8cd4527aa6a1ca50685490c50e26cf1,b0c6175bfc15047131416b9da64bb2cb3fc428a1cef9486a2cc5173235f866bb,3ca99a39f2f8ee987e87b32207e9c91500b2f4159a741abfc9982d5f0c4932bd,SKNSH,2,B2_with_RC,True,False,,,1,2297,0.7499183806725432,full,random,3063,972,2091,733,1564,0.31911188506747934,383,383,0.0005,0.0001,0.0001,2297,0.24329973757266998,0.32002368569374084,0.31537147915969477,0.5716262414618484,0.4930856691777207,0.3267565599277994,0.684330403804779,383,0.26412999629974365,0.3386635482311249,0.1782462096686891,0.4290292768909148,0.31660423336702304,0.18406612042954124,0.7663699984550476,383,0.25974205136299133,0.3419000208377838,0.07490196832655516,0.31707559801240953,0.27602476818354094,0.10053693485492712,0.7810879349708557,1,0.7663699984550476,3747661,3747661,3747661,0,"[""conv1.conv.weight"", ""conv1.conv.bias"", ""conv1.bn_layer.weight"", ""conv1.bn_layer.bias"", ""conv2.conv.weight"", ""conv2.conv.bias"", ""conv2.bn_layer.weight"", ""conv2.bn_layer.bias"", ""conv3.conv.weight"", ""conv3.conv.bias"", ""conv3.bn_layer.weight"", ""conv3.bn_layer.bias"", ""linear1.linear.weight"", ""linear1.linear.bias"", ""linear1.bn_layer.weight"", ""linear1.bn_layer.bias"", ""branched.branched_layer_1.weight"", ""branched.branched_layer_1.bias"", ""branched.branched_layer_2.weight"", ""branched.branched_layer_2.bias"", ""branched.branched_layer_3.weight"", ""branched.branched_layer_3.bias"", ""output.weight"", ""output.bias""]","[""conv1.conv.weight"", ""conv1.conv.bias"", ""conv1.bn_layer.weight"", ""conv1.bn_layer.bias"", ""conv2.conv.weight"", ""conv2.conv.bias"", ""conv2.bn_layer.weight"", ""conv2.bn_layer.bias"", ""conv3.conv.weight"", ""conv3.conv.bias"", ""conv3.bn_layer.weight"", ""conv3.bn_layer.bias"", ""linear1.linear.weight"", ""linear1.linear.bias"", ""linear1.bn_layer.weight"", ""linear1.bn_layer.bias"", ""branched.branched_layer_1.weight"", ""branched.branched_layer_1.bias"", ""branched.branched_layer_2.weight"", ""branched.branched_layer_2.bias"", ""branched.branched_layer_3.weight"", ""branched.branched_layer_3.bias"", ""output.weight"", ""output.bias""]",23700,660600,280600,2603000,179620,141,0,23700,660600,280600,2603000,179620,141,0
20260414T220505Z_fe14746b,23,random_all_per_seed,all_rows,7,723239,723239,723239,False,False,0.1,0.1,31a2235bdd32c79f9bbcf57fc47adfc274d10761b654866ae9cb9911c3fafcdd,e458c253f91c63ca9a967c6fa4d0ab9cc52faa8ba7794e12b09a2f25a2869c9b,e651fb131205a5d9c63fd1d1ecf15ac7ac31e5181706fbf3e757de8449fba204,SKNSH,2,B2_with_RC,True,False,,,1,2297,0.7499183806725432,full,random,3063,967,2096,716,1581,0.31171092729647365,383,383,0.0005,0.0001,0.0001,2297,0.2609461545944214,0.3407268524169922,0.1813580774325796,0.48513634917519927,0.4067752300773184,0.23535727729104086,0.8182855844497681,383,0.27008774876594543,0.36105889081954956,0.05540529968756591,0.24417255102394556,0.24596820430544658,0.05962023467354129,0.9188578128814697,383,0.278302937746048,0.3651994466781616,0.08823646566612953,0.3236693319883496,0.23152488277172736,0.10476183646978446,0.9400532841682434,0,0.9188578128814697,3747661,3747661,3747661,0,"[""conv1.conv.weight"", ""conv1.conv.bias"", ""conv1.bn_layer.weight"", ""conv1.bn_layer.bias"", ""conv2.conv.weight"", ""conv2.conv.bias"", ""conv2.bn_layer.weight"", ""conv2.bn_layer.bias"", ""conv3.conv.weight"", ""conv3.conv.bias"", ""conv3.bn_layer.weight"", ""conv3.bn_layer.bias"", ""linear1.linear.weight"", ""linear1.linear.bias"", ""linear1.bn_layer.weight"", ""linear1.bn_layer.bias"", ""branched.branched_layer_1.weight"", ""branched.branched_layer_1.bias"", ""branched.branched_layer_2.weight"", ""branched.branched_layer_2.bias"", ""branched.branched_layer_3.weight"", ""branched.branched_layer_3.bias"", ""output.weight"", ""output.bias""]","[""conv1.conv.weight"", ""conv1.conv.bias"", ""conv1.bn_layer.weight"", ""conv1.bn_layer.bias"", ""conv2.conv.weight"", ""conv2.conv.bias"", ""conv2.bn_layer.weight"", ""conv2.bn_layer.bias"", ""conv3.conv.weight"", ""conv3.conv.bias"", ""conv3.bn_layer.weight"", ""conv3.bn_layer.bias"", ""linear1.linear.weight"", ""linear1.linear.bias"", ""linear1.bn_layer.weight"", ""linear1.bn_layer.bias"", ""branched.branched_layer_1.weight"", ""branched.branched_layer_1.bias"", ""branched.branched_layer_2.weight"", ""branched.branched_layer_2.bias"", ""branched.branched_layer_3.weight"", ""branched.branched_layer_3.bias"", ""output.weight"", ""output.bias""]",23700,660600,280600,2603000,179620,141,0,23700,660600,280600,2603000,179620,141,0
20260414T220505Z_fe14746b,31,random_all_per_seed,all_rows,7,731311,731311,731311,False,False,0.1,0.1,7ed9f1e71cff080acfd2b40dc86b6782e03711f552c9029ae842ca8d03bd429d,0584dd818218833228e343b6fa1df680f9194b9f11e5f570a45a30905d139e17,27306d05049ecb6e9137a41b7d192b6574e2d4876a1af2e57e67cc9df35420c3,SKNSH,2,B2_with_RC,True,False,,,1,2297,0.7499183806725432,full,random,3063,989,2074,734,1563,0.3195472355245973,383,383,0.0005,0.0001,0.0001,2297,0.26275989413261414,0.3449665606021881,0.18616791035012126,0.4906140113781966,0.41932459123364174,0.24070210816060522,0.8134778141975403,383,0.27745118737220764,0.3619735538959503,0.056382034322755126,0.2525263560223671,0.19377711633500577,0.06376956048593531,0.8956644535064697,383,0.27165472507476807,0.35740774869918823,0.09182138301931209,0.31098060140443023,0.2264776712339086,0.09670893444986112,0.8732119202613831,0,0.8956644535064697,3747661,3747661,3747661,0,"[""conv1.conv.weight"", ""conv1.conv.bias"", ""conv1.bn_layer.weight"", ""conv1.bn_layer.bias"", ""conv2.conv.weight"", ""conv2.conv.bias"", ""conv2.bn_layer.weight"", ""conv2.bn_layer.bias"", ""conv3.conv.weight"", ""conv3.conv.bias"", ""conv3.bn_layer.weight"", ""conv3.bn_layer.bias"", ""linear1.linear.weight"", ""linear1.linear.bias"", ""linear1.bn_layer.weight"", ""linear1.bn_layer.bias"", ""branched.branched_layer_1.weight"", ""branched.branched_layer_1.bias"", ""branched.branched_layer_2.weight"", ""branched.branched_layer_2.bias"", ""branched.branched_layer_3.weight"", ""branched.branched_layer_3.bias"", ""output.weight"", ""output.bias""]","[""conv1.conv.weight"", ""conv1.conv.bias"", ""conv1.bn_layer.weight"", ""conv1.bn_layer.bias"", ""conv2.conv.weight"", ""conv2.conv.bias"", ""conv2.bn_layer.weight"", ""conv2.bn_layer.bias"", ""conv3.conv.weight"", ""conv3.conv.bias"", ""conv3.bn_layer.weight"", ""conv3.bn_layer.bias"", ""linear1.linear.weight"", ""linear1.linear.bias"", ""linear1.bn_layer.weight"", ""linear1.bn_layer.bias"", ""branched.branched_layer_1.weight"", ""branched.branched_layer_1.bias"", ""branched.branched_layer_2.weight"", ""branched.branched_layer_2.bias"", ""branched.branched_layer_3.weight"", ""branched.branched_layer_3.bias"", ""output.weight"", ""output.bias""]",23700,660600,280600,2603000,179620,141,0,23700,660600,280600,2603000,179620,141,0
20260414T220505Z_fe14746b,17,random_all_per_seed,all_rows,7,717185,717185,717185,False,False,0.1,0.1,d20de91f4b455148159ffd14b15eca3b322f00e6bd4570610b1fd92d56691f0d,09700ad8a87e01fddb78e1e19347ac15933ccd3442ae763be67b580da0d6acf2,165d865a5469b007379d19d8eddb5ccdcd8811d96d30294e5b7d188c27387d3a,HepG2,1,B2_with_RC,True,False,,,1,3063,1.0,full,random,3063,983,2080,983,2080,0.32092719555990856,383,383,0.0005,0.0001,0.0001,3063,0.25618797540664673,0.33588144183158875,0.21960728096757942,0.5086279462365859,0.4079230120983819,0.2587023876928473,0.7801379561424255,383,0.25915178656578064,0.33731406927108765,0.019630186307408648,0.22358377396604767,0.16157266410144233,0.0499897039809007,0.7868072390556335,383,0.2958964705467224,0.3846927583217621,0.09136397487754266,0.3035976383212671,0.2229036236688567,0.09217152599425092,1.023357629776001,0,0.7868072390556335,3747661,3747661,3747661,0,"[""conv1.conv.weight"", ""conv1.conv.bias"", ""conv1.bn_layer.weight"", ""conv1.bn_layer.bias"", ""conv2.conv.weight"", ""conv2.conv.bias"", ""conv2.bn_layer.weight"", ""conv2.bn_layer.bias"", ""conv3.conv.weight"", ""conv3.conv.bias"", ""conv3.bn_layer.weight"", ""conv3.bn_layer.bias"", ""linear1.linear.weight"", ""linear1.linear.bias"", ""linear1.bn_layer.weight"", ""linear1.bn_layer.bias"", ""branched.branched_layer_1.weight"", ""branched.branched_layer_1.bias"", ""branched.branched_layer_2.weight"", ""branched.branched_layer_2.bias"", ""branched.branched_layer_3.weight"", ""branched.branched_layer_3.bias"", ""output.weight"", ""output.bias""]","[""conv1.conv.weight"", ""conv1.conv.bias"", ""conv1.bn_layer.weight"", ""conv1.bn_layer.bias"", ""conv2.conv.weight"", ""conv2.conv.bias"", ""conv2.bn_layer.weight"", ""conv2.bn_layer.bias"", ""conv3.conv.weight"", ""conv3.conv.bias"", ""conv3.bn_layer.weight"", ""conv3.bn_layer.bias"", ""linear1.linear.weight"", ""linear1.linear.bias"", ""linear1.bn_layer.weight"", ""linear1.bn_layer.bias"", ""branched.branched_layer_1.weight"", ""branched.branched_layer_1.bias"", ""branched.branched_layer_2.weight"", ""branched.branched_layer_2.bias"", ""branched.branched_layer_3.weight"", ""branched.branched_layer_3.bias"", ""output.weight"", ""output.bias""]",23700,660600,280600,2603000,179620,141,0,23700,660600,280600,2603000,179620,141,0
20260414T220505Z_fe14746b,19,random_all_per_seed,all_rows,7,719203,719203,719203,False,False,0.1,0.1,e749d923ec422f4e9585fafb01f5ecd5ad938df3ddbd0bb71ac99303ee9e50fa,b0c6175bfc15047131416b9da64bb2cb3fc428a1cef9486a2cc5173235f866bb,3ca99a39f2f8ee987e87b32207e9c91500b2f4159a741abfc9982d5f0c4932bd,HepG2,1,B2_with_RC,True,False,,,1,3063,1.0,full,random,3063,972,2091,972,2091,0.31733594515181196,383,383,0.0005,0.0001,0.0001,3063,0.2306501567363739,0.3061591684818268,0.35929855047512527,0.6119157980655806,0.4960932250166897,0.3744409439222364,0.6404922604560852,383,0.2604576349258423,0.33796578645706177,0.18162883287189568,0.43804249318858346,0.2889508412597221,0.19188122583887018,0.7804855704307556,383,0.25838571786880493,0.3389720618724823,0.09067886441219308,0.3376695166987929,0.27036204642774214,0.11402070250759638,0.7851401567459106,1,0.7804855704307556,3747661,3747661,3747661,0,"[""conv1.conv.weight"", ""conv1.conv.bias"", ""conv1.bn_layer.weight"", ""conv1.bn_layer.bias"", ""conv2.conv.weight"", ""conv2.conv.bias"", ""conv2.bn_layer.weight"", ""conv2.bn_layer.bias"", ""conv3.conv.weight"", ""conv3.conv.bias"", ""conv3.bn_layer.weight"", ""conv3.bn_layer.bias"", ""linear1.linear.weight"", ""linear1.linear.bias"", ""linear1.bn_layer.weight"", ""linear1.bn_layer.bias"", ""branched.branched_layer_1.weight"", ""branched.branched_layer_1.bias"", ""branched.branched_layer_2.weight"", ""branched.branched_layer_2.bias"", ""branched.branched_layer_3.weight"", ""branched.branched_layer_3.bias"", ""output.weight"", ""output.bias""]","[""conv1.conv.weight"", ""conv1.conv.bias"", ""conv1.bn_layer.weight"", ""conv1.bn_layer.bias"", ""conv2.conv.weight"", ""conv2.conv.bias"", ""conv2.bn_layer.weight"", ""conv2.bn_layer.bias"", ""conv3.conv.weight"", ""conv3.conv.bias"", ""conv3.bn_layer.weight"", ""conv3.bn_layer.bias"", ""linear1.linear.weight"", ""linear1.linear.bias"", ""linear1.bn_layer.weight"", ""linear1.bn_layer.bias"", ""branched.branched_layer_1.weight"", ""branched.branched_layer_1.bias"", ""branched.branched_layer_2.weight"", ""branched.branched_layer_2.bias"", ""branched.branched_layer_3.weight"", ""branched.branched_layer_3.bias"", ""output.weight"", ""output.bias""]",23700,660600,280600,2603000,179620,141,0,23700,660600,280600,2603000,179620,141,0
20260414T220505Z_fe14746b,23,random_all_per_seed,all_rows,7,723239,723239,723239,False,False,0.1,0.1,13ab0f6315aefa701430d3c6d72aabbac7d8c14bbd495bef999f60f53d37b30d,e458c253f91c63ca9a967c6fa4d0ab9cc52faa8ba7794e12b09a2f25a2869c9b,e651fb131205a5d9c63fd1d1ecf15ac7ac31e5181706fbf3e757de8449fba204,HepG2,1,B2_with_RC,True,False,,,1,3063,1.0,full,random,3063,967,2096,967,2096,0.3157035586026771,383,383,0.0005,0.0001,0.0001,3063,0.23073723912239075,0.3047904074192047,0.3547970521709062,0.6122055409449414,0.4820325887682813,0.3747956243636883,0.6449923515319824,383,0.2647138237953186,0.35433119535446167,0.09027909486211538,0.3148250307107304,0.25386911373106213,0.09911479996201235,0.8717071413993835,383,0.27630728483200073,0.36106765270233154,0.10875068813453492,0.3457203225997184,0.22868985848782605,0.11952254145845337,0.9051678776741028,1,0.8717071413993835,3747661,3747661,3747661,0,"[""conv1.conv.weight"", ""conv1.conv.bias"", ""conv1.bn_layer.weight"", ""conv1.bn_layer.bias"", ""conv2.conv.weight"", ""conv2.conv.bias"", ""conv2.bn_layer.weight"", ""conv2.bn_layer.bias"", ""conv3.conv.weight"", ""conv3.conv.bias"", ""conv3.bn_layer.weight"", ""conv3.bn_layer.bias"", ""linear1.linear.weight"", ""linear1.linear.bias"", ""linear1.bn_layer.weight"", ""linear1.bn_layer.bias"", ""branched.branched_layer_1.weight"", ""branched.branched_layer_1.bias"", ""branched.branched_layer_2.weight"", ""branched.branched_layer_2.bias"", ""branched.branched_layer_3.weight"", ""branched.branched_layer_3.bias"", ""output.weight"", ""output.bias""]","[""conv1.conv.weight"", ""conv1.conv.bias"", ""conv1.bn_layer.weight"", ""conv1.bn_layer.bias"", ""conv2.conv.weight"", ""conv2.conv.bias"", ""conv2.bn_layer.weight"", ""conv2.bn_layer.bias"", ""conv3.conv.weight"", ""conv3.conv.bias"", ""conv3.bn_layer.weight"", ""conv3.bn_layer.bias"", ""linear1.linear.weight"", ""linear1.linear.bias"", ""linear1.bn_layer.weight"", ""linear1.bn_layer.bias"", ""branched.branched_layer_1.weight"", ""branched.branched_layer_1.bias"", ""branched.branched_layer_2.weight"", ""branched.branched_layer_2.bias"", ""branched.branched_layer_3.weight"", ""branched.branched_layer_3.bias"", ""output.weight"", ""output.bias""]",23700,660600,280600,2603000,179620,141,0,23700,660600,280600,2603000,179620,141,0
20260414T220505Z_fe14746b,31,random_all_per_seed,all_rows,7,731311,731311,731311,False,False,0.1,0.1,399d8048139dad18f085378ecdd6bc241c21c7bdfccf442a2b187df7b6daa383,0584dd818218833228e343b6fa1df680f9194b9f11e5f570a45a30905d139e17,27306d05049ecb6e9137a41b7d192b6574e2d4876a1af2e57e67cc9df35420c3,HepG2,1,B2_with_RC,True,False,,,1,3063,1.0,full,random,3063,989,2074,989,2074,0.3228860594188704,383,383,0.0005,0.0001,0.0001,3063,0.25746631622314453,0.3371180593967438,0.21324039408595175,0.4979648124692588,0.3894420953377577,0.24796895445754405,0.7865028381347656,383,0.2761746346950531,0.36164596676826477,0.058089220111624096,0.25254495363811313,0.21096906742310367,0.06377895360807671,0.9051145315170288,383,0.2660471796989441,0.3498712480068207,0.12971828580314426,0.37626335591552096,0.2938011263414113,0.14157411300481,0.8471353054046631,0,0.9051145315170288,3747661,3747661,3747661,0,"[""conv1.conv.weight"", ""conv1.conv.bias"", ""conv1.bn_layer.weight"", ""conv1.bn_layer.bias"", ""conv2.conv.weight"", ""conv2.conv.bias"", ""conv2.bn_layer.weight"", ""conv2.bn_layer.bias"", ""conv3.conv.weight"", ""conv3.conv.bias"", ""conv3.bn_layer.weight"", ""conv3.bn_layer.bias"", ""linear1.linear.weight"", ""linear1.linear.bias"", ""linear1.bn_layer.weight"", ""linear1.bn_layer.bias"", ""branched.branched_layer_1.weight"", ""branched.branched_layer_1.bias"", ""branched.branched_layer_2.weight"", ""branched.branched_layer_2.bias"", ""branched.branched_layer_3.weight"", ""branched.branched_layer_3.bias"", ""output.weight"", ""output.bias""]","[""conv1.conv.weight"", ""conv1.conv.bias"", ""conv1.bn_layer.weight"", ""conv1.bn_layer.bias"", ""conv2.conv.weight"", ""conv2.conv.bias"", ""conv2.bn_layer.weight"", ""conv2.bn_layer.bias"", ""conv3.conv.weight"", ""conv3.conv.bias"", ""conv3.bn_layer.weight"", ""conv3.bn_layer.bias"", ""linear1.linear.weight"", ""linear1.linear.bias"", ""linear1.bn_layer.weight"", ""linear1.bn_layer.bias"", ""branched.branched_layer_1.weight"", ""branched.branched_layer_1.bias"", ""branched.branched_layer_2.weight"", ""branched.branched_layer_2.bias"", ""branched.branched_layer_3.weight"", ""branched.branched_layer_3.bias"", ""output.weight"", ""output.bias""]",23700,660600,280600,2603000,179620,141,0,23700,660600,280600,2603000,179620,141,0
20260414T220505Z_fe14746b,17,random_all_per_seed,all_rows,7,717185,717185,717185,False,False,0.1,0.1,d20de91f4b455148159ffd14b15eca3b322f00e6bd4570610b1fd92d56691f0d,09700ad8a87e01fddb78e1e19347ac15933ccd3442ae763be67b580da0d6acf2,165d865a5469b007379d19d8eddb5ccdcd8811d96d30294e5b7d188c27387d3a,K562,0,B2_with_RC,True,False,,,1,3063,1.0,full,random,3063,983,2080,983,2080,0.32092719555990856,383,383,0.0005,0.0001,0.0001,3063,0.2566305994987488,0.336760014295578,0.21551943849627941,0.5003967057502074,0.3931535292060414,0.2503968631256597,0.7842243909835815,383,0.2586515247821808,0.33857300877571106,0.012298688466008345,0.21185161787018178,0.13731755661211287,0.04488110799421353,0.792691171169281,383,0.2935822010040283,0.38108715415000916,0.10831690029648566,0.3384301745662279,0.26011538889956504,0.11453498305692751,1.0042643547058105,0,0.792691171169281,3747661,3747661,3747661,0,"[""conv1.conv.weight"", ""conv1.conv.bias"", ""conv1.bn_layer.weight"", ""conv1.bn_layer.bias"", ""conv2.conv.weight"", ""conv2.conv.bias"", ""conv2.bn_layer.weight"", ""conv2.bn_layer.bias"", ""conv3.conv.weight"", ""conv3.conv.bias"", ""conv3.bn_layer.weight"", ""conv3.bn_layer.bias"", ""linear1.linear.weight"", ""linear1.linear.bias"", ""linear1.bn_layer.weight"", ""linear1.bn_layer.bias"", ""branched.branched_layer_1.weight"", ""branched.branched_layer_1.bias"", ""branched.branched_layer_2.weight"", ""branched.branched_layer_2.bias"", ""branched.branched_layer_3.weight"", ""branched.branched_layer_3.bias"", ""output.weight"", ""output.bias""]","[""conv1.conv.weight"", ""conv1.conv.bias"", ""conv1.bn_layer.weight"", ""conv1.bn_layer.bias"", ""conv2.conv.weight"", ""conv2.conv.bias"", ""conv2.bn_layer.weight"", ""conv2.bn_layer.bias"", ""conv3.conv.weight"", ""conv3.conv.bias"", ""conv3.bn_layer.weight"", ""conv3.bn_layer.bias"", ""linear1.linear.weight"", ""linear1.linear.bias"", ""linear1.bn_layer.weight"", ""linear1.bn_layer.bias"", ""branched.branched_layer_1.weight"", ""branched.branched_layer_1.bias"", ""branched.branched_layer_2.weight"", ""branched.branched_layer_2.bias"", ""branched.branched_layer_3.weight"", ""branched.branched_layer_3.bias"", ""output.weight"", ""output.bias""]",23700,660600,280600,2603000,179620,141,0,23700,660600,280600,2603000,179620,141,0
20260414T220505Z_fe14746b,19,random_all_per_seed,all_rows,7,719203,719203,719203,False,False,0.1,0.1,e749d923ec422f4e9585fafb01f5ecd5ad938df3ddbd0bb71ac99303ee9e50fa,b0c6175bfc15047131416b9da64bb2cb3fc428a1cef9486a2cc5173235f866bb,3ca99a39f2f8ee987e87b32207e9c91500b2f4159a741abfc9982d5f0c4932bd,K562,0,B2_with_RC,True,False,,,1,3063,1.0,full,random,3063,972,2091,972,2091,0.31733594515181196,383,383,0.0005,0.0001,0.0001,3063,0.2345743030309677,0.3097306191921234,0.3442632474031764,0.5940197209121143,0.4607940228469134,0.35285942883250615,0.6555227041244507,383,0.25848323106765747,0.3334788680076599,0.20321443758760116,0.4590302104176672,0.291029701124821,0.2107087340760878,0.7598993182182312,383,0.2572067677974701,0.3391593396663666,0.08967379737987358,0.3357854502797817,0.2915304876623019,0.11275186861959574,0.7860080599784851,1,0.7598993182182312,3747661,3747661,3747661,0,"[""conv1.conv.weight"", ""conv1.conv.bias"", ""conv1.bn_layer.weight"", ""conv1.bn_layer.bias"", ""conv2.conv.weight"", ""conv2.conv.bias"", ""conv2.bn_layer.weight"", ""conv2.bn_layer.bias"", ""conv3.conv.weight"", ""conv3.conv.bias"", ""conv3.bn_layer.weight"", ""conv3.bn_layer.bias"", ""linear1.linear.weight"", ""linear1.linear.bias"", ""linear1.bn_layer.weight"", ""linear1.bn_layer.bias"", ""branched.branched_layer_1.weight"", ""branched.branched_layer_1.bias"", ""branched.branched_layer_2.weight"", ""branched.branched_layer_2.bias"", ""branched.branched_layer_3.weight"", ""branched.branched_layer_3.bias"", ""output.weight"", ""output.bias""]","[""conv1.conv.weight"", ""conv1.conv.bias"", ""conv1.bn_layer.weight"", ""conv1.bn_layer.bias"", ""conv2.conv.weight"", ""conv2.conv.bias"", ""conv2.bn_layer.weight"", ""conv2.bn_layer.bias"", ""conv3.conv.weight"", ""conv3.conv.bias"", ""conv3.bn_layer.weight"", ""conv3.bn_layer.bias"", ""linear1.linear.weight"", ""linear1.linear.bias"", ""linear1.bn_layer.weight"", ""linear1.bn_layer.bias"", ""branched.branched_layer_1.weight"", ""branched.branched_layer_1.bias"", ""branched.branched_layer_2.weight"", ""branched.branched_layer_2.bias"", ""branched.branched_layer_3.weight"", ""branched.branched_layer_3.bias"", ""output.weight"", ""output.bias""]",23700,660600,280600,2603000,179620,141,0,23700,660600,280600,2603000,179620,141,0
20260414T220505Z_fe14746b,23,random_all_per_seed,all_rows,7,723239,723239,723239,False,False,0.1,0.1,13ab0f6315aefa701430d3c6d72aabbac7d8c14bbd495bef999f60f53d37b30d,e458c253f91c63ca9a967c6fa4d0ab9cc52faa8ba7794e12b09a2f25a2869c9b,e651fb131205a5d9c63fd1d1ecf15ac7ac31e5181706fbf3e757de8449fba204,K562,0,B2_with_RC,True,False,,,1,3063,1.0,full,random,3063,967,2096,967,2096,0.3157035586026771,383,383,0.0005,0.0001,0.0001,3063,0.25808975100517273,0.3375841975212097,0.20848717028377683,0.4958137580410952,0.37972802995299754,0.24583128266283366,0.7912544012069702,383,0.26688483357429504,0.3548845946788788,0.0874351308900373,0.29778018232798664,0.24341569973966154,0.08867303698728897,0.874432384967804,383,0.2763722240924835,0.36241018772125244,0.10211068778046695,0.32422957678911674,0.22224422331803842,0.10512481846484975,0.9119114279747009,0,0.874432384967804,3747661,3747661,3747661,0,"[""conv1.conv.weight"", ""conv1.conv.bias"", ""conv1.bn_layer.weight"", ""conv1.bn_layer.bias"", ""conv2.conv.weight"", ""conv2.conv.bias"", ""conv2.bn_layer.weight"", ""conv2.bn_layer.bias"", ""conv3.conv.weight"", ""conv3.conv.bias"", ""conv3.bn_layer.weight"", ""conv3.bn_layer.bias"", ""linear1.linear.weight"", ""linear1.linear.bias"", ""linear1.bn_layer.weight"", ""linear1.bn_layer.bias"", ""branched.branched_layer_1.weight"", ""branched.branched_layer_1.bias"", ""branched.branched_layer_2.weight"", ""branched.branched_layer_2.bias"", ""branched.branched_layer_3.weight"", ""branched.branched_layer_3.bias"", ""output.weight"", ""output.bias""]","[""conv1.conv.weight"", ""conv1.conv.bias"", ""conv1.bn_layer.weight"", ""conv1.bn_layer.bias"", ""conv2.conv.weight"", ""conv2.conv.bias"", ""conv2.bn_layer.weight"", ""conv2.bn_layer.bias"", ""conv3.conv.weight"", ""conv3.conv.bias"", ""conv3.bn_layer.weight"", ""conv3.bn_layer.bias"", ""linear1.linear.weight"", ""linear1.linear.bias"", ""linear1.bn_layer.weight"", ""linear1.bn_layer.bias"", ""branched.branched_layer_1.weight"", ""branched.branched_layer_1.bias"", ""branched.branched_layer_2.weight"", ""branched.branched_layer_2.bias"", ""branched.branched_layer_3.weight"", ""branched.branched_layer_3.bias"", ""output.weight"", ""output.bias""]",23700,660600,280600,2603000,179620,141,0,23700,660600,280600,2603000,179620,141,0
20260414T220505Z_fe14746b,31,random_all_per_seed,all_rows,7,731311,731311,731311,False,False,0.1,0.1,399d8048139dad18f085378ecdd6bc241c21c7bdfccf442a2b187df7b6daa383,0584dd818218833228e343b6fa1df680f9194b9f11e5f570a45a30905d139e17,27306d05049ecb6e9137a41b7d192b6574e2d4876a1af2e57e67cc9df35420c3,K562,0,B2_with_RC,True,False,,,1,3063,1.0,full,random,3063,989,2074,989,2074,0.3228860594188704,383,383,0.0005,0.0001,0.0001,3063,0.2579595148563385,0.3373040556907654,0.21237188206114344,0.49454381926112634,0.37359773390838685,0.2445735891693816,0.7873709797859192,383,0.2747640311717987,0.362047404050827,0.05599698502382022,0.24807771649557372,0.19276634025811096,0.06154255342165825,0.9071249961853027,383,0.26577940583229065,0.35059601068496704,0.12610887487951394,0.37399479193096064,0.29399443447322715,0.13987210439148254,0.8506487011909485,0,0.9071249961853027,3747661,3747661,3747661,0,"[""conv1.conv.weight"", ""conv1.conv.bias"", ""conv1.bn_layer.weight"", ""conv1.bn_layer.bias"", ""conv2.conv.weight"", ""conv2.conv.bias"", ""conv2.bn_layer.weight"", ""conv2.bn_layer.bias"", ""conv3.conv.weight"", ""conv3.conv.bias"", ""conv3.bn_layer.weight"", ""conv3.bn_layer.bias"", ""linear1.linear.weight"", ""linear1.linear.bias"", ""linear1.bn_layer.weight"", ""linear1.bn_layer.bias"", ""branched.branched_layer_1.weight"", ""branched.branched_layer_1.bias"", ""branched.branched_layer_2.weight"", ""branched.branched_layer_2.bias"", ""branched.branched_layer_3.weight"", ""branched.branched_layer_3.bias"", ""output.weight"", ""output.bias""]","[""conv1.conv.weight"", ""conv1.conv.bias"", ""conv1.bn_layer.weight"", ""conv1.bn_layer.bias"", ""conv2.conv.weight"", ""conv2.conv.bias"", ""conv2.bn_layer.weight"", ""conv2.bn_layer.bias"", ""conv3.conv.weight"", ""conv3.conv.bias"", ""conv3.bn_layer.weight"", ""conv3.bn_layer.bias"", ""linear1.linear.weight"", ""linear1.linear.bias"", ""linear1.bn_layer.weight"", ""linear1.bn_layer.bias"", ""branched.branched_layer_1.weight"", ""branched.branched_layer_1.bias"", ""branched.branched_layer_2.weight"", ""branched.branched_layer_2.bias"", ""branched.branched_layer_3.weight"", ""branched.branched_layer_3.bias"", ""output.weight"", ""output.bias""]",23700,660600,280600,2603000,179620,141,0,23700,660600,280600,2603000,179620,141,0
20260414T220505Z_fe14746b,17,random_all_per_seed,all_rows,7,717185,717185,717185,False,False,0.1,0.1,d20de91f4b455148159ffd14b15eca3b322f00e6bd4570610b1fd92d56691f0d,09700ad8a87e01fddb78e1e19347ac15933ccd3442ae763be67b580da0d6acf2,165d865a5469b007379d19d8eddb5ccdcd8811d96d30294e5b7d188c27387d3a,SKNSH,2,B2_with_RC,True,False,,,1,3063,1.0,full,random,3063,983,2080,983,2080,0.32092719555990856,383,383,0.0005,0.0001,0.0001,3063,0.2585296928882599,0.33926719427108765,0.20379486423136117,0.49308598781966206,0.41129500137559516,0.2431337913840919,0.7959451675415039,383,0.2602038085460663,0.3392064571380615,0.00859921276722464,0.19602862036020538,0.1408657534520355,0.03842722000032553,0.7956601977348328,383,0.2952058017253876,0.38417157530784607,0.0938243132951595,0.31533315515888083,0.24476020370953724,0.09943499874245482,1.0205867290496826,0,0.7956601977348328,3747661,3747661,3747661,0,"[""conv1.conv.weight"", ""conv1.conv.bias"", ""conv1.bn_layer.weight"", ""conv1.bn_layer.bias"", ""conv2.conv.weight"", ""conv2.conv.bias"", ""conv2.bn_layer.weight"", ""conv2.bn_layer.bias"", ""conv3.conv.weight"", ""conv3.conv.bias"", ""conv3.bn_layer.weight"", ""conv3.bn_layer.bias"", ""linear1.linear.weight"", ""linear1.linear.bias"", ""linear1.bn_layer.weight"", ""linear1.bn_layer.bias"", ""branched.branched_layer_1.weight"", ""branched.branched_layer_1.bias"", ""branched.branched_layer_2.weight"", ""branched.branched_layer_2.bias"", ""branched.branched_layer_3.weight"", ""branched.branched_layer_3.bias"", ""output.weight"", ""output.bias""]","[""conv1.conv.weight"", ""conv1.conv.bias"", ""conv1.bn_layer.weight"", ""conv1.bn_layer.bias"", ""conv2.conv.weight"", ""conv2.conv.bias"", ""conv2.bn_layer.weight"", ""conv2.bn_layer.bias"", ""conv3.conv.weight"", ""conv3.conv.bias"", ""conv3.bn_layer.weight"", ""conv3.bn_layer.bias"", ""linear1.linear.weight"", ""linear1.linear.bias"", ""linear1.bn_layer.weight"", ""linear1.bn_layer.bias"", ""branched.branched_layer_1.weight"", ""branched.branched_layer_1.bias"", ""branched.branched_layer_2.weight"", ""branched.branched_layer_2.bias"", ""branched.branched_layer_3.weight"", ""branched.branched_layer_3.bias"", ""output.weight"", ""output.bias""]",23700,660600,280600,2603000,179620,141,0,23700,660600,280600,2603000,179620,141,0
20260414T220505Z_fe14746b,19,random_all_per_seed,all_rows,7,719203,719203,719203,False,False,0.1,0.1,e749d923ec422f4e9585fafb01f5ecd5ad938df3ddbd0bb71ac99303ee9e50fa,b0c6175bfc15047131416b9da64bb2cb3fc428a1cef9486a2cc5173235f866bb,3ca99a39f2f8ee987e87b32207e9c91500b2f4159a741abfc9982d5f0c4932bd,SKNSH,2,B2_with_RC,True,False,,,1,3063,1.0,full,random,3063,972,2091,972,2091,0.31733594515181196,383,383,0.0005,0.0001,0.0001,3063,0.2338852882385254,0.30771446228027344,0.352772474091694,0.5992452279008059,0.49400346673437884,0.35909484316188883,0.6470162272453308,383,0.2608334720134735,0.3340391218662262,0.20053494272390615,0.45410021987741955,0.3060269689232621,0.2062070096927208,0.7624546885490417,383,0.25750860571861267,0.34189119935035706,0.07494981364759801,0.3290883415234917,0.2783306232487919,0.10829913652668231,0.798721194267273,1,0.7624546885490417,3747661,3747661,3747661,0,"[""conv1.conv.weight"", ""conv1.conv.bias"", ""conv1.bn_layer.weight"", ""conv1.bn_layer.bias"", ""conv2.conv.weight"", ""conv2.conv.bias"", ""conv2.bn_layer.weight"", ""conv2.bn_layer.bias"", ""conv3.conv.weight"", ""conv3.conv.bias"", ""conv3.bn_layer.weight"", ""conv3.bn_layer.bias"", ""linear1.linear.weight"", ""linear1.linear.bias"", ""linear1.bn_layer.weight"", ""linear1.bn_layer.bias"", ""branched.branched_layer_1.weight"", ""branched.branched_layer_1.bias"", ""branched.branched_layer_2.weight"", ""branched.branched_layer_2.bias"", ""branched.branched_layer_3.weight"", ""branched.branched_layer_3.bias"", ""output.weight"", ""output.bias""]","[""conv1.conv.weight"", ""conv1.conv.bias"", ""conv1.bn_layer.weight"", ""conv1.bn_layer.bias"", ""conv2.conv.weight"", ""conv2.conv.bias"", ""conv2.bn_layer.weight"", ""conv2.bn_layer.bias"", ""conv3.conv.weight"", ""conv3.conv.bias"", ""conv3.bn_layer.weight"", ""conv3.bn_layer.bias"", ""linear1.linear.weight"", ""linear1.linear.bias"", ""linear1.bn_layer.weight"", ""linear1.bn_layer.bias"", ""branched.branched_layer_1.weight"", ""branched.branched_layer_1.bias"", ""branched.branched_layer_2.weight"", ""branched.branched_layer_2.bias"", ""branched.branched_layer_3.weight"", ""branched.branched_layer_3.bias"", ""output.weight"", ""output.bias""]",23700,660600,280600,2603000,179620,141,0,23700,660600,280600,2603000,179620,141,0
20260414T220505Z_fe14746b,23,random_all_per_seed,all_rows,7,723239,723239,723239,False,False,0.1,0.1,13ab0f6315aefa701430d3c6d72aabbac7d8c14bbd495bef999f60f53d37b30d,e458c253f91c63ca9a967c6fa4d0ab9cc52faa8ba7794e12b09a2f25a2869c9b,e651fb131205a5d9c63fd1d1ecf15ac7ac31e5181706fbf3e757de8449fba204,SKNSH,2,B2_with_RC,True,False,,,1,3063,1.0,full,random,3063,967,2096,967,2096,0.3157035586026771,383,383,0.0005,0.0001,0.0001,3063,0.258456289768219,0.33849549293518066,0.20420807246357853,0.4879822900925619,0.39332932122994346,0.23812671544398123,0.7955321669578552,383,0.2714831531047821,0.3600241243839264,0.06081176851300962,0.249051402432773,0.24640225003845986,0.06202660105373104,0.8999432921409607,383,0.2760860025882721,0.3615744113922119,0.10624729129479593,0.33521446900957635,0.2357028189164603,0.11236874023337223,0.9077101945877075,0,0.8999432921409607,3747661,3747661,3747661,0,"[""conv1.conv.weight"", ""conv1.conv.bias"", ""conv1.bn_layer.weight"", ""conv1.bn_layer.bias"", ""conv2.conv.weight"", ""conv2.conv.bias"", ""conv2.bn_layer.weight"", ""conv2.bn_layer.bias"", ""conv3.conv.weight"", ""conv3.conv.bias"", ""conv3.bn_layer.weight"", ""conv3.bn_layer.bias"", ""linear1.linear.weight"", ""linear1.linear.bias"", ""linear1.bn_layer.weight"", ""linear1.bn_layer.bias"", ""branched.branched_layer_1.weight"", ""branched.branched_layer_1.bias"", ""branched.branched_layer_2.weight"", ""branched.branched_layer_2.bias"", ""branched.branched_layer_3.weight"", ""branched.branched_layer_3.bias"", ""output.weight"", ""output.bias""]","[""conv1.conv.weight"", ""conv1.conv.bias"", ""conv1.bn_layer.weight"", ""conv1.bn_layer.bias"", ""conv2.conv.weight"", ""conv2.conv.bias"", ""conv2.bn_layer.weight"", ""conv2.bn_layer.bias"", ""conv3.conv.weight"", ""conv3.conv.bias"", ""conv3.bn_layer.weight"", ""conv3.bn_layer.bias"", ""linear1.linear.weight"", ""linear1.linear.bias"", ""linear1.bn_layer.weight"", ""linear1.bn_layer.bias"", ""branched.branched_layer_1.weight"", ""branched.branched_layer_1.bias"", ""branched.branched_layer_2.weight"", ""branched.branched_layer_2.bias"", ""branched.branched_layer_3.weight"", ""branched.branched_layer_3.bias"", ""output.weight"", ""output.bias""]",23700,660600,280600,2603000,179620,141,0,23700,660600,280600,2603000,179620,141,0
20260414T220505Z_fe14746b,31,random_all_per_seed,all_rows,7,731311,731311,731311,False,False,0.1,0.1,399d8048139dad18f085378ecdd6bc241c21c7bdfccf442a2b187df7b6daa383,0584dd818218833228e343b6fa1df680f9194b9f11e5f570a45a30905d139e17,27306d05049ecb6e9137a41b7d192b6574e2d4876a1af2e57e67cc9df35420c3,SKNSH,2,B2_with_RC,True,False,,,1,3063,1.0,full,random,3063,989,2074,989,2074,0.3228860594188704,383,383,0.0005,0.0001,0.0001,3063,0.2591240406036377,0.3392672538757324,0.2031769110437318,0.49293282152605455,0.4002526045477151,0.24298276653763715,0.7965630292892456,383,0.27531564235687256,0.3600086271762848,0.06659882396418293,0.26242448859427897,0.21339315709103285,0.06886661221396885,0.8969372510910034,383,0.26954135298728943,0.35417434573173523,0.10817929677243376,0.34559765078563953,0.2522041134439079,0.11943773622855285,0.8681014180183411,0,0.8969372510910034,3747661,3747661,3747661,0,"[""conv1.conv.weight"", ""conv1.conv.bias"", ""conv1.bn_layer.weight"", ""conv1.bn_layer.bias"", ""conv2.conv.weight"", ""conv2.conv.bias"", ""conv2.bn_layer.weight"", ""conv2.bn_layer.bias"", ""conv3.conv.weight"", ""conv3.conv.bias"", ""conv3.bn_layer.weight"", ""conv3.bn_layer.bias"", ""linear1.linear.weight"", ""linear1.linear.bias"", ""linear1.bn_layer.weight"", ""linear1.bn_layer.bias"", ""branched.branched_layer_1.weight"", ""branched.branched_layer_1.bias"", ""branched.branched_layer_2.weight"", ""branched.branched_layer_2.bias"", ""branched.branched_layer_3.weight"", ""branched.branched_layer_3.bias"", ""output.weight"", ""output.bias""]","[""conv1.conv.weight"", ""conv1.conv.bias"", ""conv1.bn_layer.weight"", ""conv1.bn_layer.bias"", ""conv2.conv.weight"", ""conv2.conv.bias"", ""conv2.bn_layer.weight"", ""conv2.bn_layer.bias"", ""conv3.conv.weight"", ""conv3.conv.bias"", ""conv3.bn_layer.weight"", ""conv3.bn_layer.bias"", ""linear1.linear.weight"", ""linear1.linear.bias"", ""linear1.bn_layer.weight"", ""linear1.bn_layer.bias"", ""branched.branched_layer_1.weight"", ""branched.branched_layer_1.bias"", ""branched.branched_layer_2.weight"", ""branched.branched_layer_2.bias"", ""branched.branched_layer_3.weight"", ""branched.branched_layer_3.bias"", ""output.weight"", ""output.bias""]",23700,660600,280600,2603000,179620,141,0,23700,660600,280600,2603000,179620,141,0
20260414T220505Z_fe14746b,17,random_all_per_seed,all_rows,7,717185,717185,717185,False,False,0.1,0.1,fd2ed1f7a2f865a02b437eb807b01700163c4e7b5b3d25f1fd6719b606e9feb3,09700ad8a87e01fddb78e1e19347ac15933ccd3442ae763be67b580da0d6acf2,165d865a5469b007379d19d8eddb5ccdcd8811d96d30294e5b7d188c27387d3a,HepG2,1,B2_with_RC,True,False,,,1,2297,0.7499183806725432,branched_only,random,3063,983,2080,728,1569,0.3169351327818894,383,383,0.0005,0.0001,0.0001,2297,0.2683790326118469,0.3517683446407318,0.17398593698284037,0.4271631624907338,0.3349853680685305,0.18246836738908506,0.8256543874740601,383,0.25701233744621277,0.33733516931533813,0.01950763709849468,0.21388172449968837,0.15160507504958123,0.045745392074960596,0.7592903971672058,383,0.29663971066474915,0.38498130440711975,0.0900004292994554,0.30604702366883,0.2197871749100755,0.0936647806965494,0.9889265298843384,7,0.7592903971672058,179761,3747661,179761,2,"[""branched.branched_layer_1.weight"", ""branched.branched_layer_1.bias"", ""branched.branched_layer_2.weight"", ""branched.branched_layer_2.bias"", ""branched.branched_layer_3.weight"", ""branched.branched_layer_3.bias"", ""output.weight"", ""output.bias""]","[""branched.branched_layer_1.weight"", ""branched.branched_layer_1.bias"", ""branched.branched_layer_2.weight"", ""branched.branched_layer_2.bias"", ""branched.branched_layer_3.weight"", ""branched.branched_layer_3.bias"", ""output.weight"", ""output.bias""]",0,0,0,0,179620,141,0,0,0,0,0,179620,141,0
20260414T220505Z_fe14746b,19,random_all_per_seed,all_rows,7,719203,719203,719203,False,False,0.1,0.1,d10f09aa265bab71343f680e34f2eb30e8cd4527aa6a1ca50685490c50e26cf1,b0c6175bfc15047131416b9da64bb2cb3fc428a1cef9486a2cc5173235f866bb,3ca99a39f2f8ee987e87b32207e9c91500b2f4159a741abfc9982d5f0c4932bd,HepG2,1,B2_with_RC,True,False,,,1,2297,0.7499183806725432,branched_only,random,3063,972,2091,733,1564,0.31911188506747934,383,383,0.0005,0.0001,0.0001,2297,0.26820915937423706,0.3522498607635498,0.1705458701288367,0.4224431488291473,0.35682402946147257,0.1784582139926851,0.8290930390357971,383,0.2570761442184448,0.3302486538887024,0.2185757187440971,0.47775467199683935,0.2967901668090667,0.22824952661480755,0.7287586331367493,383,0.2531639039516449,0.33305051922798157,0.12217141141962984,0.3502297390061546,0.2786042453714468,0.12266087008431918,0.7411768436431885,16,0.7287586331367493,179761,3747661,179761,2,"[""branched.branched_layer_1.weight"", ""branched.branched_layer_1.bias"", ""branched.branched_layer_2.weight"", ""branched.branched_layer_2.bias"", ""branched.branched_layer_3.weight"", ""branched.branched_layer_3.bias"", ""output.weight"", ""output.bias""]","[""branched.branched_layer_1.weight"", ""branched.branched_layer_1.bias"", ""branched.branched_layer_2.weight"", ""branched.branched_layer_2.bias"", ""branched.branched_layer_3.weight"", ""branched.branched_layer_3.bias"", ""output.weight"", ""output.bias""]",0,0,0,0,179620,141,0,0,0,0,0,179620,141,0
20260414T220505Z_fe14746b,23,random_all_per_seed,all_rows,7,723239,723239,723239,False,False,0.1,0.1,31a2235bdd32c79f9bbcf57fc47adfc274d10761b654866ae9cb9911c3fafcdd,e458c253f91c63ca9a967c6fa4d0ab9cc52faa8ba7794e12b09a2f25a2869c9b,e651fb131205a5d9c63fd1d1ecf15ac7ac31e5181706fbf3e757de8449fba204,HepG2,1,B2_with_RC,True,False,,,1,2297,0.7499183806725432,branched_only,random,3063,967,2096,716,1581,0.31171092729647365,383,383,0.0005,0.0001,0.0001,2297,0.19661745429039001,0.2584821879863739,0.5288680689447127,0.7537455433691117,0.7089913793696493,0.5681323441487974,0.47092685103416443,383,0.26777198910713196,0.35268405079841614,0.09871723924111697,0.32964003122355623,0.2873842462752992,0.10866255018506712,0.876725971698761,383,0.28425270318984985,0.3707028329372406,0.06054977906498138,0.29414713424325345,0.2469775540305267,0.08652253658351856,0.9685989022254944,166,0.876725971698761,179761,3747661,179761,2,"[""branched.branched_layer_1.weight"", ""branched.branched_layer_1.bias"", ""branched.branched_layer_2.weight"", ""branched.branched_layer_2.bias"", ""branched.branched_layer_3.weight"", ""branched.branched_layer_3.bias"", ""output.weight"", ""output.bias""]","[""branched.branched_layer_1.weight"", ""branched.branched_layer_1.bias"", ""branched.branched_layer_2.weight"", ""branched.branched_layer_2.bias"", ""branched.branched_layer_3.weight"", ""branched.branched_layer_3.bias"", ""output.weight"", ""output.bias""]",0,0,0,0,179620,141,0,0,0,0,0,179620,141,0
20260414T220505Z_fe14746b,31,random_all_per_seed,all_rows,7,731311,731311,731311,False,False,0.1,0.1,7ed9f1e71cff080acfd2b40dc86b6782e03711f552c9029ae842ca8d03bd429d,0584dd818218833228e343b6fa1df680f9194b9f11e5f570a45a30905d139e17,27306d05049ecb6e9137a41b7d192b6574e2d4876a1af2e57e67cc9df35420c3,HepG2,1,B2_with_RC,True,False,,,1,2297,0.7499183806725432,branched_only,random,3063,989,2074,734,1563,0.3195472355245973,383,383,0.0005,0.0001,0.0001,2297,0.26977360248565674,0.35273271799087524,0.1491122673272508,0.39196341836597953,0.3042868961235795,0.1536353213371439,0.8505173325538635,383,0.27448317408561707,0.36221203207969666,0.055138227533721995,0.2525252014019685,0.21947735835608645,0.06376897734310474,0.8968452215194702,383,0.26899078488349915,0.35269373655319214,0.11562011311168152,0.351852737839889,0.26695790349226584,0.12380034912542567,0.8503293395042419,3,0.8968452215194702,179761,3747661,179761,2,"[""branched.branched_layer_1.weight"", ""branched.branched_layer_1.bias"", ""branched.branched_layer_2.weight"", ""branched.branched_layer_2.bias"", ""branched.branched_layer_3.weight"", ""branched.branched_layer_3.bias"", ""output.weight"", ""output.bias""]","[""branched.branched_layer_1.weight"", ""branched.branched_layer_1.bias"", ""branched.branched_layer_2.weight"", ""branched.branched_layer_2.bias"", ""branched.branched_layer_3.weight"", ""branched.branched_layer_3.bias"", ""output.weight"", ""output.bias""]",0,0,0,0,179620,141,0,0,0,0,0,179620,141,0
20260414T220505Z_fe14746b,17,random_all_per_seed,all_rows,7,717185,717185,717185,False,False,0.1,0.1,fd2ed1f7a2f865a02b437eb807b01700163c4e7b5b3d25f1fd6719b606e9feb3,09700ad8a87e01fddb78e1e19347ac15933ccd3442ae763be67b580da0d6acf2,165d865a5469b007379d19d8eddb5ccdcd8811d96d30294e5b7d188c27387d3a,K562,0,B2_with_RC,True,False,,,1,2297,0.7499183806725432,branched_only,random,3063,983,2080,728,1569,0.3169351327818894,383,383,0.0005,0.0001,0.0001,2297,0.2796397805213928,0.36742064356803894,0.0988418994332152,0.3217455095886761,0.27092136367400216,0.10352017294047686,0.9007657170295715,383,0.25947076082229614,0.33889859914779663,0.01039806008378319,0.1900440060789025,0.12196364605332408,0.036116724246517934,0.7663449645042419,383,0.30444538593292236,0.39254793524742126,0.0538776931966799,0.23508361010705797,0.19495063759497713,0.05526430374096725,1.0281822681427002,0,0.7663449645042419,179761,3747661,179761,2,"[""branched.branched_layer_1.weight"", ""branched.branched_layer_1.bias"", ""branched.branched_layer_2.weight"", ""branched.branched_layer_2.bias"", ""branched.branched_layer_3.weight"", ""branched.branched_layer_3.bias"", ""output.weight"", ""output.bias""]","[""branched.branched_layer_1.weight"", ""branched.branched_layer_1.bias"", ""branched.branched_layer_2.weight"", ""branched.branched_layer_2.bias"", ""branched.branched_layer_3.weight"", ""branched.branched_layer_3.bias"", ""output.weight"", ""output.bias""]",0,0,0,0,179620,141,0,0,0,0,0,179620,141,0
20260414T220505Z_fe14746b,19,random_all_per_seed,all_rows,7,719203,719203,719203,False,False,0.1,0.1,d10f09aa265bab71343f680e34f2eb30e8cd4527aa6a1ca50685490c50e26cf1,b0c6175bfc15047131416b9da64bb2cb3fc428a1cef9486a2cc5173235f866bb,3ca99a39f2f8ee987e87b32207e9c91500b2f4159a741abfc9982d5f0c4932bd,K562,0,B2_with_RC,True,False,,,1,2297,0.7499183806725432,branched_only,random,3063,972,2091,733,1564,0.31911188506747934,383,383,0.0005,0.0001,0.0001,2297,0.2667461931705475,0.3507581055164337,0.1775562883275391,0.4315617957404065,0.36426703265724464,0.18624558354268433,0.8220855593681335,383,0.25780436396598816,0.32916632294654846,0.22368922369650257,0.48188471461391574,0.28692847853660297,0.23221287817853503,0.7239897847175598,383,0.253253310918808,0.33334869146347046,0.1205989004561937,0.3511385954994891,0.29041688193516574,0.12329831324935384,0.7425045371055603,21,0.7239897847175598,179761,3747661,179761,2,"[""branched.branched_layer_1.weight"", ""branched.branched_layer_1.bias"", ""branched.branched_layer_2.weight"", ""branched.branched_layer_2.bias"", ""branched.branched_layer_3.weight"", ""branched.branched_layer_3.bias"", ""output.weight"", ""output.bias""]","[""branched.branched_layer_1.weight"", ""branched.branched_layer_1.bias"", ""branched.branched_layer_2.weight"", ""branched.branched_layer_2.bias"", ""branched.branched_layer_3.weight"", ""branched.branched_layer_3.bias"", ""output.weight"", ""output.bias""]",0,0,0,0,179620,141,0,0,0,0,0,179620,141,0
20260414T220505Z_fe14746b,23,random_all_per_seed,all_rows,7,723239,723239,723239,False,False,0.1,0.1,31a2235bdd32c79f9bbcf57fc47adfc274d10761b654866ae9cb9911c3fafcdd,e458c253f91c63ca9a967c6fa4d0ab9cc52faa8ba7794e12b09a2f25a2869c9b,e651fb131205a5d9c63fd1d1ecf15ac7ac31e5181706fbf3e757de8449fba204,K562,0,B2_with_RC,True,False,,,1,2297,0.7499183806725432,branched_only,random,3063,967,2096,716,1581,0.31171092729647365,383,383,0.0005,0.0001,0.0001,2297,0.224960595369339,0.2937677502632141,0.3914594821464372,0.6528707148126536,0.5944146500214399,0.42624017025998523,0.6082756519317627,383,0.2636069655418396,0.35201627016067505,0.10212708037981677,0.3268646542199633,0.28937487943854895,0.10684050217833617,0.8734090328216553,383,0.2792307138442993,0.3635309338569641,0.09654868826322505,0.3276071538545685,0.2693178017093221,0.10732644725669092,0.9314830303192139,96,0.8734090328216553,179761,3747661,179761,2,"[""branched.branched_layer_1.weight"", ""branched.branched_layer_1.bias"", ""branched.branched_layer_2.weight"", ""branched.branched_layer_2.bias"", ""branched.branched_layer_3.weight"", ""branched.branched_layer_3.bias"", ""output.weight"", ""output.bias""]","[""branched.branched_layer_1.weight"", ""branched.branched_layer_1.bias"", ""branched.branched_layer_2.weight"", ""branched.branched_layer_2.bias"", ""branched.branched_layer_3.weight"", ""branched.branched_layer_3.bias"", ""output.weight"", ""output.bias""]",0,0,0,0,179620,141,0,0,0,0,0,179620,141,0
20260414T220505Z_fe14746b,31,random_all_per_seed,all_rows,7,731311,731311,731311,False,False,0.1,0.1,7ed9f1e71cff080acfd2b40dc86b6782e03711f552c9029ae842ca8d03bd429d,0584dd818218833228e343b6fa1df680f9194b9f11e5f570a45a30905d139e17,27306d05049ecb6e9137a41b7d192b6574e2d4876a1af2e57e67cc9df35420c3,K562,0,B2_with_RC,True,False,,,1,2297,0.7499183806725432,branched_only,random,3063,989,2074,734,1563,0.3195472355245973,383,383,0.0005,0.0001,0.0001,2297,0.2654634416103363,0.34711557626724243,0.17599665492036354,0.4242369248974865,0.32773483833533373,0.1799769684464756,0.8236445784568787,383,0.2746034264564514,0.36343440413475037,0.04875019654155721,0.25253228548642487,0.22002888494749437,0.0637725552129972,0.902908444404602,383,0.270816445350647,0.35008373856544495,0.1286607847685861,0.37424155401831655,0.22590960164654497,0.14005674075404453,0.837790846824646,11,0.902908444404602,179761,3747661,179761,2,"[""branched.branched_layer_1.weight"", ""branched.branched_layer_1.bias"", ""branched.branched_layer_2.weight"", ""branched.branched_layer_2.bias"", ""branched.branched_layer_3.weight"", ""branched.branched_layer_3.bias"", ""output.weight"", ""output.bias""]","[""branched.branched_layer_1.weight"", ""branched.branched_layer_1.bias"", ""branched.branched_layer_2.weight"", ""branched.branched_layer_2.bias"", ""branched.branched_layer_3.weight"", ""branched.branched_layer_3.bias"", ""output.weight"", ""output.bias""]",0,0,0,0,179620,141,0,0,0,0,0,179620,141,0
20260414T220505Z_fe14746b,17,random_all_per_seed,all_rows,7,717185,717185,717185,False,False,0.1,0.1,fd2ed1f7a2f865a02b437eb807b01700163c4e7b5b3d25f1fd6719b606e9feb3,09700ad8a87e01fddb78e1e19347ac15933ccd3442ae763be67b580da0d6acf2,165d865a5469b007379d19d8eddb5ccdcd8811d96d30294e5b7d188c27387d3a,SKNSH,2,B2_with_RC,True,False,,,1,2297,0.7499183806725432,branched_only,random,3063,983,2080,728,1569,0.3169351327818894,383,383,0.0005,0.0001,0.0001,2297,0.26719608902931213,0.3501312732696533,0.18165635111496292,0.4357199943353292,0.3519589357077158,0.18985191346357932,0.8179873824119568,383,0.25745120644569397,0.3372449576854706,0.02003181816855526,0.21935201535981247,0.15685885848714903,0.048115306642411405,0.758884608745575,383,0.29599690437316895,0.38361656665802,0.09644077728396794,0.3137404306181606,0.22114226407564838,0.09843305780446884,0.9819275140762329,12,0.758884608745575,179761,3747661,179761,2,"[""branched.branched_layer_1.weight"", ""branched.branched_layer_1.bias"", ""branched.branched_layer_2.weight"", ""branched.branched_layer_2.bias"", ""branched.branched_layer_3.weight"", ""branched.branched_layer_3.bias"", ""output.weight"", ""output.bias""]","[""branched.branched_layer_1.weight"", ""branched.branched_layer_1.bias"", ""branched.branched_layer_2.weight"", ""branched.branched_layer_2.bias"", ""branched.branched_layer_3.weight"", ""branched.branched_layer_3.bias"", ""output.weight"", ""output.bias""]",0,0,0,0,179620,141,0,0,0,0,0,179620,141,0
20260414T220505Z_fe14746b,19,random_all_per_seed,all_rows,7,719203,719203,719203,False,False,0.1,0.1,d10f09aa265bab71343f680e34f2eb30e8cd4527aa6a1ca50685490c50e26cf1,b0c6175bfc15047131416b9da64bb2cb3fc428a1cef9486a2cc5173235f866bb,3ca99a39f2f8ee987e87b32207e9c91500b2f4159a741abfc9982d5f0c4932bd,SKNSH,2,B2_with_RC,True,False,,,1,2297,0.7499183806725432,branched_only,random,3063,972,2091,733,1564,0.31911188506747934,383,383,0.0005,0.0001,0.0001,2297,0.26324519515037537,0.34640008211135864,0.1978663759262378,0.4457134229332471,0.3915722463348839,0.1986604553828716,0.8017843961715698,383,0.25812309980392456,0.33082515001296997,0.2158451287935158,0.46481004580323737,0.2711036183880642,0.21604837867960763,0.7313051819801331,383,0.25568169355392456,0.3356774151325226,0.10826931098638926,0.34526803572319825,0.28340010853218817,0.11921001649215571,0.7529147863388062,28,0.7313051819801331,179761,3747661,179761,2,"[""branched.branched_layer_1.weight"", ""branched.branched_layer_1.bias"", ""branched.branched_layer_2.weight"", ""branched.branched_layer_2.bias"", ""branched.branched_layer_3.weight"", ""branched.branched_layer_3.bias"", ""output.weight"", ""output.bias""]","[""branched.branched_layer_1.weight"", ""branched.branched_layer_1.bias"", ""branched.branched_layer_2.weight"", ""branched.branched_layer_2.bias"", ""branched.branched_layer_3.weight"", ""branched.branched_layer_3.bias"", ""output.weight"", ""output.bias""]",0,0,0,0,179620,141,0,0,0,0,0,179620,141,0
20260414T220505Z_fe14746b,23,random_all_per_seed,all_rows,7,723239,723239,723239,False,False,0.1,0.1,31a2235bdd32c79f9bbcf57fc47adfc274d10761b654866ae9cb9911c3fafcdd,e458c253f91c63ca9a967c6fa4d0ab9cc52faa8ba7794e12b09a2f25a2869c9b,e651fb131205a5d9c63fd1d1ecf15ac7ac31e5181706fbf3e757de8449fba204,SKNSH,2,B2_with_RC,True,False,,,1,2297,0.7499183806725432,branched_only,random,3063,967,2096,716,1581,0.31171092729647365,383,383,0.0005,0.0001,0.0001,2297,0.24842998385429382,0.32485339045524597,0.25585756497527656,0.5182691864146808,0.4364998023990994,0.26860294958693515,0.7438185811042786,383,0.2668408453464508,0.3539595305919647,0.09218659382793348,0.3050929136453236,0.2601869363291198,0.09308168595659289,0.8830786943435669,383,0.27463215589523315,0.3586443066596985,0.12067406373700373,0.3497411390138487,0.2515461670948494,0.12231886431870423,0.9066091775894165,50,0.8830786943435669,179761,3747661,179761,2,"[""branched.branched_layer_1.weight"", ""branched.branched_layer_1.bias"", ""branched.branched_layer_2.weight"", ""branched.branched_layer_2.bias"", ""branched.branched_layer_3.weight"", ""branched.branched_layer_3.bias"", ""output.weight"", ""output.bias""]","[""branched.branched_layer_1.weight"", ""branched.branched_layer_1.bias"", ""branched.branched_layer_2.weight"", ""branched.branched_layer_2.bias"", ""branched.branched_layer_3.weight"", ""branched.branched_layer_3.bias"", ""output.weight"", ""output.bias""]",0,0,0,0,179620,141,0,0,0,0,0,179620,141,0
20260414T220505Z_fe14746b,31,random_all_per_seed,all_rows,7,731311,731311,731311,False,False,0.1,0.1,7ed9f1e71cff080acfd2b40dc86b6782e03711f552c9029ae842ca8d03bd429d,0584dd818218833228e343b6fa1df680f9194b9f11e5f570a45a30905d139e17,27306d05049ecb6e9137a41b7d192b6574e2d4876a1af2e57e67cc9df35420c3,SKNSH,2,B2_with_RC,True,False,,,1,2297,0.7499183806725432,branched_only,random,3063,989,2074,734,1563,0.3195472355245973,383,383,0.0005,0.0001,0.0001,2297,0.27019888162612915,0.3532647490501404,0.14654349039652492,0.38865260930709883,0.3100141722112855,0.1510508507212164,0.853084921836853,383,0.27437156438827515,0.36125698685646057,0.06011424372530316,0.2604625051661868,0.23440819994250003,0.06784071659744588,0.8921219706535339,383,0.2687906324863434,0.3513871729373932,0.12216041782266673,0.36158577973503875,0.25041916373144696,0.13074427610659595,0.8440408110618591,5,0.8921219706535339,179761,3747661,179761,2,"[""branched.branched_layer_1.weight"", ""branched.branched_layer_1.bias"", ""branched.branched_layer_2.weight"", ""branched.branched_layer_2.bias"", ""branched.branched_layer_3.weight"", ""branched.branched_layer_3.bias"", ""output.weight"", ""output.bias""]","[""branched.branched_layer_1.weight"", ""branched.branched_layer_1.bias"", ""branched.branched_layer_2.weight"", ""branched.branched_layer_2.bias"", ""branched.branched_layer_3.weight"", ""branched.branched_layer_3.bias"", ""output.weight"", ""output.bias""]",0,0,0,0,179620,141,0,0,0,0,0,179620,141,0
20260414T220505Z_fe14746b,17,random_all_per_seed,all_rows,7,717185,717185,717185,False,False,0.1,0.1,d20de91f4b455148159ffd14b15eca3b322f00e6bd4570610b1fd92d56691f0d,09700ad8a87e01fddb78e1e19347ac15933ccd3442ae763be67b580da0d6acf2,165d865a5469b007379d19d8eddb5ccdcd8811d96d30294e5b7d188c27387d3a,HepG2,1,B2_with_RC,True,False,,,1,3063,1.0,branched_only,random,3063,983,2080,983,2080,0.32092719555990856,383,383,0.0005,0.0001,0.0001,3063,0.26244255900382996,0.3428352177143097,0.18695967706919758,0.43994341684915084,0.3505419432212693,0.19355021002890568,0.8127748370170593,383,0.2589203715324402,0.3382038176059723,0.014451538224282579,0.20651841353447983,0.1525856004442575,0.042649855128798424,0.790963351726532,383,0.2949943542480469,0.3828211724758148,0.10018375484383713,0.3241304407267524,0.2209880436504366,0.10506054260571875,1.013424277305603,14,0.790963351726532,179761,3747661,179761,2,"[""branched.branched_layer_1.weight"", ""branched.branched_layer_1.bias"", ""branched.branched_layer_2.weight"", ""branched.branched_layer_2.bias"", ""branched.branched_layer_3.weight"", ""branched.branched_layer_3.bias"", ""output.weight"", ""output.bias""]","[""branched.branched_layer_1.weight"", ""branched.branched_layer_1.bias"", ""branched.branched_layer_2.weight"", ""branched.branched_layer_2.bias"", ""branched.branched_layer_3.weight"", ""branched.branched_layer_3.bias"", ""output.weight"", ""output.bias""]",0,0,0,0,179620,141,0,0,0,0,0,179620,141,0
20260414T220505Z_fe14746b,19,random_all_per_seed,all_rows,7,719203,719203,719203,False,False,0.1,0.1,e749d923ec422f4e9585fafb01f5ecd5ad938df3ddbd0bb71ac99303ee9e50fa,b0c6175bfc15047131416b9da64bb2cb3fc428a1cef9486a2cc5173235f866bb,3ca99a39f2f8ee987e87b32207e9c91500b2f4159a741abfc9982d5f0c4932bd,HepG2,1,B2_with_RC,True,False,,,1,3063,1.0,branched_only,random,3063,972,2091,972,2091,0.31733594515181196,383,383,0.0005,0.0001,0.0001,3063,0.2657446265220642,0.34664100408554077,0.17866359096762208,0.42506170834575696,0.34012437028691184,0.18067745590181336,0.821068286895752,383,0.255677729845047,0.3279579281806946,0.22937861880417654,0.48362606408306175,0.29079922696150823,0.23389416986047376,0.7349463701248169,383,0.2520746886730194,0.3332151770591736,0.12130325925164553,0.3511610423116524,0.2865620353718921,0.12331407763740614,0.758698046207428,19,0.7349463701248169,179761,3747661,179761,2,"[""branched.branched_layer_1.weight"", ""branched.branched_layer_1.bias"", ""branched.branched_layer_2.weight"", ""branched.branched_layer_2.bias"", ""branched.branched_layer_3.weight"", ""branched.branched_layer_3.bias"", ""output.weight"", ""output.bias""]","[""branched.branched_layer_1.weight"", ""branched.branched_layer_1.bias"", ""branched.branched_layer_2.weight"", ""branched.branched_layer_2.bias"", ""branched.branched_layer_3.weight"", ""branched.branched_layer_3.bias"", ""output.weight"", ""output.bias""]",0,0,0,0,179620,141,0,0,0,0,0,179620,141,0
20260414T220505Z_fe14746b,23,random_all_per_seed,all_rows,7,723239,723239,723239,False,False,0.1,0.1,13ab0f6315aefa701430d3c6d72aabbac7d8c14bbd495bef999f60f53d37b30d,e458c253f91c63ca9a967c6fa4d0ab9cc52faa8ba7794e12b09a2f25a2869c9b,e651fb131205a5d9c63fd1d1ecf15ac7ac31e5181706fbf3e757de8449fba204,HepG2,1,B2_with_RC,True,False,,,1,3063,1.0,branched_only,random,3063,967,2096,967,2096,0.3157035586026771,383,383,0.0005,0.0001,0.0001,3063,0.23662862181663513,0.30767425894737244,0.34252981608349276,0.595420823352406,0.5224838485356256,0.35452595688165706,0.6572554707527161,383,0.26599255204200745,0.3531684875488281,0.09623967730639871,0.32244268427623834,0.28663131082806975,0.10396928464326592,0.8659957051277161,383,0.27908915281295776,0.36317989230155945,0.09829260927338102,0.3352629058508334,0.25470565187129135,0.11240121603954478,0.9157891869544983,78,0.8659957051277161,179761,3747661,179761,2,"[""branched.branched_layer_1.weight"", ""branched.branched_layer_1.bias"", ""branched.branched_layer_2.weight"", ""branched.branched_layer_2.bias"", ""branched.branched_layer_3.weight"", ""branched.branched_layer_3.bias"", ""output.weight"", ""output.bias""]","[""branched.branched_layer_1.weight"", ""branched.branched_layer_1.bias"", ""branched.branched_layer_2.weight"", ""branched.branched_layer_2.bias"", ""branched.branched_layer_3.weight"", ""branched.branched_layer_3.bias"", ""output.weight"", ""output.bias""]",0,0,0,0,179620,141,0,0,0,0,0,179620,141,0
20260414T220505Z_fe14746b,31,random_all_per_seed,all_rows,7,731311,731311,731311,False,False,0.1,0.1,399d8048139dad18f085378ecdd6bc241c21c7bdfccf442a2b187df7b6daa383,0584dd818218833228e343b6fa1df680f9194b9f11e5f570a45a30905d139e17,27306d05049ecb6e9137a41b7d192b6574e2d4876a1af2e57e67cc9df35420c3,HepG2,1,B2_with_RC,True,False,,,1,3063,1.0,branched_only,random,3063,989,2074,989,2074,0.3228860594188704,383,383,0.0005,0.0001,0.0001,3063,0.26338037848472595,0.3429293930530548,0.18588178249126108,0.4411744223067717,0.3415202317523267,0.19463487089771372,0.8138524293899536,383,0.2751469910144806,0.3610595464706421,0.06114149614893316,0.2633395209305867,0.21902515781619072,0.06934770328395091,0.9021815061569214,383,0.2664099335670471,0.346468985080719,0.1465617549730307,0.394246979344938,0.24205766585782332,0.155430680722608,0.8307397961616516,18,0.9021815061569214,179761,3747661,179761,2,"[""branched.branched_layer_1.weight"", ""branched.branched_layer_1.bias"", ""branched.branched_layer_2.weight"", ""branched.branched_layer_2.bias"", ""branched.branched_layer_3.weight"", ""branched.branched_layer_3.bias"", ""output.weight"", ""output.bias""]","[""branched.branched_layer_1.weight"", ""branched.branched_layer_1.bias"", ""branched.branched_layer_2.weight"", ""branched.branched_layer_2.bias"", ""branched.branched_layer_3.weight"", ""branched.branched_layer_3.bias"", ""output.weight"", ""output.bias""]",0,0,0,0,179620,141,0,0,0,0,0,179620,141,0
20260414T220505Z_fe14746b,17,random_all_per_seed,all_rows,7,717185,717185,717185,False,False,0.1,0.1,d20de91f4b455148159ffd14b15eca3b322f00e6bd4570610b1fd92d56691f0d,09700ad8a87e01fddb78e1e19347ac15933ccd3442ae763be67b580da0d6acf2,165d865a5469b007379d19d8eddb5ccdcd8811d96d30294e5b7d188c27387d3a,K562,0,B2_with_RC,True,False,,,1,3063,1.0,branched_only,random,3063,983,2080,983,2080,0.32092719555990856,383,383,0.0005,0.0001,0.0001,3063,0.27464860677719116,0.3596898913383484,0.1050523067125857,0.33180071546420775,0.26470587868167017,0.11009171478256015,0.8946555256843567,383,0.2587718665599823,0.338472843170166,0.012882942677693299,0.19284997854013414,0.12272074707966762,0.0371911142229302,0.7922221422195435,383,0.30220329761505127,0.39030376076698303,0.06466460643697225,0.2590457400328801,0.20245628082393075,0.0671046954291825,1.0534279346466064,0,0.7922221422195435,179761,3747661,179761,2,"[""branched.branched_layer_1.weight"", ""branched.branched_layer_1.bias"", ""branched.branched_layer_2.weight"", ""branched.branched_layer_2.bias"", ""branched.branched_layer_3.weight"", ""branched.branched_layer_3.bias"", ""output.weight"", ""output.bias""]","[""branched.branched_layer_1.weight"", ""branched.branched_layer_1.bias"", ""branched.branched_layer_2.weight"", ""branched.branched_layer_2.bias"", ""branched.branched_layer_3.weight"", ""branched.branched_layer_3.bias"", ""output.weight"", ""output.bias""]",0,0,0,0,179620,141,0,0,0,0,0,179620,141,0
20260414T220505Z_fe14746b,19,random_all_per_seed,all_rows,7,719203,719203,719203,False,False,0.1,0.1,e749d923ec422f4e9585fafb01f5ecd5ad938df3ddbd0bb71ac99303ee9e50fa,b0c6175bfc15047131416b9da64bb2cb3fc428a1cef9486a2cc5173235f866bb,3ca99a39f2f8ee987e87b32207e9c91500b2f4159a741abfc9982d5f0c4932bd,K562,0,B2_with_RC,True,False,,,1,3063,1.0,branched_only,random,3063,972,2091,972,2091,0.31733594515181196,383,383,0.0005,0.0001,0.0001,3063,0.2656106650829315,0.347185343503952,0.17608209043655731,0.4282477760117962,0.3499255510685194,0.18339615765904957,0.8236489295959473,383,0.255286306142807,0.32748234272003174,0.2316119593617082,0.4906671245678545,0.2910274583271243,0.24075422713168645,0.7328163981437683,383,0.2526989281177521,0.33379390835762024,0.11824841038453138,0.35302802443022446,0.2942925545382198,0.12462878603310716,0.7613357305526733,22,0.7328163981437683,179761,3747661,179761,2,"[""branched.branched_layer_1.weight"", ""branched.branched_layer_1.bias"", ""branched.branched_layer_2.weight"", ""branched.branched_layer_2.bias"", ""branched.branched_layer_3.weight"", ""branched.branched_layer_3.bias"", ""output.weight"", ""output.bias""]","[""branched.branched_layer_1.weight"", ""branched.branched_layer_1.bias"", ""branched.branched_layer_2.weight"", ""branched.branched_layer_2.bias"", ""branched.branched_layer_3.weight"", ""branched.branched_layer_3.bias"", ""output.weight"", ""output.bias""]",0,0,0,0,179620,141,0,0,0,0,0,179620,141,0
20260414T220505Z_fe14746b,23,random_all_per_seed,all_rows,7,723239,723239,723239,False,False,0.1,0.1,13ab0f6315aefa701430d3c6d72aabbac7d8c14bbd495bef999f60f53d37b30d,e458c253f91c63ca9a967c6fa4d0ab9cc52faa8ba7794e12b09a2f25a2869c9b,e651fb131205a5d9c63fd1d1ecf15ac7ac31e5181706fbf3e757de8449fba204,K562,0,B2_with_RC,True,False,,,1,3063,1.0,branched_only,random,3063,967,2096,967,2096,0.3157035586026771,383,383,0.0005,0.0001,0.0001,3063,0.25119879841804504,0.3266000747680664,0.2591568147009755,0.5204832115138125,0.4377892715959325,0.27090277346773206,0.7406011819839478,383,0.2642923891544342,0.35212770104408264,0.10155846079101272,0.319770180258666,0.3054716781061272,0.10225296818265975,0.8608992099761963,383,0.27635839581489563,0.3598988354206085,0.11451151044381402,0.3407728500889393,0.24630161247118176,0.1161261353577387,0.8993170261383057,51,0.8608992099761963,179761,3747661,179761,2,"[""branched.branched_layer_1.weight"", ""branched.branched_layer_1.bias"", ""branched.branched_layer_2.weight"", ""branched.branched_layer_2.bias"", ""branched.branched_layer_3.weight"", ""branched.branched_layer_3.bias"", ""output.weight"", ""output.bias""]","[""branched.branched_layer_1.weight"", ""branched.branched_layer_1.bias"", ""branched.branched_layer_2.weight"", ""branched.branched_layer_2.bias"", ""branched.branched_layer_3.weight"", ""branched.branched_layer_3.bias"", ""output.weight"", ""output.bias""]",0,0,0,0,179620,141,0,0,0,0,0,179620,141,0
20260414T220505Z_fe14746b,31,random_all_per_seed,all_rows,7,731311,731311,731311,False,False,0.1,0.1,399d8048139dad18f085378ecdd6bc241c21c7bdfccf442a2b187df7b6daa383,0584dd818218833228e343b6fa1df680f9194b9f11e5f570a45a30905d139e17,27306d05049ecb6e9137a41b7d192b6574e2d4876a1af2e57e67cc9df35420c3,K562,0,B2_with_RC,True,False,,,1,3063,1.0,branched_only,random,3063,989,2074,989,2074,0.3228860594188704,383,383,0.0005,0.0001,0.0001,3063,0.25988927483558655,0.33755815029144287,0.2111847822788233,0.4718946932484428,0.37672385586104423,0.2226846015160419,0.7885578274726868,383,0.2763095498085022,0.36210307478904724,0.05570661997872184,0.26087110749890247,0.19987808554638992,0.06805373472770393,0.9074040651321411,383,0.26815828680992126,0.34929078817367554,0.13260357689421842,0.383611074663555,0.23613367941828875,0.14715745660452756,0.8443267941474915,28,0.9074040651321411,179761,3747661,179761,2,"[""branched.branched_layer_1.weight"", ""branched.branched_layer_1.bias"", ""branched.branched_layer_2.weight"", ""branched.branched_layer_2.bias"", ""branched.branched_layer_3.weight"", ""branched.branched_layer_3.bias"", ""output.weight"", ""output.bias""]","[""branched.branched_layer_1.weight"", ""branched.branched_layer_1.bias"", ""branched.branched_layer_2.weight"", ""branched.branched_layer_2.bias"", ""branched.branched_layer_3.weight"", ""branched.branched_layer_3.bias"", ""output.weight"", ""output.bias""]",0,0,0,0,179620,141,0,0,0,0,0,179620,141,0
20260414T220505Z_fe14746b,17,random_all_per_seed,all_rows,7,717185,717185,717185,False,False,0.1,0.1,d20de91f4b455148159ffd14b15eca3b322f00e6bd4570610b1fd92d56691f0d,09700ad8a87e01fddb78e1e19347ac15933ccd3442ae763be67b580da0d6acf2,165d865a5469b007379d19d8eddb5ccdcd8811d96d30294e5b7d188c27387d3a,SKNSH,2,B2_with_RC,True,False,,,1,3063,1.0,branched_only,random,3063,983,2080,983,2080,0.32092719555990856,383,383,0.0005,0.0001,0.0001,3063,0.25932830572128296,0.33849555253982544,0.20741274231354256,0.47304317143928765,0.39063355675949574,0.22376984204533928,0.7923284769058228,383,0.2584325969219208,0.33716848492622375,0.02047635941657655,0.2068951576392843,0.16368355446477711,0.042805606254584294,0.7861281037330627,383,0.2927699387073517,0.3822634816169739,0.10280352113614899,0.32784849316574616,0.21795991919335211,0.1074846344710503,1.0104737281799316,30,0.7861281037330627,179761,3747661,179761,2,"[""branched.branched_layer_1.weight"", ""branched.branched_layer_1.bias"", ""branched.branched_layer_2.weight"", ""branched.branched_layer_2.bias"", ""branched.branched_layer_3.weight"", ""branched.branched_layer_3.bias"", ""output.weight"", ""output.bias""]","[""branched.branched_layer_1.weight"", ""branched.branched_layer_1.bias"", ""branched.branched_layer_2.weight"", ""branched.branched_layer_2.bias"", ""branched.branched_layer_3.weight"", ""branched.branched_layer_3.bias"", ""output.weight"", ""output.bias""]",0,0,0,0,179620,141,0,0,0,0,0,179620,141,0
20260414T220505Z_fe14746b,19,random_all_per_seed,all_rows,7,719203,719203,719203,False,False,0.1,0.1,e749d923ec422f4e9585fafb01f5ecd5ad938df3ddbd0bb71ac99303ee9e50fa,b0c6175bfc15047131416b9da64bb2cb3fc428a1cef9486a2cc5173235f866bb,3ca99a39f2f8ee987e87b32207e9c91500b2f4159a741abfc9982d5f0c4932bd,SKNSH,2,B2_with_RC,True,False,,,1,3063,1.0,branched_only,random,3063,972,2091,972,2091,0.31733594515181196,383,383,0.0005,0.0001,0.0001,3063,0.2658812403678894,0.34767183661460876,0.1737713661971486,0.41783729854971163,0.3447659910978376,0.17458800805932084,0.8259589076042175,383,0.25702378153800964,0.3292565643787384,0.22326347888035247,0.4776794802254118,0.2864933757834351,0.22817768582841957,0.7407783269882202,383,0.25096994638442993,0.3323075473308563,0.1260835349352819,0.3579380626436001,0.29232209077437,0.1281196566890538,0.754570484161377,22,0.7407783269882202,179761,3747661,179761,2,"[""branched.branched_layer_1.weight"", ""branched.branched_layer_1.bias"", ""branched.branched_layer_2.weight"", ""branched.branched_layer_2.bias"", ""branched.branched_layer_3.weight"", ""branched.branched_layer_3.bias"", ""output.weight"", ""output.bias""]","[""branched.branched_layer_1.weight"", ""branched.branched_layer_1.bias"", ""branched.branched_layer_2.weight"", ""branched.branched_layer_2.bias"", ""branched.branched_layer_3.weight"", ""branched.branched_layer_3.bias"", ""output.weight"", ""output.bias""]",0,0,0,0,179620,141,0,0,0,0,0,179620,141,0
20260414T220505Z_fe14746b,23,random_all_per_seed,all_rows,7,723239,723239,723239,False,False,0.1,0.1,13ab0f6315aefa701430d3c6d72aabbac7d8c14bbd495bef999f60f53d37b30d,e458c253f91c63ca9a967c6fa4d0ab9cc52faa8ba7794e12b09a2f25a2869c9b,e651fb131205a5d9c63fd1d1ecf15ac7ac31e5181706fbf3e757de8449fba204,SKNSH,2,B2_with_RC,True,False,,,1,3063,1.0,branched_only,random,3063,967,2096,967,2096,0.3157035586026771,383,383,0.0005,0.0001,0.0001,3063,0.24415943026542664,0.317574679851532,0.29953657061981875,0.559397218970464,0.4967122837772327,0.31292524859188925,0.7002347111701965,383,0.2647871673107147,0.35359257459640503,0.09406775110700039,0.3098237392218034,0.2814835819548129,0.09599074938538003,0.8680769205093384,383,0.2750183641910553,0.3587203621864319,0.1203011348219396,0.35152576193031143,0.26099877565748847,0.123570361300686,0.8934369087219238,70,0.8680769205093384,179761,3747661,179761,2,"[""branched.branched_layer_1.weight"", ""branched.branched_layer_1.bias"", ""branched.branched_layer_2.weight"", ""branched.branched_layer_2.bias"", ""branched.branched_layer_3.weight"", ""branched.branched_layer_3.bias"", ""output.weight"", ""output.bias""]","[""branched.branched_layer_1.weight"", ""branched.branched_layer_1.bias"", ""branched.branched_layer_2.weight"", ""branched.branched_layer_2.bias"", ""branched.branched_layer_3.weight"", ""branched.branched_layer_3.bias"", ""output.weight"", ""output.bias""]",0,0,0,0,179620,141,0,0,0,0,0,179620,141,0
20260414T220505Z_fe14746b,31,random_all_per_seed,all_rows,7,731311,731311,731311,False,False,0.1,0.1,399d8048139dad18f085378ecdd6bc241c21c7bdfccf442a2b187df7b6daa383,0584dd818218833228e343b6fa1df680f9194b9f11e5f570a45a30905d139e17,27306d05049ecb6e9137a41b7d192b6574e2d4876a1af2e57e67cc9df35420c3,SKNSH,2,B2_with_RC,True,False,,,1,3063,1.0,branched_only,random,3063,989,2074,989,2074,0.3228860594188704,383,383,0.0005,0.0001,0.0001,3063,0.26620349287986755,0.3475416302680969,0.16383549587677504,0.41092186387136703,0.3140577947480389,0.1688567782075183,0.835891604423523,383,0.2734571695327759,0.3605387210845947,0.0638480311987486,0.2744493700499499,0.23927357443351266,0.07532245672081433,0.8995805978775024,383,0.2665010690689087,0.34724318981170654,0.14274337889920752,0.3850764158216117,0.2441043824534684,0.14828384602201877,0.834456741809845,11,0.8995805978775024,179761,3747661,179761,2,"[""branched.branched_layer_1.weight"", ""branched.branched_layer_1.bias"", ""branched.branched_layer_2.weight"", ""branched.branched_layer_2.bias"", ""branched.branched_layer_3.weight"", ""branched.branched_layer_3.bias"", ""output.weight"", ""output.bias""]","[""branched.branched_layer_1.weight"", ""branched.branched_layer_1.bias"", ""branched.branched_layer_2.weight"", ""branched.branched_layer_2.bias"", ""branched.branched_layer_3.weight"", ""branched.branched_layer_3.bias"", ""output.weight"", ""output.bias""]",0,0,0,0,179620,141,0,0,0,0,0,179620,141,0
20260414T220505Z_fe14746b,17,random_all_per_seed,all_rows,7,717185,717185,717185,False,False,0.1,0.1,fd2ed1f7a2f865a02b437eb807b01700163c4e7b5b3d25f1fd6719b606e9feb3,09700ad8a87e01fddb78e1e19347ac15933ccd3442ae763be67b580da0d6acf2,165d865a5469b007379d19d8eddb5ccdcd8811d96d30294e5b7d188c27387d3a,HepG2,1,B2_with_RC,True,False,,,1,2297,0.7499183806725432,conv3_plus,random,3063,983,2080,728,1569,0.3169351327818894,383,383,0.0005,0.0001,0.0001,2297,0.2807579040527344,0.36857250332832336,0.09318283163934082,0.3132672193446091,0.27143765080373117,0.09813635071590343,0.9064223170280457,383,0.2625754177570343,0.3404860496520996,0.0011053458058906118,0.16800243563992437,0.13252264392146765,0.02822481838094693,0.773541271686554,383,0.2987901270389557,0.39047786593437195,0.06382997980335636,0.25618538729646945,0.2116046505021088,0.06563095266424204,1.0173667669296265,0,0.773541271686554,179761,3747661,3063361,2,"[""branched.branched_layer_1.weight"", ""branched.branched_layer_1.bias"", ""branched.branched_layer_2.weight"", ""branched.branched_layer_2.bias"", ""branched.branched_layer_3.weight"", ""branched.branched_layer_3.bias"", ""output.weight"", ""output.bias""]","[""conv3.conv.weight"", ""conv3.conv.bias"", ""conv3.bn_layer.weight"", ""conv3.bn_layer.bias"", ""linear1.linear.weight"", ""linear1.linear.bias"", ""linear1.bn_layer.weight"", ""linear1.bn_layer.bias"", ""branched.branched_layer_1.weight"", ""branched.branched_layer_1.bias"", ""branched.branched_layer_2.weight"", ""branched.branched_layer_2.bias"", ""branched.branched_layer_3.weight"", ""branched.branched_layer_3.bias"", ""output.weight"", ""output.bias""]",0,0,0,0,179620,141,0,0,0,280600,2603000,179620,141,0
20260414T220505Z_fe14746b,19,random_all_per_seed,all_rows,7,719203,719203,719203,False,False,0.1,0.1,d10f09aa265bab71343f680e34f2eb30e8cd4527aa6a1ca50685490c50e26cf1,b0c6175bfc15047131416b9da64bb2cb3fc428a1cef9486a2cc5173235f866bb,3ca99a39f2f8ee987e87b32207e9c91500b2f4159a741abfc9982d5f0c4932bd,HepG2,1,B2_with_RC,True,False,,,1,2297,0.7499183806725432,conv3_plus,random,3063,972,2091,733,1564,0.31911188506747934,383,383,0.0005,0.0001,0.0001,2297,0.23895534873008728,0.31697583198547363,0.328349998330303,0.5926932827456197,0.5194301554691503,0.35128532741177915,0.6713575720787048,383,0.2564148008823395,0.32955917716026306,0.22183510002683915,0.4711583857135231,0.2806994817335189,0.22199022442817298,0.7257188558578491,383,0.25493478775024414,0.3351101279258728,0.1112808074209275,0.3482472800729519,0.2727090877109056,0.12127616807820901,0.7503721117973328,5,0.7257188558578491,179761,3747661,3063361,2,"[""branched.branched_layer_1.weight"", ""branched.branched_layer_1.bias"", ""branched.branched_layer_2.weight"", ""branched.branched_layer_2.bias"", ""branched.branched_layer_3.weight"", ""branched.branched_layer_3.bias"", ""output.weight"", ""output.bias""]","[""conv3.conv.weight"", ""conv3.conv.bias"", ""conv3.bn_layer.weight"", ""conv3.bn_layer.bias"", ""linear1.linear.weight"", ""linear1.linear.bias"", ""linear1.bn_layer.weight"", ""linear1.bn_layer.bias"", ""branched.branched_layer_1.weight"", ""branched.branched_layer_1.bias"", ""branched.branched_layer_2.weight"", ""branched.branched_layer_2.bias"", ""branched.branched_layer_3.weight"", ""branched.branched_layer_3.bias"", ""output.weight"", ""output.bias""]",0,0,0,0,179620,141,0,0,0,280600,2603000,179620,141,0
20260414T220505Z_fe14746b,23,random_all_per_seed,all_rows,7,723239,723239,723239,False,False,0.1,0.1,31a2235bdd32c79f9bbcf57fc47adfc274d10761b654866ae9cb9911c3fafcdd,e458c253f91c63ca9a967c6fa4d0ab9cc52faa8ba7794e12b09a2f25a2869c9b,e651fb131205a5d9c63fd1d1ecf15ac7ac31e5181706fbf3e757de8449fba204,HepG2,1,B2_with_RC,True,False,,,1,2297,0.7499183806725432,conv3_plus,random,3063,967,2096,716,1581,0.31171092729647365,383,383,0.0005,0.0001,0.0001,2297,0.25366467237472534,0.3306522071361542,0.229053705900098,0.4883203737003999,0.3642532683706847,0.23845678737089818,0.7706108093261719,383,0.2654685378074646,0.35432830452919006,0.09029388950809891,0.30364448962231105,0.23975824905514795,0.09219997607799377,0.8849197030067444,383,0.2731597423553467,0.3577677309513092,0.1249671380650661,0.3571263915421925,0.22934144949012708,0.12753925953594739,0.9021828174591064,3,0.8849197030067444,179761,3747661,3063361,2,"[""branched.branched_layer_1.weight"", ""branched.branched_layer_1.bias"", ""branched.branched_layer_2.weight"", ""branched.branched_layer_2.bias"", ""branched.branched_layer_3.weight"", ""branched.branched_layer_3.bias"", ""output.weight"", ""output.bias""]","[""conv3.conv.weight"", ""conv3.conv.bias"", ""conv3.bn_layer.weight"", ""conv3.bn_layer.bias"", ""linear1.linear.weight"", ""linear1.linear.bias"", ""linear1.bn_layer.weight"", ""linear1.bn_layer.bias"", ""branched.branched_layer_1.weight"", ""branched.branched_layer_1.bias"", ""branched.branched_layer_2.weight"", ""branched.branched_layer_2.bias"", ""branched.branched_layer_3.weight"", ""branched.branched_layer_3.bias"", ""output.weight"", ""output.bias""]",0,0,0,0,179620,141,0,0,0,280600,2603000,179620,141,0
20260414T220505Z_fe14746b,31,random_all_per_seed,all_rows,7,731311,731311,731311,False,False,0.1,0.1,7ed9f1e71cff080acfd2b40dc86b6782e03711f552c9029ae842ca8d03bd429d,0584dd818218833228e343b6fa1df680f9194b9f11e5f570a45a30905d139e17,27306d05049ecb6e9137a41b7d192b6574e2d4876a1af2e57e67cc9df35420c3,HepG2,1,B2_with_RC,True,False,,,1,2297,0.7499183806725432,conv3_plus,random,3063,989,2074,734,1563,0.3195472355245973,383,383,0.0005,0.0001,0.0001,2297,0.2541850805282593,0.33412426710128784,0.23652146244381256,0.4941791432737581,0.3794049047314231,0.24421302564678554,0.7631462216377258,383,0.2739434838294983,0.3624488115310669,0.05390245456016585,0.2713081312383654,0.21727990296913474,0.0736081020760541,0.8980180621147156,383,0.26659730076789856,0.34730371832847595,0.1424445537776169,0.3835501734464503,0.2750049543244025,0.14711073555080212,0.8245378136634827,3,0.8980180621147156,179761,3747661,3063361,2,"[""branched.branched_layer_1.weight"", ""branched.branched_layer_1.bias"", ""branched.branched_layer_2.weight"", ""branched.branched_layer_2.bias"", ""branched.branched_layer_3.weight"", ""branched.branched_layer_3.bias"", ""output.weight"", ""output.bias""]","[""conv3.conv.weight"", ""conv3.conv.bias"", ""conv3.bn_layer.weight"", ""conv3.bn_layer.bias"", ""linear1.linear.weight"", ""linear1.linear.bias"", ""linear1.bn_layer.weight"", ""linear1.bn_layer.bias"", ""branched.branched_layer_1.weight"", ""branched.branched_layer_1.bias"", ""branched.branched_layer_2.weight"", ""branched.branched_layer_2.bias"", ""branched.branched_layer_3.weight"", ""branched.branched_layer_3.bias"", ""output.weight"", ""output.bias""]",0,0,0,0,179620,141,0,0,0,280600,2603000,179620,141,0
20260414T220505Z_fe14746b,17,random_all_per_seed,all_rows,7,717185,717185,717185,False,False,0.1,0.1,fd2ed1f7a2f865a02b437eb807b01700163c4e7b5b3d25f1fd6719b606e9feb3,09700ad8a87e01fddb78e1e19347ac15933ccd3442ae763be67b580da0d6acf2,165d865a5469b007379d19d8eddb5ccdcd8811d96d30294e5b7d188c27387d3a,K562,0,B2_with_RC,True,False,,,1,2297,0.7499183806725432,conv3_plus,random,3063,983,2080,728,1569,0.3169351327818894,383,383,0.0005,0.0001,0.0001,2297,0.2796397805213928,0.36742064356803894,0.0988418994332152,0.3217455095886761,0.27092136367400216,0.10352017294047686,0.9007657170295715,383,0.25947076082229614,0.33889859914779663,0.01039806008378319,0.1900440060789025,0.12196364605332408,0.036116724246517934,0.7663449645042419,383,0.30444538593292236,0.39254793524742126,0.0538776931966799,0.23508361010705797,0.19495063759497713,0.05526430374096725,1.0281822681427002,0,0.7663449645042419,179761,3747661,3063361,2,"[""branched.branched_layer_1.weight"", ""branched.branched_layer_1.bias"", ""branched.branched_layer_2.weight"", ""branched.branched_layer_2.bias"", ""branched.branched_layer_3.weight"", ""branched.branched_layer_3.bias"", ""output.weight"", ""output.bias""]","[""conv3.conv.weight"", ""conv3.conv.bias"", ""conv3.bn_layer.weight"", ""conv3.bn_layer.bias"", ""linear1.linear.weight"", ""linear1.linear.bias"", ""linear1.bn_layer.weight"", ""linear1.bn_layer.bias"", ""branched.branched_layer_1.weight"", ""branched.branched_layer_1.bias"", ""branched.branched_layer_2.weight"", ""branched.branched_layer_2.bias"", ""branched.branched_layer_3.weight"", ""branched.branched_layer_3.bias"", ""output.weight"", ""output.bias""]",0,0,0,0,179620,141,0,0,0,280600,2603000,179620,141,0
20260414T220505Z_fe14746b,19,random_all_per_seed,all_rows,7,719203,719203,719203,False,False,0.1,0.1,d10f09aa265bab71343f680e34f2eb30e8cd4527aa6a1ca50685490c50e26cf1,b0c6175bfc15047131416b9da64bb2cb3fc428a1cef9486a2cc5173235f866bb,3ca99a39f2f8ee987e87b32207e9c91500b2f4159a741abfc9982d5f0c4932bd,K562,0,B2_with_RC,True,False,,,1,2297,0.7499183806725432,conv3_plus,random,3063,972,2091,733,1564,0.31911188506747934,383,383,0.0005,0.0001,0.0001,2297,0.25313764810562134,0.3345523476600647,0.25179794392802257,0.512701529326242,0.4117629504863671,0.2628628581734674,0.7478764057159424,383,0.2551979720592499,0.3282261788845062,0.2281173694108415,0.4787101191010458,0.29248591762934834,0.22916337812973742,0.7198601365089417,383,0.2544437646865845,0.3348176181316376,0.11283156334547095,0.34584347499965346,0.28346354785336575,0.11960770919983592,0.7490627765655518,4,0.7198601365089417,179761,3747661,3063361,2,"[""branched.branched_layer_1.weight"", ""branched.branched_layer_1.bias"", ""branched.branched_layer_2.weight"", ""branched.branched_layer_2.bias"", ""branched.branched_layer_3.weight"", ""branched.branched_layer_3.bias"", ""output.weight"", ""output.bias""]","[""conv3.conv.weight"", ""conv3.conv.bias"", ""conv3.bn_layer.weight"", ""conv3.bn_layer.bias"", ""linear1.linear.weight"", ""linear1.linear.bias"", ""linear1.bn_layer.weight"", ""linear1.bn_layer.bias"", ""branched.branched_layer_1.weight"", ""branched.branched_layer_1.bias"", ""branched.branched_layer_2.weight"", ""branched.branched_layer_2.bias"", ""branched.branched_layer_3.weight"", ""branched.branched_layer_3.bias"", ""output.weight"", ""output.bias""]",0,0,0,0,179620,141,0,0,0,280600,2603000,179620,141,0
20260414T220505Z_fe14746b,23,random_all_per_seed,all_rows,7,723239,723239,723239,False,False,0.1,0.1,31a2235bdd32c79f9bbcf57fc47adfc274d10761b654866ae9cb9911c3fafcdd,e458c253f91c63ca9a967c6fa4d0ab9cc52faa8ba7794e12b09a2f25a2869c9b,e651fb131205a5d9c63fd1d1ecf15ac7ac31e5181706fbf3e757de8449fba204,K562,0,B2_with_RC,True,False,,,1,2297,0.7499183806725432,conv3_plus,random,3063,967,2096,716,1581,0.31171092729647365,383,383,0.0005,0.0001,0.0001,2297,0.2627352774143219,0.3423386216163635,0.17359467718937316,0.4207579392128646,0.3229944218379112,0.17703724341065666,0.8260456323623657,383,0.26708266139030457,0.3551494777202606,0.08607250791044463,0.29512920102087076,0.23884735736303161,0.08710124529521754,0.8890261054039001,383,0.27439653873443604,0.35850656032562256,0.12134931223996004,0.3499867425411231,0.2292460764750386,0.1224907199545464,0.9059129357337952,2,0.8890261054039001,179761,3747661,3063361,2,"[""branched.branched_layer_1.weight"", ""branched.branched_layer_1.bias"", ""branched.branched_layer_2.weight"", ""branched.branched_layer_2.bias"", ""branched.branched_layer_3.weight"", ""branched.branched_layer_3.bias"", ""output.weight"", ""output.bias""]","[""conv3.conv.weight"", ""conv3.conv.bias"", ""conv3.bn_layer.weight"", ""conv3.bn_layer.bias"", ""linear1.linear.weight"", ""linear1.linear.bias"", ""linear1.bn_layer.weight"", ""linear1.bn_layer.bias"", ""branched.branched_layer_1.weight"", ""branched.branched_layer_1.bias"", ""branched.branched_layer_2.weight"", ""branched.branched_layer_2.bias"", ""branched.branched_layer_3.weight"", ""branched.branched_layer_3.bias"", ""output.weight"", ""output.bias""]",0,0,0,0,179620,141,0,0,0,280600,2603000,179620,141,0
20260414T220505Z_fe14746b,31,random_all_per_seed,all_rows,7,731311,731311,731311,False,False,0.1,0.1,7ed9f1e71cff080acfd2b40dc86b6782e03711f552c9029ae842ca8d03bd429d,0584dd818218833228e343b6fa1df680f9194b9f11e5f570a45a30905d139e17,27306d05049ecb6e9137a41b7d192b6574e2d4876a1af2e57e67cc9df35420c3,K562,0,B2_with_RC,True,False,,,1,2297,0.7499183806725432,conv3_plus,random,3063,989,2074,734,1563,0.3195472355245973,383,383,0.0005,0.0001,0.0001,2297,0.26268669962882996,0.34500202536582947,0.1860006381964191,0.4342973406092834,0.34033346045136514,0.1886141800602959,0.8136450052261353,383,0.2738678455352783,0.36394810676574707,0.046059083548237845,0.2559714437553328,0.20419417629231906,0.06552138001818951,0.905462920665741,383,0.26850977540016174,0.34913384914398193,0.13338292980612054,0.3728981622129869,0.26211653513585864,0.1390530393818231,0.8332504630088806,2,0.905462920665741,179761,3747661,3063361,2,"[""branched.branched_layer_1.weight"", ""branched.branched_layer_1.bias"", ""branched.branched_layer_2.weight"", ""branched.branched_layer_2.bias"", ""branched.branched_layer_3.weight"", ""branched.branched_layer_3.bias"", ""output.weight"", ""output.bias""]","[""conv3.conv.weight"", ""conv3.conv.bias"", ""conv3.bn_layer.weight"", ""conv3.bn_layer.bias"", ""linear1.linear.weight"", ""linear1.linear.bias"", ""linear1.bn_layer.weight"", ""linear1.bn_layer.bias"", ""branched.branched_layer_1.weight"", ""branched.branched_layer_1.bias"", ""branched.branched_layer_2.weight"", ""branched.branched_layer_2.bias"", ""branched.branched_layer_3.weight"", ""branched.branched_layer_3.bias"", ""output.weight"", ""output.bias""]",0,0,0,0,179620,141,0,0,0,280600,2603000,179620,141,0
20260414T220505Z_fe14746b,17,random_all_per_seed,all_rows,7,717185,717185,717185,False,False,0.1,0.1,fd2ed1f7a2f865a02b437eb807b01700163c4e7b5b3d25f1fd6719b606e9feb3,09700ad8a87e01fddb78e1e19347ac15933ccd3442ae763be67b580da0d6acf2,165d865a5469b007379d19d8eddb5ccdcd8811d96d30294e5b7d188c27387d3a,SKNSH,2,B2_with_RC,True,False,,,1,2297,0.7499183806725432,conv3_plus,random,3063,983,2080,728,1569,0.3169351327818894,383,383,0.0005,0.0001,0.0001,2297,0.2812418043613434,0.3698997497558594,0.08663999179816972,0.3073097350887347,0.2631167694557725,0.09443927328030831,0.9129621982574463,383,0.2628118395805359,0.34110477566719055,-0.0025283068934274233,0.1392296889750515,0.1115783645040685,0.01938490629208958,0.7763550877571106,383,0.29881054162979126,0.39024612307548523,0.0649407768558915,0.2679776297971573,0.22890796737066205,0.07181201007170228,1.0161596536636353,0,0.7763550877571106,179761,3747661,3063361,2,"[""branched.branched_layer_1.weight"", ""branched.branched_layer_1.bias"", ""branched.branched_layer_2.weight"", ""branched.branched_layer_2.bias"", ""branched.branched_layer_3.weight"", ""branched.branched_layer_3.bias"", ""output.weight"", ""output.bias""]","[""conv3.conv.weight"", ""conv3.conv.bias"", ""conv3.bn_layer.weight"", ""conv3.bn_layer.bias"", ""linear1.linear.weight"", ""linear1.linear.bias"", ""linear1.bn_layer.weight"", ""linear1.bn_layer.bias"", ""branched.branched_layer_1.weight"", ""branched.branched_layer_1.bias"", ""branched.branched_layer_2.weight"", ""branched.branched_layer_2.bias"", ""branched.branched_layer_3.weight"", ""branched.branched_layer_3.bias"", ""output.weight"", ""output.bias""]",0,0,0,0,179620,141,0,0,0,280600,2603000,179620,141,0
20260414T220505Z_fe14746b,19,random_all_per_seed,all_rows,7,719203,719203,719203,False,False,0.1,0.1,d10f09aa265bab71343f680e34f2eb30e8cd4527aa6a1ca50685490c50e26cf1,b0c6175bfc15047131416b9da64bb2cb3fc428a1cef9486a2cc5173235f866bb,3ca99a39f2f8ee987e87b32207e9c91500b2f4159a741abfc9982d5f0c4932bd,SKNSH,2,B2_with_RC,True,False,,,1,2297,0.7499183806725432,conv3_plus,random,3063,972,2091,733,1564,0.31911188506747934,383,383,0.0005,0.0001,0.0001,2297,0.254195898771286,0.3346315324306488,0.25144375501353167,0.5126943632371037,0.42269133523314456,0.2628555100950992,0.7482303380966187,383,0.2565183639526367,0.3301885724067688,0.2188600243672184,0.46952120511108103,0.3041218724797155,0.2204501620489618,0.7284935712814331,383,0.25346672534942627,0.33435383439064026,0.11528767570740928,0.3518533631984253,0.2885613351908228,0.123800789194043,0.7469890117645264,4,0.7284935712814331,179761,3747661,3063361,2,"[""branched.branched_layer_1.weight"", ""branched.branched_layer_1.bias"", ""branched.branched_layer_2.weight"", ""branched.branched_layer_2.bias"", ""branched.branched_layer_3.weight"", ""branched.branched_layer_3.bias"", ""output.weight"", ""output.bias""]","[""conv3.conv.weight"", ""conv3.conv.bias"", ""conv3.bn_layer.weight"", ""conv3.bn_layer.bias"", ""linear1.linear.weight"", ""linear1.linear.bias"", ""linear1.bn_layer.weight"", ""linear1.bn_layer.bias"", ""branched.branched_layer_1.weight"", ""branched.branched_layer_1.bias"", ""branched.branched_layer_2.weight"", ""branched.branched_layer_2.bias"", ""branched.branched_layer_3.weight"", ""branched.branched_layer_3.bias"", ""output.weight"", ""output.bias""]",0,0,0,0,179620,141,0,0,0,280600,2603000,179620,141,0
20260414T220505Z_fe14746b,23,random_all_per_seed,all_rows,7,723239,723239,723239,False,False,0.1,0.1,31a2235bdd32c79f9bbcf57fc47adfc274d10761b654866ae9cb9911c3fafcdd,e458c253f91c63ca9a967c6fa4d0ab9cc52faa8ba7794e12b09a2f25a2869c9b,e651fb131205a5d9c63fd1d1ecf15ac7ac31e5181706fbf3e757de8449fba204,SKNSH,2,B2_with_RC,True,False,,,1,2297,0.7499183806725432,conv3_plus,random,3063,967,2096,716,1581,0.31171092729647365,383,383,0.0005,0.0001,0.0001,2297,0.25448116660118103,0.33099308609962463,0.22746335508700533,0.4849073713861894,0.37311978782410365,0.2351351588246638,0.772200345993042,383,0.2678409218788147,0.35680559277534485,0.07752899678443781,0.29141460361955657,0.21839303824404763,0.08492247120274327,0.8973369002342224,383,0.2750825881958008,0.3579857051372528,0.12390064443777915,0.36308753272174565,0.2546230949388576,0.1318325564179647,0.9032825231552124,3,0.8973369002342224,179761,3747661,3063361,2,"[""branched.branched_layer_1.weight"", ""branched.branched_layer_1.bias"", ""branched.branched_layer_2.weight"", ""branched.branched_layer_2.bias"", ""branched.branched_layer_3.weight"", ""branched.branched_layer_3.bias"", ""output.weight"", ""output.bias""]","[""conv3.conv.weight"", ""conv3.conv.bias"", ""conv3.bn_layer.weight"", ""conv3.bn_layer.bias"", ""linear1.linear.weight"", ""linear1.linear.bias"", ""linear1.bn_layer.weight"", ""linear1.bn_layer.bias"", ""branched.branched_layer_1.weight"", ""branched.branched_layer_1.bias"", ""branched.branched_layer_2.weight"", ""branched.branched_layer_2.bias"", ""branched.branched_layer_3.weight"", ""branched.branched_layer_3.bias"", ""output.weight"", ""output.bias""]",0,0,0,0,179620,141,0,0,0,280600,2603000,179620,141,0
20260414T220505Z_fe14746b,31,random_all_per_seed,all_rows,7,731311,731311,731311,False,False,0.1,0.1,7ed9f1e71cff080acfd2b40dc86b6782e03711f552c9029ae842ca8d03bd429d,0584dd818218833228e343b6fa1df680f9194b9f11e5f570a45a30905d139e17,27306d05049ecb6e9137a41b7d192b6574e2d4876a1af2e57e67cc9df35420c3,SKNSH,2,B2_with_RC,True,False,,,1,2297,0.7499183806725432,conv3_plus,random,3063,989,2074,734,1563,0.3195472355245973,383,383,0.0005,0.0001,0.0001,2297,0.265369176864624,0.3471040725708008,0.17605117055981023,0.42656054305176105,0.3478401762596728,0.1819538968886133,0.8235900402069092,383,0.27610108256340027,0.3618721067905426,0.05691083153433252,0.26250205157536144,0.21265323140836934,0.06890732708127371,0.8951625823974609,383,0.27044716477394104,0.3521898090839386,0.11814553944732364,0.35127247637786324,0.24725722740337644,0.12339235266063649,0.8479011654853821,2,0.8951625823974609,179761,3747661,3063361,2,"[""branched.branched_layer_1.weight"", ""branched.branched_layer_1.bias"", ""branched.branched_layer_2.weight"", ""branched.branched_layer_2.bias"", ""branched.branched_layer_3.weight"", ""branched.branched_layer_3.bias"", ""output.weight"", ""output.bias""]","[""conv3.conv.weight"", ""conv3.conv.bias"", ""conv3.bn_layer.weight"", ""conv3.bn_layer.bias"", ""linear1.linear.weight"", ""linear1.linear.bias"", ""linear1.bn_layer.weight"", ""linear1.bn_layer.bias"", ""branched.branched_layer_1.weight"", ""branched.branched_layer_1.bias"", ""branched.branched_layer_2.weight"", ""branched.branched_layer_2.bias"", ""branched.branched_layer_3.weight"", ""branched.branched_layer_3.bias"", ""output.weight"", ""output.bias""]",0,0,0,0,179620,141,0,0,0,280600,2603000,179620,141,0
20260414T220505Z_fe14746b,17,random_all_per_seed,all_rows,7,717185,717185,717185,False,False,0.1,0.1,d20de91f4b455148159ffd14b15eca3b322f00e6bd4570610b1fd92d56691f0d,09700ad8a87e01fddb78e1e19347ac15933ccd3442ae763be67b580da0d6acf2,165d865a5469b007379d19d8eddb5ccdcd8811d96d30294e5b7d188c27387d3a,HepG2,1,B2_with_RC,True,False,,,1,3063,1.0,conv3_plus,random,3063,983,2080,983,2080,0.32092719555990856,383,383,0.0005,0.0001,0.0001,3063,0.2717997431755066,0.3553660213947296,0.126439511468606,0.3613515518495155,0.2881297499003608,0.1305749440240531,0.8732752203941345,383,0.2603301405906677,0.33826395869255066,0.014100968533516833,0.2031390186316831,0.14149437478664662,0.04126546089064329,0.7912448048591614,383,0.2955796718597412,0.3869773745536804,0.08053957437710912,0.2944430144802101,0.23088367626677905,0.08669668877619321,1.0355485677719116,1,0.7912448048591614,179761,3747661,3063361,2,"[""branched.branched_layer_1.weight"", ""branched.branched_layer_1.bias"", ""branched.branched_layer_2.weight"", ""branched.branched_layer_2.bias"", ""branched.branched_layer_3.weight"", ""branched.branched_layer_3.bias"", ""output.weight"", ""output.bias""]","[""conv3.conv.weight"", ""conv3.conv.bias"", ""conv3.bn_layer.weight"", ""conv3.bn_layer.bias"", ""linear1.linear.weight"", ""linear1.linear.bias"", ""linear1.bn_layer.weight"", ""linear1.bn_layer.bias"", ""branched.branched_layer_1.weight"", ""branched.branched_layer_1.bias"", ""branched.branched_layer_2.weight"", ""branched.branched_layer_2.bias"", ""branched.branched_layer_3.weight"", ""branched.branched_layer_3.bias"", ""output.weight"", ""output.bias""]",0,0,0,0,179620,141,0,0,0,280600,2603000,179620,141,0
20260414T220505Z_fe14746b,19,random_all_per_seed,all_rows,7,719203,719203,719203,False,False,0.1,0.1,e749d923ec422f4e9585fafb01f5ecd5ad938df3ddbd0bb71ac99303ee9e50fa,b0c6175bfc15047131416b9da64bb2cb3fc428a1cef9486a2cc5173235f866bb,3ca99a39f2f8ee987e87b32207e9c91500b2f4159a741abfc9982d5f0c4932bd,HepG2,1,B2_with_RC,True,False,,,1,3063,1.0,conv3_plus,random,3063,972,2091,972,2091,0.31733594515181196,383,383,0.0005,0.0001,0.0001,3063,0.2593056261539459,0.3390316963195801,0.21432706234692223,0.471973683645604,0.37079600693488685,0.22275915805400068,0.7854164242744446,383,0.257514089345932,0.32954710721969604,0.2218921181475405,0.48130978729394913,0.30301916361215075,0.23165911134494654,0.7420862913131714,383,0.25022435188293457,0.3327639102935791,0.12368165252536589,0.35460657421499264,0.29750937668278127,0.12574582247649307,0.7566444873809814,3,0.7420862913131714,179761,3747661,3063361,2,"[""branched.branched_layer_1.weight"", ""branched.branched_layer_1.bias"", ""branched.branched_layer_2.weight"", ""branched.branched_layer_2.bias"", ""branched.branched_layer_3.weight"", ""branched.branched_layer_3.bias"", ""output.weight"", ""output.bias""]","[""conv3.conv.weight"", ""conv3.conv.bias"", ""conv3.bn_layer.weight"", ""conv3.bn_layer.bias"", ""linear1.linear.weight"", ""linear1.linear.bias"", ""linear1.bn_layer.weight"", ""linear1.bn_layer.bias"", ""branched.branched_layer_1.weight"", ""branched.branched_layer_1.bias"", ""branched.branched_layer_2.weight"", ""branched.branched_layer_2.bias"", ""branched.branched_layer_3.weight"", ""branched.branched_layer_3.bias"", ""output.weight"", ""output.bias""]",0,0,0,0,179620,141,0,0,0,280600,2603000,179620,141,0
20260414T220505Z_fe14746b,23,random_all_per_seed,all_rows,7,723239,723239,723239,False,False,0.1,0.1,13ab0f6315aefa701430d3c6d72aabbac7d8c14bbd495bef999f60f53d37b30d,e458c253f91c63ca9a967c6fa4d0ab9cc52faa8ba7794e12b09a2f25a2869c9b,e651fb131205a5d9c63fd1d1ecf15ac7ac31e5181706fbf3e757de8449fba204,HepG2,1,B2_with_RC,True,False,,,1,3063,1.0,conv3_plus,random,3063,967,2096,967,2096,0.3157035586026771,383,383,0.0005,0.0001,0.0001,3063,0.25402408838272095,0.33118388056755066,0.238215544657712,0.4952220913966621,0.37634644109854587,0.24524491980728397,0.76153564453125,383,0.26435211300849915,0.3542667329311371,0.09061013408712415,0.30654972617507065,0.2518205953178268,0.0939727346180108,0.8713899850845337,383,0.27479028701782227,0.35937005281448364,0.11711159507968061,0.3477628452275972,0.24212602594160218,0.12093899652079373,0.896676242351532,3,0.8713899850845337,179761,3747661,3063361,2,"[""branched.branched_layer_1.weight"", ""branched.branched_layer_1.bias"", ""branched.branched_layer_2.weight"", ""branched.branched_layer_2.bias"", ""branched.branched_layer_3.weight"", ""branched.branched_layer_3.bias"", ""output.weight"", ""output.bias""]","[""conv3.conv.weight"", ""conv3.conv.bias"", ""conv3.bn_layer.weight"", ""conv3.bn_layer.bias"", ""linear1.linear.weight"", ""linear1.linear.bias"", ""linear1.bn_layer.weight"", ""linear1.bn_layer.bias"", ""branched.branched_layer_1.weight"", ""branched.branched_layer_1.bias"", ""branched.branched_layer_2.weight"", ""branched.branched_layer_2.bias"", ""branched.branched_layer_3.weight"", ""branched.branched_layer_3.bias"", ""output.weight"", ""output.bias""]",0,0,0,0,179620,141,0,0,0,280600,2603000,179620,141,0
20260414T220505Z_fe14746b,31,random_all_per_seed,all_rows,7,731311,731311,731311,False,False,0.1,0.1,399d8048139dad18f085378ecdd6bc241c21c7bdfccf442a2b187df7b6daa383,0584dd818218833228e343b6fa1df680f9194b9f11e5f570a45a30905d139e17,27306d05049ecb6e9137a41b7d192b6574e2d4876a1af2e57e67cc9df35420c3,HepG2,1,B2_with_RC,True,False,,,1,3063,1.0,conv3_plus,random,3063,989,2074,989,2074,0.3228860594188704,383,383,0.0005,0.0001,0.0001,3063,0.25479787588119507,0.33270737528800964,0.23369277628642138,0.4917360865073025,0.3844448064359545,0.2418043787735173,0.766057014465332,383,0.27391067147254944,0.36225560307502747,0.05491091359401912,0.27468697879648035,0.21869182813149202,0.07545293632033805,0.9081686735153198,383,0.2699127793312073,0.34967711567878723,0.13068373170545866,0.3770177184875491,0.25059440927898285,0.14214236005355682,0.8461955785751343,3,0.9081686735153198,179761,3747661,3063361,2,"[""branched.branched_layer_1.weight"", ""branched.branched_layer_1.bias"", ""branched.branched_layer_2.weight"", ""branched.branched_layer_2.bias"", ""branched.branched_layer_3.weight"", ""branched.branched_layer_3.bias"", ""output.weight"", ""output.bias""]","[""conv3.conv.weight"", ""conv3.conv.bias"", ""conv3.bn_layer.weight"", ""conv3.bn_layer.bias"", ""linear1.linear.weight"", ""linear1.linear.bias"", ""linear1.bn_layer.weight"", ""linear1.bn_layer.bias"", ""branched.branched_layer_1.weight"", ""branched.branched_layer_1.bias"", ""branched.branched_layer_2.weight"", ""branched.branched_layer_2.bias"", ""branched.branched_layer_3.weight"", ""branched.branched_layer_3.bias"", ""output.weight"", ""output.bias""]",0,0,0,0,179620,141,0,0,0,280600,2603000,179620,141,0
20260414T220505Z_fe14746b,17,random_all_per_seed,all_rows,7,717185,717185,717185,False,False,0.1,0.1,d20de91f4b455148159ffd14b15eca3b322f00e6bd4570610b1fd92d56691f0d,09700ad8a87e01fddb78e1e19347ac15933ccd3442ae763be67b580da0d6acf2,165d865a5469b007379d19d8eddb5ccdcd8811d96d30294e5b7d188c27387d3a,K562,0,B2_with_RC,True,False,,,1,3063,1.0,conv3_plus,random,3063,983,2080,983,2080,0.32092719555990856,383,383,0.0005,0.0001,0.0001,3063,0.27464860677719116,0.3596898913383484,0.1050523067125857,0.33180071546420775,0.26470587868167017,0.11009171478256015,0.8946555256843567,383,0.2587718665599823,0.338472843170166,0.012882942677693299,0.19284997854013414,0.12272074707966762,0.0371911142229302,0.7922221422195435,383,0.30220329761505127,0.39030376076698303,0.06466460643697225,0.2590457400328801,0.20245628082393075,0.0671046954291825,1.0534279346466064,0,0.7922221422195435,179761,3747661,3063361,2,"[""branched.branched_layer_1.weight"", ""branched.branched_layer_1.bias"", ""branched.branched_layer_2.weight"", ""branched.branched_layer_2.bias"", ""branched.branched_layer_3.weight"", ""branched.branched_layer_3.bias"", ""output.weight"", ""output.bias""]","[""conv3.conv.weight"", ""conv3.conv.bias"", ""conv3.bn_layer.weight"", ""conv3.bn_layer.bias"", ""linear1.linear.weight"", ""linear1.linear.bias"", ""linear1.bn_layer.weight"", ""linear1.bn_layer.bias"", ""branched.branched_layer_1.weight"", ""branched.branched_layer_1.bias"", ""branched.branched_layer_2.weight"", ""branched.branched_layer_2.bias"", ""branched.branched_layer_3.weight"", ""branched.branched_layer_3.bias"", ""output.weight"", ""output.bias""]",0,0,0,0,179620,141,0,0,0,280600,2603000,179620,141,0
20260414T220505Z_fe14746b,19,random_all_per_seed,all_rows,7,719203,719203,719203,False,False,0.1,0.1,e749d923ec422f4e9585fafb01f5ecd5ad938df3ddbd0bb71ac99303ee9e50fa,b0c6175bfc15047131416b9da64bb2cb3fc428a1cef9486a2cc5173235f866bb,3ca99a39f2f8ee987e87b32207e9c91500b2f4159a741abfc9982d5f0c4932bd,K562,0,B2_with_RC,True,False,,,1,3063,1.0,conv3_plus,random,3063,972,2091,972,2091,0.31733594515181196,383,383,0.0005,0.0001,0.0001,3063,0.24920859932899475,0.32701852917671204,0.2690192422785852,0.5299151356241623,0.42162227403066016,0.28081005096357425,0.7307420372962952,383,0.2554928958415985,0.32846370339393616,0.22699984278983742,0.4779565990885979,0.3020957717604351,0.2284425106123387,0.737214982509613,383,0.25197333097457886,0.3333323299884796,0.12068521120832221,0.3561702334415596,0.2970724570482061,0.12685723518981507,0.7592316269874573,4,0.737214982509613,179761,3747661,3063361,2,"[""branched.branched_layer_1.weight"", ""branched.branched_layer_1.bias"", ""branched.branched_layer_2.weight"", ""branched.branched_layer_2.bias"", ""branched.branched_layer_3.weight"", ""branched.branched_layer_3.bias"", ""output.weight"", ""output.bias""]","[""conv3.conv.weight"", ""conv3.conv.bias"", ""conv3.bn_layer.weight"", ""conv3.bn_layer.bias"", ""linear1.linear.weight"", ""linear1.linear.bias"", ""linear1.bn_layer.weight"", ""linear1.bn_layer.bias"", ""branched.branched_layer_1.weight"", ""branched.branched_layer_1.bias"", ""branched.branched_layer_2.weight"", ""branched.branched_layer_2.bias"", ""branched.branched_layer_3.weight"", ""branched.branched_layer_3.bias"", ""output.weight"", ""output.bias""]",0,0,0,0,179620,141,0,0,0,280600,2603000,179620,141,0
20260414T220505Z_fe14746b,23,random_all_per_seed,all_rows,7,723239,723239,723239,False,False,0.1,0.1,13ab0f6315aefa701430d3c6d72aabbac7d8c14bbd495bef999f60f53d37b30d,e458c253f91c63ca9a967c6fa4d0ab9cc52faa8ba7794e12b09a2f25a2869c9b,e651fb131205a5d9c63fd1d1ecf15ac7ac31e5181706fbf3e757de8449fba204,K562,0,B2_with_RC,True,False,,,1,3063,1.0,conv3_plus,random,3063,967,2096,967,2096,0.3157035586026771,383,383,0.0005,0.0001,0.0001,3063,0.2555176913738251,0.3330521881580353,0.22959638512489333,0.4848269314934896,0.37047864147923065,0.23505715350139286,0.7701520919799805,383,0.2642337679862976,0.3542214334011078,0.09084259045157883,0.30761379949429146,0.25913079751526846,0.09462624963931415,0.8711673617362976,383,0.274524062871933,0.35841792821884155,0.12178372642256174,0.3521651416599574,0.2332376454178349,0.12402028700037784,0.8919311761856079,3,0.8711673617362976,179761,3747661,3063361,2,"[""branched.branched_layer_1.weight"", ""branched.branched_layer_1.bias"", ""branched.branched_layer_2.weight"", ""branched.branched_layer_2.bias"", ""branched.branched_layer_3.weight"", ""branched.branched_layer_3.bias"", ""output.weight"", ""output.bias""]","[""conv3.conv.weight"", ""conv3.conv.bias"", ""conv3.bn_layer.weight"", ""conv3.bn_layer.bias"", ""linear1.linear.weight"", ""linear1.linear.bias"", ""linear1.bn_layer.weight"", ""linear1.bn_layer.bias"", ""branched.branched_layer_1.weight"", ""branched.branched_layer_1.bias"", ""branched.branched_layer_2.weight"", ""branched.branched_layer_2.bias"", ""branched.branched_layer_3.weight"", ""branched.branched_layer_3.bias"", ""output.weight"", ""output.bias""]",0,0,0,0,179620,141,0,0,0,280600,2603000,179620,141,0
20260414T220505Z_fe14746b,31,random_all_per_seed,all_rows,7,731311,731311,731311,False,False,0.1,0.1,399d8048139dad18f085378ecdd6bc241c21c7bdfccf442a2b187df7b6daa383,0584dd818218833228e343b6fa1df680f9194b9f11e5f570a45a30905d139e17,27306d05049ecb6e9137a41b7d192b6574e2d4876a1af2e57e67cc9df35420c3,K562,0,B2_with_RC,True,False,,,1,3063,1.0,conv3_plus,random,3063,989,2074,989,2074,0.3228860594188704,383,383,0.0005,0.0001,0.0001,3063,0.2634730637073517,0.34386730194091797,0.18142251951255173,0.43636478946658497,0.33414196209100683,0.19041422948621703,0.8183102607727051,383,0.273563027381897,0.36159560084342957,0.058351466802552876,0.25962332694538076,0.2114513861850708,0.06740427189418807,0.9048624634742737,383,0.26888391375541687,0.35046952962875366,0.12673938172374222,0.3687159392687817,0.2570879605069006,0.13595144387085992,0.8500350117683411,2,0.9048624634742737,179761,3747661,3063361,2,"[""branched.branched_layer_1.weight"", ""branched.branched_layer_1.bias"", ""branched.branched_layer_2.weight"", ""branched.branched_layer_2.bias"", ""branched.branched_layer_3.weight"", ""branched.branched_layer_3.bias"", ""output.weight"", ""output.bias""]","[""conv3.conv.weight"", ""conv3.conv.bias"", ""conv3.bn_layer.weight"", ""conv3.bn_layer.bias"", ""linear1.linear.weight"", ""linear1.linear.bias"", ""linear1.bn_layer.weight"", ""linear1.bn_layer.bias"", ""branched.branched_layer_1.weight"", ""branched.branched_layer_1.bias"", ""branched.branched_layer_2.weight"", ""branched.branched_layer_2.bias"", ""branched.branched_layer_3.weight"", ""branched.branched_layer_3.bias"", ""output.weight"", ""output.bias""]",0,0,0,0,179620,141,0,0,0,280600,2603000,179620,141,0
20260414T220505Z_fe14746b,17,random_all_per_seed,all_rows,7,717185,717185,717185,False,False,0.1,0.1,d20de91f4b455148159ffd14b15eca3b322f00e6bd4570610b1fd92d56691f0d,09700ad8a87e01fddb78e1e19347ac15933ccd3442ae763be67b580da0d6acf2,165d865a5469b007379d19d8eddb5ccdcd8811d96d30294e5b7d188c27387d3a,SKNSH,2,B2_with_RC,True,False,,,1,3063,1.0,conv3_plus,random,3063,983,2080,983,2080,0.32092719555990856,383,383,0.0005,0.0001,0.0001,3063,0.27612611651420593,0.3618716597557068,0.09416235171034926,0.31659446741366803,0.26252717368798467,0.10023205679694411,0.9055418968200684,383,0.26262348890304565,0.34124821424484253,-0.003371476345513935,0.14673934762798668,0.12140754151895099,0.02153243614228712,0.8052675724029541,383,0.2990013659000397,0.3899066150188446,0.06656710017757828,0.2680111133052045,0.22247844949103943,0.07182995685509516,1.0512851476669312,0,0.8052675724029541,179761,3747661,3063361,2,"[""branched.branched_layer_1.weight"", ""branched.branched_layer_1.bias"", ""branched.branched_layer_2.weight"", ""branched.branched_layer_2.bias"", ""branched.branched_layer_3.weight"", ""branched.branched_layer_3.bias"", ""output.weight"", ""output.bias""]","[""conv3.conv.weight"", ""conv3.conv.bias"", ""conv3.bn_layer.weight"", ""conv3.bn_layer.bias"", ""linear1.linear.weight"", ""linear1.linear.bias"", ""linear1.bn_layer.weight"", ""linear1.bn_layer.bias"", ""branched.branched_layer_1.weight"", ""branched.branched_layer_1.bias"", ""branched.branched_layer_2.weight"", ""branched.branched_layer_2.bias"", ""branched.branched_layer_3.weight"", ""branched.branched_layer_3.bias"", ""output.weight"", ""output.bias""]",0,0,0,0,179620,141,0,0,0,280600,2603000,179620,141,0
20260414T220505Z_fe14746b,19,random_all_per_seed,all_rows,7,719203,719203,719203,False,False,0.1,0.1,e749d923ec422f4e9585fafb01f5ecd5ad938df3ddbd0bb71ac99303ee9e50fa,b0c6175bfc15047131416b9da64bb2cb3fc428a1cef9486a2cc5173235f866bb,3ca99a39f2f8ee987e87b32207e9c91500b2f4159a741abfc9982d5f0c4932bd,SKNSH,2,B2_with_RC,True,False,,,1,3063,1.0,conv3_plus,random,3063,972,2091,972,2091,0.31733594515181196,383,383,0.0005,0.0001,0.0001,3063,0.24744315445423126,0.32454177737236023,0.280049834823738,0.5377855080832842,0.43014772745411206,0.28921325270439613,0.7197151780128479,383,0.2569752335548401,0.3304609954357147,0.21757051568001884,0.4671231163840883,0.3037331208789469,0.21820400586038252,0.7462077736854553,383,0.25216251611709595,0.33474722504615784,0.11320455191083334,0.34958563967640577,0.30459642461999253,0.1222101194679618,0.7656906843185425,4,0.7462077736854553,179761,3747661,3063361,2,"[""branched.branched_layer_1.weight"", ""branched.branched_layer_1.bias"", ""branched.branched_layer_2.weight"", ""branched.branched_layer_2.bias"", ""branched.branched_layer_3.weight"", ""branched.branched_layer_3.bias"", ""output.weight"", ""output.bias""]","[""conv3.conv.weight"", ""conv3.conv.bias"", ""conv3.bn_layer.weight"", ""conv3.bn_layer.bias"", ""linear1.linear.weight"", ""linear1.linear.bias"", ""linear1.bn_layer.weight"", ""linear1.bn_layer.bias"", ""branched.branched_layer_1.weight"", ""branched.branched_layer_1.bias"", ""branched.branched_layer_2.weight"", ""branched.branched_layer_2.bias"", ""branched.branched_layer_3.weight"", ""branched.branched_layer_3.bias"", ""output.weight"", ""output.bias""]",0,0,0,0,179620,141,0,0,0,280600,2603000,179620,141,0
20260414T220505Z_fe14746b,23,random_all_per_seed,all_rows,7,723239,723239,723239,False,False,0.1,0.1,13ab0f6315aefa701430d3c6d72aabbac7d8c14bbd495bef999f60f53d37b30d,e458c253f91c63ca9a967c6fa4d0ab9cc52faa8ba7794e12b09a2f25a2869c9b,e651fb131205a5d9c63fd1d1ecf15ac7ac31e5181706fbf3e757de8449fba204,SKNSH,2,B2_with_RC,True,False,,,1,3063,1.0,conv3_plus,random,3063,967,2096,967,2096,0.3157035586026771,383,383,0.0005,0.0001,0.0001,3063,0.24300755560398102,0.3172648549079895,0.3009026877187927,0.5504358072220308,0.42173229737990003,0.3029795778721686,0.6988690495491028,383,0.2658127248287201,0.35712724924087524,0.0758650682098132,0.30435390464664036,0.23708121644234598,0.09263129927365625,0.8855189085006714,383,0.2772178053855896,0.36067527532577515,0.11068669102699802,0.3470470965753182,0.2424845558538665,0.12044168724135823,0.9032015800476074,4,0.8855189085006714,179761,3747661,3063361,2,"[""branched.branched_layer_1.weight"", ""branched.branched_layer_1.bias"", ""branched.branched_layer_2.weight"", ""branched.branched_layer_2.bias"", ""branched.branched_layer_3.weight"", ""branched.branched_layer_3.bias"", ""output.weight"", ""output.bias""]","[""conv3.conv.weight"", ""conv3.conv.bias"", ""conv3.bn_layer.weight"", ""conv3.bn_layer.bias"", ""linear1.linear.weight"", ""linear1.linear.bias"", ""linear1.bn_layer.weight"", ""linear1.bn_layer.bias"", ""branched.branched_layer_1.weight"", ""branched.branched_layer_1.bias"", ""branched.branched_layer_2.weight"", ""branched.branched_layer_2.bias"", ""branched.branched_layer_3.weight"", ""branched.branched_layer_3.bias"", ""output.weight"", ""output.bias""]",0,0,0,0,179620,141,0,0,0,280600,2603000,179620,141,0
20260414T220505Z_fe14746b,31,random_all_per_seed,all_rows,7,731311,731311,731311,False,False,0.1,0.1,399d8048139dad18f085378ecdd6bc241c21c7bdfccf442a2b187df7b6daa383,0584dd818218833228e343b6fa1df680f9194b9f11e5f570a45a30905d139e17,27306d05049ecb6e9137a41b7d192b6574e2d4876a1af2e57e67cc9df35420c3,SKNSH,2,B2_with_RC,True,False,,,1,3063,1.0,conv3_plus,random,3063,989,2074,989,2074,0.3228860594188704,383,383,0.0005,0.0001,0.0001,3063,0.26465362310409546,0.3457241356372833,0.1725582065833653,0.429332827542459,0.32999587033895783,0.18432667680560283,0.8271716833114624,383,0.27418893575668335,0.3608490228652954,0.062235960046687966,0.2711054663977675,0.21399391949937321,0.07349817391075104,0.9011297225952148,383,0.26640430092811584,0.3489493131637573,0.13429880756030388,0.37340032285083563,0.26280026920209326,0.13942780110510827,0.8426766991615295,2,0.9011297225952148,179761,3747661,3063361,2,"[""branched.branched_layer_1.weight"", ""branched.branched_layer_1.bias"", ""branched.branched_layer_2.weight"", ""branched.branched_layer_2.bias"", ""branched.branched_layer_3.weight"", ""branched.branched_layer_3.bias"", ""output.weight"", ""output.bias""]","[""conv3.conv.weight"", ""conv3.conv.bias"", ""conv3.bn_layer.weight"", ""conv3.bn_layer.bias"", ""linear1.linear.weight"", ""linear1.linear.bias"", ""linear1.bn_layer.weight"", ""linear1.bn_layer.bias"", ""branched.branched_layer_1.weight"", ""branched.branched_layer_1.bias"", ""branched.branched_layer_2.weight"", ""branched.branched_layer_2.bias"", ""branched.branched_layer_3.weight"", ""branched.branched_layer_3.bias"", ""output.weight"", ""output.bias""]",0,0,0,0,179620,141,0,0,0,280600,2603000,179620,141,0
20260414T220505Z_fe14746b,17,random_all_per_seed,all_rows,7,717185,717185,717185,False,False,0.1,0.1,fd2ed1f7a2f865a02b437eb807b01700163c4e7b5b3d25f1fd6719b606e9feb3,09700ad8a87e01fddb78e1e19347ac15933ccd3442ae763be67b580da0d6acf2,165d865a5469b007379d19d8eddb5ccdcd8811d96d30294e5b7d188c27387d3a,HepG2,1,B2_with_RC,True,False,,,1,2297,0.7499183806725432,full,random,3063,983,2080,728,1569,0.3169351327818894,383,383,0.0005,0.0001,0.0001,2297,0.2807579040527344,0.36857250332832336,0.09318283163934082,0.3132672193446091,0.27143765080373117,0.09813635071590343,0.9064223170280457,383,0.2625754177570343,0.3404860496520996,0.0011053458058906118,0.16800243563992437,0.13252264392146765,0.02822481838094693,0.773541271686554,383,0.2987901270389557,0.39047786593437195,0.06382997980335636,0.25618538729646945,0.2116046505021088,0.06563095266424204,1.0173667669296265,0,0.773541271686554,179761,3747661,3747661,2,"[""branched.branched_layer_1.weight"", ""branched.branched_layer_1.bias"", ""branched.branched_layer_2.weight"", ""branched.branched_layer_2.bias"", ""branched.branched_layer_3.weight"", ""branched.branched_layer_3.bias"", ""output.weight"", ""output.bias""]","[""conv1.conv.weight"", ""conv1.conv.bias"", ""conv1.bn_layer.weight"", ""conv1.bn_layer.bias"", ""conv2.conv.weight"", ""conv2.conv.bias"", ""conv2.bn_layer.weight"", ""conv2.bn_layer.bias"", ""conv3.conv.weight"", ""conv3.conv.bias"", ""conv3.bn_layer.weight"", ""conv3.bn_layer.bias"", ""linear1.linear.weight"", ""linear1.linear.bias"", ""linear1.bn_layer.weight"", ""linear1.bn_layer.bias"", ""branched.branched_layer_1.weight"", ""branched.branched_layer_1.bias"", ""branched.branched_layer_2.weight"", ""branched.branched_layer_2.bias"", ""branched.branched_layer_3.weight"", ""branched.branched_layer_3.bias"", ""output.weight"", ""output.bias""]",0,0,0,0,179620,141,0,23700,660600,280600,2603000,179620,141,0
20260414T220505Z_fe14746b,19,random_all_per_seed,all_rows,7,719203,719203,719203,False,False,0.1,0.1,d10f09aa265bab71343f680e34f2eb30e8cd4527aa6a1ca50685490c50e26cf1,b0c6175bfc15047131416b9da64bb2cb3fc428a1cef9486a2cc5173235f866bb,3ca99a39f2f8ee987e87b32207e9c91500b2f4159a741abfc9982d5f0c4932bd,HepG2,1,B2_with_RC,True,False,,,1,2297,0.7499183806725432,full,random,3063,972,2091,733,1564,0.31911188506747934,383,383,0.0005,0.0001,0.0001,2297,0.22386908531188965,0.30111199617385864,0.3938963516055025,0.6361718660240492,0.5363411135598828,0.4047146431205208,0.605839729309082,383,0.25746679306030273,0.3334863483905792,0.2031786852991514,0.45693677742736283,0.28810434532903756,0.20879121856570332,0.7431179285049438,383,0.2616339325904846,0.33909544348716736,0.09001683335545618,0.3498998222217508,0.2756358405013956,0.12242988559081282,0.7683258652687073,3,0.7431179285049438,179761,3747661,3747661,2,"[""branched.branched_layer_1.weight"", ""branched.branched_layer_1.bias"", ""branched.branched_layer_2.weight"", ""branched.branched_layer_2.bias"", ""branched.branched_layer_3.weight"", ""branched.branched_layer_3.bias"", ""output.weight"", ""output.bias""]","[""conv1.conv.weight"", ""conv1.conv.bias"", ""conv1.bn_layer.weight"", ""conv1.bn_layer.bias"", ""conv2.conv.weight"", ""conv2.conv.bias"", ""conv2.bn_layer.weight"", ""conv2.bn_layer.bias"", ""conv3.conv.weight"", ""conv3.conv.bias"", ""conv3.bn_layer.weight"", ""conv3.bn_layer.bias"", ""linear1.linear.weight"", ""linear1.linear.bias"", ""linear1.bn_layer.weight"", ""linear1.bn_layer.bias"", ""branched.branched_layer_1.weight"", ""branched.branched_layer_1.bias"", ""branched.branched_layer_2.weight"", ""branched.branched_layer_2.bias"", ""branched.branched_layer_3.weight"", ""branched.branched_layer_3.bias"", ""output.weight"", ""output.bias""]",0,0,0,0,179620,141,0,23700,660600,280600,2603000,179620,141,0
20260414T220505Z_fe14746b,23,random_all_per_seed,all_rows,7,723239,723239,723239,False,False,0.1,0.1,31a2235bdd32c79f9bbcf57fc47adfc274d10761b654866ae9cb9911c3fafcdd,e458c253f91c63ca9a967c6fa4d0ab9cc52faa8ba7794e12b09a2f25a2869c9b,e651fb131205a5d9c63fd1d1ecf15ac7ac31e5181706fbf3e757de8449fba204,HepG2,1,B2_with_RC,True,False,,,1,2297,0.7499183806725432,full,random,3063,967,2096,716,1581,0.31171092729647365,383,383,0.0005,0.0001,0.0001,2297,0.24591413140296936,0.3222883641719818,0.2675626237813915,0.5335079244022297,0.4075133889535898,0.28463070539997526,0.7321186065673828,383,0.26565659046173096,0.3540382385253906,0.0917828082460882,0.3057093317508284,0.2382864471546842,0.09345819551953805,0.8834714293479919,383,0.27450433373451233,0.3589284121990204,0.11928026149282556,0.3485206262090144,0.2311573816016047,0.12146662689312354,0.908046305179596,2,0.8834714293479919,179761,3747661,3747661,2,"[""branched.branched_layer_1.weight"", ""branched.branched_layer_1.bias"", ""branched.branched_layer_2.weight"", ""branched.branched_layer_2.bias"", ""branched.branched_layer_3.weight"", ""branched.branched_layer_3.bias"", ""output.weight"", ""output.bias""]","[""conv1.conv.weight"", ""conv1.conv.bias"", ""conv1.bn_layer.weight"", ""conv1.bn_layer.bias"", ""conv2.conv.weight"", ""conv2.conv.bias"", ""conv2.bn_layer.weight"", ""conv2.bn_layer.bias"", ""conv3.conv.weight"", ""conv3.conv.bias"", ""conv3.bn_layer.weight"", ""conv3.bn_layer.bias"", ""linear1.linear.weight"", ""linear1.linear.bias"", ""linear1.bn_layer.weight"", ""linear1.bn_layer.bias"", ""branched.branched_layer_1.weight"", ""branched.branched_layer_1.bias"", ""branched.branched_layer_2.weight"", ""branched.branched_layer_2.bias"", ""branched.branched_layer_3.weight"", ""branched.branched_layer_3.bias"", ""output.weight"", ""output.bias""]",0,0,0,0,179620,141,0,23700,660600,280600,2603000,179620,141,0
20260414T220505Z_fe14746b,31,random_all_per_seed,all_rows,7,731311,731311,731311,False,False,0.1,0.1,7ed9f1e71cff080acfd2b40dc86b6782e03711f552c9029ae842ca8d03bd429d,0584dd818218833228e343b6fa1df680f9194b9f11e5f570a45a30905d139e17,27306d05049ecb6e9137a41b7d192b6574e2d4876a1af2e57e67cc9df35420c3,HepG2,1,B2_with_RC,True,False,,,1,2297,0.7499183806725432,full,random,3063,989,2074,734,1563,0.3195472355245973,383,383,0.0005,0.0001,0.0001,2297,0.24600544571876526,0.32505905628204346,0.2773877486640034,0.5412605451674204,0.42687802500079763,0.29296297775493313,0.7222976088523865,383,0.2736319601535797,0.3619278073310852,0.056620538219729455,0.2715053201235354,0.21772334572814436,0.07371513885538343,0.8954381942749023,383,0.26368072628974915,0.34411218762397766,0.1581330850960475,0.40614321544122384,0.29489646788831886,0.16495231144893635,0.8094531893730164,2,0.8954381942749023,179761,3747661,3747661,2,"[""branched.branched_layer_1.weight"", ""branched.branched_layer_1.bias"", ""branched.branched_layer_2.weight"", ""branched.branched_layer_2.bias"", ""branched.branched_layer_3.weight"", ""branched.branched_layer_3.bias"", ""output.weight"", ""output.bias""]","[""conv1.conv.weight"", ""conv1.conv.bias"", ""conv1.bn_layer.weight"", ""conv1.bn_layer.bias"", ""conv2.conv.weight"", ""conv2.conv.bias"", ""conv2.bn_layer.weight"", ""conv2.bn_layer.bias"", ""conv3.conv.weight"", ""conv3.conv.bias"", ""conv3.bn_layer.weight"", ""conv3.bn_layer.bias"", ""linear1.linear.weight"", ""linear1.linear.bias"", ""linear1.bn_layer.weight"", ""linear1.bn_layer.bias"", ""branched.branched_layer_1.weight"", ""branched.branched_layer_1.bias"", ""branched.branched_layer_2.weight"", ""branched.branched_layer_2.bias"", ""branched.branched_layer_3.weight"", ""branched.branched_layer_3.bias"", ""output.weight"", ""output.bias""]",0,0,0,0,179620,141,0,23700,660600,280600,2603000,179620,141,0
20260414T220505Z_fe14746b,17,random_all_per_seed,all_rows,7,717185,717185,717185,False,False,0.1,0.1,fd2ed1f7a2f865a02b437eb807b01700163c4e7b5b3d25f1fd6719b606e9feb3,09700ad8a87e01fddb78e1e19347ac15933ccd3442ae763be67b580da0d6acf2,165d865a5469b007379d19d8eddb5ccdcd8811d96d30294e5b7d188c27387d3a,K562,0,B2_with_RC,True,False,,,1,2297,0.7499183806725432,full,random,3063,983,2080,728,1569,0.3169351327818894,383,383,0.0005,0.0001,0.0001,2297,0.2796397805213928,0.36742064356803894,0.0988418994332152,0.3217455095886761,0.27092136367400216,0.10352017294047686,0.9007657170295715,383,0.25947076082229614,0.33889859914779663,0.01039806008378319,0.1900440060789025,0.12196364605332408,0.036116724246517934,0.7663449645042419,383,0.30444538593292236,0.39254793524742126,0.0538776931966799,0.23508361010705797,0.19495063759497713,0.05526430374096725,1.0281822681427002,0,0.7663449645042419,179761,3747661,3747661,2,"[""branched.branched_layer_1.weight"", ""branched.branched_layer_1.bias"", ""branched.branched_layer_2.weight"", ""branched.branched_layer_2.bias"", ""branched.branched_layer_3.weight"", ""branched.branched_layer_3.bias"", ""output.weight"", ""output.bias""]","[""conv1.conv.weight"", ""conv1.conv.bias"", ""conv1.bn_layer.weight"", ""conv1.bn_layer.bias"", ""conv2.conv.weight"", ""conv2.conv.bias"", ""conv2.bn_layer.weight"", ""conv2.bn_layer.bias"", ""conv3.conv.weight"", ""conv3.conv.bias"", ""conv3.bn_layer.weight"", ""conv3.bn_layer.bias"", ""linear1.linear.weight"", ""linear1.linear.bias"", ""linear1.bn_layer.weight"", ""linear1.bn_layer.bias"", ""branched.branched_layer_1.weight"", ""branched.branched_layer_1.bias"", ""branched.branched_layer_2.weight"", ""branched.branched_layer_2.bias"", ""branched.branched_layer_3.weight"", ""branched.branched_layer_3.bias"", ""output.weight"", ""output.bias""]",0,0,0,0,179620,141,0,23700,660600,280600,2603000,179620,141,0
20260414T220505Z_fe14746b,19,random_all_per_seed,all_rows,7,719203,719203,719203,False,False,0.1,0.1,d10f09aa265bab71343f680e34f2eb30e8cd4527aa6a1ca50685490c50e26cf1,b0c6175bfc15047131416b9da64bb2cb3fc428a1cef9486a2cc5173235f866bb,3ca99a39f2f8ee987e87b32207e9c91500b2f4159a741abfc9982d5f0c4932bd,K562,0,B2_with_RC,True,False,,,1,2297,0.7499183806725432,full,random,3063,972,2091,733,1564,0.31911188506747934,383,383,0.0005,0.0001,0.0001,2297,0.2541038393974304,0.33680254220962524,0.2416992079952197,0.511577217256056,0.4117937607718317,0.2617112492154499,0.7579706311225891,383,0.25834715366363525,0.3334331512451172,0.203432804858372,0.4593158149832618,0.2953269015117782,0.21097101789373798,0.7428809404373169,383,0.2532612383365631,0.33416613936424255,0.11628068288121218,0.3416778546839776,0.29095515496333935,0.11674375638144531,0.7461506128311157,2,0.7428809404373169,179761,3747661,3747661,2,"[""branched.branched_layer_1.weight"", ""branched.branched_layer_1.bias"", ""branched.branched_layer_2.weight"", ""branched.branched_layer_2.bias"", ""branched.branched_layer_3.weight"", ""branched.branched_layer_3.bias"", ""output.weight"", ""output.bias""]","[""conv1.conv.weight"", ""conv1.conv.bias"", ""conv1.bn_layer.weight"", ""conv1.bn_layer.bias"", ""conv2.conv.weight"", ""conv2.conv.bias"", ""conv2.bn_layer.weight"", ""conv2.bn_layer.bias"", ""conv3.conv.weight"", ""conv3.conv.bias"", ""conv3.bn_layer.weight"", ""conv3.bn_layer.bias"", ""linear1.linear.weight"", ""linear1.linear.bias"", ""linear1.bn_layer.weight"", ""linear1.bn_layer.bias"", ""branched.branched_layer_1.weight"", ""branched.branched_layer_1.bias"", ""branched.branched_layer_2.weight"", ""branched.branched_layer_2.bias"", ""branched.branched_layer_3.weight"", ""branched.branched_layer_3.bias"", ""output.weight"", ""output.bias""]",0,0,0,0,179620,141,0,23700,660600,280600,2603000,179620,141,0
20260414T220505Z_fe14746b,23,random_all_per_seed,all_rows,7,723239,723239,723239,False,False,0.1,0.1,31a2235bdd32c79f9bbcf57fc47adfc274d10761b654866ae9cb9911c3fafcdd,e458c253f91c63ca9a967c6fa4d0ab9cc52faa8ba7794e12b09a2f25a2869c9b,e651fb131205a5d9c63fd1d1ecf15ac7ac31e5181706fbf3e757de8449fba204,K562,0,B2_with_RC,True,False,,,1,2297,0.7499183806725432,full,random,3063,967,2096,716,1581,0.31171092729647365,383,383,0.0005,0.0001,0.0001,2297,0.24748961627483368,0.32302090525627136,0.26422926234253885,0.5271429264456051,0.41174814663662807,0.2778796649016366,0.7354505062103271,383,0.26535212993621826,0.3527768850326538,0.09824272803456957,0.31482404397446867,0.24995246101386398,0.09911417866443818,0.8771875500679016,383,0.27383843064308167,0.3571678400039673,0.12789909334764127,0.3589585819714634,0.23814995581549697,0.12885126357096383,0.8991599082946777,2,0.8771875500679016,179761,3747661,3747661,2,"[""branched.branched_layer_1.weight"", ""branched.branched_layer_1.bias"", ""branched.branched_layer_2.weight"", ""branched.branched_layer_2.bias"", ""branched.branched_layer_3.weight"", ""branched.branched_layer_3.bias"", ""output.weight"", ""output.bias""]","[""conv1.conv.weight"", ""conv1.conv.bias"", ""conv1.bn_layer.weight"", ""conv1.bn_layer.bias"", ""conv2.conv.weight"", ""conv2.conv.bias"", ""conv2.bn_layer.weight"", ""conv2.bn_layer.bias"", ""conv3.conv.weight"", ""conv3.conv.bias"", ""conv3.bn_layer.weight"", ""conv3.bn_layer.bias"", ""linear1.linear.weight"", ""linear1.linear.bias"", ""linear1.bn_layer.weight"", ""linear1.bn_layer.bias"", ""branched.branched_layer_1.weight"", ""branched.branched_layer_1.bias"", ""branched.branched_layer_2.weight"", ""branched.branched_layer_2.bias"", ""branched.branched_layer_3.weight"", ""branched.branched_layer_3.bias"", ""output.weight"", ""output.bias""]",0,0,0,0,179620,141,0,23700,660600,280600,2603000,179620,141,0
20260414T220505Z_fe14746b,31,random_all_per_seed,all_rows,7,731311,731311,731311,False,False,0.1,0.1,7ed9f1e71cff080acfd2b40dc86b6782e03711f552c9029ae842ca8d03bd429d,0584dd818218833228e343b6fa1df680f9194b9f11e5f570a45a30905d139e17,27306d05049ecb6e9137a41b7d192b6574e2d4876a1af2e57e67cc9df35420c3,K562,0,B2_with_RC,True,False,,,1,2297,0.7499183806725432,full,random,3063,989,2074,734,1563,0.3195472355245973,383,383,0.0005,0.0001,0.0001,2297,0.24537280201911926,0.3247050940990448,0.2789606611511377,0.5355407401648198,0.4285969423991185,0.286803884376283,0.720725417137146,383,0.2741559147834778,0.3633253574371338,0.04932088436240767,0.2734529710005101,0.19869365969257272,0.0747765273490058,0.9023668766021729,383,0.2673898935317993,0.3459448516368866,0.1491419187065376,0.3958689440459679,0.25877177045508154,0.15671222086006967,0.8180983662605286,2,0.9023668766021729,179761,3747661,3747661,2,"[""branched.branched_layer_1.weight"", ""branched.branched_layer_1.bias"", ""branched.branched_layer_2.weight"", ""branched.branched_layer_2.bias"", ""branched.branched_layer_3.weight"", ""branched.branched_layer_3.bias"", ""output.weight"", ""output.bias""]","[""conv1.conv.weight"", ""conv1.conv.bias"", ""conv1.bn_layer.weight"", ""conv1.bn_layer.bias"", ""conv2.conv.weight"", ""conv2.conv.bias"", ""conv2.bn_layer.weight"", ""conv2.bn_layer.bias"", ""conv3.conv.weight"", ""conv3.conv.bias"", ""conv3.bn_layer.weight"", ""conv3.bn_layer.bias"", ""linear1.linear.weight"", ""linear1.linear.bias"", ""linear1.bn_layer.weight"", ""linear1.bn_layer.bias"", ""branched.branched_layer_1.weight"", ""branched.branched_layer_1.bias"", ""branched.branched_layer_2.weight"", ""branched.branched_layer_2.bias"", ""branched.branched_layer_3.weight"", ""branched.branched_layer_3.bias"", ""output.weight"", ""output.bias""]",0,0,0,0,179620,141,0,23700,660600,280600,2603000,179620,141,0
20260414T220505Z_fe14746b,17,random_all_per_seed,all_rows,7,717185,717185,717185,False,False,0.1,0.1,fd2ed1f7a2f865a02b437eb807b01700163c4e7b5b3d25f1fd6719b606e9feb3,09700ad8a87e01fddb78e1e19347ac15933ccd3442ae763be67b580da0d6acf2,165d865a5469b007379d19d8eddb5ccdcd8811d96d30294e5b7d188c27387d3a,SKNSH,2,B2_with_RC,True,False,,,1,2297,0.7499183806725432,full,random,3063,983,2080,728,1569,0.3169351327818894,383,383,0.0005,0.0001,0.0001,2297,0.2812418043613434,0.3698997497558594,0.08663999179816972,0.3073097350887347,0.2631167694557725,0.09443927328030831,0.9129621982574463,383,0.2628118395805359,0.34110477566719055,-0.0025283068934274233,0.1392296889750515,0.1115783645040685,0.01938490629208958,0.7763550877571106,383,0.29881054162979126,0.39024612307548523,0.0649407768558915,0.2679776297971573,0.22890796737066205,0.07181201007170228,1.0161596536636353,0,0.7763550877571106,179761,3747661,3747661,2,"[""branched.branched_layer_1.weight"", ""branched.branched_layer_1.bias"", ""branched.branched_layer_2.weight"", ""branched.branched_layer_2.bias"", ""branched.branched_layer_3.weight"", ""branched.branched_layer_3.bias"", ""output.weight"", ""output.bias""]","[""conv1.conv.weight"", ""conv1.conv.bias"", ""conv1.bn_layer.weight"", ""conv1.bn_layer.bias"", ""conv2.conv.weight"", ""conv2.conv.bias"", ""conv2.bn_layer.weight"", ""conv2.bn_layer.bias"", ""conv3.conv.weight"", ""conv3.conv.bias"", ""conv3.bn_layer.weight"", ""conv3.bn_layer.bias"", ""linear1.linear.weight"", ""linear1.linear.bias"", ""linear1.bn_layer.weight"", ""linear1.bn_layer.bias"", ""branched.branched_layer_1.weight"", ""branched.branched_layer_1.bias"", ""branched.branched_layer_2.weight"", ""branched.branched_layer_2.bias"", ""branched.branched_layer_3.weight"", ""branched.branched_layer_3.bias"", ""output.weight"", ""output.bias""]",0,0,0,0,179620,141,0,23700,660600,280600,2603000,179620,141,0
20260414T220505Z_fe14746b,19,random_all_per_seed,all_rows,7,719203,719203,719203,False,False,0.1,0.1,d10f09aa265bab71343f680e34f2eb30e8cd4527aa6a1ca50685490c50e26cf1,b0c6175bfc15047131416b9da64bb2cb3fc428a1cef9486a2cc5173235f866bb,3ca99a39f2f8ee987e87b32207e9c91500b2f4159a741abfc9982d5f0c4932bd,SKNSH,2,B2_with_RC,True,False,,,1,2297,0.7499183806725432,full,random,3063,972,2091,733,1564,0.31911188506747934,383,383,0.0005,0.0001,0.0001,2297,0.22472570836544037,0.3017655909061432,0.3912623157915678,0.638073656802288,0.5476328093983915,0.40713799150504404,0.6084727048873901,383,0.2591208815574646,0.3341195583343506,0.20014994552592935,0.44922941537553235,0.3043882314061761,0.2018070676386426,0.7459425330162048,383,0.25749120116233826,0.33933451771736145,0.08873312841558056,0.3338874014724936,0.2803161458414061,0.1114807968620541,0.7694098353385925,3,0.7459425330162048,179761,3747661,3747661,2,"[""branched.branched_layer_1.weight"", ""branched.branched_layer_1.bias"", ""branched.branched_layer_2.weight"", ""branched.branched_layer_2.bias"", ""branched.branched_layer_3.weight"", ""branched.branched_layer_3.bias"", ""output.weight"", ""output.bias""]","[""conv1.conv.weight"", ""conv1.conv.bias"", ""conv1.bn_layer.weight"", ""conv1.bn_layer.bias"", ""conv2.conv.weight"", ""conv2.conv.bias"", ""conv2.bn_layer.weight"", ""conv2.bn_layer.bias"", ""conv3.conv.weight"", ""conv3.conv.bias"", ""conv3.bn_layer.weight"", ""conv3.bn_layer.bias"", ""linear1.linear.weight"", ""linear1.linear.bias"", ""linear1.bn_layer.weight"", ""linear1.bn_layer.bias"", ""branched.branched_layer_1.weight"", ""branched.branched_layer_1.bias"", ""branched.branched_layer_2.weight"", ""branched.branched_layer_2.bias"", ""branched.branched_layer_3.weight"", ""branched.branched_layer_3.bias"", ""output.weight"", ""output.bias""]",0,0,0,0,179620,141,0,23700,660600,280600,2603000,179620,141,0
20260414T220505Z_fe14746b,23,random_all_per_seed,all_rows,7,723239,723239,723239,False,False,0.1,0.1,31a2235bdd32c79f9bbcf57fc47adfc274d10761b654866ae9cb9911c3fafcdd,e458c253f91c63ca9a967c6fa4d0ab9cc52faa8ba7794e12b09a2f25a2869c9b,e651fb131205a5d9c63fd1d1ecf15ac7ac31e5181706fbf3e757de8449fba204,SKNSH,2,B2_with_RC,True,False,,,1,2297,0.7499183806725432,full,random,3063,967,2096,716,1581,0.31171092729647365,383,383,0.0005,0.0001,0.0001,2297,0.2464718073606491,0.32175424695014954,0.2699882706299196,0.5431402473951848,0.43065011326441405,0.2950013283405026,0.7296939492225647,383,0.26750868558883667,0.35650140047073364,0.07910112638495925,0.2847849199133592,0.2402262438253266,0.08110245061005841,0.8958076238632202,383,0.2742241322994232,0.357209175825119,0.12769734268572142,0.35900210953645934,0.2476680204835469,0.12888251465162795,0.8993679285049438,2,0.8958076238632202,179761,3747661,3747661,2,"[""branched.branched_layer_1.weight"", ""branched.branched_layer_1.bias"", ""branched.branched_layer_2.weight"", ""branched.branched_layer_2.bias"", ""branched.branched_layer_3.weight"", ""branched.branched_layer_3.bias"", ""output.weight"", ""output.bias""]","[""conv1.conv.weight"", ""conv1.conv.bias"", ""conv1.bn_layer.weight"", ""conv1.bn_layer.bias"", ""conv2.conv.weight"", ""conv2.conv.bias"", ""conv2.bn_layer.weight"", ""conv2.bn_layer.bias"", ""conv3.conv.weight"", ""conv3.conv.bias"", ""conv3.bn_layer.weight"", ""conv3.bn_layer.bias"", ""linear1.linear.weight"", ""linear1.linear.bias"", ""linear1.bn_layer.weight"", ""linear1.bn_layer.bias"", ""branched.branched_layer_1.weight"", ""branched.branched_layer_1.bias"", ""branched.branched_layer_2.weight"", ""branched.branched_layer_2.bias"", ""branched.branched_layer_3.weight"", ""branched.branched_layer_3.bias"", ""output.weight"", ""output.bias""]",0,0,0,0,179620,141,0,23700,660600,280600,2603000,179620,141,0
20260414T220505Z_fe14746b,31,random_all_per_seed,all_rows,7,731311,731311,731311,False,False,0.1,0.1,7ed9f1e71cff080acfd2b40dc86b6782e03711f552c9029ae842ca8d03bd429d,0584dd818218833228e343b6fa1df680f9194b9f11e5f570a45a30905d139e17,27306d05049ecb6e9137a41b7d192b6574e2d4876a1af2e57e67cc9df35420c3,SKNSH,2,B2_with_RC,True,False,,,1,2297,0.7499183806725432,full,random,3063,989,2074,734,1563,0.3195472355245973,383,383,0.0005,0.0001,0.0001,2297,0.24630314111709595,0.32532718777656555,0.27619508276200944,0.5436603169979743,0.44945047324059867,0.29556654027833795,0.7234898209571838,383,0.2745984196662903,0.36173132061958313,0.05764463450156487,0.27239086931246603,0.2015788038735743,0.07419678568480095,0.8944660425186157,383,0.2669716477394104,0.3463120460510254,0.14733480564895607,0.3910177575394503,0.26927566441763046,0.15289488671118032,0.8198357820510864,2,0.8944660425186157,179761,3747661,3747661,2,"[""branched.branched_layer_1.weight"", ""branched.branched_layer_1.bias"", ""branched.branched_layer_2.weight"", ""branched.branched_layer_2.bias"", ""branched.branched_layer_3.weight"", ""branched.branched_layer_3.bias"", ""output.weight"", ""output.bias""]","[""conv1.conv.weight"", ""conv1.conv.bias"", ""conv1.bn_layer.weight"", ""conv1.bn_layer.bias"", ""conv2.conv.weight"", ""conv2.conv.bias"", ""conv2.bn_layer.weight"", ""conv2.bn_layer.bias"", ""conv3.conv.weight"", ""conv3.conv.bias"", ""conv3.bn_layer.weight"", ""conv3.bn_layer.bias"", ""linear1.linear.weight"", ""linear1.linear.bias"", ""linear1.bn_layer.weight"", ""linear1.bn_layer.bias"", ""branched.branched_layer_1.weight"", ""branched.branched_layer_1.bias"", ""branched.branched_layer_2.weight"", ""branched.branched_layer_2.bias"", ""branched.branched_layer_3.weight"", ""branched.branched_layer_3.bias"", ""output.weight"", ""output.bias""]",0,0,0,0,179620,141,0,23700,660600,280600,2603000,179620,141,0
20260414T220505Z_fe14746b,17,random_all_per_seed,all_rows,7,717185,717185,717185,False,False,0.1,0.1,d20de91f4b455148159ffd14b15eca3b322f00e6bd4570610b1fd92d56691f0d,09700ad8a87e01fddb78e1e19347ac15933ccd3442ae763be67b580da0d6acf2,165d865a5469b007379d19d8eddb5ccdcd8811d96d30294e5b7d188c27387d3a,HepG2,1,B2_with_RC,True,False,,,1,3063,1.0,full,random,3063,983,2080,983,2080,0.32092719555990856,383,383,0.0005,0.0001,0.0001,3063,0.2717997431755066,0.3553660213947296,0.126439511468606,0.3613515518495155,0.2881297499003608,0.1305749440240531,0.8732752203941345,383,0.2603301405906677,0.33826395869255066,0.014100968533516833,0.2031390186316831,0.14149437478664662,0.04126546089064329,0.7912448048591614,383,0.2955796718597412,0.3869773745536804,0.08053957437710912,0.2944430144802101,0.23088367626677905,0.08669668877619321,1.0355485677719116,1,0.7912448048591614,179761,3747661,3747661,2,"[""branched.branched_layer_1.weight"", ""branched.branched_layer_1.bias"", ""branched.branched_layer_2.weight"", ""branched.branched_layer_2.bias"", ""branched.branched_layer_3.weight"", ""branched.branched_layer_3.bias"", ""output.weight"", ""output.bias""]","[""conv1.conv.weight"", ""conv1.conv.bias"", ""conv1.bn_layer.weight"", ""conv1.bn_layer.bias"", ""conv2.conv.weight"", ""conv2.conv.bias"", ""conv2.bn_layer.weight"", ""conv2.bn_layer.bias"", ""conv3.conv.weight"", ""conv3.conv.bias"", ""conv3.bn_layer.weight"", ""conv3.bn_layer.bias"", ""linear1.linear.weight"", ""linear1.linear.bias"", ""linear1.bn_layer.weight"", ""linear1.bn_layer.bias"", ""branched.branched_layer_1.weight"", ""branched.branched_layer_1.bias"", ""branched.branched_layer_2.weight"", ""branched.branched_layer_2.bias"", ""branched.branched_layer_3.weight"", ""branched.branched_layer_3.bias"", ""output.weight"", ""output.bias""]",0,0,0,0,179620,141,0,23700,660600,280600,2603000,179620,141,0
20260414T220505Z_fe14746b,19,random_all_per_seed,all_rows,7,719203,719203,719203,False,False,0.1,0.1,e749d923ec422f4e9585fafb01f5ecd5ad938df3ddbd0bb71ac99303ee9e50fa,b0c6175bfc15047131416b9da64bb2cb3fc428a1cef9486a2cc5173235f866bb,3ca99a39f2f8ee987e87b32207e9c91500b2f4159a741abfc9982d5f0c4932bd,HepG2,1,B2_with_RC,True,False,,,1,3063,1.0,full,random,3063,972,2091,972,2091,0.31733594515181196,383,383,0.0005,0.0001,0.0001,3063,0.24997369945049286,0.32873260974884033,0.2613363055162906,0.5254614405005416,0.41651757446284154,0.2761097254529042,0.7384225130081177,383,0.2551678419113159,0.32886919379234314,0.22509019959838972,0.4816472102796316,0.3181375424862159,0.23198403517015165,0.7390361428260803,383,0.2522098124027252,0.3325997292995453,0.1245461788535347,0.35535021958502944,0.29995915976219517,0.12627377855912864,0.7558979392051697,2,0.7390361428260803,179761,3747661,3747661,2,"[""branched.branched_layer_1.weight"", ""branched.branched_layer_1.bias"", ""branched.branched_layer_2.weight"", ""branched.branched_layer_2.bias"", ""branched.branched_layer_3.weight"", ""branched.branched_layer_3.bias"", ""output.weight"", ""output.bias""]","[""conv1.conv.weight"", ""conv1.conv.bias"", ""conv1.bn_layer.weight"", ""conv1.bn_layer.bias"", ""conv2.conv.weight"", ""conv2.conv.bias"", ""conv2.bn_layer.weight"", ""conv2.bn_layer.bias"", ""conv3.conv.weight"", ""conv3.conv.bias"", ""conv3.bn_layer.weight"", ""conv3.bn_layer.bias"", ""linear1.linear.weight"", ""linear1.linear.bias"", ""linear1.bn_layer.weight"", ""linear1.bn_layer.bias"", ""branched.branched_layer_1.weight"", ""branched.branched_layer_1.bias"", ""branched.branched_layer_2.weight"", ""branched.branched_layer_2.bias"", ""branched.branched_layer_3.weight"", ""branched.branched_layer_3.bias"", ""output.weight"", ""output.bias""]",0,0,0,0,179620,141,0,23700,660600,280600,2603000,179620,141,0
20260414T220505Z_fe14746b,23,random_all_per_seed,all_rows,7,723239,723239,723239,False,False,0.1,0.1,13ab0f6315aefa701430d3c6d72aabbac7d8c14bbd495bef999f60f53d37b30d,e458c253f91c63ca9a967c6fa4d0ab9cc52faa8ba7794e12b09a2f25a2869c9b,e651fb131205a5d9c63fd1d1ecf15ac7ac31e5181706fbf3e757de8449fba204,HepG2,1,B2_with_RC,True,False,,,1,3063,1.0,full,random,3063,967,2096,967,2096,0.3157035586026771,383,383,0.0005,0.0001,0.0001,3063,0.2465696930885315,0.3227238357067108,0.27663774376301664,0.5404228979355783,0.40936141504590495,0.2920569086130885,0.7231260538101196,383,0.26415321230888367,0.35293829441070557,0.09741740329569859,0.31686237016092833,0.25518178459374263,0.10040176162400116,0.8648671507835388,383,0.27382510900497437,0.35741743445396423,0.12667987385647106,0.3587920398159561,0.25133224531520526,0.12873172783529463,0.8869585990905762,2,0.8648671507835388,179761,3747661,3747661,2,"[""branched.branched_layer_1.weight"", ""branched.branched_layer_1.bias"", ""branched.branched_layer_2.weight"", ""branched.branched_layer_2.bias"", ""branched.branched_layer_3.weight"", ""branched.branched_layer_3.bias"", ""output.weight"", ""output.bias""]","[""conv1.conv.weight"", ""conv1.conv.bias"", ""conv1.bn_layer.weight"", ""conv1.bn_layer.bias"", ""conv2.conv.weight"", ""conv2.conv.bias"", ""conv2.bn_layer.weight"", ""conv2.bn_layer.bias"", ""conv3.conv.weight"", ""conv3.conv.bias"", ""conv3.bn_layer.weight"", ""conv3.bn_layer.bias"", ""linear1.linear.weight"", ""linear1.linear.bias"", ""linear1.bn_layer.weight"", ""linear1.bn_layer.bias"", ""branched.branched_layer_1.weight"", ""branched.branched_layer_1.bias"", ""branched.branched_layer_2.weight"", ""branched.branched_layer_2.bias"", ""branched.branched_layer_3.weight"", ""branched.branched_layer_3.bias"", ""output.weight"", ""output.bias""]",0,0,0,0,179620,141,0,23700,660600,280600,2603000,179620,141,0
20260414T220505Z_fe14746b,31,random_all_per_seed,all_rows,7,731311,731311,731311,False,False,0.1,0.1,399d8048139dad18f085378ecdd6bc241c21c7bdfccf442a2b187df7b6daa383,0584dd818218833228e343b6fa1df680f9194b9f11e5f570a45a30905d139e17,27306d05049ecb6e9137a41b7d192b6574e2d4876a1af2e57e67cc9df35420c3,HepG2,1,B2_with_RC,True,False,,,1,3063,1.0,full,random,3063,989,2074,989,2074,0.3228860594188704,383,383,0.0005,0.0001,0.0001,3063,0.245350643992424,0.32194754481315613,0.2824563605814726,0.543079180679883,0.4303613181290358,0.29493499648793303,0.7173094153404236,383,0.2729509174823761,0.3621133863925934,0.05565282210722389,0.2774058003333075,0.23063605283135802,0.07695397805856286,0.9074557423591614,383,0.26522552967071533,0.34236207604408264,0.16667459757036762,0.41284101125779865,0.2884918811210655,0.17043770057636184,0.8111618757247925,2,0.9074557423591614,179761,3747661,3747661,2,"[""branched.branched_layer_1.weight"", ""branched.branched_layer_1.bias"", ""branched.branched_layer_2.weight"", ""branched.branched_layer_2.bias"", ""branched.branched_layer_3.weight"", ""branched.branched_layer_3.bias"", ""output.weight"", ""output.bias""]","[""conv1.conv.weight"", ""conv1.conv.bias"", ""conv1.bn_layer.weight"", ""conv1.bn_layer.bias"", ""conv2.conv.weight"", ""conv2.conv.bias"", ""conv2.bn_layer.weight"", ""conv2.bn_layer.bias"", ""conv3.conv.weight"", ""conv3.conv.bias"", ""conv3.bn_layer.weight"", ""conv3.bn_layer.bias"", ""linear1.linear.weight"", ""linear1.linear.bias"", ""linear1.bn_layer.weight"", ""linear1.bn_layer.bias"", ""branched.branched_layer_1.weight"", ""branched.branched_layer_1.bias"", ""branched.branched_layer_2.weight"", ""branched.branched_layer_2.bias"", ""branched.branched_layer_3.weight"", ""branched.branched_layer_3.bias"", ""output.weight"", ""output.bias""]",0,0,0,0,179620,141,0,23700,660600,280600,2603000,179620,141,0
20260414T220505Z_fe14746b,17,random_all_per_seed,all_rows,7,717185,717185,717185,False,False,0.1,0.1,d20de91f4b455148159ffd14b15eca3b322f00e6bd4570610b1fd92d56691f0d,09700ad8a87e01fddb78e1e19347ac15933ccd3442ae763be67b580da0d6acf2,165d865a5469b007379d19d8eddb5ccdcd8811d96d30294e5b7d188c27387d3a,K562,0,B2_with_RC,True,False,,,1,3063,1.0,full,random,3063,983,2080,983,2080,0.32092719555990856,383,383,0.0005,0.0001,0.0001,3063,0.27464860677719116,0.3596898913383484,0.1050523067125857,0.33180071546420775,0.26470587868167017,0.11009171478256015,0.8946555256843567,383,0.2587718665599823,0.338472843170166,0.012882942677693299,0.19284997854013414,0.12272074707966762,0.0371911142229302,0.7922221422195435,383,0.30220329761505127,0.39030376076698303,0.06466460643697225,0.2590457400328801,0.20245628082393075,0.0671046954291825,1.0534279346466064,0,0.7922221422195435,179761,3747661,3747661,2,"[""branched.branched_layer_1.weight"", ""branched.branched_layer_1.bias"", ""branched.branched_layer_2.weight"", ""branched.branched_layer_2.bias"", ""branched.branched_layer_3.weight"", ""branched.branched_layer_3.bias"", ""output.weight"", ""output.bias""]","[""conv1.conv.weight"", ""conv1.conv.bias"", ""conv1.bn_layer.weight"", ""conv1.bn_layer.bias"", ""conv2.conv.weight"", ""conv2.conv.bias"", ""conv2.bn_layer.weight"", ""conv2.bn_layer.bias"", ""conv3.conv.weight"", ""conv3.conv.bias"", ""conv3.bn_layer.weight"", ""conv3.bn_layer.bias"", ""linear1.linear.weight"", ""linear1.linear.bias"", ""linear1.bn_layer.weight"", ""linear1.bn_layer.bias"", ""branched.branched_layer_1.weight"", ""branched.branched_layer_1.bias"", ""branched.branched_layer_2.weight"", ""branched.branched_layer_2.bias"", ""branched.branched_layer_3.weight"", ""branched.branched_layer_3.bias"", ""output.weight"", ""output.bias""]",0,0,0,0,179620,141,0,23700,660600,280600,2603000,179620,141,0
20260414T220505Z_fe14746b,19,random_all_per_seed,all_rows,7,719203,719203,719203,False,False,0.1,0.1,e749d923ec422f4e9585fafb01f5ecd5ad938df3ddbd0bb71ac99303ee9e50fa,b0c6175bfc15047131416b9da64bb2cb3fc428a1cef9486a2cc5173235f866bb,3ca99a39f2f8ee987e87b32207e9c91500b2f4159a741abfc9982d5f0c4932bd,K562,0,B2_with_RC,True,False,,,1,3063,1.0,full,random,3063,972,2091,972,2091,0.31733594515181196,383,383,0.0005,0.0001,0.0001,3063,0.2505508065223694,0.3295488655567169,0.2576635274959159,0.5233060142318937,0.4128059830838995,0.27384918453127094,0.742094099521637,383,0.2547481656074524,0.32798653841018677,0.22924403034905438,0.4850663553913464,0.3101600178787958,0.23528936913264398,0.7350745797157288,383,0.2513450086116791,0.3313000202178955,0.13137489638768618,0.36493364608720746,0.296631799406491,0.1331765660465032,0.7500017285346985,2,0.7350745797157288,179761,3747661,3747661,2,"[""branched.branched_layer_1.weight"", ""branched.branched_layer_1.bias"", ""branched.branched_layer_2.weight"", ""branched.branched_layer_2.bias"", ""branched.branched_layer_3.weight"", ""branched.branched_layer_3.bias"", ""output.weight"", ""output.bias""]","[""conv1.conv.weight"", ""conv1.conv.bias"", ""conv1.bn_layer.weight"", ""conv1.bn_layer.bias"", ""conv2.conv.weight"", ""conv2.conv.bias"", ""conv2.bn_layer.weight"", ""conv2.bn_layer.bias"", ""conv3.conv.weight"", ""conv3.conv.bias"", ""conv3.bn_layer.weight"", ""conv3.bn_layer.bias"", ""linear1.linear.weight"", ""linear1.linear.bias"", ""linear1.bn_layer.weight"", ""linear1.bn_layer.bias"", ""branched.branched_layer_1.weight"", ""branched.branched_layer_1.bias"", ""branched.branched_layer_2.weight"", ""branched.branched_layer_2.bias"", ""branched.branched_layer_3.weight"", ""branched.branched_layer_3.bias"", ""output.weight"", ""output.bias""]",0,0,0,0,179620,141,0,23700,660600,280600,2603000,179620,141,0
20260414T220505Z_fe14746b,23,random_all_per_seed,all_rows,7,723239,723239,723239,False,False,0.1,0.1,13ab0f6315aefa701430d3c6d72aabbac7d8c14bbd495bef999f60f53d37b30d,e458c253f91c63ca9a967c6fa4d0ab9cc52faa8ba7794e12b09a2f25a2869c9b,e651fb131205a5d9c63fd1d1ecf15ac7ac31e5181706fbf3e757de8449fba204,K562,0,B2_with_RC,True,False,,,1,3063,1.0,full,random,3063,967,2096,967,2096,0.3157035586026771,383,383,0.0005,0.0001,0.0001,3063,0.24808500707149506,0.3247467279434204,0.26754104527264455,0.5389917851828515,0.41664525686370496,0.29051214449459717,0.7322197556495667,383,0.26496422290802,0.35307976603507996,0.09669362034657869,0.311995517346998,0.25913891426618896,0.09734120284462092,0.8655608296394348,383,0.27321857213974,0.35660406947135925,0.13065013350746213,0.3629103369242249,0.23688371413239914,0.13170391264645445,0.8829262852668762,2,0.8655608296394348,179761,3747661,3747661,2,"[""branched.branched_layer_1.weight"", ""branched.branched_layer_1.bias"", ""branched.branched_layer_2.weight"", ""branched.branched_layer_2.bias"", ""branched.branched_layer_3.weight"", ""branched.branched_layer_3.bias"", ""output.weight"", ""output.bias""]","[""conv1.conv.weight"", ""conv1.conv.bias"", ""conv1.bn_layer.weight"", ""conv1.bn_layer.bias"", ""conv2.conv.weight"", ""conv2.conv.bias"", ""conv2.bn_layer.weight"", ""conv2.bn_layer.bias"", ""conv3.conv.weight"", ""conv3.conv.bias"", ""conv3.bn_layer.weight"", ""conv3.bn_layer.bias"", ""linear1.linear.weight"", ""linear1.linear.bias"", ""linear1.bn_layer.weight"", ""linear1.bn_layer.bias"", ""branched.branched_layer_1.weight"", ""branched.branched_layer_1.bias"", ""branched.branched_layer_2.weight"", ""branched.branched_layer_2.bias"", ""branched.branched_layer_3.weight"", ""branched.branched_layer_3.bias"", ""output.weight"", ""output.bias""]",0,0,0,0,179620,141,0,23700,660600,280600,2603000,179620,141,0
20260414T220505Z_fe14746b,31,random_all_per_seed,all_rows,7,731311,731311,731311,False,False,0.1,0.1,399d8048139dad18f085378ecdd6bc241c21c7bdfccf442a2b187df7b6daa383,0584dd818218833228e343b6fa1df680f9194b9f11e5f570a45a30905d139e17,27306d05049ecb6e9137a41b7d192b6574e2d4876a1af2e57e67cc9df35420c3,K562,0,B2_with_RC,True,False,,,1,3063,1.0,full,random,3063,989,2074,989,2074,0.3228860594188704,383,383,0.0005,0.0001,0.0001,3063,0.24728348851203918,0.32406318187713623,0.2729949456352304,0.5440808522467163,0.4268977129192783,0.29602397378151313,0.7267676591873169,383,0.27263984084129333,0.3604915142059326,0.0640932060317887,0.2761747763179787,0.21494937203359776,0.07627250707428557,0.8993450403213501,383,0.2673906087875366,0.3463011384010315,0.14738855168385834,0.39577974729787063,0.26667529624445335,0.15664160837116634,0.8299350142478943,2,0.8993450403213501,179761,3747661,3747661,2,"[""branched.branched_layer_1.weight"", ""branched.branched_layer_1.bias"", ""branched.branched_layer_2.weight"", ""branched.branched_layer_2.bias"", ""branched.branched_layer_3.weight"", ""branched.branched_layer_3.bias"", ""output.weight"", ""output.bias""]","[""conv1.conv.weight"", ""conv1.conv.bias"", ""conv1.bn_layer.weight"", ""conv1.bn_layer.bias"", ""conv2.conv.weight"", ""conv2.conv.bias"", ""conv2.bn_layer.weight"", ""conv2.bn_layer.bias"", ""conv3.conv.weight"", ""conv3.conv.bias"", ""conv3.bn_layer.weight"", ""conv3.bn_layer.bias"", ""linear1.linear.weight"", ""linear1.linear.bias"", ""linear1.bn_layer.weight"", ""linear1.bn_layer.bias"", ""branched.branched_layer_1.weight"", ""branched.branched_layer_1.bias"", ""branched.branched_layer_2.weight"", ""branched.branched_layer_2.bias"", ""branched.branched_layer_3.weight"", ""branched.branched_layer_3.bias"", ""output.weight"", ""output.bias""]",0,0,0,0,179620,141,0,23700,660600,280600,2603000,179620,141,0
20260414T220505Z_fe14746b,17,random_all_per_seed,all_rows,7,717185,717185,717185,False,False,0.1,0.1,d20de91f4b455148159ffd14b15eca3b322f00e6bd4570610b1fd92d56691f0d,09700ad8a87e01fddb78e1e19347ac15933ccd3442ae763be67b580da0d6acf2,165d865a5469b007379d19d8eddb5ccdcd8811d96d30294e5b7d188c27387d3a,SKNSH,2,B2_with_RC,True,False,,,1,3063,1.0,full,random,3063,983,2080,983,2080,0.32092719555990856,383,383,0.0005,0.0001,0.0001,3063,0.27612611651420593,0.3618716597557068,0.09416235171034926,0.31659446741366803,0.26252717368798467,0.10023205679694411,0.9055418968200684,383,0.26262348890304565,0.34124821424484253,-0.003371476345513935,0.14673934762798668,0.12140754151895099,0.02153243614228712,0.8052675724029541,383,0.2990013659000397,0.3899066150188446,0.06656710017757828,0.2680111133052045,0.22247844949103943,0.07182995685509516,1.0512851476669312,0,0.8052675724029541,179761,3747661,3747661,2,"[""branched.branched_layer_1.weight"", ""branched.branched_layer_1.bias"", ""branched.branched_layer_2.weight"", ""branched.branched_layer_2.bias"", ""branched.branched_layer_3.weight"", ""branched.branched_layer_3.bias"", ""output.weight"", ""output.bias""]","[""conv1.conv.weight"", ""conv1.conv.bias"", ""conv1.bn_layer.weight"", ""conv1.bn_layer.bias"", ""conv2.conv.weight"", ""conv2.conv.bias"", ""conv2.bn_layer.weight"", ""conv2.bn_layer.bias"", ""conv3.conv.weight"", ""conv3.conv.bias"", ""conv3.bn_layer.weight"", ""conv3.bn_layer.bias"", ""linear1.linear.weight"", ""linear1.linear.bias"", ""linear1.bn_layer.weight"", ""linear1.bn_layer.bias"", ""branched.branched_layer_1.weight"", ""branched.branched_layer_1.bias"", ""branched.branched_layer_2.weight"", ""branched.branched_layer_2.bias"", ""branched.branched_layer_3.weight"", ""branched.branched_layer_3.bias"", ""output.weight"", ""output.bias""]",0,0,0,0,179620,141,0,23700,660600,280600,2603000,179620,141,0
20260414T220505Z_fe14746b,19,random_all_per_seed,all_rows,7,719203,719203,719203,False,False,0.1,0.1,e749d923ec422f4e9585fafb01f5ecd5ad938df3ddbd0bb71ac99303ee9e50fa,b0c6175bfc15047131416b9da64bb2cb3fc428a1cef9486a2cc5173235f866bb,3ca99a39f2f8ee987e87b32207e9c91500b2f4159a741abfc9982d5f0c4932bd,SKNSH,2,B2_with_RC,True,False,,,1,3063,1.0,full,random,3063,972,2091,972,2091,0.31733594515181196,383,383,0.0005,0.0001,0.0001,3063,0.25289952754974365,0.3319042921066284,0.2470139694959883,0.5178498660513313,0.4098962832757996,0.2681684837693818,0.7527401447296143,383,0.25812435150146484,0.3328399658203125,0.2062646572786343,0.461054707485898,0.3082431734473139,0.21257144329490696,0.7569901943206787,383,0.2522094249725342,0.33307820558547974,0.12202543195575588,0.3524739209231696,0.3125692734492023,0.1242378649309528,0.7580743432044983,2,0.7569901943206787,179761,3747661,3747661,2,"[""branched.branched_layer_1.weight"", ""branched.branched_layer_1.bias"", ""branched.branched_layer_2.weight"", ""branched.branched_layer_2.bias"", ""branched.branched_layer_3.weight"", ""branched.branched_layer_3.bias"", ""output.weight"", ""output.bias""]","[""conv1.conv.weight"", ""conv1.conv.bias"", ""conv1.bn_layer.weight"", ""conv1.bn_layer.bias"", ""conv2.conv.weight"", ""conv2.conv.bias"", ""conv2.bn_layer.weight"", ""conv2.bn_layer.bias"", ""conv3.conv.weight"", ""conv3.conv.bias"", ""conv3.bn_layer.weight"", ""conv3.bn_layer.bias"", ""linear1.linear.weight"", ""linear1.linear.bias"", ""linear1.bn_layer.weight"", ""linear1.bn_layer.bias"", ""branched.branched_layer_1.weight"", ""branched.branched_layer_1.bias"", ""branched.branched_layer_2.weight"", ""branched.branched_layer_2.bias"", ""branched.branched_layer_3.weight"", ""branched.branched_layer_3.bias"", ""output.weight"", ""output.bias""]",0,0,0,0,179620,141,0,23700,660600,280600,2603000,179620,141,0
20260414T220505Z_fe14746b,23,random_all_per_seed,all_rows,7,723239,723239,723239,False,False,0.1,0.1,13ab0f6315aefa701430d3c6d72aabbac7d8c14bbd495bef999f60f53d37b30d,e458c253f91c63ca9a967c6fa4d0ab9cc52faa8ba7794e12b09a2f25a2869c9b,e651fb131205a5d9c63fd1d1ecf15ac7ac31e5181706fbf3e757de8449fba204,SKNSH,2,B2_with_RC,True,False,,,1,3063,1.0,full,random,3063,967,2096,967,2096,0.3157035586026771,383,383,0.0005,0.0001,0.0001,3063,0.24666304886341095,0.3229006826877594,0.27584486716895107,0.5425971370520324,0.4218012972275654,0.294411653137062,0.723918616771698,383,0.26688912510871887,0.3560059070587158,0.08165930109803698,0.29167737540088035,0.21746100027979637,0.08507569132074608,0.8799667954444885,383,0.27399909496307373,0.35614168643951416,0.1329030272472338,0.36522358280238004,0.262461090688386,0.13338826543500695,0.8806382417678833,2,0.8799667954444885,179761,3747661,3747661,2,"[""branched.branched_layer_1.weight"", ""branched.branched_layer_1.bias"", ""branched.branched_layer_2.weight"", ""branched.branched_layer_2.bias"", ""branched.branched_layer_3.weight"", ""branched.branched_layer_3.bias"", ""output.weight"", ""output.bias""]","[""conv1.conv.weight"", ""conv1.conv.bias"", ""conv1.bn_layer.weight"", ""conv1.bn_layer.bias"", ""conv2.conv.weight"", ""conv2.conv.bias"", ""conv2.bn_layer.weight"", ""conv2.bn_layer.bias"", ""conv3.conv.weight"", ""conv3.conv.bias"", ""conv3.bn_layer.weight"", ""conv3.bn_layer.bias"", ""linear1.linear.weight"", ""linear1.linear.bias"", ""linear1.bn_layer.weight"", ""linear1.bn_layer.bias"", ""branched.branched_layer_1.weight"", ""branched.branched_layer_1.bias"", ""branched.branched_layer_2.weight"", ""branched.branched_layer_2.bias"", ""branched.branched_layer_3.weight"", ""branched.branched_layer_3.bias"", ""output.weight"", ""output.bias""]",0,0,0,0,179620,141,0,23700,660600,280600,2603000,179620,141,0
20260414T220505Z_fe14746b,31,random_all_per_seed,all_rows,7,731311,731311,731311,False,False,0.1,0.1,399d8048139dad18f085378ecdd6bc241c21c7bdfccf442a2b187df7b6daa383,0584dd818218833228e343b6fa1df680f9194b9f11e5f570a45a30905d139e17,27306d05049ecb6e9137a41b7d192b6574e2d4876a1af2e57e67cc9df35420c3,SKNSH,2,B2_with_RC,True,False,,,1,3063,1.0,full,random,3063,989,2074,989,2074,0.3228860594188704,383,383,0.0005,0.0001,0.0001,3063,0.24897350370883942,0.326858788728714,0.2603974518497264,0.5383990858789053,0.42565512270043404,0.2898735756752408,0.7393611669540405,383,0.27327096462249756,0.3605887293815613,0.0635882950751564,0.27525852391187994,0.21872760687047765,0.07576725498614698,0.899830162525177,383,0.26273009181022644,0.3437306582927704,0.15999883019170413,0.4107633984621639,0.2830884382364868,0.16872656951618645,0.8176600933074951,2,0.899830162525177,179761,3747661,3747661,2,"[""branched.branched_layer_1.weight"", ""branched.branched_layer_1.bias"", ""branched.branched_layer_2.weight"", ""branched.branched_layer_2.bias"", ""branched.branched_layer_3.weight"", ""branched.branched_layer_3.bias"", ""output.weight"", ""output.bias""]","[""conv1.conv.weight"", ""conv1.conv.bias"", ""conv1.bn_layer.weight"", ""conv1.bn_layer.bias"", ""conv2.conv.weight"", ""conv2.conv.bias"", ""conv2.bn_layer.weight"", ""conv2.bn_layer.bias"", ""conv3.conv.weight"", ""conv3.conv.bias"", ""conv3.bn_layer.weight"", ""conv3.bn_layer.bias"", ""linear1.linear.weight"", ""linear1.linear.bias"", ""linear1.bn_layer.weight"", ""linear1.bn_layer.bias"", ""branched.branched_layer_1.weight"", ""branched.branched_layer_1.bias"", ""branched.branched_layer_2.weight"", ""branched.branched_layer_2.bias"", ""branched.branched_layer_3.weight"", ""branched.branched_layer_3.bias"", ""output.weight"", ""output.bias""]",0,0,0,0,179620,141,0,23700,660600,280600,2603000,179620,141,0
20260414T220505Z_fe14746b,17,random_all_per_seed,all_rows,7,717185,717185,717185,False,False,0.1,0.1,fd2ed1f7a2f865a02b437eb807b01700163c4e7b5b3d25f1fd6719b606e9feb3,09700ad8a87e01fddb78e1e19347ac15933ccd3442ae763be67b580da0d6acf2,165d865a5469b007379d19d8eddb5ccdcd8811d96d30294e5b7d188c27387d3a,HepG2,1,B3_with_RC_weighted_bcap_8,True,True,8.0,0.1,1,2297,0.7499183806725432,branched_only,random,3063,983,2080,728,1569,0.3169351327818894,383,383,0.0005,0.0001,0.0001,2297,0.2692928910255432,0.35324370861053467,0.1670426725763361,0.4225804093041932,0.3343606191713232,0.17857420232769947,0.832594633102417,383,0.2578546404838562,0.3373478055000305,0.01943409040939159,0.20884973343728366,0.15162451254242854,0.04361821115682444,0.7593475580215454,383,0.29561153054237366,0.3848399221897125,0.090668656528758,0.31676471020504515,0.22298981195358378,0.10033988163128624,0.988200306892395,7,0.7593475580215454,179761,3747661,179761,0,"[""branched.branched_layer_1.weight"", ""branched.branched_layer_1.bias"", ""branched.branched_layer_2.weight"", ""branched.branched_layer_2.bias"", ""branched.branched_layer_3.weight"", ""branched.branched_layer_3.bias"", ""output.weight"", ""output.bias""]","[""branched.branched_layer_1.weight"", ""branched.branched_layer_1.bias"", ""branched.branched_layer_2.weight"", ""branched.branched_layer_2.bias"", ""branched.branched_layer_3.weight"", ""branched.branched_layer_3.bias"", ""output.weight"", ""output.bias""]",0,0,0,0,179620,141,0,0,0,0,0,179620,141,0
20260414T220505Z_fe14746b,19,random_all_per_seed,all_rows,7,719203,719203,719203,False,False,0.1,0.1,d10f09aa265bab71343f680e34f2eb30e8cd4527aa6a1ca50685490c50e26cf1,b0c6175bfc15047131416b9da64bb2cb3fc428a1cef9486a2cc5173235f866bb,3ca99a39f2f8ee987e87b32207e9c91500b2f4159a741abfc9982d5f0c4932bd,HepG2,1,B3_with_RC_weighted_bcap_8,True,True,8.0,0.1,1,2297,0.7499183806725432,branched_only,random,3063,972,2091,733,1564,0.31911188506747934,383,383,0.0005,0.0001,0.0001,2297,0.2660728991031647,0.3500531315803528,0.18085891344646066,0.4297742710510643,0.3668864095888903,0.18470592405747369,0.8187844753265381,383,0.25800761580467224,0.32959631085395813,0.2216596925916905,0.47693186576321356,0.2909879423677055,0.22746400458037996,0.7258825302124023,383,0.2552759349346161,0.3371155261993408,0.10061216787701399,0.323193614020337,0.2640001718757092,0.10445411214352655,0.759380042552948,21,0.7258825302124023,179761,3747661,179761,0,"[""branched.branched_layer_1.weight"", ""branched.branched_layer_1.bias"", ""branched.branched_layer_2.weight"", ""branched.branched_layer_2.bias"", ""branched.branched_layer_3.weight"", ""branched.branched_layer_3.bias"", ""output.weight"", ""output.bias""]","[""branched.branched_layer_1.weight"", ""branched.branched_layer_1.bias"", ""branched.branched_layer_2.weight"", ""branched.branched_layer_2.bias"", ""branched.branched_layer_3.weight"", ""branched.branched_layer_3.bias"", ""output.weight"", ""output.bias""]",0,0,0,0,179620,141,0,0,0,0,0,179620,141,0
20260414T220505Z_fe14746b,23,random_all_per_seed,all_rows,7,723239,723239,723239,False,False,0.1,0.1,31a2235bdd32c79f9bbcf57fc47adfc274d10761b654866ae9cb9911c3fafcdd,e458c253f91c63ca9a967c6fa4d0ab9cc52faa8ba7794e12b09a2f25a2869c9b,e651fb131205a5d9c63fd1d1ecf15ac7ac31e5181706fbf3e757de8449fba204,HepG2,1,B3_with_RC_weighted_bcap_8,True,True,8.0,0.1,1,2297,0.7499183806725432,branched_only,random,3063,967,2096,716,1581,0.31171092729647365,383,383,0.0005,0.0001,0.0001,2297,0.23614175617694855,0.3093325197696686,0.3252662997959539,0.5752480327922344,0.5095350980653444,0.3309102992313355,0.6744400262832642,383,0.26617056131362915,0.3534698784351349,0.09469641530779649,0.31399699060314923,0.26633558875009794,0.09859411010783418,0.8806372284889221,383,0.2759914696216583,0.3608415722846985,0.10986654700984477,0.34404003867502314,0.26878540027570946,0.11836354821151142,0.9177520275115967,68,0.8806372284889221,179761,3747661,179761,0,"[""branched.branched_layer_1.weight"", ""branched.branched_layer_1.bias"", ""branched.branched_layer_2.weight"", ""branched.branched_layer_2.bias"", ""branched.branched_layer_3.weight"", ""branched.branched_layer_3.bias"", ""output.weight"", ""output.bias""]","[""branched.branched_layer_1.weight"", ""branched.branched_layer_1.bias"", ""branched.branched_layer_2.weight"", ""branched.branched_layer_2.bias"", ""branched.branched_layer_3.weight"", ""branched.branched_layer_3.bias"", ""output.weight"", ""output.bias""]",0,0,0,0,179620,141,0,0,0,0,0,179620,141,0
20260414T220505Z_fe14746b,31,random_all_per_seed,all_rows,7,731311,731311,731311,False,False,0.1,0.1,7ed9f1e71cff080acfd2b40dc86b6782e03711f552c9029ae842ca8d03bd429d,0584dd818218833228e343b6fa1df680f9194b9f11e5f570a45a30905d139e17,27306d05049ecb6e9137a41b7d192b6574e2d4876a1af2e57e67cc9df35420c3,HepG2,1,B3_with_RC_weighted_bcap_8,True,True,8.0,0.1,1,2297,0.7499183806725432,branched_only,random,3063,989,2074,734,1563,0.3195472355245973,383,383,0.0005,0.0001,0.0001,2297,0.2699064016342163,0.3531452715396881,0.1471206292994668,0.38903173468115276,0.303005204830945,0.15134569058902683,0.8525080680847168,383,0.27514585852622986,0.3633997440338135,0.048931602964248366,0.24921110113152176,0.21487279485194796,0.062106172927185566,0.9027363061904907,383,0.26835715770721436,0.3517147898674011,0.12052268620841333,0.3528418623800271,0.2750197995345254,0.124497379847806,0.8456156253814697,3,0.9027363061904907,179761,3747661,179761,0,"[""branched.branched_layer_1.weight"", ""branched.branched_layer_1.bias"", ""branched.branched_layer_2.weight"", ""branched.branched_layer_2.bias"", ""branched.branched_layer_3.weight"", ""branched.branched_layer_3.bias"", ""output.weight"", ""output.bias""]","[""branched.branched_layer_1.weight"", ""branched.branched_layer_1.bias"", ""branched.branched_layer_2.weight"", ""branched.branched_layer_2.bias"", ""branched.branched_layer_3.weight"", ""branched.branched_layer_3.bias"", ""output.weight"", ""output.bias""]",0,0,0,0,179620,141,0,0,0,0,0,179620,141,0
20260414T220505Z_fe14746b,17,random_all_per_seed,all_rows,7,717185,717185,717185,False,False,0.1,0.1,fd2ed1f7a2f865a02b437eb807b01700163c4e7b5b3d25f1fd6719b606e9feb3,09700ad8a87e01fddb78e1e19347ac15933ccd3442ae763be67b580da0d6acf2,165d865a5469b007379d19d8eddb5ccdcd8811d96d30294e5b7d188c27387d3a,K562,0,B3_with_RC_weighted_bcap_8,True,True,8.0,0.1,1,2297,0.7499183806725432,branched_only,random,3063,983,2080,728,1569,0.3169351327818894,383,383,0.0005,0.0001,0.0001,2297,0.2798999845981598,0.36811137199401855,0.0954503964868354,0.3187650032502199,0.268271582078351,0.1016111272971127,0.9041557312011719,383,0.25878867506980896,0.3380213975906372,0.015514317918393528,0.18976161447091883,0.12500625448039437,0.03600947032660963,0.7623828649520874,383,0.3043934106826782,0.393199622631073,0.05073359449254056,0.23538649106571502,0.19715927914163903,0.05540680017622994,1.0315990447998047,0,0.7623828649520874,179761,3747661,179761,0,"[""branched.branched_layer_1.weight"", ""branched.branched_layer_1.bias"", ""branched.branched_layer_2.weight"", ""branched.branched_layer_2.bias"", ""branched.branched_layer_3.weight"", ""branched.branched_layer_3.bias"", ""output.weight"", ""output.bias""]","[""branched.branched_layer_1.weight"", ""branched.branched_layer_1.bias"", ""branched.branched_layer_2.weight"", ""branched.branched_layer_2.bias"", ""branched.branched_layer_3.weight"", ""branched.branched_layer_3.bias"", ""output.weight"", ""output.bias""]",0,0,0,0,179620,141,0,0,0,0,0,179620,141,0
20260414T220505Z_fe14746b,19,random_all_per_seed,all_rows,7,719203,719203,719203,False,False,0.1,0.1,d10f09aa265bab71343f680e34f2eb30e8cd4527aa6a1ca50685490c50e26cf1,b0c6175bfc15047131416b9da64bb2cb3fc428a1cef9486a2cc5173235f866bb,3ca99a39f2f8ee987e87b32207e9c91500b2f4159a741abfc9982d5f0c4932bd,K562,0,B3_with_RC_weighted_bcap_8,True,True,8.0,0.1,1,2297,0.7499183806725432,branched_only,random,3063,972,2091,733,1564,0.31911188506747934,383,383,0.0005,0.0001,0.0001,2297,0.2686491906642914,0.35427674651145935,0.16097282230658339,0.40738128837990867,0.34732983158812347,0.1659595141220743,0.8386618494987488,383,0.25722748041152954,0.33016377687454224,0.21897734325386786,0.4719848882510537,0.2834738224843884,0.22276973473735967,0.7283840179443359,383,0.25465887784957886,0.33542051911354065,0.10963357262825146,0.34199016319228387,0.28156848503354176,0.11695727172028496,0.7517629861831665,19,0.7283840179443359,179761,3747661,179761,0,"[""branched.branched_layer_1.weight"", ""branched.branched_layer_1.bias"", ""branched.branched_layer_2.weight"", ""branched.branched_layer_2.bias"", ""branched.branched_layer_3.weight"", ""branched.branched_layer_3.bias"", ""output.weight"", ""output.bias""]","[""branched.branched_layer_1.weight"", ""branched.branched_layer_1.bias"", ""branched.branched_layer_2.weight"", ""branched.branched_layer_2.bias"", ""branched.branched_layer_3.weight"", ""branched.branched_layer_3.bias"", ""output.weight"", ""output.bias""]",0,0,0,0,179620,141,0,0,0,0,0,179620,141,0
20260414T220505Z_fe14746b,23,random_all_per_seed,all_rows,7,723239,723239,723239,False,False,0.1,0.1,31a2235bdd32c79f9bbcf57fc47adfc274d10761b654866ae9cb9911c3fafcdd,e458c253f91c63ca9a967c6fa4d0ab9cc52faa8ba7794e12b09a2f25a2869c9b,e651fb131205a5d9c63fd1d1ecf15ac7ac31e5181706fbf3e757de8449fba204,K562,0,B3_with_RC_weighted_bcap_8,True,True,8.0,0.1,1,2297,0.7499183806725432,branched_only,random,3063,967,2096,716,1581,0.31171092729647365,383,383,0.0005,0.0001,0.0001,2297,0.2391902208328247,0.31399014592170715,0.3047942863352838,0.5553640252138434,0.49467825553873934,0.3084292005017225,0.6949030756950378,383,0.26129889488220215,0.3524252474308014,0.1000395197470274,0.32290188867856706,0.29079990322186566,0.10426562971218571,0.8754397034645081,383,0.27886608242988586,0.3630310297012329,0.09903172619377931,0.3324974884974812,0.23975141942706982,0.11055457985713263,0.9289229512214661,75,0.8754397034645081,179761,3747661,179761,0,"[""branched.branched_layer_1.weight"", ""branched.branched_layer_1.bias"", ""branched.branched_layer_2.weight"", ""branched.branched_layer_2.bias"", ""branched.branched_layer_3.weight"", ""branched.branched_layer_3.bias"", ""output.weight"", ""output.bias""]","[""branched.branched_layer_1.weight"", ""branched.branched_layer_1.bias"", ""branched.branched_layer_2.weight"", ""branched.branched_layer_2.bias"", ""branched.branched_layer_3.weight"", ""branched.branched_layer_3.bias"", ""output.weight"", ""output.bias""]",0,0,0,0,179620,141,0,0,0,0,0,179620,141,0
20260414T220505Z_fe14746b,31,random_all_per_seed,all_rows,7,731311,731311,731311,False,False,0.1,0.1,7ed9f1e71cff080acfd2b40dc86b6782e03711f552c9029ae842ca8d03bd429d,0584dd818218833228e343b6fa1df680f9194b9f11e5f570a45a30905d139e17,27306d05049ecb6e9137a41b7d192b6574e2d4876a1af2e57e67cc9df35420c3,K562,0,B3_with_RC_weighted_bcap_8,True,True,8.0,0.1,1,2297,0.7499183806725432,branched_only,random,3063,989,2074,734,1563,0.3195472355245973,383,383,0.0005,0.0001,0.0001,2297,0.2657378911972046,0.3480944335460663,0.17134274564020258,0.41850869411296887,0.32760094970948556,0.17514952704814254,0.8282965421676636,383,0.2748730480670929,0.3636246621608734,0.04775385996141468,0.24985757349668272,0.21111944492904913,0.06242880703365021,0.9038541913032532,383,0.2692472040653229,0.3487778902053833,0.13514911373567373,0.37507179056897055,0.23066081648637288,0.1406788480806137,0.8315523862838745,11,0.9038541913032532,179761,3747661,179761,0,"[""branched.branched_layer_1.weight"", ""branched.branched_layer_1.bias"", ""branched.branched_layer_2.weight"", ""branched.branched_layer_2.bias"", ""branched.branched_layer_3.weight"", ""branched.branched_layer_3.bias"", ""output.weight"", ""output.bias""]","[""branched.branched_layer_1.weight"", ""branched.branched_layer_1.bias"", ""branched.branched_layer_2.weight"", ""branched.branched_layer_2.bias"", ""branched.branched_layer_3.weight"", ""branched.branched_layer_3.bias"", ""output.weight"", ""output.bias""]",0,0,0,0,179620,141,0,0,0,0,0,179620,141,0
20260414T220505Z_fe14746b,17,random_all_per_seed,all_rows,7,717185,717185,717185,False,False,0.1,0.1,fd2ed1f7a2f865a02b437eb807b01700163c4e7b5b3d25f1fd6719b606e9feb3,09700ad8a87e01fddb78e1e19347ac15933ccd3442ae763be67b580da0d6acf2,165d865a5469b007379d19d8eddb5ccdcd8811d96d30294e5b7d188c27387d3a,SKNSH,2,B3_with_RC_weighted_bcap_8,True,True,8.0,0.1,1,2297,0.7499183806725432,branched_only,random,3063,983,2080,728,1569,0.3169351327818894,383,383,0.0005,0.0001,0.0001,2297,0.25853896141052246,0.3386196792125702,0.2345826343271431,0.5090238190421457,0.4345227593378864,0.25910524835225107,0.7650840878486633,383,0.2588518559932709,0.3380216062068939,0.015513116455561082,0.20756666546891148,0.17696203206476577,0.043083920613883005,0.7623838186264038,383,0.2943163514137268,0.3874995708465576,0.07805636445004227,0.29402185215924426,0.18912742813220168,0.08644884954715248,1.0019065141677856,45,0.7623838186264038,179761,3747661,179761,0,"[""branched.branched_layer_1.weight"", ""branched.branched_layer_1.bias"", ""branched.branched_layer_2.weight"", ""branched.branched_layer_2.bias"", ""branched.branched_layer_3.weight"", ""branched.branched_layer_3.bias"", ""output.weight"", ""output.bias""]","[""branched.branched_layer_1.weight"", ""branched.branched_layer_1.bias"", ""branched.branched_layer_2.weight"", ""branched.branched_layer_2.bias"", ""branched.branched_layer_3.weight"", ""branched.branched_layer_3.bias"", ""output.weight"", ""output.bias""]",0,0,0,0,179620,141,0,0,0,0,0,179620,141,0
20260414T220505Z_fe14746b,19,random_all_per_seed,all_rows,7,719203,719203,719203,False,False,0.1,0.1,d10f09aa265bab71343f680e34f2eb30e8cd4527aa6a1ca50685490c50e26cf1,b0c6175bfc15047131416b9da64bb2cb3fc428a1cef9486a2cc5173235f866bb,3ca99a39f2f8ee987e87b32207e9c91500b2f4159a741abfc9982d5f0c4932bd,SKNSH,2,B3_with_RC_weighted_bcap_8,True,True,8.0,0.1,1,2297,0.7499183806725432,branched_only,random,3063,972,2091,733,1564,0.31911188506747934,383,383,0.0005,0.0001,0.0001,2297,0.27018699049949646,0.35624954104423523,0.1516026249057687,0.3931574907820384,0.3355916131079937,0.1545728125580286,0.8480280041694641,383,0.25855594873428345,0.33147212862968445,0.21277499914544185,0.46685911637574007,0.2838918372551049,0.21795743454313682,0.7341684103012085,383,0.25562241673469543,0.335506409406662,0.10917766268276208,0.33647326687967444,0.27884269171662474,0.11321425932468061,0.7521478533744812,17,0.7341684103012085,179761,3747661,179761,0,"[""branched.branched_layer_1.weight"", ""branched.branched_layer_1.bias"", ""branched.branched_layer_2.weight"", ""branched.branched_layer_2.bias"", ""branched.branched_layer_3.weight"", ""branched.branched_layer_3.bias"", ""output.weight"", ""output.bias""]","[""branched.branched_layer_1.weight"", ""branched.branched_layer_1.bias"", ""branched.branched_layer_2.weight"", ""branched.branched_layer_2.bias"", ""branched.branched_layer_3.weight"", ""branched.branched_layer_3.bias"", ""output.weight"", ""output.bias""]",0,0,0,0,179620,141,0,0,0,0,0,179620,141,0
20260414T220505Z_fe14746b,23,random_all_per_seed,all_rows,7,723239,723239,723239,False,False,0.1,0.1,31a2235bdd32c79f9bbcf57fc47adfc274d10761b654866ae9cb9911c3fafcdd,e458c253f91c63ca9a967c6fa4d0ab9cc52faa8ba7794e12b09a2f25a2869c9b,e651fb131205a5d9c63fd1d1ecf15ac7ac31e5181706fbf3e757de8449fba204,SKNSH,2,B3_with_RC_weighted_bcap_8,True,True,8.0,0.1,1,2297,0.7499183806725432,branched_only,random,3063,967,2096,716,1581,0.31171092729647365,383,383,0.0005,0.0001,0.0001,2297,0.2407245934009552,0.31598079204559326,0.29595144677845164,0.5469368593982774,0.48459826942337036,0.2991399281684511,0.7037420868873596,383,0.2637663781642914,0.3524444103240967,0.09994165857652126,0.3206012289888565,0.2699724271592477,0.1027851480291652,0.8755348920822144,383,0.2766595482826233,0.3613015115261078,0.10759588178078494,0.3430248234924684,0.2555033462158557,0.11766602953203908,0.9200931787490845,74,0.8755348920822144,179761,3747661,179761,0,"[""branched.branched_layer_1.weight"", ""branched.branched_layer_1.bias"", ""branched.branched_layer_2.weight"", ""branched.branched_layer_2.bias"", ""branched.branched_layer_3.weight"", ""branched.branched_layer_3.bias"", ""output.weight"", ""output.bias""]","[""branched.branched_layer_1.weight"", ""branched.branched_layer_1.bias"", ""branched.branched_layer_2.weight"", ""branched.branched_layer_2.bias"", ""branched.branched_layer_3.weight"", ""branched.branched_layer_3.bias"", ""output.weight"", ""output.bias""]",0,0,0,0,179620,141,0,0,0,0,0,179620,141,0
20260414T220505Z_fe14746b,31,random_all_per_seed,all_rows,7,731311,731311,731311,False,False,0.1,0.1,7ed9f1e71cff080acfd2b40dc86b6782e03711f552c9029ae842ca8d03bd429d,0584dd818218833228e343b6fa1df680f9194b9f11e5f570a45a30905d139e17,27306d05049ecb6e9137a41b7d192b6574e2d4876a1af2e57e67cc9df35420c3,SKNSH,2,B3_with_RC_weighted_bcap_8,True,True,8.0,0.1,1,2297,0.7499183806725432,branched_only,random,3063,989,2074,734,1563,0.3195472355245973,383,383,0.0005,0.0001,0.0001,2297,0.2701397240161896,0.35359615087509155,0.14494145747198628,0.3859151509701531,0.3061036607184888,0.14893050374831607,0.8546862602233887,383,0.274974524974823,0.36257606744766235,0.05323801498191816,0.2565387969136785,0.22767262418084094,0.06581215432191757,0.8986486792564392,383,0.2679060101509094,0.35061898827552795,0.12599444326897125,0.36170799500977335,0.2501697721894251,0.13083267365399023,0.8403544425964355,5,0.8986486792564392,179761,3747661,179761,0,"[""branched.branched_layer_1.weight"", ""branched.branched_layer_1.bias"", ""branched.branched_layer_2.weight"", ""branched.branched_layer_2.bias"", ""branched.branched_layer_3.weight"", ""branched.branched_layer_3.bias"", ""output.weight"", ""output.bias""]","[""branched.branched_layer_1.weight"", ""branched.branched_layer_1.bias"", ""branched.branched_layer_2.weight"", ""branched.branched_layer_2.bias"", ""branched.branched_layer_3.weight"", ""branched.branched_layer_3.bias"", ""output.weight"", ""output.bias""]",0,0,0,0,179620,141,0,0,0,0,0,179620,141,0
20260414T220505Z_fe14746b,17,random_all_per_seed,all_rows,7,717185,717185,717185,False,False,0.1,0.1,d20de91f4b455148159ffd14b15eca3b322f00e6bd4570610b1fd92d56691f0d,09700ad8a87e01fddb78e1e19347ac15933ccd3442ae763be67b580da0d6acf2,165d865a5469b007379d19d8eddb5ccdcd8811d96d30294e5b7d188c27387d3a,HepG2,1,B3_with_RC_weighted_bcap_8,True,True,8.0,0.1,1,3063,1.0,branched_only,random,3063,983,2080,983,2080,0.32092719555990856,383,383,0.0005,0.0001,0.0001,3063,0.27227604389190674,0.3561673164367676,0.12249557362327446,0.36176643363044947,0.2883553836208148,0.1308749525016944,0.8772180080413818,383,0.26040247082710266,0.3377106487751007,0.017323635125349512,0.2041461907893679,0.1365785046862704,0.041675667213809005,0.7886583805084229,383,0.2956714630126953,0.38797932863235474,0.07577196542463771,0.30066363115805106,0.2362967704713735,0.09039861910114458,1.040918231010437,1,0.7886583805084229,179761,3747661,179761,0,"[""branched.branched_layer_1.weight"", ""branched.branched_layer_1.bias"", ""branched.branched_layer_2.weight"", ""branched.branched_layer_2.bias"", ""branched.branched_layer_3.weight"", ""branched.branched_layer_3.bias"", ""output.weight"", ""output.bias""]","[""branched.branched_layer_1.weight"", ""branched.branched_layer_1.bias"", ""branched.branched_layer_2.weight"", ""branched.branched_layer_2.bias"", ""branched.branched_layer_3.weight"", ""branched.branched_layer_3.bias"", ""output.weight"", ""output.bias""]",0,0,0,0,179620,141,0,0,0,0,0,179620,141,0
20260414T220505Z_fe14746b,19,random_all_per_seed,all_rows,7,719203,719203,719203,False,False,0.1,0.1,e749d923ec422f4e9585fafb01f5ecd5ad938df3ddbd0bb71ac99303ee9e50fa,b0c6175bfc15047131416b9da64bb2cb3fc428a1cef9486a2cc5173235f866bb,3ca99a39f2f8ee987e87b32207e9c91500b2f4159a741abfc9982d5f0c4932bd,HepG2,1,B3_with_RC_weighted_bcap_8,True,True,8.0,0.1,1,3063,1.0,branched_only,random,3063,972,2091,972,2091,0.31733594515181196,383,383,0.0005,0.0001,0.0001,3063,0.2678898572921753,0.350141704082489,0.16199069063481786,0.4039084653752947,0.3261890626653661,0.1631420484018256,0.8377357721328735,383,0.2557213604450226,0.3276267945766449,0.23093402175637368,0.4821037528188204,0.29919540713898674,0.23242402848199029,0.7334629893302917,383,0.25520211458206177,0.33723634481430054,0.09996739897070295,0.3354137089940914,0.2702945486988125,0.11250235618117303,0.7771199941635132,17,0.7334629893302917,179761,3747661,179761,0,"[""branched.branched_layer_1.weight"", ""branched.branched_layer_1.bias"", ""branched.branched_layer_2.weight"", ""branched.branched_layer_2.bias"", ""branched.branched_layer_3.weight"", ""branched.branched_layer_3.bias"", ""output.weight"", ""output.bias""]","[""branched.branched_layer_1.weight"", ""branched.branched_layer_1.bias"", ""branched.branched_layer_2.weight"", ""branched.branched_layer_2.bias"", ""branched.branched_layer_3.weight"", ""branched.branched_layer_3.bias"", ""output.weight"", ""output.bias""]",0,0,0,0,179620,141,0,0,0,0,0,179620,141,0
20260414T220505Z_fe14746b,23,random_all_per_seed,all_rows,7,723239,723239,723239,False,False,0.1,0.1,13ab0f6315aefa701430d3c6d72aabbac7d8c14bbd495bef999f60f53d37b30d,e458c253f91c63ca9a967c6fa4d0ab9cc52faa8ba7794e12b09a2f25a2869c9b,e651fb131205a5d9c63fd1d1ecf15ac7ac31e5181706fbf3e757de8449fba204,HepG2,1,B3_with_RC_weighted_bcap_8,True,True,8.0,0.1,1,3063,1.0,branched_only,random,3063,967,2096,967,2096,0.3157035586026771,383,383,0.0005,0.0001,0.0001,3063,0.251330703496933,0.32766714692115784,0.25430793630165904,0.5091769540257295,0.41601626701950145,0.25926117051091985,0.7454485893249512,383,0.2650710344314575,0.3522225320339203,0.10107456761384159,0.322249351085275,0.2718585037547189,0.10384464427488084,0.861362874507904,383,0.276024729013443,0.3587174117565155,0.12031543372136688,0.3536647672703773,0.253062096071519,0.12507876760841016,0.8934223651885986,49,0.861362874507904,179761,3747661,179761,0,"[""branched.branched_layer_1.weight"", ""branched.branched_layer_1.bias"", ""branched.branched_layer_2.weight"", ""branched.branched_layer_2.bias"", ""branched.branched_layer_3.weight"", ""branched.branched_layer_3.bias"", ""output.weight"", ""output.bias""]","[""branched.branched_layer_1.weight"", ""branched.branched_layer_1.bias"", ""branched.branched_layer_2.weight"", ""branched.branched_layer_2.bias"", ""branched.branched_layer_3.weight"", ""branched.branched_layer_3.bias"", ""output.weight"", ""output.bias""]",0,0,0,0,179620,141,0,0,0,0,0,179620,141,0
20260414T220505Z_fe14746b,31,random_all_per_seed,all_rows,7,731311,731311,731311,False,False,0.1,0.1,399d8048139dad18f085378ecdd6bc241c21c7bdfccf442a2b187df7b6daa383,0584dd818218833228e343b6fa1df680f9194b9f11e5f570a45a30905d139e17,27306d05049ecb6e9137a41b7d192b6574e2d4876a1af2e57e67cc9df35420c3,HepG2,1,B3_with_RC_weighted_bcap_8,True,True,8.0,0.1,1,3063,1.0,branched_only,random,3063,989,2074,989,2074,0.3228860594188704,383,383,0.0005,0.0001,0.0001,3063,0.26951417326927185,0.35169467329978943,0.1437321186672148,0.3840846095483582,0.2948420894911626,0.1475209872919148,0.8559884428977966,383,0.2745625674724579,0.3623073101043701,0.054641135201080715,0.2523219685110839,0.22521915174893745,0.06366637579330842,0.9084278345108032,383,0.2686308026313782,0.35224291682243347,0.11787957092677992,0.35247531480999966,0.2525403066058798,0.12423884755040837,0.8586592078208923,3,0.9084278345108032,179761,3747661,179761,0,"[""branched.branched_layer_1.weight"", ""branched.branched_layer_1.bias"", ""branched.branched_layer_2.weight"", ""branched.branched_layer_2.bias"", ""branched.branched_layer_3.weight"", ""branched.branched_layer_3.bias"", ""output.weight"", ""output.bias""]","[""branched.branched_layer_1.weight"", ""branched.branched_layer_1.bias"", ""branched.branched_layer_2.weight"", ""branched.branched_layer_2.bias"", ""branched.branched_layer_3.weight"", ""branched.branched_layer_3.bias"", ""output.weight"", ""output.bias""]",0,0,0,0,179620,141,0,0,0,0,0,179620,141,0
20260414T220505Z_fe14746b,17,random_all_per_seed,all_rows,7,717185,717185,717185,False,False,0.1,0.1,d20de91f4b455148159ffd14b15eca3b322f00e6bd4570610b1fd92d56691f0d,09700ad8a87e01fddb78e1e19347ac15933ccd3442ae763be67b580da0d6acf2,165d865a5469b007379d19d8eddb5ccdcd8811d96d30294e5b7d188c27387d3a,K562,0,B3_with_RC_weighted_bcap_8,True,True,8.0,0.1,1,3063,1.0,branched_only,random,3063,983,2080,983,2080,0.32092719555990856,383,383,0.0005,0.0001,0.0001,3063,0.2746032774448395,0.3596927523612976,0.1050379713858608,0.33074074526744135,0.26410970077373475,0.10938944058006253,0.8946698307991028,383,0.25847673416137695,0.3380957543849945,0.01508127638605472,0.1927362284680543,0.12995864997941772,0.037147253764090025,0.7904579639434814,383,0.30210769176483154,0.3906996548175812,0.06276614884509268,0.259450440936965,0.19819722270424972,0.06731453130238557,1.0555661916732788,0,0.7904579639434814,179761,3747661,179761,0,"[""branched.branched_layer_1.weight"", ""branched.branched_layer_1.bias"", ""branched.branched_layer_2.weight"", ""branched.branched_layer_2.bias"", ""branched.branched_layer_3.weight"", ""branched.branched_layer_3.bias"", ""output.weight"", ""output.bias""]","[""branched.branched_layer_1.weight"", ""branched.branched_layer_1.bias"", ""branched.branched_layer_2.weight"", ""branched.branched_layer_2.bias"", ""branched.branched_layer_3.weight"", ""branched.branched_layer_3.bias"", ""output.weight"", ""output.bias""]",0,0,0,0,179620,141,0,0,0,0,0,179620,141,0
20260414T220505Z_fe14746b,19,random_all_per_seed,all_rows,7,719203,719203,719203,False,False,0.1,0.1,e749d923ec422f4e9585fafb01f5ecd5ad938df3ddbd0bb71ac99303ee9e50fa,b0c6175bfc15047131416b9da64bb2cb3fc428a1cef9486a2cc5173235f866bb,3ca99a39f2f8ee987e87b32207e9c91500b2f4159a741abfc9982d5f0c4932bd,K562,0,B3_with_RC_weighted_bcap_8,True,True,8.0,0.1,1,3063,1.0,branched_only,random,3063,972,2091,972,2091,0.31733594515181196,383,383,0.0005,0.0001,0.0001,3063,0.2590883672237396,0.339478075504303,0.21225687680523198,0.4647641012969831,0.4003144226884751,0.21600566985439235,0.7874860167503357,383,0.2574635148048401,0.3284634053707123,0.2270012700269013,0.4784612707724836,0.26598640844322213,0.2289251876292199,0.7372136116027832,383,0.2567479610443115,0.3396551311016083,0.08701046039022231,0.313240666325092,0.26394015016105965,0.09811971503978763,0.7883076071739197,41,0.7372136116027832,179761,3747661,179761,0,"[""branched.branched_layer_1.weight"", ""branched.branched_layer_1.bias"", ""branched.branched_layer_2.weight"", ""branched.branched_layer_2.bias"", ""branched.branched_layer_3.weight"", ""branched.branched_layer_3.bias"", ""output.weight"", ""output.bias""]","[""branched.branched_layer_1.weight"", ""branched.branched_layer_1.bias"", ""branched.branched_layer_2.weight"", ""branched.branched_layer_2.bias"", ""branched.branched_layer_3.weight"", ""branched.branched_layer_3.bias"", ""output.weight"", ""output.bias""]",0,0,0,0,179620,141,0,0,0,0,0,179620,141,0
20260414T220505Z_fe14746b,23,random_all_per_seed,all_rows,7,723239,723239,723239,False,False,0.1,0.1,13ab0f6315aefa701430d3c6d72aabbac7d8c14bbd495bef999f60f53d37b30d,e458c253f91c63ca9a967c6fa4d0ab9cc52faa8ba7794e12b09a2f25a2869c9b,e651fb131205a5d9c63fd1d1ecf15ac7ac31e5181706fbf3e757de8449fba204,K562,0,B3_with_RC_weighted_bcap_8,True,True,8.0,0.1,1,3063,1.0,branched_only,random,3063,967,2096,967,2096,0.3157035586026771,383,383,0.0005,0.0001,0.0001,3063,0.24718497693538666,0.3229231536388397,0.2757439757329109,0.538833958363749,0.45213443122640956,0.29034203468594644,0.7240195274353027,383,0.2648289203643799,0.35184183716773987,0.10301663553295803,0.32106117522967315,0.2731191633318958,0.10308027823985888,0.8595019578933716,383,0.27661189436912537,0.35789844393730164,0.12432763681067815,0.35436350369714414,0.24356762163887474,0.1255734927525159,0.8893475532531738,66,0.8595019578933716,179761,3747661,179761,0,"[""branched.branched_layer_1.weight"", ""branched.branched_layer_1.bias"", ""branched.branched_layer_2.weight"", ""branched.branched_layer_2.bias"", ""branched.branched_layer_3.weight"", ""branched.branched_layer_3.bias"", ""output.weight"", ""output.bias""]","[""branched.branched_layer_1.weight"", ""branched.branched_layer_1.bias"", ""branched.branched_layer_2.weight"", ""branched.branched_layer_2.bias"", ""branched.branched_layer_3.weight"", ""branched.branched_layer_3.bias"", ""output.weight"", ""output.bias""]",0,0,0,0,179620,141,0,0,0,0,0,179620,141,0
20260414T220505Z_fe14746b,31,random_all_per_seed,all_rows,7,731311,731311,731311,False,False,0.1,0.1,399d8048139dad18f085378ecdd6bc241c21c7bdfccf442a2b187df7b6daa383,0584dd818218833228e343b6fa1df680f9194b9f11e5f570a45a30905d139e17,27306d05049ecb6e9137a41b7d192b6574e2d4876a1af2e57e67cc9df35420c3,K562,0,B3_with_RC_weighted_bcap_8,True,True,8.0,0.1,1,3063,1.0,branched_only,random,3063,989,2074,989,2074,0.3228860594188704,383,383,0.0005,0.0001,0.0001,3063,0.2661236822605133,0.3475968837738037,0.16356967270780975,0.40788838253604054,0.3156139136986421,0.16637293260786734,0.8361573219299316,383,0.27531328797340393,0.3641359806060791,0.04507408038635763,0.24871542942420105,0.21175011195504914,0.061859364833664734,0.9176211953163147,383,0.26844069361686707,0.34897878766059875,0.13415251071167678,0.3711307159987849,0.23404627199489683,0.13773800835777072,0.8428190350532532,9,0.9176211953163147,179761,3747661,179761,0,"[""branched.branched_layer_1.weight"", ""branched.branched_layer_1.bias"", ""branched.branched_layer_2.weight"", ""branched.branched_layer_2.bias"", ""branched.branched_layer_3.weight"", ""branched.branched_layer_3.bias"", ""output.weight"", ""output.bias""]","[""branched.branched_layer_1.weight"", ""branched.branched_layer_1.bias"", ""branched.branched_layer_2.weight"", ""branched.branched_layer_2.bias"", ""branched.branched_layer_3.weight"", ""branched.branched_layer_3.bias"", ""output.weight"", ""output.bias""]",0,0,0,0,179620,141,0,0,0,0,0,179620,141,0
20260414T220505Z_fe14746b,17,random_all_per_seed,all_rows,7,717185,717185,717185,False,False,0.1,0.1,d20de91f4b455148159ffd14b15eca3b322f00e6bd4570610b1fd92d56691f0d,09700ad8a87e01fddb78e1e19347ac15933ccd3442ae763be67b580da0d6acf2,165d865a5469b007379d19d8eddb5ccdcd8811d96d30294e5b7d188c27387d3a,SKNSH,2,B3_with_RC_weighted_bcap_8,True,True,8.0,0.1,1,3063,1.0,branched_only,random,3063,983,2080,983,2080,0.32092719555990856,383,383,0.0005,0.0001,0.0001,3063,0.2608485221862793,0.34111297130584717,0.1951079319154685,0.46111937444100526,0.377031744323019,0.212631077484864,0.8046293258666992,383,0.25817784667015076,0.3364594280719757,0.024591712892949147,0.20929853129446985,0.1588284532294015,0.04380587520202217,0.7828251719474792,383,0.29278114438056946,0.38326141238212585,0.09811308823962883,0.3288840980400228,0.21549858683917555,0.10816474994359931,1.015756368637085,30,0.7828251719474792,179761,3747661,179761,0,"[""branched.branched_layer_1.weight"", ""branched.branched_layer_1.bias"", ""branched.branched_layer_2.weight"", ""branched.branched_layer_2.bias"", ""branched.branched_layer_3.weight"", ""branched.branched_layer_3.bias"", ""output.weight"", ""output.bias""]","[""branched.branched_layer_1.weight"", ""branched.branched_layer_1.bias"", ""branched.branched_layer_2.weight"", ""branched.branched_layer_2.bias"", ""branched.branched_layer_3.weight"", ""branched.branched_layer_3.bias"", ""output.weight"", ""output.bias""]",0,0,0,0,179620,141,0,0,0,0,0,179620,141,0
20260414T220505Z_fe14746b,19,random_all_per_seed,all_rows,7,719203,719203,719203,False,False,0.1,0.1,e749d923ec422f4e9585fafb01f5ecd5ad938df3ddbd0bb71ac99303ee9e50fa,b0c6175bfc15047131416b9da64bb2cb3fc428a1cef9486a2cc5173235f866bb,3ca99a39f2f8ee987e87b32207e9c91500b2f4159a741abfc9982d5f0c4932bd,SKNSH,2,B3_with_RC_weighted_bcap_8,True,True,8.0,0.1,1,3063,1.0,branched_only,random,3063,972,2091,972,2091,0.31733594515181196,383,383,0.0005,0.0001,0.0001,3063,0.26669418811798096,0.3495170474052429,0.16497794698723234,0.40689047433787023,0.34002473293952906,0.16555985810689702,0.8347494602203369,383,0.25672513246536255,0.3295503258705139,0.2218769180728104,0.47322939976078293,0.2767644397746404,0.2239460647979509,0.742100715637207,383,0.2543351650238037,0.33520734310150146,0.11076499229587866,0.34091908595078424,0.28062842963790996,0.11622582316551822,0.7677969932556152,22,0.742100715637207,179761,3747661,179761,0,"[""branched.branched_layer_1.weight"", ""branched.branched_layer_1.bias"", ""branched.branched_layer_2.weight"", ""branched.branched_layer_2.bias"", ""branched.branched_layer_3.weight"", ""branched.branched_layer_3.bias"", ""output.weight"", ""output.bias""]","[""branched.branched_layer_1.weight"", ""branched.branched_layer_1.bias"", ""branched.branched_layer_2.weight"", ""branched.branched_layer_2.bias"", ""branched.branched_layer_3.weight"", ""branched.branched_layer_3.bias"", ""output.weight"", ""output.bias""]",0,0,0,0,179620,141,0,0,0,0,0,179620,141,0
20260414T220505Z_fe14746b,23,random_all_per_seed,all_rows,7,723239,723239,723239,False,False,0.1,0.1,13ab0f6315aefa701430d3c6d72aabbac7d8c14bbd495bef999f60f53d37b30d,e458c253f91c63ca9a967c6fa4d0ab9cc52faa8ba7794e12b09a2f25a2869c9b,e651fb131205a5d9c63fd1d1ecf15ac7ac31e5181706fbf3e757de8449fba204,SKNSH,2,B3_with_RC_weighted_bcap_8,True,True,8.0,0.1,1,3063,1.0,branched_only,random,3063,967,2096,967,2096,0.3157035586026771,383,383,0.0005,0.0001,0.0001,3063,0.22440826892852783,0.29483336210250854,0.39626419356707065,0.6453772948889517,0.600567174640614,0.4165118527581809,0.6035386323928833,383,0.262995183467865,0.3516013026237488,0.10424264258646787,0.3348148421127428,0.30222520747497034,0.1121009784989809,0.8583272099494934,383,0.2822563052177429,0.36855319142341614,0.07141347003989051,0.31555322422660814,0.23675042687279055,0.09957383731980804,0.9430880546569824,145,0.8583272099494934,179761,3747661,179761,0,"[""branched.branched_layer_1.weight"", ""branched.branched_layer_1.bias"", ""branched.branched_layer_2.weight"", ""branched.branched_layer_2.bias"", ""branched.branched_layer_3.weight"", ""branched.branched_layer_3.bias"", ""output.weight"", ""output.bias""]","[""branched.branched_layer_1.weight"", ""branched.branched_layer_1.bias"", ""branched.branched_layer_2.weight"", ""branched.branched_layer_2.bias"", ""branched.branched_layer_3.weight"", ""branched.branched_layer_3.bias"", ""output.weight"", ""output.bias""]",0,0,0,0,179620,141,0,0,0,0,0,179620,141,0
20260414T220505Z_fe14746b,31,random_all_per_seed,all_rows,7,731311,731311,731311,False,False,0.1,0.1,399d8048139dad18f085378ecdd6bc241c21c7bdfccf442a2b187df7b6daa383,0584dd818218833228e343b6fa1df680f9194b9f11e5f570a45a30905d139e17,27306d05049ecb6e9137a41b7d192b6574e2d4876a1af2e57e67cc9df35420c3,SKNSH,2,B3_with_RC_weighted_bcap_8,True,True,8.0,0.1,1,3063,1.0,branched_only,random,3063,989,2074,989,2074,0.3228860594188704,383,383,0.0005,0.0001,0.0001,3063,0.2682989537715912,0.35043472051620483,0.1498563975511713,0.3939831304110558,0.3045342390528212,0.155222707048495,0.8498660326004028,383,0.2744438350200653,0.3620605766773224,0.05592826720929356,0.26443519271304355,0.23061214145154008,0.06992597114518448,0.9071909189224243,383,0.2670649290084839,0.34851107001304626,0.13647180436273343,0.3769104178676964,0.24714124252428699,0.14206146309720152,0.8405613303184509,7,0.9071909189224243,179761,3747661,179761,0,"[""branched.branched_layer_1.weight"", ""branched.branched_layer_1.bias"", ""branched.branched_layer_2.weight"", ""branched.branched_layer_2.bias"", ""branched.branched_layer_3.weight"", ""branched.branched_layer_3.bias"", ""output.weight"", ""output.bias""]","[""branched.branched_layer_1.weight"", ""branched.branched_layer_1.bias"", ""branched.branched_layer_2.weight"", ""branched.branched_layer_2.bias"", ""branched.branched_layer_3.weight"", ""branched.branched_layer_3.bias"", ""output.weight"", ""output.bias""]",0,0,0,0,179620,141,0,0,0,0,0,179620,141,0
20260414T220505Z_fe14746b,17,random_all_per_seed,all_rows,7,717185,717185,717185,False,False,0.1,0.1,fd2ed1f7a2f865a02b437eb807b01700163c4e7b5b3d25f1fd6719b606e9feb3,09700ad8a87e01fddb78e1e19347ac15933ccd3442ae763be67b580da0d6acf2,165d865a5469b007379d19d8eddb5ccdcd8811d96d30294e5b7d188c27387d3a,HepG2,1,B3_with_RC_weighted_bcap_8,True,True,8.0,0.1,1,2297,0.7499183806725432,conv3_plus,random,3063,983,2080,728,1569,0.3169351327818894,383,383,0.0005,0.0001,0.0001,2297,0.2757820188999176,0.3621332347393036,0.12459163789344929,0.3775817575197985,0.3140580253118304,0.14256798361173992,0.8750271797180176,383,0.25990405678749084,0.3380233943462372,0.015502732383937401,0.18350519538084412,0.13393073368258732,0.03367415673176177,0.762391984462738,383,0.29618263244628906,0.387417733669281,0.07844573049460801,0.29163602528286553,0.2349899552893157,0.08505157124278818,1.0014833211898804,0,0.762391984462738,3063361,3747661,3063361,0,"[""conv3.conv.weight"", ""conv3.conv.bias"", ""conv3.bn_layer.weight"", ""conv3.bn_layer.bias"", ""linear1.linear.weight"", ""linear1.linear.bias"", ""linear1.bn_layer.weight"", ""linear1.bn_layer.bias"", ""branched.branched_layer_1.weight"", ""branched.branched_layer_1.bias"", ""branched.branched_layer_2.weight"", ""branched.branched_layer_2.bias"", ""branched.branched_layer_3.weight"", ""branched.branched_layer_3.bias"", ""output.weight"", ""output.bias""]","[""conv3.conv.weight"", ""conv3.conv.bias"", ""conv3.bn_layer.weight"", ""conv3.bn_layer.bias"", ""linear1.linear.weight"", ""linear1.linear.bias"", ""linear1.bn_layer.weight"", ""linear1.bn_layer.bias"", ""branched.branched_layer_1.weight"", ""branched.branched_layer_1.bias"", ""branched.branched_layer_2.weight"", ""branched.branched_layer_2.bias"", ""branched.branched_layer_3.weight"", ""branched.branched_layer_3.bias"", ""output.weight"", ""output.bias""]",0,0,280600,2603000,179620,141,0,0,0,280600,2603000,179620,141,0
20260414T220505Z_fe14746b,19,random_all_per_seed,all_rows,7,719203,719203,719203,False,False,0.1,0.1,d10f09aa265bab71343f680e34f2eb30e8cd4527aa6a1ca50685490c50e26cf1,b0c6175bfc15047131416b9da64bb2cb3fc428a1cef9486a2cc5173235f866bb,3ca99a39f2f8ee987e87b32207e9c91500b2f4159a741abfc9982d5f0c4932bd,HepG2,1,B3_with_RC_weighted_bcap_8,True,True,8.0,0.1,1,2297,0.7499183806725432,conv3_plus,random,3063,972,2091,733,1564,0.31911188506747934,383,383,0.0005,0.0001,0.0001,2297,0.260656476020813,0.3435855507850647,0.21084827001629203,0.47283310715902555,0.38935948452002045,0.22357114722565855,0.7888082265853882,383,0.260598748922348,0.33593177795410156,0.19144986519389118,0.44000638000429587,0.2618703406702494,0.19360561444448482,0.7540562152862549,383,0.2559971809387207,0.33535081148147583,0.11000364475724056,0.3432513143847521,0.2595957314626377,0.11782146482685991,0.7514504194259644,2,0.7540562152862549,3063361,3747661,3063361,0,"[""conv3.conv.weight"", ""conv3.conv.bias"", ""conv3.bn_layer.weight"", ""conv3.bn_layer.bias"", ""linear1.linear.weight"", ""linear1.linear.bias"", ""linear1.bn_layer.weight"", ""linear1.bn_layer.bias"", ""branched.branched_layer_1.weight"", ""branched.branched_layer_1.bias"", ""branched.branched_layer_2.weight"", ""branched.branched_layer_2.bias"", ""branched.branched_layer_3.weight"", ""branched.branched_layer_3.bias"", ""output.weight"", ""output.bias""]","[""conv3.conv.weight"", ""conv3.conv.bias"", ""conv3.bn_layer.weight"", ""conv3.bn_layer.bias"", ""linear1.linear.weight"", ""linear1.linear.bias"", ""linear1.bn_layer.weight"", ""linear1.bn_layer.bias"", ""branched.branched_layer_1.weight"", ""branched.branched_layer_1.bias"", ""branched.branched_layer_2.weight"", ""branched.branched_layer_2.bias"", ""branched.branched_layer_3.weight"", ""branched.branched_layer_3.bias"", ""output.weight"", ""output.bias""]",0,0,280600,2603000,179620,141,0,0,0,280600,2603000,179620,141,0
20260414T220505Z_fe14746b,23,random_all_per_seed,all_rows,7,723239,723239,723239,False,False,0.1,0.1,31a2235bdd32c79f9bbcf57fc47adfc274d10761b654866ae9cb9911c3fafcdd,e458c253f91c63ca9a967c6fa4d0ab9cc52faa8ba7794e12b09a2f25a2869c9b,e651fb131205a5d9c63fd1d1ecf15ac7ac31e5181706fbf3e757de8449fba204,HepG2,1,B3_with_RC_weighted_bcap_8,True,True,8.0,0.1,1,2297,0.7499183806725432,conv3_plus,random,3063,967,2096,716,1581,0.31171092729647365,383,383,0.0005,0.0001,0.0001,2297,0.24266988039016724,0.31800439953804016,0.286904701678649,0.5443995063787116,0.41738447614596214,0.2963708225453848,0.7127849459648132,383,0.2650515139102936,0.3543411195278168,0.09022807137572308,0.31492995104266475,0.24930226654539125,0.09918087406373521,0.8849839568138123,383,0.2750750780105591,0.359749972820282,0.11524395454447967,0.35244726076772903,0.23495414608805007,0.12421907162267559,0.9122077226638794,3,0.8849839568138123,3063361,3747661,3063361,0,"[""conv3.conv.weight"", ""conv3.conv.bias"", ""conv3.bn_layer.weight"", ""conv3.bn_layer.bias"", ""linear1.linear.weight"", ""linear1.linear.bias"", ""linear1.bn_layer.weight"", ""linear1.bn_layer.bias"", ""branched.branched_layer_1.weight"", ""branched.branched_layer_1.bias"", ""branched.branched_layer_2.weight"", ""branched.branched_layer_2.bias"", ""branched.branched_layer_3.weight"", ""branched.branched_layer_3.bias"", ""output.weight"", ""output.bias""]","[""conv3.conv.weight"", ""conv3.conv.bias"", ""conv3.bn_layer.weight"", ""conv3.bn_layer.bias"", ""linear1.linear.weight"", ""linear1.linear.bias"", ""linear1.bn_layer.weight"", ""linear1.bn_layer.bias"", ""branched.branched_layer_1.weight"", ""branched.branched_layer_1.bias"", ""branched.branched_layer_2.weight"", ""branched.branched_layer_2.bias"", ""branched.branched_layer_3.weight"", ""branched.branched_layer_3.bias"", ""output.weight"", ""output.bias""]",0,0,280600,2603000,179620,141,0,0,0,280600,2603000,179620,141,0
20260414T220505Z_fe14746b,31,random_all_per_seed,all_rows,7,731311,731311,731311,False,False,0.1,0.1,7ed9f1e71cff080acfd2b40dc86b6782e03711f552c9029ae842ca8d03bd429d,0584dd818218833228e343b6fa1df680f9194b9f11e5f570a45a30905d139e17,27306d05049ecb6e9137a41b7d192b6574e2d4876a1af2e57e67cc9df35420c3,HepG2,1,B3_with_RC_weighted_bcap_8,True,True,8.0,0.1,1,2297,0.7499183806725432,conv3_plus,random,3063,989,2074,734,1563,0.3195472355245973,383,383,0.0005,0.0001,0.0001,2297,0.2718365490436554,0.35644498467445374,0.13110793224360207,0.3808210890146391,0.3067495139098353,0.1450247018382957,0.868513822555542,383,0.280178040266037,0.36489301919937134,0.041099350179096716,0.23099732742397722,0.19344625343075572,0.05335976527702014,0.9101706147193909,383,0.2689398527145386,0.3559226989746094,0.09935269663471924,0.32015505364449454,0.26456268400387445,0.10249925837410917,0.8659704327583313,0,0.9101706147193909,3063361,3747661,3063361,0,"[""conv3.conv.weight"", ""conv3.conv.bias"", ""conv3.bn_layer.weight"", ""conv3.bn_layer.bias"", ""linear1.linear.weight"", ""linear1.linear.bias"", ""linear1.bn_layer.weight"", ""linear1.bn_layer.bias"", ""branched.branched_layer_1.weight"", ""branched.branched_layer_1.bias"", ""branched.branched_layer_2.weight"", ""branched.branched_layer_2.bias"", ""branched.branched_layer_3.weight"", ""branched.branched_layer_3.bias"", ""output.weight"", ""output.bias""]","[""conv3.conv.weight"", ""conv3.conv.bias"", ""conv3.bn_layer.weight"", ""conv3.bn_layer.bias"", ""linear1.linear.weight"", ""linear1.linear.bias"", ""linear1.bn_layer.weight"", ""linear1.bn_layer.bias"", ""branched.branched_layer_1.weight"", ""branched.branched_layer_1.bias"", ""branched.branched_layer_2.weight"", ""branched.branched_layer_2.bias"", ""branched.branched_layer_3.weight"", ""branched.branched_layer_3.bias"", ""output.weight"", ""output.bias""]",0,0,280600,2603000,179620,141,0,0,0,280600,2603000,179620,141,0
20260414T220505Z_fe14746b,17,random_all_per_seed,all_rows,7,717185,717185,717185,False,False,0.1,0.1,fd2ed1f7a2f865a02b437eb807b01700163c4e7b5b3d25f1fd6719b606e9feb3,09700ad8a87e01fddb78e1e19347ac15933ccd3442ae763be67b580da0d6acf2,165d865a5469b007379d19d8eddb5ccdcd8811d96d30294e5b7d188c27387d3a,K562,0,B3_with_RC_weighted_bcap_8,True,True,8.0,0.1,1,2297,0.7499183806725432,conv3_plus,random,3063,983,2080,728,1569,0.3169351327818894,383,383,0.0005,0.0001,0.0001,2297,0.2748006284236908,0.3613698482513428,0.12827855927330079,0.3790836160630503,0.3081422236987508,0.14370438796743812,0.8713419437408447,383,0.2582648992538452,0.33785539865493774,0.016481066404679168,0.1931236828191809,0.13059399967693752,0.03729675686564359,0.7616342902183533,383,0.301322877407074,0.38872331380844116,0.07222406838654705,0.27636434425583933,0.2102896649147058,0.07637725077596008,1.0082446336746216,0,0.7616342902183533,3063361,3747661,3063361,0,"[""conv3.conv.weight"", ""conv3.conv.bias"", ""conv3.bn_layer.weight"", ""conv3.bn_layer.bias"", ""linear1.linear.weight"", ""linear1.linear.bias"", ""linear1.bn_layer.weight"", ""linear1.bn_layer.bias"", ""branched.branched_layer_1.weight"", ""branched.branched_layer_1.bias"", ""branched.branched_layer_2.weight"", ""branched.branched_layer_2.bias"", ""branched.branched_layer_3.weight"", ""branched.branched_layer_3.bias"", ""output.weight"", ""output.bias""]","[""conv3.conv.weight"", ""conv3.conv.bias"", ""conv3.bn_layer.weight"", ""conv3.bn_layer.bias"", ""linear1.linear.weight"", ""linear1.linear.bias"", ""linear1.bn_layer.weight"", ""linear1.bn_layer.bias"", ""branched.branched_layer_1.weight"", ""branched.branched_layer_1.bias"", ""branched.branched_layer_2.weight"", ""branched.branched_layer_2.bias"", ""branched.branched_layer_3.weight"", ""branched.branched_layer_3.bias"", ""output.weight"", ""output.bias""]",0,0,280600,2603000,179620,141,0,0,0,280600,2603000,179620,141,0
20260414T220505Z_fe14746b,19,random_all_per_seed,all_rows,7,719203,719203,719203,False,False,0.1,0.1,d10f09aa265bab71343f680e34f2eb30e8cd4527aa6a1ca50685490c50e26cf1,b0c6175bfc15047131416b9da64bb2cb3fc428a1cef9486a2cc5173235f866bb,3ca99a39f2f8ee987e87b32207e9c91500b2f4159a741abfc9982d5f0c4932bd,K562,0,B3_with_RC_weighted_bcap_8,True,True,8.0,0.1,1,2297,0.7499183806725432,conv3_plus,random,3063,972,2091,733,1564,0.31911188506747934,383,383,0.0005,0.0001,0.0001,2297,0.25220730900764465,0.3324928283691406,0.26098154380894123,0.5116055866366176,0.42459081275901933,0.2617402762777976,0.7386967539787292,383,0.26047027111053467,0.33363077044487,0.2024883307313612,0.4594035186349996,0.29416246230760795,0.21105159293421843,0.7437618374824524,383,0.25851595401763916,0.33833378553390503,0.09410015956848095,0.34607458269212676,0.2851146790072475,0.11976761678552969,0.7648782134056091,3,0.7437618374824524,3063361,3747661,3063361,0,"[""conv3.conv.weight"", ""conv3.conv.bias"", ""conv3.bn_layer.weight"", ""conv3.bn_layer.bias"", ""linear1.linear.weight"", ""linear1.linear.bias"", ""linear1.bn_layer.weight"", ""linear1.bn_layer.bias"", ""branched.branched_layer_1.weight"", ""branched.branched_layer_1.bias"", ""branched.branched_layer_2.weight"", ""branched.branched_layer_2.bias"", ""branched.branched_layer_3.weight"", ""branched.branched_layer_3.bias"", ""output.weight"", ""output.bias""]","[""conv3.conv.weight"", ""conv3.conv.bias"", ""conv3.bn_layer.weight"", ""conv3.bn_layer.bias"", ""linear1.linear.weight"", ""linear1.linear.bias"", ""linear1.bn_layer.weight"", ""linear1.bn_layer.bias"", ""branched.branched_layer_1.weight"", ""branched.branched_layer_1.bias"", ""branched.branched_layer_2.weight"", ""branched.branched_layer_2.bias"", ""branched.branched_layer_3.weight"", ""branched.branched_layer_3.bias"", ""output.weight"", ""output.bias""]",0,0,280600,2603000,179620,141,0,0,0,280600,2603000,179620,141,0
20260414T220505Z_fe14746b,23,random_all_per_seed,all_rows,7,723239,723239,723239,False,False,0.1,0.1,31a2235bdd32c79f9bbcf57fc47adfc274d10761b654866ae9cb9911c3fafcdd,e458c253f91c63ca9a967c6fa4d0ab9cc52faa8ba7794e12b09a2f25a2869c9b,e651fb131205a5d9c63fd1d1ecf15ac7ac31e5181706fbf3e757de8449fba204,K562,0,B3_with_RC_weighted_bcap_8,True,True,8.0,0.1,1,2297,0.7499183806725432,conv3_plus,random,3063,967,2096,716,1581,0.31171092729647365,383,383,0.0005,0.0001,0.0001,2297,0.2616412043571472,0.3401529788970947,0.18411335518069039,0.4335773108620456,0.33482600926712747,0.18798928449436292,0.8155314922332764,383,0.26658546924591064,0.3554595410823822,0.08447591301729662,0.2956844510733163,0.23324423604339367,0.08742929460652839,0.8905792832374573,383,0.27590295672416687,0.3602766990661621,0.11265122362831848,0.3413486735501475,0.24430402543350807,0.11651891693444515,0.9148808121681213,1,0.8905792832374573,3063361,3747661,3063361,0,"[""conv3.conv.weight"", ""conv3.conv.bias"", ""conv3.bn_layer.weight"", ""conv3.bn_layer.bias"", ""linear1.linear.weight"", ""linear1.linear.bias"", ""linear1.bn_layer.weight"", ""linear1.bn_layer.bias"", ""branched.branched_layer_1.weight"", ""branched.branched_layer_1.bias"", ""branched.branched_layer_2.weight"", ""branched.branched_layer_2.bias"", ""branched.branched_layer_3.weight"", ""branched.branched_layer_3.bias"", ""output.weight"", ""output.bias""]","[""conv3.conv.weight"", ""conv3.conv.bias"", ""conv3.bn_layer.weight"", ""conv3.bn_layer.bias"", ""linear1.linear.weight"", ""linear1.linear.bias"", ""linear1.bn_layer.weight"", ""linear1.bn_layer.bias"", ""branched.branched_layer_1.weight"", ""branched.branched_layer_1.bias"", ""branched.branched_layer_2.weight"", ""branched.branched_layer_2.bias"", ""branched.branched_layer_3.weight"", ""branched.branched_layer_3.bias"", ""output.weight"", ""output.bias""]",0,0,280600,2603000,179620,141,0,0,0,280600,2603000,179620,141,0
20260414T220505Z_fe14746b,31,random_all_per_seed,all_rows,7,731311,731311,731311,False,False,0.1,0.1,7ed9f1e71cff080acfd2b40dc86b6782e03711f552c9029ae842ca8d03bd429d,0584dd818218833228e343b6fa1df680f9194b9f11e5f570a45a30905d139e17,27306d05049ecb6e9137a41b7d192b6574e2d4876a1af2e57e67cc9df35420c3,K562,0,B3_with_RC_weighted_bcap_8,True,True,8.0,0.1,1,2297,0.7499183806725432,conv3_plus,random,3063,989,2074,734,1563,0.3195472355245973,383,383,0.0005,0.0001,0.0001,2297,0.27233535051345825,0.3576335608959198,0.1253036521117178,0.3780372035191233,0.29949706595735126,0.14291212724455904,0.874315619468689,383,0.2772159278392792,0.3657718598842621,0.0364746699536449,0.21383200149473267,0.18994580080178008,0.04572412486324335,0.9145602583885193,383,0.26655662059783936,0.3539142906665802,0.10948846237621768,0.35248645399666134,0.28474725696762637,0.12424670025114046,0.8562248945236206,0,0.9145602583885193,3063361,3747661,3063361,0,"[""conv3.conv.weight"", ""conv3.conv.bias"", ""conv3.bn_layer.weight"", ""conv3.bn_layer.bias"", ""linear1.linear.weight"", ""linear1.linear.bias"", ""linear1.bn_layer.weight"", ""linear1.bn_layer.bias"", ""branched.branched_layer_1.weight"", ""branched.branched_layer_1.bias"", ""branched.branched_layer_2.weight"", ""branched.branched_layer_2.bias"", ""branched.branched_layer_3.weight"", ""branched.branched_layer_3.bias"", ""output.weight"", ""output.bias""]","[""conv3.conv.weight"", ""conv3.conv.bias"", ""conv3.bn_layer.weight"", ""conv3.bn_layer.bias"", ""linear1.linear.weight"", ""linear1.linear.bias"", ""linear1.bn_layer.weight"", ""linear1.bn_layer.bias"", ""branched.branched_layer_1.weight"", ""branched.branched_layer_1.bias"", ""branched.branched_layer_2.weight"", ""branched.branched_layer_2.bias"", ""branched.branched_layer_3.weight"", ""branched.branched_layer_3.bias"", ""output.weight"", ""output.bias""]",0,0,280600,2603000,179620,141,0,0,0,280600,2603000,179620,141,0
20260414T220505Z_fe14746b,17,random_all_per_seed,all_rows,7,717185,717185,717185,False,False,0.1,0.1,fd2ed1f7a2f865a02b437eb807b01700163c4e7b5b3d25f1fd6719b606e9feb3,09700ad8a87e01fddb78e1e19347ac15933ccd3442ae763be67b580da0d6acf2,165d865a5469b007379d19d8eddb5ccdcd8811d96d30294e5b7d188c27387d3a,SKNSH,2,B3_with_RC_weighted_bcap_8,True,True,8.0,0.1,1,2297,0.7499183806725432,conv3_plus,random,3063,983,2080,728,1569,0.3169351327818894,383,383,0.0005,0.0001,0.0001,2297,0.2757895290851593,0.3626825213432312,0.1219340249311518,0.37883765310560114,0.3217978277823981,0.14351796741055978,0.877683699131012,383,0.2612282931804657,0.33871620893478394,0.011462899428464124,0.16485890869159922,0.12549710457449437,0.02717845977498505,0.7655202746391296,383,0.2961150109767914,0.38789990544319153,0.07615038494462711,0.2969525873635455,0.24132004157899917,0.08818083914190414,1.0039777755737305,0,0.7655202746391296,3063361,3747661,3063361,0,"[""conv3.conv.weight"", ""conv3.conv.bias"", ""conv3.bn_layer.weight"", ""conv3.bn_layer.bias"", ""linear1.linear.weight"", ""linear1.linear.bias"", ""linear1.bn_layer.weight"", ""linear1.bn_layer.bias"", ""branched.branched_layer_1.weight"", ""branched.branched_layer_1.bias"", ""branched.branched_layer_2.weight"", ""branched.branched_layer_2.bias"", ""branched.branched_layer_3.weight"", ""branched.branched_layer_3.bias"", ""output.weight"", ""output.bias""]","[""conv3.conv.weight"", ""conv3.conv.bias"", ""conv3.bn_layer.weight"", ""conv3.bn_layer.bias"", ""linear1.linear.weight"", ""linear1.linear.bias"", ""linear1.bn_layer.weight"", ""linear1.bn_layer.bias"", ""branched.branched_layer_1.weight"", ""branched.branched_layer_1.bias"", ""branched.branched_layer_2.weight"", ""branched.branched_layer_2.bias"", ""branched.branched_layer_3.weight"", ""branched.branched_layer_3.bias"", ""output.weight"", ""output.bias""]",0,0,280600,2603000,179620,141,0,0,0,280600,2603000,179620,141,0
20260414T220505Z_fe14746b,19,random_all_per_seed,all_rows,7,719203,719203,719203,False,False,0.1,0.1,d10f09aa265bab71343f680e34f2eb30e8cd4527aa6a1ca50685490c50e26cf1,b0c6175bfc15047131416b9da64bb2cb3fc428a1cef9486a2cc5173235f866bb,3ca99a39f2f8ee987e87b32207e9c91500b2f4159a741abfc9982d5f0c4932bd,SKNSH,2,B3_with_RC_weighted_bcap_8,True,True,8.0,0.1,1,2297,0.7499183806725432,conv3_plus,random,3063,972,2091,733,1564,0.31911188506747934,383,383,0.0005,0.0001,0.0001,2297,0.25148171186447144,0.33233487606048584,0.26168352705370956,0.5225998789351617,0.4401278038820247,0.27311063346304565,0.7379949688911438,383,0.25815168023109436,0.3321380913257599,0.2096086023574103,0.4586037240632099,0.29188561103206623,0.2103173757246448,0.7371212840080261,383,0.2555716633796692,0.33642470836639404,0.104294444677409,0.33811671606612637,0.2695335972452932,0.11432291368334152,0.7562710046768188,3,0.7371212840080261,3063361,3747661,3063361,0,"[""conv3.conv.weight"", ""conv3.conv.bias"", ""conv3.bn_layer.weight"", ""conv3.bn_layer.bias"", ""linear1.linear.weight"", ""linear1.linear.bias"", ""linear1.bn_layer.weight"", ""linear1.bn_layer.bias"", ""branched.branched_layer_1.weight"", ""branched.branched_layer_1.bias"", ""branched.branched_layer_2.weight"", ""branched.branched_layer_2.bias"", ""branched.branched_layer_3.weight"", ""branched.branched_layer_3.bias"", ""output.weight"", ""output.bias""]","[""conv3.conv.weight"", ""conv3.conv.bias"", ""conv3.bn_layer.weight"", ""conv3.bn_layer.bias"", ""linear1.linear.weight"", ""linear1.linear.bias"", ""linear1.bn_layer.weight"", ""linear1.bn_layer.bias"", ""branched.branched_layer_1.weight"", ""branched.branched_layer_1.bias"", ""branched.branched_layer_2.weight"", ""branched.branched_layer_2.bias"", ""branched.branched_layer_3.weight"", ""branched.branched_layer_3.bias"", ""output.weight"", ""output.bias""]",0,0,280600,2603000,179620,141,0,0,0,280600,2603000,179620,141,0
20260414T220505Z_fe14746b,23,random_all_per_seed,all_rows,7,723239,723239,723239,False,False,0.1,0.1,31a2235bdd32c79f9bbcf57fc47adfc274d10761b654866ae9cb9911c3fafcdd,e458c253f91c63ca9a967c6fa4d0ab9cc52faa8ba7794e12b09a2f25a2869c9b,e651fb131205a5d9c63fd1d1ecf15ac7ac31e5181706fbf3e757de8449fba204,SKNSH,2,B3_with_RC_weighted_bcap_8,True,True,8.0,0.1,1,2297,0.7499183806725432,conv3_plus,random,3063,967,2096,716,1581,0.31171092729647365,383,383,0.0005,0.0001,0.0001,2297,0.23935358226299286,0.3127657473087311,0.3102055825056258,0.5634943366385655,0.4506913081537571,0.317525867423737,0.6894941926002502,383,0.2696855962276459,0.3592773377895355,0.06470398727977988,0.28885316873993705,0.2287145550329903,0.08343615309110254,0.9098125100135803,383,0.2787505090236664,0.36245977878570557,0.10186495098030868,0.34232988442482826,0.23922660084236116,0.11718974977031628,0.926001787185669,3,0.9098125100135803,3063361,3747661,3063361,0,"[""conv3.conv.weight"", ""conv3.conv.bias"", ""conv3.bn_layer.weight"", ""conv3.bn_layer.bias"", ""linear1.linear.weight"", ""linear1.linear.bias"", ""linear1.bn_layer.weight"", ""linear1.bn_layer.bias"", ""branched.branched_layer_1.weight"", ""branched.branched_layer_1.bias"", ""branched.branched_layer_2.weight"", ""branched.branched_layer_2.bias"", ""branched.branched_layer_3.weight"", ""branched.branched_layer_3.bias"", ""output.weight"", ""output.bias""]","[""conv3.conv.weight"", ""conv3.conv.bias"", ""conv3.bn_layer.weight"", ""conv3.bn_layer.bias"", ""linear1.linear.weight"", ""linear1.linear.bias"", ""linear1.bn_layer.weight"", ""linear1.bn_layer.bias"", ""branched.branched_layer_1.weight"", ""branched.branched_layer_1.bias"", ""branched.branched_layer_2.weight"", ""branched.branched_layer_2.bias"", ""branched.branched_layer_3.weight"", ""branched.branched_layer_3.bias"", ""output.weight"", ""output.bias""]",0,0,280600,2603000,179620,141,0,0,0,280600,2603000,179620,141,0
20260414T220505Z_fe14746b,31,random_all_per_seed,all_rows,7,731311,731311,731311,False,False,0.1,0.1,7ed9f1e71cff080acfd2b40dc86b6782e03711f552c9029ae842ca8d03bd429d,0584dd818218833228e343b6fa1df680f9194b9f11e5f570a45a30905d139e17,27306d05049ecb6e9137a41b7d192b6574e2d4876a1af2e57e67cc9df35420c3,SKNSH,2,B3_with_RC_weighted_bcap_8,True,True,8.0,0.1,1,2297,0.7499183806725432,conv3_plus,random,3063,989,2074,734,1563,0.3195472355245973,383,383,0.0005,0.0001,0.0001,2297,0.26324599981307983,0.3445780873298645,0.1879998175543266,0.4375419524765751,0.3603190366109692,0.19144296017701354,0.8116467595100403,383,0.2774086594581604,0.36374762654304504,0.04710986357433633,0.2565342058539721,0.20259652209385437,0.06580979877312812,0.9044654965400696,383,0.2737922668457031,0.3553304076194763,0.10234774576808392,0.3310403622381112,0.2420615899118652,0.10958772143073986,0.8630908131599426,1,0.9044654965400696,3063361,3747661,3063361,0,"[""conv3.conv.weight"", ""conv3.conv.bias"", ""conv3.bn_layer.weight"", ""conv3.bn_layer.bias"", ""linear1.linear.weight"", ""linear1.linear.bias"", ""linear1.bn_layer.weight"", ""linear1.bn_layer.bias"", ""branched.branched_layer_1.weight"", ""branched.branched_layer_1.bias"", ""branched.branched_layer_2.weight"", ""branched.branched_layer_2.bias"", ""branched.branched_layer_3.weight"", ""branched.branched_layer_3.bias"", ""output.weight"", ""output.bias""]","[""conv3.conv.weight"", ""conv3.conv.bias"", ""conv3.bn_layer.weight"", ""conv3.bn_layer.bias"", ""linear1.linear.weight"", ""linear1.linear.bias"", ""linear1.bn_layer.weight"", ""linear1.bn_layer.bias"", ""branched.branched_layer_1.weight"", ""branched.branched_layer_1.bias"", ""branched.branched_layer_2.weight"", ""branched.branched_layer_2.bias"", ""branched.branched_layer_3.weight"", ""branched.branched_layer_3.bias"", ""output.weight"", ""output.bias""]",0,0,280600,2603000,179620,141,0,0,0,280600,2603000,179620,141,0
20260414T220505Z_fe14746b,17,random_all_per_seed,all_rows,7,717185,717185,717185,False,False,0.1,0.1,d20de91f4b455148159ffd14b15eca3b322f00e6bd4570610b1fd92d56691f0d,09700ad8a87e01fddb78e1e19347ac15933ccd3442ae763be67b580da0d6acf2,165d865a5469b007379d19d8eddb5ccdcd8811d96d30294e5b7d188c27387d3a,HepG2,1,B3_with_RC_weighted_bcap_8,True,True,8.0,0.1,1,3063,1.0,conv3_plus,random,3063,983,2080,983,2080,0.32092719555990856,383,383,0.0005,0.0001,0.0001,3063,0.26965978741645813,0.3529033362865448,0.1385050321821193,0.3891489287148527,0.3138391431001073,0.1514368887199175,0.8612136840820312,383,0.2600846588611603,0.3374469578266144,0.0188576457061177,0.2004581649131659,0.14078533349536507,0.040183475880354015,0.7874273061752319,383,0.29514196515083313,0.38660576939582825,0.0823045332921728,0.2950031882219698,0.2238578892500668,0.08702688106112694,1.033560872077942,0,0.7874273061752319,3063361,3747661,3063361,0,"[""conv3.conv.weight"", ""conv3.conv.bias"", ""conv3.bn_layer.weight"", ""conv3.bn_layer.bias"", ""linear1.linear.weight"", ""linear1.linear.bias"", ""linear1.bn_layer.weight"", ""linear1.bn_layer.bias"", ""branched.branched_layer_1.weight"", ""branched.branched_layer_1.bias"", ""branched.branched_layer_2.weight"", ""branched.branched_layer_2.bias"", ""branched.branched_layer_3.weight"", ""branched.branched_layer_3.bias"", ""output.weight"", ""output.bias""]","[""conv3.conv.weight"", ""conv3.conv.bias"", ""conv3.bn_layer.weight"", ""conv3.bn_layer.bias"", ""linear1.linear.weight"", ""linear1.linear.bias"", ""linear1.bn_layer.weight"", ""linear1.bn_layer.bias"", ""branched.branched_layer_1.weight"", ""branched.branched_layer_1.bias"", ""branched.branched_layer_2.weight"", ""branched.branched_layer_2.bias"", ""branched.branched_layer_3.weight"", ""branched.branched_layer_3.bias"", ""output.weight"", ""output.bias""]",0,0,280600,2603000,179620,141,0,0,0,280600,2603000,179620,141,0
20260414T220505Z_fe14746b,19,random_all_per_seed,all_rows,7,719203,719203,719203,False,False,0.1,0.1,e749d923ec422f4e9585fafb01f5ecd5ad938df3ddbd0bb71ac99303ee9e50fa,b0c6175bfc15047131416b9da64bb2cb3fc428a1cef9486a2cc5173235f866bb,3ca99a39f2f8ee987e87b32207e9c91500b2f4159a741abfc9982d5f0c4932bd,HepG2,1,B3_with_RC_weighted_bcap_8,True,True,8.0,0.1,1,3063,1.0,conv3_plus,random,3063,972,2091,972,2091,0.31733594515181196,383,383,0.0005,0.0001,0.0001,3063,0.2558196485042572,0.3355890214443207,0.23020213967752556,0.48871616781469934,0.38453287905460387,0.23884349268348537,0.7695465683937073,383,0.2577956020832062,0.3315994143486023,0.21217035016333663,0.46251627662170314,0.2859935522967326,0.21392130614000382,0.7513579726219177,383,0.2535419464111328,0.3341616094112396,0.11630464495303594,0.34850071271691346,0.28262174864541645,0.12145274676419665,0.763014018535614,2,0.7513579726219177,3063361,3747661,3063361,0,"[""conv3.conv.weight"", ""conv3.conv.bias"", ""conv3.bn_layer.weight"", ""conv3.bn_layer.bias"", ""linear1.linear.weight"", ""linear1.linear.bias"", ""linear1.bn_layer.weight"", ""linear1.bn_layer.bias"", ""branched.branched_layer_1.weight"", ""branched.branched_layer_1.bias"", ""branched.branched_layer_2.weight"", ""branched.branched_layer_2.bias"", ""branched.branched_layer_3.weight"", ""branched.branched_layer_3.bias"", ""output.weight"", ""output.bias""]","[""conv3.conv.weight"", ""conv3.conv.bias"", ""conv3.bn_layer.weight"", ""conv3.bn_layer.bias"", ""linear1.linear.weight"", ""linear1.linear.bias"", ""linear1.bn_layer.weight"", ""linear1.bn_layer.bias"", ""branched.branched_layer_1.weight"", ""branched.branched_layer_1.bias"", ""branched.branched_layer_2.weight"", ""branched.branched_layer_2.bias"", ""branched.branched_layer_3.weight"", ""branched.branched_layer_3.bias"", ""output.weight"", ""output.bias""]",0,0,280600,2603000,179620,141,0,0,0,280600,2603000,179620,141,0
20260414T220505Z_fe14746b,23,random_all_per_seed,all_rows,7,723239,723239,723239,False,False,0.1,0.1,13ab0f6315aefa701430d3c6d72aabbac7d8c14bbd495bef999f60f53d37b30d,e458c253f91c63ca9a967c6fa4d0ab9cc52faa8ba7794e12b09a2f25a2869c9b,e651fb131205a5d9c63fd1d1ecf15ac7ac31e5181706fbf3e757de8449fba204,HepG2,1,B3_with_RC_weighted_bcap_8,True,True,8.0,0.1,1,3063,1.0,conv3_plus,random,3063,967,2096,967,2096,0.3157035586026771,383,383,0.0005,0.0001,0.0001,3063,0.25166282057762146,0.3283573389053345,0.2511631405524962,0.5024997187905165,0.38679191747627656,0.2525059673845481,0.7485923767089844,383,0.2638205885887146,0.35494643449783325,0.08711715425489686,0.3115364606232836,0.2518071385991955,0.09705496629768273,0.8747370839118958,383,0.2769303619861603,0.36158204078674316,0.10620956943630677,0.3412845788249975,0.22166130515862864,0.11647516374375595,0.9077484607696533,2,0.8747370839118958,3063361,3747661,3063361,0,"[""conv3.conv.weight"", ""conv3.conv.bias"", ""conv3.bn_layer.weight"", ""conv3.bn_layer.bias"", ""linear1.linear.weight"", ""linear1.linear.bias"", ""linear1.bn_layer.weight"", ""linear1.bn_layer.bias"", ""branched.branched_layer_1.weight"", ""branched.branched_layer_1.bias"", ""branched.branched_layer_2.weight"", ""branched.branched_layer_2.bias"", ""branched.branched_layer_3.weight"", ""branched.branched_layer_3.bias"", ""output.weight"", ""output.bias""]","[""conv3.conv.weight"", ""conv3.conv.bias"", ""conv3.bn_layer.weight"", ""conv3.bn_layer.bias"", ""linear1.linear.weight"", ""linear1.linear.bias"", ""linear1.bn_layer.weight"", ""linear1.bn_layer.bias"", ""branched.branched_layer_1.weight"", ""branched.branched_layer_1.bias"", ""branched.branched_layer_2.weight"", ""branched.branched_layer_2.bias"", ""branched.branched_layer_3.weight"", ""branched.branched_layer_3.bias"", ""output.weight"", ""output.bias""]",0,0,280600,2603000,179620,141,0,0,0,280600,2603000,179620,141,0
20260414T220505Z_fe14746b,31,random_all_per_seed,all_rows,7,731311,731311,731311,False,False,0.1,0.1,399d8048139dad18f085378ecdd6bc241c21c7bdfccf442a2b187df7b6daa383,0584dd818218833228e343b6fa1df680f9194b9f11e5f570a45a30905d139e17,27306d05049ecb6e9137a41b7d192b6574e2d4876a1af2e57e67cc9df35420c3,HepG2,1,B3_with_RC_weighted_bcap_8,True,True,8.0,0.1,1,3063,1.0,conv3_plus,random,3063,989,2074,989,2074,0.3228860594188704,383,383,0.0005,0.0001,0.0001,3063,0.2601015865802765,0.3398366868495941,0.20049978066484764,0.45237264621733186,0.34287482976707506,0.20464101104567128,0.7992392778396606,383,0.27634650468826294,0.3634767234325409,0.0485285493109856,0.2629175586063507,0.2110890063003599,0.06912564262352384,0.9143016934394836,383,0.2671566605567932,0.34850314259529114,0.13651117563467763,0.3715045383781679,0.28135336425334917,0.1380156220355756,0.8405230045318604,1,0.9143016934394836,3063361,3747661,3063361,0,"[""conv3.conv.weight"", ""conv3.conv.bias"", ""conv3.bn_layer.weight"", ""conv3.bn_layer.bias"", ""linear1.linear.weight"", ""linear1.linear.bias"", ""linear1.bn_layer.weight"", ""linear1.bn_layer.bias"", ""branched.branched_layer_1.weight"", ""branched.branched_layer_1.bias"", ""branched.branched_layer_2.weight"", ""branched.branched_layer_2.bias"", ""branched.branched_layer_3.weight"", ""branched.branched_layer_3.bias"", ""output.weight"", ""output.bias""]","[""conv3.conv.weight"", ""conv3.conv.bias"", ""conv3.bn_layer.weight"", ""conv3.bn_layer.bias"", ""linear1.linear.weight"", ""linear1.linear.bias"", ""linear1.bn_layer.weight"", ""linear1.bn_layer.bias"", ""branched.branched_layer_1.weight"", ""branched.branched_layer_1.bias"", ""branched.branched_layer_2.weight"", ""branched.branched_layer_2.bias"", ""branched.branched_layer_3.weight"", ""branched.branched_layer_3.bias"", ""output.weight"", ""output.bias""]",0,0,280600,2603000,179620,141,0,0,0,280600,2603000,179620,141,0
20260414T220505Z_fe14746b,17,random_all_per_seed,all_rows,7,717185,717185,717185,False,False,0.1,0.1,d20de91f4b455148159ffd14b15eca3b322f00e6bd4570610b1fd92d56691f0d,09700ad8a87e01fddb78e1e19347ac15933ccd3442ae763be67b580da0d6acf2,165d865a5469b007379d19d8eddb5ccdcd8811d96d30294e5b7d188c27387d3a,K562,0,B3_with_RC_weighted_bcap_8,True,True,8.0,0.1,1,3063,1.0,conv3_plus,random,3063,983,2080,983,2080,0.32092719555990856,383,383,0.0005,0.0001,0.0001,3063,0.2686898708343506,0.3515948951244354,0.144881495781072,0.3931385024996282,0.30492218734592913,0.15455788214765015,0.8548393845558167,383,0.2588616609573364,0.3387513756752014,0.011257706740429585,0.2019422268081455,0.13489337737896429,0.040780662968232476,0.7935266494750977,383,0.2974504232406616,0.3852619230747223,0.08867320905990639,0.304951750554752,0.22824719052108772,0.09299557016640768,1.026388168334961,0,0.7935266494750977,3063361,3747661,3063361,0,"[""conv3.conv.weight"", ""conv3.conv.bias"", ""conv3.bn_layer.weight"", ""conv3.bn_layer.bias"", ""linear1.linear.weight"", ""linear1.linear.bias"", ""linear1.bn_layer.weight"", ""linear1.bn_layer.bias"", ""branched.branched_layer_1.weight"", ""branched.branched_layer_1.bias"", ""branched.branched_layer_2.weight"", ""branched.branched_layer_2.bias"", ""branched.branched_layer_3.weight"", ""branched.branched_layer_3.bias"", ""output.weight"", ""output.bias""]","[""conv3.conv.weight"", ""conv3.conv.bias"", ""conv3.bn_layer.weight"", ""conv3.bn_layer.bias"", ""linear1.linear.weight"", ""linear1.linear.bias"", ""linear1.bn_layer.weight"", ""linear1.bn_layer.bias"", ""branched.branched_layer_1.weight"", ""branched.branched_layer_1.bias"", ""branched.branched_layer_2.weight"", ""branched.branched_layer_2.bias"", ""branched.branched_layer_3.weight"", ""branched.branched_layer_3.bias"", ""output.weight"", ""output.bias""]",0,0,280600,2603000,179620,141,0,0,0,280600,2603000,179620,141,0
20260414T220505Z_fe14746b,19,random_all_per_seed,all_rows,7,719203,719203,719203,False,False,0.1,0.1,e749d923ec422f4e9585fafb01f5ecd5ad938df3ddbd0bb71ac99303ee9e50fa,b0c6175bfc15047131416b9da64bb2cb3fc428a1cef9486a2cc5173235f866bb,3ca99a39f2f8ee987e87b32207e9c91500b2f4159a741abfc9982d5f0c4932bd,K562,0,B3_with_RC_weighted_bcap_8,True,True,8.0,0.1,1,3063,1.0,conv3_plus,random,3063,972,2091,972,2091,0.31733594515181196,383,383,0.0005,0.0001,0.0001,3063,0.25662195682525635,0.3362721800804138,0.22706485310113766,0.48047501039910373,0.3707070610188096,0.23085623561801885,0.772682785987854,383,0.25765061378479004,0.33071210980415344,0.21638084222543652,0.4653535229860587,0.2903120058618637,0.21655390135553626,0.7473425269126892,383,0.2561045289039612,0.3371179401874542,0.10059939861505529,0.3381665378882398,0.2868140838533385,0.11435660734731833,0.7765744924545288,2,0.7473425269126892,3063361,3747661,3063361,0,"[""conv3.conv.weight"", ""conv3.conv.bias"", ""conv3.bn_layer.weight"", ""conv3.bn_layer.bias"", ""linear1.linear.weight"", ""linear1.linear.bias"", ""linear1.bn_layer.weight"", ""linear1.bn_layer.bias"", ""branched.branched_layer_1.weight"", ""branched.branched_layer_1.bias"", ""branched.branched_layer_2.weight"", ""branched.branched_layer_2.bias"", ""branched.branched_layer_3.weight"", ""branched.branched_layer_3.bias"", ""output.weight"", ""output.bias""]","[""conv3.conv.weight"", ""conv3.conv.bias"", ""conv3.bn_layer.weight"", ""conv3.bn_layer.bias"", ""linear1.linear.weight"", ""linear1.linear.bias"", ""linear1.bn_layer.weight"", ""linear1.bn_layer.bias"", ""branched.branched_layer_1.weight"", ""branched.branched_layer_1.bias"", ""branched.branched_layer_2.weight"", ""branched.branched_layer_2.bias"", ""branched.branched_layer_3.weight"", ""branched.branched_layer_3.bias"", ""output.weight"", ""output.bias""]",0,0,280600,2603000,179620,141,0,0,0,280600,2603000,179620,141,0
20260414T220505Z_fe14746b,23,random_all_per_seed,all_rows,7,723239,723239,723239,False,False,0.1,0.1,13ab0f6315aefa701430d3c6d72aabbac7d8c14bbd495bef999f60f53d37b30d,e458c253f91c63ca9a967c6fa4d0ab9cc52faa8ba7794e12b09a2f25a2869c9b,e651fb131205a5d9c63fd1d1ecf15ac7ac31e5181706fbf3e757de8449fba204,K562,0,B3_with_RC_weighted_bcap_8,True,True,8.0,0.1,1,3063,1.0,conv3_plus,random,3063,967,2096,967,2096,0.3157035586026771,383,383,0.0005,0.0001,0.0001,3063,0.2516691982746124,0.32851725816726685,0.2504336497989057,0.5044262594820257,0.3915098861064962,0.2544458512550279,0.7493215203285217,383,0.2653444707393646,0.3555276691913605,0.0841249551469635,0.3062881137718661,0.24587165768923444,0.09381240863792759,0.8776042461395264,383,0.277554452419281,0.3613843023777008,0.10718693325716333,0.34207855250812347,0.21998314593568866,0.11701773608605298,0.9067558646202087,2,0.8776042461395264,3063361,3747661,3063361,0,"[""conv3.conv.weight"", ""conv3.conv.bias"", ""conv3.bn_layer.weight"", ""conv3.bn_layer.bias"", ""linear1.linear.weight"", ""linear1.linear.bias"", ""linear1.bn_layer.weight"", ""linear1.bn_layer.bias"", ""branched.branched_layer_1.weight"", ""branched.branched_layer_1.bias"", ""branched.branched_layer_2.weight"", ""branched.branched_layer_2.bias"", ""branched.branched_layer_3.weight"", ""branched.branched_layer_3.bias"", ""output.weight"", ""output.bias""]","[""conv3.conv.weight"", ""conv3.conv.bias"", ""conv3.bn_layer.weight"", ""conv3.bn_layer.bias"", ""linear1.linear.weight"", ""linear1.linear.bias"", ""linear1.bn_layer.weight"", ""linear1.bn_layer.bias"", ""branched.branched_layer_1.weight"", ""branched.branched_layer_1.bias"", ""branched.branched_layer_2.weight"", ""branched.branched_layer_2.bias"", ""branched.branched_layer_3.weight"", ""branched.branched_layer_3.bias"", ""output.weight"", ""output.bias""]",0,0,280600,2603000,179620,141,0,0,0,280600,2603000,179620,141,0
20260414T220505Z_fe14746b,31,random_all_per_seed,all_rows,7,731311,731311,731311,False,False,0.1,0.1,399d8048139dad18f085378ecdd6bc241c21c7bdfccf442a2b187df7b6daa383,0584dd818218833228e343b6fa1df680f9194b9f11e5f570a45a30905d139e17,27306d05049ecb6e9137a41b7d192b6574e2d4876a1af2e57e67cc9df35420c3,K562,0,B3_with_RC_weighted_bcap_8,True,True,8.0,0.1,1,3063,1.0,conv3_plus,random,3063,989,2074,989,2074,0.3228860594188704,383,383,0.0005,0.0001,0.0001,3063,0.2518523633480072,0.32969769835472107,0.2474941303706074,0.502234184617429,0.39171000112842663,0.25223917619833375,0.7522602081298828,383,0.27468857169151306,0.3638685941696167,0.04647590945660418,0.27170600403460254,0.20542935477345714,0.07382415262845145,0.9162741303443909,383,0.27075859904289246,0.3489872217178345,0.13411066103232605,0.37173583790706205,0.2412621121153395,0.1381875331844655,0.8428598046302795,2,0.9162741303443909,3063361,3747661,3063361,0,"[""conv3.conv.weight"", ""conv3.conv.bias"", ""conv3.bn_layer.weight"", ""conv3.bn_layer.bias"", ""linear1.linear.weight"", ""linear1.linear.bias"", ""linear1.bn_layer.weight"", ""linear1.bn_layer.bias"", ""branched.branched_layer_1.weight"", ""branched.branched_layer_1.bias"", ""branched.branched_layer_2.weight"", ""branched.branched_layer_2.bias"", ""branched.branched_layer_3.weight"", ""branched.branched_layer_3.bias"", ""output.weight"", ""output.bias""]","[""conv3.conv.weight"", ""conv3.conv.bias"", ""conv3.bn_layer.weight"", ""conv3.bn_layer.bias"", ""linear1.linear.weight"", ""linear1.linear.bias"", ""linear1.bn_layer.weight"", ""linear1.bn_layer.bias"", ""branched.branched_layer_1.weight"", ""branched.branched_layer_1.bias"", ""branched.branched_layer_2.weight"", ""branched.branched_layer_2.bias"", ""branched.branched_layer_3.weight"", ""branched.branched_layer_3.bias"", ""output.weight"", ""output.bias""]",0,0,280600,2603000,179620,141,0,0,0,280600,2603000,179620,141,0
20260414T220505Z_fe14746b,17,random_all_per_seed,all_rows,7,717185,717185,717185,False,False,0.1,0.1,d20de91f4b455148159ffd14b15eca3b322f00e6bd4570610b1fd92d56691f0d,09700ad8a87e01fddb78e1e19347ac15933ccd3442ae763be67b580da0d6acf2,165d865a5469b007379d19d8eddb5ccdcd8811d96d30294e5b7d188c27387d3a,SKNSH,2,B3_with_RC_weighted_bcap_8,True,True,8.0,0.1,1,3063,1.0,conv3_plus,random,3063,983,2080,983,2080,0.32092719555990856,383,383,0.0005,0.0001,0.0001,3063,0.27034637331962585,0.35401076078414917,0.1330898625118111,0.38454183224264704,0.3147402784283026,0.1478724207445321,0.8666271567344666,383,0.2606907784938812,0.33913013339042664,0.009045384571947146,0.17395458278041642,0.12652814609069138,0.03026019687030875,0.7953020930290222,383,0.2965838611125946,0.3871852159500122,0.07955163524565656,0.29552504305126703,0.23733733113815916,0.08733505107045324,1.0366612672805786,0,0.7953020930290222,3063361,3747661,3063361,0,"[""conv3.conv.weight"", ""conv3.conv.bias"", ""conv3.bn_layer.weight"", ""conv3.bn_layer.bias"", ""linear1.linear.weight"", ""linear1.linear.bias"", ""linear1.bn_layer.weight"", ""linear1.bn_layer.bias"", ""branched.branched_layer_1.weight"", ""branched.branched_layer_1.bias"", ""branched.branched_layer_2.weight"", ""branched.branched_layer_2.bias"", ""branched.branched_layer_3.weight"", ""branched.branched_layer_3.bias"", ""output.weight"", ""output.bias""]","[""conv3.conv.weight"", ""conv3.conv.bias"", ""conv3.bn_layer.weight"", ""conv3.bn_layer.bias"", ""linear1.linear.weight"", ""linear1.linear.bias"", ""linear1.bn_layer.weight"", ""linear1.bn_layer.bias"", ""branched.branched_layer_1.weight"", ""branched.branched_layer_1.bias"", ""branched.branched_layer_2.weight"", ""branched.branched_layer_2.bias"", ""branched.branched_layer_3.weight"", ""branched.branched_layer_3.bias"", ""output.weight"", ""output.bias""]",0,0,280600,2603000,179620,141,0,0,0,280600,2603000,179620,141,0
20260414T220505Z_fe14746b,19,random_all_per_seed,all_rows,7,719203,719203,719203,False,False,0.1,0.1,e749d923ec422f4e9585fafb01f5ecd5ad938df3ddbd0bb71ac99303ee9e50fa,b0c6175bfc15047131416b9da64bb2cb3fc428a1cef9486a2cc5173235f866bb,3ca99a39f2f8ee987e87b32207e9c91500b2f4159a741abfc9982d5f0c4932bd,SKNSH,2,B3_with_RC_weighted_bcap_8,True,True,8.0,0.1,1,3063,1.0,conv3_plus,random,3063,972,2091,972,2091,0.31733594515181196,383,383,0.0005,0.0001,0.0001,3063,0.2564622163772583,0.3352685272693634,0.23167172760449883,0.48553126586243245,0.3794605165841567,0.23574061012997607,0.7680774331092834,383,0.25823938846588135,0.33254095911979675,0.20769003893431348,0.4562014777639734,0.29844289511178473,0.20811978831403313,0.7556307911872864,383,0.25561463832855225,0.33746394515037537,0.09875219087429721,0.33991468843028105,0.2989563058466098,0.11554199541065505,0.7781693935394287,2,0.7556307911872864,3063361,3747661,3063361,0,"[""conv3.conv.weight"", ""conv3.conv.bias"", ""conv3.bn_layer.weight"", ""conv3.bn_layer.bias"", ""linear1.linear.weight"", ""linear1.linear.bias"", ""linear1.bn_layer.weight"", ""linear1.bn_layer.bias"", ""branched.branched_layer_1.weight"", ""branched.branched_layer_1.bias"", ""branched.branched_layer_2.weight"", ""branched.branched_layer_2.bias"", ""branched.branched_layer_3.weight"", ""branched.branched_layer_3.bias"", ""output.weight"", ""output.bias""]","[""conv3.conv.weight"", ""conv3.conv.bias"", ""conv3.bn_layer.weight"", ""conv3.bn_layer.bias"", ""linear1.linear.weight"", ""linear1.linear.bias"", ""linear1.bn_layer.weight"", ""linear1.bn_layer.bias"", ""branched.branched_layer_1.weight"", ""branched.branched_layer_1.bias"", ""branched.branched_layer_2.weight"", ""branched.branched_layer_2.bias"", ""branched.branched_layer_3.weight"", ""branched.branched_layer_3.bias"", ""output.weight"", ""output.bias""]",0,0,280600,2603000,179620,141,0,0,0,280600,2603000,179620,141,0
20260414T220505Z_fe14746b,23,random_all_per_seed,all_rows,7,723239,723239,723239,False,False,0.1,0.1,13ab0f6315aefa701430d3c6d72aabbac7d8c14bbd495bef999f60f53d37b30d,e458c253f91c63ca9a967c6fa4d0ab9cc52faa8ba7794e12b09a2f25a2869c9b,e651fb131205a5d9c63fd1d1ecf15ac7ac31e5181706fbf3e757de8449fba204,SKNSH,2,B3_with_RC_weighted_bcap_8,True,True,8.0,0.1,1,3063,1.0,conv3_plus,random,3063,967,2096,967,2096,0.3157035586026771,383,383,0.0005,0.0001,0.0001,3063,0.25062039494514465,0.3273996412754059,0.25552506899611016,0.5125842404627062,0.3996898399442073,0.2627426035707294,0.7442318797111511,383,0.2672179341316223,0.3573126792907715,0.07490507610798913,0.2922404040046334,0.2293088934392076,0.08540445373279136,0.8864388465881348,383,0.27752453088760376,0.3612062335014343,0.10806645175193863,0.34387801449260547,0.2387105399141332,0.11825208885137657,0.9058626890182495,2,0.8864388465881348,3063361,3747661,3063361,0,"[""conv3.conv.weight"", ""conv3.conv.bias"", ""conv3.bn_layer.weight"", ""conv3.bn_layer.bias"", ""linear1.linear.weight"", ""linear1.linear.bias"", ""linear1.bn_layer.weight"", ""linear1.bn_layer.bias"", ""branched.branched_layer_1.weight"", ""branched.branched_layer_1.bias"", ""branched.branched_layer_2.weight"", ""branched.branched_layer_2.bias"", ""branched.branched_layer_3.weight"", ""branched.branched_layer_3.bias"", ""output.weight"", ""output.bias""]","[""conv3.conv.weight"", ""conv3.conv.bias"", ""conv3.bn_layer.weight"", ""conv3.bn_layer.bias"", ""linear1.linear.weight"", ""linear1.linear.bias"", ""linear1.bn_layer.weight"", ""linear1.bn_layer.bias"", ""branched.branched_layer_1.weight"", ""branched.branched_layer_1.bias"", ""branched.branched_layer_2.weight"", ""branched.branched_layer_2.bias"", ""branched.branched_layer_3.weight"", ""branched.branched_layer_3.bias"", ""output.weight"", ""output.bias""]",0,0,280600,2603000,179620,141,0,0,0,280600,2603000,179620,141,0
20260414T220505Z_fe14746b,31,random_all_per_seed,all_rows,7,731311,731311,731311,False,False,0.1,0.1,399d8048139dad18f085378ecdd6bc241c21c7bdfccf442a2b187df7b6daa383,0584dd818218833228e343b6fa1df680f9194b9f11e5f570a45a30905d139e17,27306d05049ecb6e9137a41b7d192b6574e2d4876a1af2e57e67cc9df35420c3,SKNSH,2,B3_with_RC_weighted_bcap_8,True,True,8.0,0.1,1,3063,1.0,conv3_plus,random,3063,989,2074,989,2074,0.3228860594188704,383,383,0.0005,0.0001,0.0001,3063,0.27096959948539734,0.35467708110809326,0.12914798639294378,0.37809859100778614,0.30359720330173057,0.14295854452207313,0.8705678582191467,383,0.27702200412750244,0.3616487383842468,0.05807473055156731,0.2538788463915628,0.21111047354375123,0.06445446864511073,0.9051284790039062,383,0.2715366780757904,0.35769903659820557,0.09034049918807374,0.30778935829732074,0.22927839634370803,0.09473428908107648,0.8854658007621765,0,0.9051284790039062,3063361,3747661,3063361,0,"[""conv3.conv.weight"", ""conv3.conv.bias"", ""conv3.bn_layer.weight"", ""conv3.bn_layer.bias"", ""linear1.linear.weight"", ""linear1.linear.bias"", ""linear1.bn_layer.weight"", ""linear1.bn_layer.bias"", ""branched.branched_layer_1.weight"", ""branched.branched_layer_1.bias"", ""branched.branched_layer_2.weight"", ""branched.branched_layer_2.bias"", ""branched.branched_layer_3.weight"", ""branched.branched_layer_3.bias"", ""output.weight"", ""output.bias""]","[""conv3.conv.weight"", ""conv3.conv.bias"", ""conv3.bn_layer.weight"", ""conv3.bn_layer.bias"", ""linear1.linear.weight"", ""linear1.linear.bias"", ""linear1.bn_layer.weight"", ""linear1.bn_layer.bias"", ""branched.branched_layer_1.weight"", ""branched.branched_layer_1.bias"", ""branched.branched_layer_2.weight"", ""branched.branched_layer_2.bias"", ""branched.branched_layer_3.weight"", ""branched.branched_layer_3.bias"", ""output.weight"", ""output.bias""]",0,0,280600,2603000,179620,141,0,0,0,280600,2603000,179620,141,0
20260414T220505Z_fe14746b,17,random_all_per_seed,all_rows,7,717185,717185,717185,False,False,0.1,0.1,fd2ed1f7a2f865a02b437eb807b01700163c4e7b5b3d25f1fd6719b606e9feb3,09700ad8a87e01fddb78e1e19347ac15933ccd3442ae763be67b580da0d6acf2,165d865a5469b007379d19d8eddb5ccdcd8811d96d30294e5b7d188c27387d3a,HepG2,1,B3_with_RC_weighted_bcap_8,True,True,8.0,0.1,1,2297,0.7499183806725432,full,random,3063,983,2080,728,1569,0.3169351327818894,383,383,0.0005,0.0001,0.0001,2297,0.2642357647418976,0.34829679131507874,0.1902092069802117,0.48555693288287843,0.40438353674050903,0.2357655350706281,0.809438169002533,383,0.25869297981262207,0.336879163980484,0.022156691006587237,0.19887560918689132,0.14696132984906726,0.03955150792945713,0.7572391033172607,383,0.2947269082069397,0.3847411572933197,0.09113532093681209,0.31299594729730085,0.23996324359985055,0.09796646302453473,0.9876931309700012,0,0.7572391033172607,3747661,3747661,3747661,0,"[""conv1.conv.weight"", ""conv1.conv.bias"", ""conv1.bn_layer.weight"", ""conv1.bn_layer.bias"", ""conv2.conv.weight"", ""conv2.conv.bias"", ""conv2.bn_layer.weight"", ""conv2.bn_layer.bias"", ""conv3.conv.weight"", ""conv3.conv.bias"", ""conv3.bn_layer.weight"", ""conv3.bn_layer.bias"", ""linear1.linear.weight"", ""linear1.linear.bias"", ""linear1.bn_layer.weight"", ""linear1.bn_layer.bias"", ""branched.branched_layer_1.weight"", ""branched.branched_layer_1.bias"", ""branched.branched_layer_2.weight"", ""branched.branched_layer_2.bias"", ""branched.branched_layer_3.weight"", ""branched.branched_layer_3.bias"", ""output.weight"", ""output.bias""]","[""conv1.conv.weight"", ""conv1.conv.bias"", ""conv1.bn_layer.weight"", ""conv1.bn_layer.bias"", ""conv2.conv.weight"", ""conv2.conv.bias"", ""conv2.bn_layer.weight"", ""conv2.bn_layer.bias"", ""conv3.conv.weight"", ""conv3.conv.bias"", ""conv3.bn_layer.weight"", ""conv3.bn_layer.bias"", ""linear1.linear.weight"", ""linear1.linear.bias"", ""linear1.bn_layer.weight"", ""linear1.bn_layer.bias"", ""branched.branched_layer_1.weight"", ""branched.branched_layer_1.bias"", ""branched.branched_layer_2.weight"", ""branched.branched_layer_2.bias"", ""branched.branched_layer_3.weight"", ""branched.branched_layer_3.bias"", ""output.weight"", ""output.bias""]",23700,660600,280600,2603000,179620,141,0,23700,660600,280600,2603000,179620,141,0
20260414T220505Z_fe14746b,19,random_all_per_seed,all_rows,7,719203,719203,719203,False,False,0.1,0.1,d10f09aa265bab71343f680e34f2eb30e8cd4527aa6a1ca50685490c50e26cf1,b0c6175bfc15047131416b9da64bb2cb3fc428a1cef9486a2cc5173235f866bb,3ca99a39f2f8ee987e87b32207e9c91500b2f4159a741abfc9982d5f0c4932bd,HepG2,1,B3_with_RC_weighted_bcap_8,True,True,8.0,0.1,1,2297,0.7499183806725432,full,random,3063,972,2091,733,1564,0.31911188506747934,383,383,0.0005,0.0001,0.0001,2297,0.21341706812381744,0.2928617000579834,0.4266551848354567,0.6709139401201029,0.5919725033982152,0.45012551504748094,0.5730952024459839,383,0.264281302690506,0.3407517969608307,0.16808085640503678,0.4200886089589195,0.26001234297833437,0.17647443937703997,0.775850236415863,383,0.26324427127838135,0.340093731880188,0.08465090571902134,0.34080859377543216,0.2588930929205039,0.11615049759118753,0.7728564739227295,2,0.775850236415863,3747661,3747661,3747661,0,"[""conv1.conv.weight"", ""conv1.conv.bias"", ""conv1.bn_layer.weight"", ""conv1.bn_layer.bias"", ""conv2.conv.weight"", ""conv2.conv.bias"", ""conv2.bn_layer.weight"", ""conv2.bn_layer.bias"", ""conv3.conv.weight"", ""conv3.conv.bias"", ""conv3.bn_layer.weight"", ""conv3.bn_layer.bias"", ""linear1.linear.weight"", ""linear1.linear.bias"", ""linear1.bn_layer.weight"", ""linear1.bn_layer.bias"", ""branched.branched_layer_1.weight"", ""branched.branched_layer_1.bias"", ""branched.branched_layer_2.weight"", ""branched.branched_layer_2.bias"", ""branched.branched_layer_3.weight"", ""branched.branched_layer_3.bias"", ""output.weight"", ""output.bias""]","[""conv1.conv.weight"", ""conv1.conv.bias"", ""conv1.bn_layer.weight"", ""conv1.bn_layer.bias"", ""conv2.conv.weight"", ""conv2.conv.bias"", ""conv2.bn_layer.weight"", ""conv2.bn_layer.bias"", ""conv3.conv.weight"", ""conv3.conv.bias"", ""conv3.bn_layer.weight"", ""conv3.bn_layer.bias"", ""linear1.linear.weight"", ""linear1.linear.bias"", ""linear1.bn_layer.weight"", ""linear1.bn_layer.bias"", ""branched.branched_layer_1.weight"", ""branched.branched_layer_1.bias"", ""branched.branched_layer_2.weight"", ""branched.branched_layer_2.bias"", ""branched.branched_layer_3.weight"", ""branched.branched_layer_3.bias"", ""output.weight"", ""output.bias""]",23700,660600,280600,2603000,179620,141,0,23700,660600,280600,2603000,179620,141,0
20260414T220505Z_fe14746b,23,random_all_per_seed,all_rows,7,723239,723239,723239,False,False,0.1,0.1,31a2235bdd32c79f9bbcf57fc47adfc274d10761b654866ae9cb9911c3fafcdd,e458c253f91c63ca9a967c6fa4d0ab9cc52faa8ba7794e12b09a2f25a2869c9b,e651fb131205a5d9c63fd1d1ecf15ac7ac31e5181706fbf3e757de8449fba204,HepG2,1,B3_with_RC_weighted_bcap_8,True,True,8.0,0.1,1,2297,0.7499183806725432,full,random,3063,967,2096,716,1581,0.31171092729647365,383,383,0.0005,0.0001,0.0001,2297,0.25947198271751404,0.33845314383506775,0.19224737353921562,0.48704241993248654,0.3901893154164858,0.23721031881369256,0.8074010014533997,383,0.26669609546661377,0.35670891404151917,0.07802883931166937,0.3036327541866854,0.24568604041160538,0.09219284941499212,0.8968507647514343,383,0.28078553080558777,0.3676280379295349,0.07606960023341247,0.3040176205449629,0.22572934339459774,0.09242671360182105,0.9525974988937378,0,0.8968507647514343,3747661,3747661,3747661,0,"[""conv1.conv.weight"", ""conv1.conv.bias"", ""conv1.bn_layer.weight"", ""conv1.bn_layer.bias"", ""conv2.conv.weight"", ""conv2.conv.bias"", ""conv2.bn_layer.weight"", ""conv2.bn_layer.bias"", ""conv3.conv.weight"", ""conv3.conv.bias"", ""conv3.bn_layer.weight"", ""conv3.bn_layer.bias"", ""linear1.linear.weight"", ""linear1.linear.bias"", ""linear1.bn_layer.weight"", ""linear1.bn_layer.bias"", ""branched.branched_layer_1.weight"", ""branched.branched_layer_1.bias"", ""branched.branched_layer_2.weight"", ""branched.branched_layer_2.bias"", ""branched.branched_layer_3.weight"", ""branched.branched_layer_3.bias"", ""output.weight"", ""output.bias""]","[""conv1.conv.weight"", ""conv1.conv.bias"", ""conv1.bn_layer.weight"", ""conv1.bn_layer.bias"", ""conv2.conv.weight"", ""conv2.conv.bias"", ""conv2.bn_layer.weight"", ""conv2.bn_layer.bias"", ""conv3.conv.weight"", ""conv3.conv.bias"", ""conv3.bn_layer.weight"", ""conv3.bn_layer.bias"", ""linear1.linear.weight"", ""linear1.linear.bias"", ""linear1.bn_layer.weight"", ""linear1.bn_layer.bias"", ""branched.branched_layer_1.weight"", ""branched.branched_layer_1.bias"", ""branched.branched_layer_2.weight"", ""branched.branched_layer_2.bias"", ""branched.branched_layer_3.weight"", ""branched.branched_layer_3.bias"", ""output.weight"", ""output.bias""]",23700,660600,280600,2603000,179620,141,0,23700,660600,280600,2603000,179620,141,0
20260414T220505Z_fe14746b,31,random_all_per_seed,all_rows,7,731311,731311,731311,False,False,0.1,0.1,7ed9f1e71cff080acfd2b40dc86b6782e03711f552c9029ae842ca8d03bd429d,0584dd818218833228e343b6fa1df680f9194b9f11e5f570a45a30905d139e17,27306d05049ecb6e9137a41b7d192b6574e2d4876a1af2e57e67cc9df35420c3,HepG2,1,B3_with_RC_weighted_bcap_8,True,True,8.0,0.1,1,2297,0.7499183806725432,full,random,3063,989,2074,734,1563,0.3195472355245973,383,383,0.0005,0.0001,0.0001,2297,0.25880974531173706,0.3401549756526947,0.20871230788688655,0.4978158882960005,0.40041836706713513,0.24782065863993602,0.7909432053565979,383,0.27883151173591614,0.3633730411529541,0.04907140569964774,0.2466871400103357,0.19242147593517206,0.06085454504647897,0.9026036858558655,383,0.2664584815502167,0.35135504603385925,0.12232094781097147,0.3566681374545511,0.28311823545680537,0.12721216027529858,0.84388667345047,0,0.9026036858558655,3747661,3747661,3747661,0,"[""conv1.conv.weight"", ""conv1.conv.bias"", ""conv1.bn_layer.weight"", ""conv1.bn_layer.bias"", ""conv2.conv.weight"", ""conv2.conv.bias"", ""conv2.bn_layer.weight"", ""conv2.bn_layer.bias"", ""conv3.conv.weight"", ""conv3.conv.bias"", ""conv3.bn_layer.weight"", ""conv3.bn_layer.bias"", ""linear1.linear.weight"", ""linear1.linear.bias"", ""linear1.bn_layer.weight"", ""linear1.bn_layer.bias"", ""branched.branched_layer_1.weight"", ""branched.branched_layer_1.bias"", ""branched.branched_layer_2.weight"", ""branched.branched_layer_2.bias"", ""branched.branched_layer_3.weight"", ""branched.branched_layer_3.bias"", ""output.weight"", ""output.bias""]","[""conv1.conv.weight"", ""conv1.conv.bias"", ""conv1.bn_layer.weight"", ""conv1.bn_layer.bias"", ""conv2.conv.weight"", ""conv2.conv.bias"", ""conv2.bn_layer.weight"", ""conv2.bn_layer.bias"", ""conv3.conv.weight"", ""conv3.conv.bias"", ""conv3.bn_layer.weight"", ""conv3.bn_layer.bias"", ""linear1.linear.weight"", ""linear1.linear.bias"", ""linear1.bn_layer.weight"", ""linear1.bn_layer.bias"", ""branched.branched_layer_1.weight"", ""branched.branched_layer_1.bias"", ""branched.branched_layer_2.weight"", ""branched.branched_layer_2.bias"", ""branched.branched_layer_3.weight"", ""branched.branched_layer_3.bias"", ""output.weight"", ""output.bias""]",23700,660600,280600,2603000,179620,141,0,23700,660600,280600,2603000,179620,141,0
20260414T220505Z_fe14746b,17,random_all_per_seed,all_rows,7,717185,717185,717185,False,False,0.1,0.1,fd2ed1f7a2f865a02b437eb807b01700163c4e7b5b3d25f1fd6719b606e9feb3,09700ad8a87e01fddb78e1e19347ac15933ccd3442ae763be67b580da0d6acf2,165d865a5469b007379d19d8eddb5ccdcd8811d96d30294e5b7d188c27387d3a,K562,0,B3_with_RC_weighted_bcap_8,True,True,8.0,0.1,1,2297,0.7499183806725432,full,random,3063,983,2080,728,1569,0.3169351327818894,383,383,0.0005,0.0001,0.0001,2297,0.2641046345233917,0.34855082631111145,0.18902753324632482,0.48040031952134093,0.39042818178183747,0.23078446699620647,0.8106194138526917,383,0.2572212815284729,0.3367300033569336,0.023022430796169946,0.205389480224624,0.13566344733068966,0.04218483858694121,0.7565686702728271,383,0.2992580235004425,0.386545866727829,0.08258883716231347,0.2963513115490184,0.23029338797720456,0.08782409985682336,0.9969809055328369,0,0.7565686702728271,3747661,3747661,3747661,0,"[""conv1.conv.weight"", ""conv1.conv.bias"", ""conv1.bn_layer.weight"", ""conv1.bn_layer.bias"", ""conv2.conv.weight"", ""conv2.conv.bias"", ""conv2.bn_layer.weight"", ""conv2.bn_layer.bias"", ""conv3.conv.weight"", ""conv3.conv.bias"", ""conv3.bn_layer.weight"", ""conv3.bn_layer.bias"", ""linear1.linear.weight"", ""linear1.linear.bias"", ""linear1.bn_layer.weight"", ""linear1.bn_layer.bias"", ""branched.branched_layer_1.weight"", ""branched.branched_layer_1.bias"", ""branched.branched_layer_2.weight"", ""branched.branched_layer_2.bias"", ""branched.branched_layer_3.weight"", ""branched.branched_layer_3.bias"", ""output.weight"", ""output.bias""]","[""conv1.conv.weight"", ""conv1.conv.bias"", ""conv1.bn_layer.weight"", ""conv1.bn_layer.bias"", ""conv2.conv.weight"", ""conv2.conv.bias"", ""conv2.bn_layer.weight"", ""conv2.bn_layer.bias"", ""conv3.conv.weight"", ""conv3.conv.bias"", ""conv3.bn_layer.weight"", ""conv3.bn_layer.bias"", ""linear1.linear.weight"", ""linear1.linear.bias"", ""linear1.bn_layer.weight"", ""linear1.bn_layer.bias"", ""branched.branched_layer_1.weight"", ""branched.branched_layer_1.bias"", ""branched.branched_layer_2.weight"", ""branched.branched_layer_2.bias"", ""branched.branched_layer_3.weight"", ""branched.branched_layer_3.bias"", ""output.weight"", ""output.bias""]",23700,660600,280600,2603000,179620,141,0,23700,660600,280600,2603000,179620,141,0
20260414T220505Z_fe14746b,19,random_all_per_seed,all_rows,7,719203,719203,719203,False,False,0.1,0.1,d10f09aa265bab71343f680e34f2eb30e8cd4527aa6a1ca50685490c50e26cf1,b0c6175bfc15047131416b9da64bb2cb3fc428a1cef9486a2cc5173235f866bb,3ca99a39f2f8ee987e87b32207e9c91500b2f4159a741abfc9982d5f0c4932bd,K562,0,B3_with_RC_weighted_bcap_8,True,True,8.0,0.1,1,2297,0.7499183806725432,full,random,3063,972,2091,733,1564,0.31911188506747934,383,383,0.0005,0.0001,0.0001,2297,0.22003145515918732,0.2996082007884979,0.3999351926652698,0.6404731423933345,0.5557606581116192,0.4102058461271926,0.5998035669326782,383,0.26209551095962524,0.33684611320495605,0.18704248577883154,0.4417204025388064,0.28262903535194905,0.19511691401904516,0.7581666707992554,383,0.2602187991142273,0.33991578221321106,0.0856086003659261,0.3406878122447385,0.27881859338088016,0.11606818541210619,0.7720478773117065,2,0.7581666707992554,3747661,3747661,3747661,0,"[""conv1.conv.weight"", ""conv1.conv.bias"", ""conv1.bn_layer.weight"", ""conv1.bn_layer.bias"", ""conv2.conv.weight"", ""conv2.conv.bias"", ""conv2.bn_layer.weight"", ""conv2.bn_layer.bias"", ""conv3.conv.weight"", ""conv3.conv.bias"", ""conv3.bn_layer.weight"", ""conv3.bn_layer.bias"", ""linear1.linear.weight"", ""linear1.linear.bias"", ""linear1.bn_layer.weight"", ""linear1.bn_layer.bias"", ""branched.branched_layer_1.weight"", ""branched.branched_layer_1.bias"", ""branched.branched_layer_2.weight"", ""branched.branched_layer_2.bias"", ""branched.branched_layer_3.weight"", ""branched.branched_layer_3.bias"", ""output.weight"", ""output.bias""]","[""conv1.conv.weight"", ""conv1.conv.bias"", ""conv1.bn_layer.weight"", ""conv1.bn_layer.bias"", ""conv2.conv.weight"", ""conv2.conv.bias"", ""conv2.bn_layer.weight"", ""conv2.bn_layer.bias"", ""conv3.conv.weight"", ""conv3.conv.bias"", ""conv3.bn_layer.weight"", ""conv3.bn_layer.bias"", ""linear1.linear.weight"", ""linear1.linear.bias"", ""linear1.bn_layer.weight"", ""linear1.bn_layer.bias"", ""branched.branched_layer_1.weight"", ""branched.branched_layer_1.bias"", ""branched.branched_layer_2.weight"", ""branched.branched_layer_2.bias"", ""branched.branched_layer_3.weight"", ""branched.branched_layer_3.bias"", ""output.weight"", ""output.bias""]",23700,660600,280600,2603000,179620,141,0,23700,660600,280600,2603000,179620,141,0
20260414T220505Z_fe14746b,23,random_all_per_seed,all_rows,7,723239,723239,723239,False,False,0.1,0.1,31a2235bdd32c79f9bbcf57fc47adfc274d10761b654866ae9cb9911c3fafcdd,e458c253f91c63ca9a967c6fa4d0ab9cc52faa8ba7794e12b09a2f25a2869c9b,e651fb131205a5d9c63fd1d1ecf15ac7ac31e5181706fbf3e757de8449fba204,K562,0,B3_with_RC_weighted_bcap_8,True,True,8.0,0.1,1,2297,0.7499183806725432,full,random,3063,967,2096,716,1581,0.31171092729647365,383,383,0.0005,0.0001,0.0001,2297,0.2377534806728363,0.31150466203689575,0.3157569846899868,0.564694142891495,0.4569800148901901,0.31887947501596015,0.6839451789855957,383,0.2658051550388336,0.35428351163864136,0.09052389212639045,0.3222453646426721,0.24916011660492848,0.10384207503368871,0.8846961259841919,383,0.27946385741233826,0.3636561930179596,0.09592600523816353,0.3413939932995701,0.23921421196246168,0.1165498586610269,0.9321250915527344,1,0.8846961259841919,3747661,3747661,3747661,0,"[""conv1.conv.weight"", ""conv1.conv.bias"", ""conv1.bn_layer.weight"", ""conv1.bn_layer.bias"", ""conv2.conv.weight"", ""conv2.conv.bias"", ""conv2.bn_layer.weight"", ""conv2.bn_layer.bias"", ""conv3.conv.weight"", ""conv3.conv.bias"", ""conv3.bn_layer.weight"", ""conv3.bn_layer.bias"", ""linear1.linear.weight"", ""linear1.linear.bias"", ""linear1.bn_layer.weight"", ""linear1.bn_layer.bias"", ""branched.branched_layer_1.weight"", ""branched.branched_layer_1.bias"", ""branched.branched_layer_2.weight"", ""branched.branched_layer_2.bias"", ""branched.branched_layer_3.weight"", ""branched.branched_layer_3.bias"", ""output.weight"", ""output.bias""]","[""conv1.conv.weight"", ""conv1.conv.bias"", ""conv1.bn_layer.weight"", ""conv1.bn_layer.bias"", ""conv2.conv.weight"", ""conv2.conv.bias"", ""conv2.bn_layer.weight"", ""conv2.bn_layer.bias"", ""conv3.conv.weight"", ""conv3.conv.bias"", ""conv3.bn_layer.weight"", ""conv3.bn_layer.bias"", ""linear1.linear.weight"", ""linear1.linear.bias"", ""linear1.bn_layer.weight"", ""linear1.bn_layer.bias"", ""branched.branched_layer_1.weight"", ""branched.branched_layer_1.bias"", ""branched.branched_layer_2.weight"", ""branched.branched_layer_2.bias"", ""branched.branched_layer_3.weight"", ""branched.branched_layer_3.bias"", ""output.weight"", ""output.bias""]",23700,660600,280600,2603000,179620,141,0,23700,660600,280600,2603000,179620,141,0
20260414T220505Z_fe14746b,31,random_all_per_seed,all_rows,7,731311,731311,731311,False,False,0.1,0.1,7ed9f1e71cff080acfd2b40dc86b6782e03711f552c9029ae842ca8d03bd429d,0584dd818218833228e343b6fa1df680f9194b9f11e5f570a45a30905d139e17,27306d05049ecb6e9137a41b7d192b6574e2d4876a1af2e57e67cc9df35420c3,K562,0,B3_with_RC_weighted_bcap_8,True,True,8.0,0.1,1,2297,0.7499183806725432,full,random,3063,989,2074,734,1563,0.3195472355245973,383,383,0.0005,0.0001,0.0001,2297,0.2630777657032013,0.34590113162994385,0.1817523252737412,0.4724091796566046,0.36767817925868596,0.22317043302382614,0.8178914189338684,383,0.2759888172149658,0.36373165249824524,0.04719350133189182,0.23451804236010015,0.19309518425016076,0.05499871219241373,0.904386043548584,383,0.26608890295028687,0.3518831133842468,0.11968073580658567,0.36840949946362295,0.3025083226788018,0.13572555929503718,0.8464251160621643,0,0.904386043548584,3747661,3747661,3747661,0,"[""conv1.conv.weight"", ""conv1.conv.bias"", ""conv1.bn_layer.weight"", ""conv1.bn_layer.bias"", ""conv2.conv.weight"", ""conv2.conv.bias"", ""conv2.bn_layer.weight"", ""conv2.bn_layer.bias"", ""conv3.conv.weight"", ""conv3.conv.bias"", ""conv3.bn_layer.weight"", ""conv3.bn_layer.bias"", ""linear1.linear.weight"", ""linear1.linear.bias"", ""linear1.bn_layer.weight"", ""linear1.bn_layer.bias"", ""branched.branched_layer_1.weight"", ""branched.branched_layer_1.bias"", ""branched.branched_layer_2.weight"", ""branched.branched_layer_2.bias"", ""branched.branched_layer_3.weight"", ""branched.branched_layer_3.bias"", ""output.weight"", ""output.bias""]","[""conv1.conv.weight"", ""conv1.conv.bias"", ""conv1.bn_layer.weight"", ""conv1.bn_layer.bias"", ""conv2.conv.weight"", ""conv2.conv.bias"", ""conv2.bn_layer.weight"", ""conv2.bn_layer.bias"", ""conv3.conv.weight"", ""conv3.conv.bias"", ""conv3.bn_layer.weight"", ""conv3.bn_layer.bias"", ""linear1.linear.weight"", ""linear1.linear.bias"", ""linear1.bn_layer.weight"", ""linear1.bn_layer.bias"", ""branched.branched_layer_1.weight"", ""branched.branched_layer_1.bias"", ""branched.branched_layer_2.weight"", ""branched.branched_layer_2.bias"", ""branched.branched_layer_3.weight"", ""branched.branched_layer_3.bias"", ""output.weight"", ""output.bias""]",23700,660600,280600,2603000,179620,141,0,23700,660600,280600,2603000,179620,141,0
20260414T220505Z_fe14746b,17,random_all_per_seed,all_rows,7,717185,717185,717185,False,False,0.1,0.1,fd2ed1f7a2f865a02b437eb807b01700163c4e7b5b3d25f1fd6719b606e9feb3,09700ad8a87e01fddb78e1e19347ac15933ccd3442ae763be67b580da0d6acf2,165d865a5469b007379d19d8eddb5ccdcd8811d96d30294e5b7d188c27387d3a,SKNSH,2,B3_with_RC_weighted_bcap_8,True,True,8.0,0.1,1,2297,0.7499183806725432,full,random,3063,983,2080,728,1569,0.3169351327818894,383,383,0.0005,0.0001,0.0001,2297,0.26490291953086853,0.3489983081817627,0.18694390650481063,0.48694308087573895,0.41780087980504654,0.23711356401275646,0.8127021789550781,383,0.2598038911819458,0.33706700801849365,0.021065762754686523,0.1878573699772175,0.14488066371911593,0.03529039145475718,0.7580838799476624,383,0.2936955690383911,0.38498541712760925,0.08998092124727763,0.3231768382858714,0.26340155827179906,0.10444326880445227,0.9889476895332336,0,0.7580838799476624,3747661,3747661,3747661,0,"[""conv1.conv.weight"", ""conv1.conv.bias"", ""conv1.bn_layer.weight"", ""conv1.bn_layer.bias"", ""conv2.conv.weight"", ""conv2.conv.bias"", ""conv2.bn_layer.weight"", ""conv2.bn_layer.bias"", ""conv3.conv.weight"", ""conv3.conv.bias"", ""conv3.bn_layer.weight"", ""conv3.bn_layer.bias"", ""linear1.linear.weight"", ""linear1.linear.bias"", ""linear1.bn_layer.weight"", ""linear1.bn_layer.bias"", ""branched.branched_layer_1.weight"", ""branched.branched_layer_1.bias"", ""branched.branched_layer_2.weight"", ""branched.branched_layer_2.bias"", ""branched.branched_layer_3.weight"", ""branched.branched_layer_3.bias"", ""output.weight"", ""output.bias""]","[""conv1.conv.weight"", ""conv1.conv.bias"", ""conv1.bn_layer.weight"", ""conv1.bn_layer.bias"", ""conv2.conv.weight"", ""conv2.conv.bias"", ""conv2.bn_layer.weight"", ""conv2.bn_layer.bias"", ""conv3.conv.weight"", ""conv3.conv.bias"", ""conv3.bn_layer.weight"", ""conv3.bn_layer.bias"", ""linear1.linear.weight"", ""linear1.linear.bias"", ""linear1.bn_layer.weight"", ""linear1.bn_layer.bias"", ""branched.branched_layer_1.weight"", ""branched.branched_layer_1.bias"", ""branched.branched_layer_2.weight"", ""branched.branched_layer_2.bias"", ""branched.branched_layer_3.weight"", ""branched.branched_layer_3.bias"", ""output.weight"", ""output.bias""]",23700,660600,280600,2603000,179620,141,0,23700,660600,280600,2603000,179620,141,0
20260414T220505Z_fe14746b,19,random_all_per_seed,all_rows,7,719203,719203,719203,False,False,0.1,0.1,d10f09aa265bab71343f680e34f2eb30e8cd4527aa6a1ca50685490c50e26cf1,b0c6175bfc15047131416b9da64bb2cb3fc428a1cef9486a2cc5173235f866bb,3ca99a39f2f8ee987e87b32207e9c91500b2f4159a741abfc9982d5f0c4932bd,SKNSH,2,B3_with_RC_weighted_bcap_8,True,True,8.0,0.1,1,2297,0.7499183806725432,full,random,3063,972,2091,733,1564,0.31911188506747934,383,383,0.0005,0.0001,0.0001,2297,0.2464045286178589,0.32654955983161926,0.2871650570077182,0.5467533525650651,0.4717480440505856,0.29893922854113836,0.7125246524810791,383,0.26503559947013855,0.33948665857315063,0.1742468059683343,0.4179154840647011,0.297774007398704,0.17465335182103342,0.770099937915802,383,0.2572263777256012,0.34028199315071106,0.0836372470227914,0.3146675002041786,0.2793681872306781,0.09901563568474675,0.7737124562263489,1,0.770099937915802,3747661,3747661,3747661,0,"[""conv1.conv.weight"", ""conv1.conv.bias"", ""conv1.bn_layer.weight"", ""conv1.bn_layer.bias"", ""conv2.conv.weight"", ""conv2.conv.bias"", ""conv2.bn_layer.weight"", ""conv2.bn_layer.bias"", ""conv3.conv.weight"", ""conv3.conv.bias"", ""conv3.bn_layer.weight"", ""conv3.bn_layer.bias"", ""linear1.linear.weight"", ""linear1.linear.bias"", ""linear1.bn_layer.weight"", ""linear1.bn_layer.bias"", ""branched.branched_layer_1.weight"", ""branched.branched_layer_1.bias"", ""branched.branched_layer_2.weight"", ""branched.branched_layer_2.bias"", ""branched.branched_layer_3.weight"", ""branched.branched_layer_3.bias"", ""output.weight"", ""output.bias""]","[""conv1.conv.weight"", ""conv1.conv.bias"", ""conv1.bn_layer.weight"", ""conv1.bn_layer.bias"", ""conv2.conv.weight"", ""conv2.conv.bias"", ""conv2.bn_layer.weight"", ""conv2.bn_layer.bias"", ""conv3.conv.weight"", ""conv3.conv.bias"", ""conv3.bn_layer.weight"", ""conv3.bn_layer.bias"", ""linear1.linear.weight"", ""linear1.linear.bias"", ""linear1.bn_layer.weight"", ""linear1.bn_layer.bias"", ""branched.branched_layer_1.weight"", ""branched.branched_layer_1.bias"", ""branched.branched_layer_2.weight"", ""branched.branched_layer_2.bias"", ""branched.branched_layer_3.weight"", ""branched.branched_layer_3.bias"", ""output.weight"", ""output.bias""]",23700,660600,280600,2603000,179620,141,0,23700,660600,280600,2603000,179620,141,0
20260414T220505Z_fe14746b,23,random_all_per_seed,all_rows,7,723239,723239,723239,False,False,0.1,0.1,31a2235bdd32c79f9bbcf57fc47adfc274d10761b654866ae9cb9911c3fafcdd,e458c253f91c63ca9a967c6fa4d0ab9cc52faa8ba7794e12b09a2f25a2869c9b,e651fb131205a5d9c63fd1d1ecf15ac7ac31e5181706fbf3e757de8449fba204,SKNSH,2,B3_with_RC_weighted_bcap_8,True,True,8.0,0.1,1,2297,0.7499183806725432,full,random,3063,967,2096,716,1581,0.31171092729647365,383,383,0.0005,0.0001,0.0001,2297,0.2613268792629242,0.34158238768577576,0.1772418367519013,0.47599668133943795,0.39896318875955994,0.22657284064615843,0.8224000930786133,383,0.2708848714828491,0.3619503676891327,0.05073509904907236,0.2452901121473804,0.23893236964898829,0.06016723911727445,0.9234007000923157,383,0.2791205048561096,0.36635828018188477,0.08244084936824403,0.3236346927673522,0.2311012291201549,0.10473941436261844,0.9460287690162659,0,0.9234007000923157,3747661,3747661,3747661,0,"[""conv1.conv.weight"", ""conv1.conv.bias"", ""conv1.bn_layer.weight"", ""conv1.bn_layer.bias"", ""conv2.conv.weight"", ""conv2.conv.bias"", ""conv2.bn_layer.weight"", ""conv2.bn_layer.bias"", ""conv3.conv.weight"", ""conv3.conv.bias"", ""conv3.bn_layer.weight"", ""conv3.bn_layer.bias"", ""linear1.linear.weight"", ""linear1.linear.bias"", ""linear1.bn_layer.weight"", ""linear1.bn_layer.bias"", ""branched.branched_layer_1.weight"", ""branched.branched_layer_1.bias"", ""branched.branched_layer_2.weight"", ""branched.branched_layer_2.bias"", ""branched.branched_layer_3.weight"", ""branched.branched_layer_3.bias"", ""output.weight"", ""output.bias""]","[""conv1.conv.weight"", ""conv1.conv.bias"", ""conv1.bn_layer.weight"", ""conv1.bn_layer.bias"", ""conv2.conv.weight"", ""conv2.conv.bias"", ""conv2.bn_layer.weight"", ""conv2.bn_layer.bias"", ""conv3.conv.weight"", ""conv3.conv.bias"", ""conv3.bn_layer.weight"", ""conv3.bn_layer.bias"", ""linear1.linear.weight"", ""linear1.linear.bias"", ""linear1.bn_layer.weight"", ""linear1.bn_layer.bias"", ""branched.branched_layer_1.weight"", ""branched.branched_layer_1.bias"", ""branched.branched_layer_2.weight"", ""branched.branched_layer_2.bias"", ""branched.branched_layer_3.weight"", ""branched.branched_layer_3.bias"", ""output.weight"", ""output.bias""]",23700,660600,280600,2603000,179620,141,0,23700,660600,280600,2603000,179620,141,0
20260414T220505Z_fe14746b,31,random_all_per_seed,all_rows,7,731311,731311,731311,False,False,0.1,0.1,7ed9f1e71cff080acfd2b40dc86b6782e03711f552c9029ae842ca8d03bd429d,0584dd818218833228e343b6fa1df680f9194b9f11e5f570a45a30905d139e17,27306d05049ecb6e9137a41b7d192b6574e2d4876a1af2e57e67cc9df35420c3,SKNSH,2,B3_with_RC_weighted_bcap_8,True,True,8.0,0.1,1,2297,0.7499183806725432,full,random,3063,989,2074,734,1563,0.3195472355245973,383,383,0.0005,0.0001,0.0001,2297,0.2629024386405945,0.34572267532348633,0.18259649995057248,0.47730142241851325,0.41095555638347286,0.22781664784273603,0.8170477151870728,383,0.27812817692756653,0.36306822299957275,0.050666118071838406,0.24989805902258816,0.19700831027312662,0.06244903990325695,0.9010899066925049,383,0.27128174901008606,0.35674187541007996,0.09520214315677722,0.3134151525690019,0.229533114517399,0.09822905785985073,0.8699612021446228,0,0.9010899066925049,3747661,3747661,3747661,0,"[""conv1.conv.weight"", ""conv1.conv.bias"", ""conv1.bn_layer.weight"", ""conv1.bn_layer.bias"", ""conv2.conv.weight"", ""conv2.conv.bias"", ""conv2.bn_layer.weight"", ""conv2.bn_layer.bias"", ""conv3.conv.weight"", ""conv3.conv.bias"", ""conv3.bn_layer.weight"", ""conv3.bn_layer.bias"", ""linear1.linear.weight"", ""linear1.linear.bias"", ""linear1.bn_layer.weight"", ""linear1.bn_layer.bias"", ""branched.branched_layer_1.weight"", ""branched.branched_layer_1.bias"", ""branched.branched_layer_2.weight"", ""branched.branched_layer_2.bias"", ""branched.branched_layer_3.weight"", ""branched.branched_layer_3.bias"", ""output.weight"", ""output.bias""]","[""conv1.conv.weight"", ""conv1.conv.bias"", ""conv1.bn_layer.weight"", ""conv1.bn_layer.bias"", ""conv2.conv.weight"", ""conv2.conv.bias"", ""conv2.bn_layer.weight"", ""conv2.bn_layer.bias"", ""conv3.conv.weight"", ""conv3.conv.bias"", ""conv3.bn_layer.weight"", ""conv3.bn_layer.bias"", ""linear1.linear.weight"", ""linear1.linear.bias"", ""linear1.bn_layer.weight"", ""linear1.bn_layer.bias"", ""branched.branched_layer_1.weight"", ""branched.branched_layer_1.bias"", ""branched.branched_layer_2.weight"", ""branched.branched_layer_2.bias"", ""branched.branched_layer_3.weight"", ""branched.branched_layer_3.bias"", ""output.weight"", ""output.bias""]",23700,660600,280600,2603000,179620,141,0,23700,660600,280600,2603000,179620,141,0
20260414T220505Z_fe14746b,17,random_all_per_seed,all_rows,7,717185,717185,717185,False,False,0.1,0.1,d20de91f4b455148159ffd14b15eca3b322f00e6bd4570610b1fd92d56691f0d,09700ad8a87e01fddb78e1e19347ac15933ccd3442ae763be67b580da0d6acf2,165d865a5469b007379d19d8eddb5ccdcd8811d96d30294e5b7d188c27387d3a,HepG2,1,B3_with_RC_weighted_bcap_8,True,True,8.0,0.1,1,3063,1.0,full,random,3063,983,2080,983,2080,0.32092719555990856,383,383,0.0005,0.0001,0.0001,3063,0.2568078339099884,0.3375210464000702,0.21196972213588094,0.49497719748895924,0.3985286773973824,0.24500242603402417,0.7877729535102844,383,0.25928017497062683,0.3368138074874878,0.022536009986559025,0.21493674704118917,0.15323291167583716,0.046197805228648144,0.7844751477241516,383,0.29498594999313354,0.3849775195121765,0.09001840850741871,0.30613988966449246,0.22303456150909884,0.09372163204378761,1.02487313747406,0,0.7844751477241516,3747661,3747661,3747661,0,"[""conv1.conv.weight"", ""conv1.conv.bias"", ""conv1.bn_layer.weight"", ""conv1.bn_layer.bias"", ""conv2.conv.weight"", ""conv2.conv.bias"", ""conv2.bn_layer.weight"", ""conv2.bn_layer.bias"", ""conv3.conv.weight"", ""conv3.conv.bias"", ""conv3.bn_layer.weight"", ""conv3.bn_layer.bias"", ""linear1.linear.weight"", ""linear1.linear.bias"", ""linear1.bn_layer.weight"", ""linear1.bn_layer.bias"", ""branched.branched_layer_1.weight"", ""branched.branched_layer_1.bias"", ""branched.branched_layer_2.weight"", ""branched.branched_layer_2.bias"", ""branched.branched_layer_3.weight"", ""branched.branched_layer_3.bias"", ""output.weight"", ""output.bias""]","[""conv1.conv.weight"", ""conv1.conv.bias"", ""conv1.bn_layer.weight"", ""conv1.bn_layer.bias"", ""conv2.conv.weight"", ""conv2.conv.bias"", ""conv2.bn_layer.weight"", ""conv2.bn_layer.bias"", ""conv3.conv.weight"", ""conv3.conv.bias"", ""conv3.bn_layer.weight"", ""conv3.bn_layer.bias"", ""linear1.linear.weight"", ""linear1.linear.bias"", ""linear1.bn_layer.weight"", ""linear1.bn_layer.bias"", ""branched.branched_layer_1.weight"", ""branched.branched_layer_1.bias"", ""branched.branched_layer_2.weight"", ""branched.branched_layer_2.bias"", ""branched.branched_layer_3.weight"", ""branched.branched_layer_3.bias"", ""output.weight"", ""output.bias""]",23700,660600,280600,2603000,179620,141,0,23700,660600,280600,2603000,179620,141,0
20260414T220505Z_fe14746b,19,random_all_per_seed,all_rows,7,719203,719203,719203,False,False,0.1,0.1,e749d923ec422f4e9585fafb01f5ecd5ad938df3ddbd0bb71ac99303ee9e50fa,b0c6175bfc15047131416b9da64bb2cb3fc428a1cef9486a2cc5173235f866bb,3ca99a39f2f8ee987e87b32207e9c91500b2f4159a741abfc9982d5f0c4932bd,HepG2,1,B3_with_RC_weighted_bcap_8,True,True,8.0,0.1,1,3063,1.0,full,random,3063,972,2091,972,2091,0.31733594515181196,383,383,0.0005,0.0001,0.0001,3063,0.23427356779575348,0.312077134847641,0.3342900172081875,0.5862597913453853,0.4743318596650402,0.34370054294833474,0.6654926538467407,383,0.2612668573856354,0.3391941785812378,0.17566904770247305,0.4286948338315801,0.2826211321600653,0.18377926055388605,0.7861696481704712,383,0.25715819001197815,0.33758267760276794,0.0981179053744089,0.3437741912886218,0.2809878123243791,0.11818069459614593,0.7787169814109802,1,0.7861696481704712,3747661,3747661,3747661,0,"[""conv1.conv.weight"", ""conv1.conv.bias"", ""conv1.bn_layer.weight"", ""conv1.bn_layer.bias"", ""conv2.conv.weight"", ""conv2.conv.bias"", ""conv2.bn_layer.weight"", ""conv2.bn_layer.bias"", ""conv3.conv.weight"", ""conv3.conv.bias"", ""conv3.bn_layer.weight"", ""conv3.bn_layer.bias"", ""linear1.linear.weight"", ""linear1.linear.bias"", ""linear1.bn_layer.weight"", ""linear1.bn_layer.bias"", ""branched.branched_layer_1.weight"", ""branched.branched_layer_1.bias"", ""branched.branched_layer_2.weight"", ""branched.branched_layer_2.bias"", ""branched.branched_layer_3.weight"", ""branched.branched_layer_3.bias"", ""output.weight"", ""output.bias""]","[""conv1.conv.weight"", ""conv1.conv.bias"", ""conv1.bn_layer.weight"", ""conv1.bn_layer.bias"", ""conv2.conv.weight"", ""conv2.conv.bias"", ""conv2.bn_layer.weight"", ""conv2.bn_layer.bias"", ""conv3.conv.weight"", ""conv3.conv.bias"", ""conv3.bn_layer.weight"", ""conv3.bn_layer.bias"", ""linear1.linear.weight"", ""linear1.linear.bias"", ""linear1.bn_layer.weight"", ""linear1.bn_layer.bias"", ""branched.branched_layer_1.weight"", ""branched.branched_layer_1.bias"", ""branched.branched_layer_2.weight"", ""branched.branched_layer_2.bias"", ""branched.branched_layer_3.weight"", ""branched.branched_layer_3.bias"", ""output.weight"", ""output.bias""]",23700,660600,280600,2603000,179620,141,0,23700,660600,280600,2603000,179620,141,0
20260414T220505Z_fe14746b,23,random_all_per_seed,all_rows,7,723239,723239,723239,False,False,0.1,0.1,13ab0f6315aefa701430d3c6d72aabbac7d8c14bbd495bef999f60f53d37b30d,e458c253f91c63ca9a967c6fa4d0ab9cc52faa8ba7794e12b09a2f25a2869c9b,e651fb131205a5d9c63fd1d1ecf15ac7ac31e5181706fbf3e757de8449fba204,HepG2,1,B3_with_RC_weighted_bcap_8,True,True,8.0,0.1,1,3063,1.0,full,random,3063,967,2096,967,2096,0.3157035586026771,383,383,0.0005,0.0001,0.0001,3063,0.25847411155700684,0.337993860244751,0.2065651123088451,0.48795052942873535,0.3846834101610398,0.23809571916978312,0.7931758165359497,383,0.26523059606552124,0.35457661747932434,0.08901844668630243,0.30057941544627353,0.2551140738031691,0.0903479849900235,0.8729151487350464,383,0.27961450815200806,0.3653637766838074,0.08741577692899816,0.3005782232916573,0.21286156920655613,0.09034726831716938,0.9268358945846558,0,0.8729151487350464,3747661,3747661,3747661,0,"[""conv1.conv.weight"", ""conv1.conv.bias"", ""conv1.bn_layer.weight"", ""conv1.bn_layer.bias"", ""conv2.conv.weight"", ""conv2.conv.bias"", ""conv2.bn_layer.weight"", ""conv2.bn_layer.bias"", ""conv3.conv.weight"", ""conv3.conv.bias"", ""conv3.bn_layer.weight"", ""conv3.bn_layer.bias"", ""linear1.linear.weight"", ""linear1.linear.bias"", ""linear1.bn_layer.weight"", ""linear1.bn_layer.bias"", ""branched.branched_layer_1.weight"", ""branched.branched_layer_1.bias"", ""branched.branched_layer_2.weight"", ""branched.branched_layer_2.bias"", ""branched.branched_layer_3.weight"", ""branched.branched_layer_3.bias"", ""output.weight"", ""output.bias""]","[""conv1.conv.weight"", ""conv1.conv.bias"", ""conv1.bn_layer.weight"", ""conv1.bn_layer.bias"", ""conv2.conv.weight"", ""conv2.conv.bias"", ""conv2.bn_layer.weight"", ""conv2.bn_layer.bias"", ""conv3.conv.weight"", ""conv3.conv.bias"", ""conv3.bn_layer.weight"", ""conv3.bn_layer.bias"", ""linear1.linear.weight"", ""linear1.linear.bias"", ""linear1.bn_layer.weight"", ""linear1.bn_layer.bias"", ""branched.branched_layer_1.weight"", ""branched.branched_layer_1.bias"", ""branched.branched_layer_2.weight"", ""branched.branched_layer_2.bias"", ""branched.branched_layer_3.weight"", ""branched.branched_layer_3.bias"", ""output.weight"", ""output.bias""]",23700,660600,280600,2603000,179620,141,0,23700,660600,280600,2603000,179620,141,0
20260414T220505Z_fe14746b,31,random_all_per_seed,all_rows,7,731311,731311,731311,False,False,0.1,0.1,399d8048139dad18f085378ecdd6bc241c21c7bdfccf442a2b187df7b6daa383,0584dd818218833228e343b6fa1df680f9194b9f11e5f570a45a30905d139e17,27306d05049ecb6e9137a41b7d192b6574e2d4876a1af2e57e67cc9df35420c3,HepG2,1,B3_with_RC_weighted_bcap_8,True,True,8.0,0.1,1,3063,1.0,full,random,3063,989,2074,989,2074,0.3228860594188704,383,383,0.0005,0.0001,0.0001,3063,0.2583850026130676,0.33890894055366516,0.2048591013052511,0.4867224497192665,0.38453567012138457,0.2368987430607239,0.7948814034461975,383,0.2776997685432434,0.36319640278816223,0.04999558140148763,0.24950875099472725,0.21323605104611398,0.062254616822948805,0.9128919243812561,383,0.2660490870475769,0.3500894010066986,0.1286326017357916,0.3683825517828514,0.28892687781768744,0.1357057044580452,0.8481921553611755,0,0.9128919243812561,3747661,3747661,3747661,0,"[""conv1.conv.weight"", ""conv1.conv.bias"", ""conv1.bn_layer.weight"", ""conv1.bn_layer.bias"", ""conv2.conv.weight"", ""conv2.conv.bias"", ""conv2.bn_layer.weight"", ""conv2.bn_layer.bias"", ""conv3.conv.weight"", ""conv3.conv.bias"", ""conv3.bn_layer.weight"", ""conv3.bn_layer.bias"", ""linear1.linear.weight"", ""linear1.linear.bias"", ""linear1.bn_layer.weight"", ""linear1.bn_layer.bias"", ""branched.branched_layer_1.weight"", ""branched.branched_layer_1.bias"", ""branched.branched_layer_2.weight"", ""branched.branched_layer_2.bias"", ""branched.branched_layer_3.weight"", ""branched.branched_layer_3.bias"", ""output.weight"", ""output.bias""]","[""conv1.conv.weight"", ""conv1.conv.bias"", ""conv1.bn_layer.weight"", ""conv1.bn_layer.bias"", ""conv2.conv.weight"", ""conv2.conv.bias"", ""conv2.bn_layer.weight"", ""conv2.bn_layer.bias"", ""conv3.conv.weight"", ""conv3.conv.bias"", ""conv3.bn_layer.weight"", ""conv3.bn_layer.bias"", ""linear1.linear.weight"", ""linear1.linear.bias"", ""linear1.bn_layer.weight"", ""linear1.bn_layer.bias"", ""branched.branched_layer_1.weight"", ""branched.branched_layer_1.bias"", ""branched.branched_layer_2.weight"", ""branched.branched_layer_2.bias"", ""branched.branched_layer_3.weight"", ""branched.branched_layer_3.bias"", ""output.weight"", ""output.bias""]",23700,660600,280600,2603000,179620,141,0,23700,660600,280600,2603000,179620,141,0
20260414T220505Z_fe14746b,17,random_all_per_seed,all_rows,7,717185,717185,717185,False,False,0.1,0.1,d20de91f4b455148159ffd14b15eca3b322f00e6bd4570610b1fd92d56691f0d,09700ad8a87e01fddb78e1e19347ac15933ccd3442ae763be67b580da0d6acf2,165d865a5469b007379d19d8eddb5ccdcd8811d96d30294e5b7d188c27387d3a,K562,0,B3_with_RC_weighted_bcap_8,True,True,8.0,0.1,1,3063,1.0,full,random,3063,983,2080,983,2080,0.32092719555990856,383,383,0.0005,0.0001,0.0001,3063,0.25712981820106506,0.33787524700164795,0.21031495677692236,0.48772748475149624,0.3818970020661508,0.237878099382021,0.7894272208213806,383,0.2578452527523041,0.3376961648464203,0.017407994979945052,0.21182164300467946,0.1414441790633596,0.04486840844520187,0.7885906100273132,383,0.2940920293331146,0.3824203908443451,0.10206686283980249,0.32950978599787,0.25063638639316105,0.10857669906836209,1.011303424835205,0,0.7885906100273132,3747661,3747661,3747661,0,"[""conv1.conv.weight"", ""conv1.conv.bias"", ""conv1.bn_layer.weight"", ""conv1.bn_layer.bias"", ""conv2.conv.weight"", ""conv2.conv.bias"", ""conv2.bn_layer.weight"", ""conv2.bn_layer.bias"", ""conv3.conv.weight"", ""conv3.conv.bias"", ""conv3.bn_layer.weight"", ""conv3.bn_layer.bias"", ""linear1.linear.weight"", ""linear1.linear.bias"", ""linear1.bn_layer.weight"", ""linear1.bn_layer.bias"", ""branched.branched_layer_1.weight"", ""branched.branched_layer_1.bias"", ""branched.branched_layer_2.weight"", ""branched.branched_layer_2.bias"", ""branched.branched_layer_3.weight"", ""branched.branched_layer_3.bias"", ""output.weight"", ""output.bias""]","[""conv1.conv.weight"", ""conv1.conv.bias"", ""conv1.bn_layer.weight"", ""conv1.bn_layer.bias"", ""conv2.conv.weight"", ""conv2.conv.bias"", ""conv2.bn_layer.weight"", ""conv2.bn_layer.bias"", ""conv3.conv.weight"", ""conv3.conv.bias"", ""conv3.bn_layer.weight"", ""conv3.bn_layer.bias"", ""linear1.linear.weight"", ""linear1.linear.bias"", ""linear1.bn_layer.weight"", ""linear1.bn_layer.bias"", ""branched.branched_layer_1.weight"", ""branched.branched_layer_1.bias"", ""branched.branched_layer_2.weight"", ""branched.branched_layer_2.bias"", ""branched.branched_layer_3.weight"", ""branched.branched_layer_3.bias"", ""output.weight"", ""output.bias""]",23700,660600,280600,2603000,179620,141,0,23700,660600,280600,2603000,179620,141,0
20260414T220505Z_fe14746b,19,random_all_per_seed,all_rows,7,719203,719203,719203,False,False,0.1,0.1,e749d923ec422f4e9585fafb01f5ecd5ad938df3ddbd0bb71ac99303ee9e50fa,b0c6175bfc15047131416b9da64bb2cb3fc428a1cef9486a2cc5173235f866bb,3ca99a39f2f8ee987e87b32207e9c91500b2f4159a741abfc9982d5f0c4932bd,K562,0,B3_with_RC_weighted_bcap_8,True,True,8.0,0.1,1,3063,1.0,full,random,3063,972,2091,972,2091,0.31733594515181196,383,383,0.0005,0.0001,0.0001,3063,0.23676258325576782,0.3141605854034424,0.32537162956386767,0.5742182537691648,0.4524652924548795,0.32972660296170897,0.6744080781936646,383,0.25835105776786804,0.3337802290916443,0.20177378449533856,0.45428065241384785,0.2875581706899358,0.20637091115755124,0.761273205280304,383,0.2585280239582062,0.33941563963890076,0.0882973970568901,0.3358316882990979,0.2902575360307937,0.11278292286582244,0.7871963977813721,1,0.761273205280304,3747661,3747661,3747661,0,"[""conv1.conv.weight"", ""conv1.conv.bias"", ""conv1.bn_layer.weight"", ""conv1.bn_layer.bias"", ""conv2.conv.weight"", ""conv2.conv.bias"", ""conv2.bn_layer.weight"", ""conv2.bn_layer.bias"", ""conv3.conv.weight"", ""conv3.conv.bias"", ""conv3.bn_layer.weight"", ""conv3.bn_layer.bias"", ""linear1.linear.weight"", ""linear1.linear.bias"", ""linear1.bn_layer.weight"", ""linear1.bn_layer.bias"", ""branched.branched_layer_1.weight"", ""branched.branched_layer_1.bias"", ""branched.branched_layer_2.weight"", ""branched.branched_layer_2.bias"", ""branched.branched_layer_3.weight"", ""branched.branched_layer_3.bias"", ""output.weight"", ""output.bias""]","[""conv1.conv.weight"", ""conv1.conv.bias"", ""conv1.bn_layer.weight"", ""conv1.bn_layer.bias"", ""conv2.conv.weight"", ""conv2.conv.bias"", ""conv2.bn_layer.weight"", ""conv2.bn_layer.bias"", ""conv3.conv.weight"", ""conv3.conv.bias"", ""conv3.bn_layer.weight"", ""conv3.bn_layer.bias"", ""linear1.linear.weight"", ""linear1.linear.bias"", ""linear1.bn_layer.weight"", ""linear1.bn_layer.bias"", ""branched.branched_layer_1.weight"", ""branched.branched_layer_1.bias"", ""branched.branched_layer_2.weight"", ""branched.branched_layer_2.bias"", ""branched.branched_layer_3.weight"", ""branched.branched_layer_3.bias"", ""output.weight"", ""output.bias""]",23700,660600,280600,2603000,179620,141,0,23700,660600,280600,2603000,179620,141,0
20260414T220505Z_fe14746b,23,random_all_per_seed,all_rows,7,723239,723239,723239,False,False,0.1,0.1,13ab0f6315aefa701430d3c6d72aabbac7d8c14bbd495bef999f60f53d37b30d,e458c253f91c63ca9a967c6fa4d0ab9cc52faa8ba7794e12b09a2f25a2869c9b,e651fb131205a5d9c63fd1d1ecf15ac7ac31e5181706fbf3e757de8449fba204,K562,0,B3_with_RC_weighted_bcap_8,True,True,8.0,0.1,1,3063,1.0,full,random,3063,967,2096,967,2096,0.3157035586026771,383,383,0.0005,0.0001,0.0001,3063,0.25898319482803345,0.33932116627693176,0.2003211226324333,0.4825240320492099,0.3707561689955729,0.23282944150502694,0.7994177937507629,383,0.2668170928955078,0.3550325334072113,0.08667425307245102,0.30229817740614223,0.23690115273113618,0.09138418806307544,0.8751614093780518,383,0.2770969867706299,0.36290159821510315,0.0996739510480582,0.3263022616468727,0.22575732517506047,0.10647316595586417,0.9143863320350647,0,0.8751614093780518,3747661,3747661,3747661,0,"[""conv1.conv.weight"", ""conv1.conv.bias"", ""conv1.bn_layer.weight"", ""conv1.bn_layer.bias"", ""conv2.conv.weight"", ""conv2.conv.bias"", ""conv2.bn_layer.weight"", ""conv2.bn_layer.bias"", ""conv3.conv.weight"", ""conv3.conv.bias"", ""conv3.bn_layer.weight"", ""conv3.bn_layer.bias"", ""linear1.linear.weight"", ""linear1.linear.bias"", ""linear1.bn_layer.weight"", ""linear1.bn_layer.bias"", ""branched.branched_layer_1.weight"", ""branched.branched_layer_1.bias"", ""branched.branched_layer_2.weight"", ""branched.branched_layer_2.bias"", ""branched.branched_layer_3.weight"", ""branched.branched_layer_3.bias"", ""output.weight"", ""output.bias""]","[""conv1.conv.weight"", ""conv1.conv.bias"", ""conv1.bn_layer.weight"", ""conv1.bn_layer.bias"", ""conv2.conv.weight"", ""conv2.conv.bias"", ""conv2.bn_layer.weight"", ""conv2.bn_layer.bias"", ""conv3.conv.weight"", ""conv3.conv.bias"", ""conv3.bn_layer.weight"", ""conv3.bn_layer.bias"", ""linear1.linear.weight"", ""linear1.linear.bias"", ""linear1.bn_layer.weight"", ""linear1.bn_layer.bias"", ""branched.branched_layer_1.weight"", ""branched.branched_layer_1.bias"", ""branched.branched_layer_2.weight"", ""branched.branched_layer_2.bias"", ""branched.branched_layer_3.weight"", ""branched.branched_layer_3.bias"", ""output.weight"", ""output.bias""]",23700,660600,280600,2603000,179620,141,0,23700,660600,280600,2603000,179620,141,0
20260414T220505Z_fe14746b,31,random_all_per_seed,all_rows,7,731311,731311,731311,False,False,0.1,0.1,399d8048139dad18f085378ecdd6bc241c21c7bdfccf442a2b187df7b6daa383,0584dd818218833228e343b6fa1df680f9194b9f11e5f570a45a30905d139e17,27306d05049ecb6e9137a41b7d192b6574e2d4876a1af2e57e67cc9df35420c3,K562,0,B3_with_RC_weighted_bcap_8,True,True,8.0,0.1,1,3063,1.0,full,random,3063,989,2074,989,2074,0.3228860594188704,383,383,0.0005,0.0001,0.0001,3063,0.25833553075790405,0.3383937180042267,0.20727489178086345,0.47977774863950673,0.3661006601840329,0.2301866880895937,0.7924664616584778,383,0.27494022250175476,0.3626992106437683,0.052594807630288454,0.24806283373761953,0.1993916014983916,0.06153516948193787,0.9103942513465881,383,0.2650254964828491,0.34965062141418457,0.1308155829794876,0.37434920453532633,0.2967601291591395,0.1401373269362316,0.8460671305656433,0,0.9103942513465881,3747661,3747661,3747661,0,"[""conv1.conv.weight"", ""conv1.conv.bias"", ""conv1.bn_layer.weight"", ""conv1.bn_layer.bias"", ""conv2.conv.weight"", ""conv2.conv.bias"", ""conv2.bn_layer.weight"", ""conv2.bn_layer.bias"", ""conv3.conv.weight"", ""conv3.conv.bias"", ""conv3.bn_layer.weight"", ""conv3.bn_layer.bias"", ""linear1.linear.weight"", ""linear1.linear.bias"", ""linear1.bn_layer.weight"", ""linear1.bn_layer.bias"", ""branched.branched_layer_1.weight"", ""branched.branched_layer_1.bias"", ""branched.branched_layer_2.weight"", ""branched.branched_layer_2.bias"", ""branched.branched_layer_3.weight"", ""branched.branched_layer_3.bias"", ""output.weight"", ""output.bias""]","[""conv1.conv.weight"", ""conv1.conv.bias"", ""conv1.bn_layer.weight"", ""conv1.bn_layer.bias"", ""conv2.conv.weight"", ""conv2.conv.bias"", ""conv2.bn_layer.weight"", ""conv2.bn_layer.bias"", ""conv3.conv.weight"", ""conv3.conv.bias"", ""conv3.bn_layer.weight"", ""conv3.bn_layer.bias"", ""linear1.linear.weight"", ""linear1.linear.bias"", ""linear1.bn_layer.weight"", ""linear1.bn_layer.bias"", ""branched.branched_layer_1.weight"", ""branched.branched_layer_1.bias"", ""branched.branched_layer_2.weight"", ""branched.branched_layer_2.bias"", ""branched.branched_layer_3.weight"", ""branched.branched_layer_3.bias"", ""output.weight"", ""output.bias""]",23700,660600,280600,2603000,179620,141,0,23700,660600,280600,2603000,179620,141,0
20260414T220505Z_fe14746b,17,random_all_per_seed,all_rows,7,717185,717185,717185,False,False,0.1,0.1,d20de91f4b455148159ffd14b15eca3b322f00e6bd4570610b1fd92d56691f0d,09700ad8a87e01fddb78e1e19347ac15933ccd3442ae763be67b580da0d6acf2,165d865a5469b007379d19d8eddb5ccdcd8811d96d30294e5b7d188c27387d3a,SKNSH,2,B3_with_RC_weighted_bcap_8,True,True,8.0,0.1,1,3063,1.0,full,random,3063,983,2080,983,2080,0.32092719555990856,383,383,0.0005,0.0001,0.0001,3063,0.259290874004364,0.3408174514770508,0.19650197351961907,0.4813148420028105,0.4017020017812291,0.23166397713219042,0.8032357096672058,383,0.25978150963783264,0.33833426237106323,0.013691183888864034,0.19298969016067247,0.13580271376295827,0.03724502050831236,0.791573703289032,383,0.2945052981376648,0.3842565715312958,0.0934233280345631,0.31832128597766735,0.24948720926346654,0.10132844110647587,1.021038293838501,0,0.791573703289032,3747661,3747661,3747661,0,"[""conv1.conv.weight"", ""conv1.conv.bias"", ""conv1.bn_layer.weight"", ""conv1.bn_layer.bias"", ""conv2.conv.weight"", ""conv2.conv.bias"", ""conv2.bn_layer.weight"", ""conv2.bn_layer.bias"", ""conv3.conv.weight"", ""conv3.conv.bias"", ""conv3.bn_layer.weight"", ""conv3.bn_layer.bias"", ""linear1.linear.weight"", ""linear1.linear.bias"", ""linear1.bn_layer.weight"", ""linear1.bn_layer.bias"", ""branched.branched_layer_1.weight"", ""branched.branched_layer_1.bias"", ""branched.branched_layer_2.weight"", ""branched.branched_layer_2.bias"", ""branched.branched_layer_3.weight"", ""branched.branched_layer_3.bias"", ""output.weight"", ""output.bias""]","[""conv1.conv.weight"", ""conv1.conv.bias"", ""conv1.bn_layer.weight"", ""conv1.bn_layer.bias"", ""conv2.conv.weight"", ""conv2.conv.bias"", ""conv2.bn_layer.weight"", ""conv2.bn_layer.bias"", ""conv3.conv.weight"", ""conv3.conv.bias"", ""conv3.bn_layer.weight"", ""conv3.bn_layer.bias"", ""linear1.linear.weight"", ""linear1.linear.bias"", ""linear1.bn_layer.weight"", ""linear1.bn_layer.bias"", ""branched.branched_layer_1.weight"", ""branched.branched_layer_1.bias"", ""branched.branched_layer_2.weight"", ""branched.branched_layer_2.bias"", ""branched.branched_layer_3.weight"", ""branched.branched_layer_3.bias"", ""output.weight"", ""output.bias""]",23700,660600,280600,2603000,179620,141,0,23700,660600,280600,2603000,179620,141,0
20260414T220505Z_fe14746b,19,random_all_per_seed,all_rows,7,719203,719203,719203,False,False,0.1,0.1,e749d923ec422f4e9585fafb01f5ecd5ad938df3ddbd0bb71ac99303ee9e50fa,b0c6175bfc15047131416b9da64bb2cb3fc428a1cef9486a2cc5173235f866bb,3ca99a39f2f8ee987e87b32207e9c91500b2f4159a741abfc9982d5f0c4932bd,SKNSH,2,B3_with_RC_weighted_bcap_8,True,True,8.0,0.1,1,3063,1.0,full,random,3063,972,2091,972,2091,0.31733594515181196,383,383,0.0005,0.0001,0.0001,3063,0.23913323879241943,0.31564652919769287,0.31897467587887196,0.5662186681645289,0.46699503061908154,0.32060358017801294,0.6808028817176819,383,0.2622586488723755,0.3365158140659332,0.18863592459878042,0.44170363575843713,0.2991539687815422,0.1951021018422221,0.7738029360771179,383,0.25818920135498047,0.3424518406391144,0.07191348809258435,0.3273353815595267,0.28290754599132767,0.10714845202072092,0.8013430237770081,1,0.7738029360771179,3747661,3747661,3747661,0,"[""conv1.conv.weight"", ""conv1.conv.bias"", ""conv1.bn_layer.weight"", ""conv1.bn_layer.bias"", ""conv2.conv.weight"", ""conv2.conv.bias"", ""conv2.bn_layer.weight"", ""conv2.bn_layer.bias"", ""conv3.conv.weight"", ""conv3.conv.bias"", ""conv3.bn_layer.weight"", ""conv3.bn_layer.bias"", ""linear1.linear.weight"", ""linear1.linear.bias"", ""linear1.bn_layer.weight"", ""linear1.bn_layer.bias"", ""branched.branched_layer_1.weight"", ""branched.branched_layer_1.bias"", ""branched.branched_layer_2.weight"", ""branched.branched_layer_2.bias"", ""branched.branched_layer_3.weight"", ""branched.branched_layer_3.bias"", ""output.weight"", ""output.bias""]","[""conv1.conv.weight"", ""conv1.conv.bias"", ""conv1.bn_layer.weight"", ""conv1.bn_layer.bias"", ""conv2.conv.weight"", ""conv2.conv.bias"", ""conv2.bn_layer.weight"", ""conv2.bn_layer.bias"", ""conv3.conv.weight"", ""conv3.conv.bias"", ""conv3.bn_layer.weight"", ""conv3.bn_layer.bias"", ""linear1.linear.weight"", ""linear1.linear.bias"", ""linear1.bn_layer.weight"", ""linear1.bn_layer.bias"", ""branched.branched_layer_1.weight"", ""branched.branched_layer_1.bias"", ""branched.branched_layer_2.weight"", ""branched.branched_layer_2.bias"", ""branched.branched_layer_3.weight"", ""branched.branched_layer_3.bias"", ""output.weight"", ""output.bias""]",23700,660600,280600,2603000,179620,141,0,23700,660600,280600,2603000,179620,141,0
20260414T220505Z_fe14746b,23,random_all_per_seed,all_rows,7,723239,723239,723239,False,False,0.1,0.1,13ab0f6315aefa701430d3c6d72aabbac7d8c14bbd495bef999f60f53d37b30d,e458c253f91c63ca9a967c6fa4d0ab9cc52faa8ba7794e12b09a2f25a2869c9b,e651fb131205a5d9c63fd1d1ecf15ac7ac31e5181706fbf3e757de8449fba204,SKNSH,2,B3_with_RC_weighted_bcap_8,True,True,8.0,0.1,1,3063,1.0,full,random,3063,967,2096,967,2096,0.3157035586026771,383,383,0.0005,0.0001,0.0001,3063,0.26057755947113037,0.3418579697608948,0.18831947044867003,0.4720665075953889,0.3823415389149565,0.22284678759330734,0.8114154934883118,383,0.27184808254241943,0.36091575026512146,0.056154125281350886,0.2481809625209405,0.2434961196533869,0.06159379015782047,0.9044061899185181,383,0.27666446566581726,0.36363711953163147,0.09602085460436482,0.3303837552243373,0.22888755878499414,0.10915342571613484,0.9180964231491089,0,0.9044061899185181,3747661,3747661,3747661,0,"[""conv1.conv.weight"", ""conv1.conv.bias"", ""conv1.bn_layer.weight"", ""conv1.bn_layer.bias"", ""conv2.conv.weight"", ""conv2.conv.bias"", ""conv2.bn_layer.weight"", ""conv2.bn_layer.bias"", ""conv3.conv.weight"", ""conv3.conv.bias"", ""conv3.bn_layer.weight"", ""conv3.bn_layer.bias"", ""linear1.linear.weight"", ""linear1.linear.bias"", ""linear1.bn_layer.weight"", ""linear1.bn_layer.bias"", ""branched.branched_layer_1.weight"", ""branched.branched_layer_1.bias"", ""branched.branched_layer_2.weight"", ""branched.branched_layer_2.bias"", ""branched.branched_layer_3.weight"", ""branched.branched_layer_3.bias"", ""output.weight"", ""output.bias""]","[""conv1.conv.weight"", ""conv1.conv.bias"", ""conv1.bn_layer.weight"", ""conv1.bn_layer.bias"", ""conv2.conv.weight"", ""conv2.conv.bias"", ""conv2.bn_layer.weight"", ""conv2.bn_layer.bias"", ""conv3.conv.weight"", ""conv3.conv.bias"", ""conv3.bn_layer.weight"", ""conv3.bn_layer.bias"", ""linear1.linear.weight"", ""linear1.linear.bias"", ""linear1.bn_layer.weight"", ""linear1.bn_layer.bias"", ""branched.branched_layer_1.weight"", ""branched.branched_layer_1.bias"", ""branched.branched_layer_2.weight"", ""branched.branched_layer_2.bias"", ""branched.branched_layer_3.weight"", ""branched.branched_layer_3.bias"", ""output.weight"", ""output.bias""]",23700,660600,280600,2603000,179620,141,0,23700,660600,280600,2603000,179620,141,0
20260414T220505Z_fe14746b,31,random_all_per_seed,all_rows,7,731311,731311,731311,False,False,0.1,0.1,399d8048139dad18f085378ecdd6bc241c21c7bdfccf442a2b187df7b6daa383,0584dd818218833228e343b6fa1df680f9194b9f11e5f570a45a30905d139e17,27306d05049ecb6e9137a41b7d192b6574e2d4876a1af2e57e67cc9df35420c3,SKNSH,2,B3_with_RC_weighted_bcap_8,True,True,8.0,0.1,1,3063,1.0,full,random,3063,989,2074,989,2074,0.3228860594188704,383,383,0.0005,0.0001,0.0001,3063,0.25981250405311584,0.34090277552604675,0.19547576415539414,0.4791578663883433,0.3923240198539411,0.22959226092182944,0.8042616248130798,383,0.27576515078544617,0.3605324923992157,0.06388038165214271,0.26394851555795423,0.209968330753566,0.0696688188652476,0.899549663066864,383,0.2689785659313202,0.35354506969451904,0.11134563926341168,0.343062470089501,0.24861532368073785,0.11769185838390979,0.8650192618370056,0,0.899549663066864,3747661,3747661,3747661,0,"[""conv1.conv.weight"", ""conv1.conv.bias"", ""conv1.bn_layer.weight"", ""conv1.bn_layer.bias"", ""conv2.conv.weight"", ""conv2.conv.bias"", ""conv2.bn_layer.weight"", ""conv2.bn_layer.bias"", ""conv3.conv.weight"", ""conv3.conv.bias"", ""conv3.bn_layer.weight"", ""conv3.bn_layer.bias"", ""linear1.linear.weight"", ""linear1.linear.bias"", ""linear1.bn_layer.weight"", ""linear1.bn_layer.bias"", ""branched.branched_layer_1.weight"", ""branched.branched_layer_1.bias"", ""branched.branched_layer_2.weight"", ""branched.branched_layer_2.bias"", ""branched.branched_layer_3.weight"", ""branched.branched_layer_3.bias"", ""output.weight"", ""output.bias""]","[""conv1.conv.weight"", ""conv1.conv.bias"", ""conv1.bn_layer.weight"", ""conv1.bn_layer.bias"", ""conv2.conv.weight"", ""conv2.conv.bias"", ""conv2.bn_layer.weight"", ""conv2.bn_layer.bias"", ""conv3.conv.weight"", ""conv3.conv.bias"", ""conv3.bn_layer.weight"", ""conv3.bn_layer.bias"", ""linear1.linear.weight"", ""linear1.linear.bias"", ""linear1.bn_layer.weight"", ""linear1.bn_layer.bias"", ""branched.branched_layer_1.weight"", ""branched.branched_layer_1.bias"", ""branched.branched_layer_2.weight"", ""branched.branched_layer_2.bias"", ""branched.branched_layer_3.weight"", ""branched.branched_layer_3.bias"", ""output.weight"", ""output.bias""]",23700,660600,280600,2603000,179620,141,0,23700,660600,280600,2603000,179620,141,0
20260414T220505Z_fe14746b,17,random_all_per_seed,all_rows,7,717185,717185,717185,False,False,0.1,0.1,fd2ed1f7a2f865a02b437eb807b01700163c4e7b5b3d25f1fd6719b606e9feb3,09700ad8a87e01fddb78e1e19347ac15933ccd3442ae763be67b580da0d6acf2,165d865a5469b007379d19d8eddb5ccdcd8811d96d30294e5b7d188c27387d3a,HepG2,1,B3_with_RC_weighted_bcap_8,True,True,8.0,0.1,1,2297,0.7499183806725432,branched_only,random,3063,983,2080,728,1569,0.3169351327818894,383,383,0.0005,0.0001,0.0001,2297,0.2692928910255432,0.35324370861053467,0.1670426725763361,0.4225804093041932,0.3343606191713232,0.17857420232769947,0.832594633102417,383,0.2578546404838562,0.3373478055000305,0.01943409040939159,0.20884973343728366,0.15162451254242854,0.04361821115682444,0.7593475580215454,383,0.29561153054237366,0.3848399221897125,0.090668656528758,0.31676471020504515,0.22298981195358378,0.10033988163128624,0.988200306892395,7,0.7593475580215454,179761,3747661,179761,2,"[""branched.branched_layer_1.weight"", ""branched.branched_layer_1.bias"", ""branched.branched_layer_2.weight"", ""branched.branched_layer_2.bias"", ""branched.branched_layer_3.weight"", ""branched.branched_layer_3.bias"", ""output.weight"", ""output.bias""]","[""branched.branched_layer_1.weight"", ""branched.branched_layer_1.bias"", ""branched.branched_layer_2.weight"", ""branched.branched_layer_2.bias"", ""branched.branched_layer_3.weight"", ""branched.branched_layer_3.bias"", ""output.weight"", ""output.bias""]",0,0,0,0,179620,141,0,0,0,0,0,179620,141,0
20260414T220505Z_fe14746b,19,random_all_per_seed,all_rows,7,719203,719203,719203,False,False,0.1,0.1,d10f09aa265bab71343f680e34f2eb30e8cd4527aa6a1ca50685490c50e26cf1,b0c6175bfc15047131416b9da64bb2cb3fc428a1cef9486a2cc5173235f866bb,3ca99a39f2f8ee987e87b32207e9c91500b2f4159a741abfc9982d5f0c4932bd,HepG2,1,B3_with_RC_weighted_bcap_8,True,True,8.0,0.1,1,2297,0.7499183806725432,branched_only,random,3063,972,2091,733,1564,0.31911188506747934,383,383,0.0005,0.0001,0.0001,2297,0.2660728991031647,0.3500531315803528,0.18085891344646066,0.4297742710510643,0.3668864095888903,0.18470592405747369,0.8187844753265381,383,0.25800761580467224,0.32959631085395813,0.2216596925916905,0.47693186576321356,0.2909879423677055,0.22746400458037996,0.7258825302124023,383,0.2552759349346161,0.3371155261993408,0.10061216787701399,0.323193614020337,0.2640001718757092,0.10445411214352655,0.759380042552948,21,0.7258825302124023,179761,3747661,179761,2,"[""branched.branched_layer_1.weight"", ""branched.branched_layer_1.bias"", ""branched.branched_layer_2.weight"", ""branched.branched_layer_2.bias"", ""branched.branched_layer_3.weight"", ""branched.branched_layer_3.bias"", ""output.weight"", ""output.bias""]","[""branched.branched_layer_1.weight"", ""branched.branched_layer_1.bias"", ""branched.branched_layer_2.weight"", ""branched.branched_layer_2.bias"", ""branched.branched_layer_3.weight"", ""branched.branched_layer_3.bias"", ""output.weight"", ""output.bias""]",0,0,0,0,179620,141,0,0,0,0,0,179620,141,0
20260414T220505Z_fe14746b,23,random_all_per_seed,all_rows,7,723239,723239,723239,False,False,0.1,0.1,31a2235bdd32c79f9bbcf57fc47adfc274d10761b654866ae9cb9911c3fafcdd,e458c253f91c63ca9a967c6fa4d0ab9cc52faa8ba7794e12b09a2f25a2869c9b,e651fb131205a5d9c63fd1d1ecf15ac7ac31e5181706fbf3e757de8449fba204,HepG2,1,B3_with_RC_weighted_bcap_8,True,True,8.0,0.1,1,2297,0.7499183806725432,branched_only,random,3063,967,2096,716,1581,0.31171092729647365,383,383,0.0005,0.0001,0.0001,2297,0.23614175617694855,0.3093325197696686,0.3252662997959539,0.5752480327922344,0.5095350980653444,0.3309102992313355,0.6744400262832642,383,0.26617056131362915,0.3534698784351349,0.09469641530779649,0.31399699060314923,0.26633558875009794,0.09859411010783418,0.8806372284889221,383,0.2759914696216583,0.3608415722846985,0.10986654700984477,0.34404003867502314,0.26878540027570946,0.11836354821151142,0.9177520275115967,68,0.8806372284889221,179761,3747661,179761,2,"[""branched.branched_layer_1.weight"", ""branched.branched_layer_1.bias"", ""branched.branched_layer_2.weight"", ""branched.branched_layer_2.bias"", ""branched.branched_layer_3.weight"", ""branched.branched_layer_3.bias"", ""output.weight"", ""output.bias""]","[""branched.branched_layer_1.weight"", ""branched.branched_layer_1.bias"", ""branched.branched_layer_2.weight"", ""branched.branched_layer_2.bias"", ""branched.branched_layer_3.weight"", ""branched.branched_layer_3.bias"", ""output.weight"", ""output.bias""]",0,0,0,0,179620,141,0,0,0,0,0,179620,141,0
20260414T220505Z_fe14746b,31,random_all_per_seed,all_rows,7,731311,731311,731311,False,False,0.1,0.1,7ed9f1e71cff080acfd2b40dc86b6782e03711f552c9029ae842ca8d03bd429d,0584dd818218833228e343b6fa1df680f9194b9f11e5f570a45a30905d139e17,27306d05049ecb6e9137a41b7d192b6574e2d4876a1af2e57e67cc9df35420c3,HepG2,1,B3_with_RC_weighted_bcap_8,True,True,8.0,0.1,1,2297,0.7499183806725432,branched_only,random,3063,989,2074,734,1563,0.3195472355245973,383,383,0.0005,0.0001,0.0001,2297,0.2699064016342163,0.3531452715396881,0.1471206292994668,0.38903173468115276,0.303005204830945,0.15134569058902683,0.8525080680847168,383,0.27514585852622986,0.3633997440338135,0.048931602964248366,0.24921110113152176,0.21487279485194796,0.062106172927185566,0.9027363061904907,383,0.26835715770721436,0.3517147898674011,0.12052268620841333,0.3528418623800271,0.2750197995345254,0.124497379847806,0.8456156253814697,3,0.9027363061904907,179761,3747661,179761,2,"[""branched.branched_layer_1.weight"", ""branched.branched_layer_1.bias"", ""branched.branched_layer_2.weight"", ""branched.branched_layer_2.bias"", ""branched.branched_layer_3.weight"", ""branched.branched_layer_3.bias"", ""output.weight"", ""output.bias""]","[""branched.branched_layer_1.weight"", ""branched.branched_layer_1.bias"", ""branched.branched_layer_2.weight"", ""branched.branched_layer_2.bias"", ""branched.branched_layer_3.weight"", ""branched.branched_layer_3.bias"", ""output.weight"", ""output.bias""]",0,0,0,0,179620,141,0,0,0,0,0,179620,141,0
20260414T220505Z_fe14746b,17,random_all_per_seed,all_rows,7,717185,717185,717185,False,False,0.1,0.1,fd2ed1f7a2f865a02b437eb807b01700163c4e7b5b3d25f1fd6719b606e9feb3,09700ad8a87e01fddb78e1e19347ac15933ccd3442ae763be67b580da0d6acf2,165d865a5469b007379d19d8eddb5ccdcd8811d96d30294e5b7d188c27387d3a,K562,0,B3_with_RC_weighted_bcap_8,True,True,8.0,0.1,1,2297,0.7499183806725432,branched_only,random,3063,983,2080,728,1569,0.3169351327818894,383,383,0.0005,0.0001,0.0001,2297,0.2798999845981598,0.36811137199401855,0.0954503964868354,0.3187650032502199,0.268271582078351,0.1016111272971127,0.9041557312011719,383,0.25878867506980896,0.3380213975906372,0.015514317918393528,0.18976161447091883,0.12500625448039437,0.03600947032660963,0.7623828649520874,383,0.3043934106826782,0.393199622631073,0.05073359449254056,0.23538649106571502,0.19715927914163903,0.05540680017622994,1.0315990447998047,0,0.7623828649520874,179761,3747661,179761,2,"[""branched.branched_layer_1.weight"", ""branched.branched_layer_1.bias"", ""branched.branched_layer_2.weight"", ""branched.branched_layer_2.bias"", ""branched.branched_layer_3.weight"", ""branched.branched_layer_3.bias"", ""output.weight"", ""output.bias""]","[""branched.branched_layer_1.weight"", ""branched.branched_layer_1.bias"", ""branched.branched_layer_2.weight"", ""branched.branched_layer_2.bias"", ""branched.branched_layer_3.weight"", ""branched.branched_layer_3.bias"", ""output.weight"", ""output.bias""]",0,0,0,0,179620,141,0,0,0,0,0,179620,141,0
20260414T220505Z_fe14746b,19,random_all_per_seed,all_rows,7,719203,719203,719203,False,False,0.1,0.1,d10f09aa265bab71343f680e34f2eb30e8cd4527aa6a1ca50685490c50e26cf1,b0c6175bfc15047131416b9da64bb2cb3fc428a1cef9486a2cc5173235f866bb,3ca99a39f2f8ee987e87b32207e9c91500b2f4159a741abfc9982d5f0c4932bd,K562,0,B3_with_RC_weighted_bcap_8,True,True,8.0,0.1,1,2297,0.7499183806725432,branched_only,random,3063,972,2091,733,1564,0.31911188506747934,383,383,0.0005,0.0001,0.0001,2297,0.2686491906642914,0.35427674651145935,0.16097282230658339,0.40738128837990867,0.34732983158812347,0.1659595141220743,0.8386618494987488,383,0.25722748041152954,0.33016377687454224,0.21897734325386786,0.4719848882510537,0.2834738224843884,0.22276973473735967,0.7283840179443359,383,0.25465887784957886,0.33542051911354065,0.10963357262825146,0.34199016319228387,0.28156848503354176,0.11695727172028496,0.7517629861831665,19,0.7283840179443359,179761,3747661,179761,2,"[""branched.branched_layer_1.weight"", ""branched.branched_layer_1.bias"", ""branched.branched_layer_2.weight"", ""branched.branched_layer_2.bias"", ""branched.branched_layer_3.weight"", ""branched.branched_layer_3.bias"", ""output.weight"", ""output.bias""]","[""branched.branched_layer_1.weight"", ""branched.branched_layer_1.bias"", ""branched.branched_layer_2.weight"", ""branched.branched_layer_2.bias"", ""branched.branched_layer_3.weight"", ""branched.branched_layer_3.bias"", ""output.weight"", ""output.bias""]",0,0,0,0,179620,141,0,0,0,0,0,179620,141,0
20260414T220505Z_fe14746b,23,random_all_per_seed,all_rows,7,723239,723239,723239,False,False,0.1,0.1,31a2235bdd32c79f9bbcf57fc47adfc274d10761b654866ae9cb9911c3fafcdd,e458c253f91c63ca9a967c6fa4d0ab9cc52faa8ba7794e12b09a2f25a2869c9b,e651fb131205a5d9c63fd1d1ecf15ac7ac31e5181706fbf3e757de8449fba204,K562,0,B3_with_RC_weighted_bcap_8,True,True,8.0,0.1,1,2297,0.7499183806725432,branched_only,random,3063,967,2096,716,1581,0.31171092729647365,383,383,0.0005,0.0001,0.0001,2297,0.2391902208328247,0.31399014592170715,0.3047942863352838,0.5553640252138434,0.49467825553873934,0.3084292005017225,0.6949030756950378,383,0.26129889488220215,0.3524252474308014,0.1000395197470274,0.32290188867856706,0.29079990322186566,0.10426562971218571,0.8754397034645081,383,0.27886608242988586,0.3630310297012329,0.09903172619377931,0.3324974884974812,0.23975141942706982,0.11055457985713263,0.9289229512214661,75,0.8754397034645081,179761,3747661,179761,2,"[""branched.branched_layer_1.weight"", ""branched.branched_layer_1.bias"", ""branched.branched_layer_2.weight"", ""branched.branched_layer_2.bias"", ""branched.branched_layer_3.weight"", ""branched.branched_layer_3.bias"", ""output.weight"", ""output.bias""]","[""branched.branched_layer_1.weight"", ""branched.branched_layer_1.bias"", ""branched.branched_layer_2.weight"", ""branched.branched_layer_2.bias"", ""branched.branched_layer_3.weight"", ""branched.branched_layer_3.bias"", ""output.weight"", ""output.bias""]",0,0,0,0,179620,141,0,0,0,0,0,179620,141,0
20260414T220505Z_fe14746b,31,random_all_per_seed,all_rows,7,731311,731311,731311,False,False,0.1,0.1,7ed9f1e71cff080acfd2b40dc86b6782e03711f552c9029ae842ca8d03bd429d,0584dd818218833228e343b6fa1df680f9194b9f11e5f570a45a30905d139e17,27306d05049ecb6e9137a41b7d192b6574e2d4876a1af2e57e67cc9df35420c3,K562,0,B3_with_RC_weighted_bcap_8,True,True,8.0,0.1,1,2297,0.7499183806725432,branched_only,random,3063,989,2074,734,1563,0.3195472355245973,383,383,0.0005,0.0001,0.0001,2297,0.2657378911972046,0.3480944335460663,0.17134274564020258,0.41850869411296887,0.32760094970948556,0.17514952704814254,0.8282965421676636,383,0.2748730480670929,0.3636246621608734,0.04775385996141468,0.24985757349668272,0.21111944492904913,0.06242880703365021,0.9038541913032532,383,0.2692472040653229,0.3487778902053833,0.13514911373567373,0.37507179056897055,0.23066081648637288,0.1406788480806137,0.8315523862838745,11,0.9038541913032532,179761,3747661,179761,2,"[""branched.branched_layer_1.weight"", ""branched.branched_layer_1.bias"", ""branched.branched_layer_2.weight"", ""branched.branched_layer_2.bias"", ""branched.branched_layer_3.weight"", ""branched.branched_layer_3.bias"", ""output.weight"", ""output.bias""]","[""branched.branched_layer_1.weight"", ""branched.branched_layer_1.bias"", ""branched.branched_layer_2.weight"", ""branched.branched_layer_2.bias"", ""branched.branched_layer_3.weight"", ""branched.branched_layer_3.bias"", ""output.weight"", ""output.bias""]",0,0,0,0,179620,141,0,0,0,0,0,179620,141,0
20260414T220505Z_fe14746b,17,random_all_per_seed,all_rows,7,717185,717185,717185,False,False,0.1,0.1,fd2ed1f7a2f865a02b437eb807b01700163c4e7b5b3d25f1fd6719b606e9feb3,09700ad8a87e01fddb78e1e19347ac15933ccd3442ae763be67b580da0d6acf2,165d865a5469b007379d19d8eddb5ccdcd8811d96d30294e5b7d188c27387d3a,SKNSH,2,B3_with_RC_weighted_bcap_8,True,True,8.0,0.1,1,2297,0.7499183806725432,branched_only,random,3063,983,2080,728,1569,0.3169351327818894,383,383,0.0005,0.0001,0.0001,2297,0.25853896141052246,0.3386196792125702,0.2345826343271431,0.5090238190421457,0.4345227593378864,0.25910524835225107,0.7650840878486633,383,0.2588518559932709,0.3380216062068939,0.015513116455561082,0.20756666546891148,0.17696203206476577,0.043083920613883005,0.7623838186264038,383,0.2943163514137268,0.3874995708465576,0.07805636445004227,0.29402185215924426,0.18912742813220168,0.08644884954715248,1.0019065141677856,45,0.7623838186264038,179761,3747661,179761,2,"[""branched.branched_layer_1.weight"", ""branched.branched_layer_1.bias"", ""branched.branched_layer_2.weight"", ""branched.branched_layer_2.bias"", ""branched.branched_layer_3.weight"", ""branched.branched_layer_3.bias"", ""output.weight"", ""output.bias""]","[""branched.branched_layer_1.weight"", ""branched.branched_layer_1.bias"", ""branched.branched_layer_2.weight"", ""branched.branched_layer_2.bias"", ""branched.branched_layer_3.weight"", ""branched.branched_layer_3.bias"", ""output.weight"", ""output.bias""]",0,0,0,0,179620,141,0,0,0,0,0,179620,141,0
20260414T220505Z_fe14746b,19,random_all_per_seed,all_rows,7,719203,719203,719203,False,False,0.1,0.1,d10f09aa265bab71343f680e34f2eb30e8cd4527aa6a1ca50685490c50e26cf1,b0c6175bfc15047131416b9da64bb2cb3fc428a1cef9486a2cc5173235f866bb,3ca99a39f2f8ee987e87b32207e9c91500b2f4159a741abfc9982d5f0c4932bd,SKNSH,2,B3_with_RC_weighted_bcap_8,True,True,8.0,0.1,1,2297,0.7499183806725432,branched_only,random,3063,972,2091,733,1564,0.31911188506747934,383,383,0.0005,0.0001,0.0001,2297,0.27018699049949646,0.35624954104423523,0.1516026249057687,0.3931574907820384,0.3355916131079937,0.1545728125580286,0.8480280041694641,383,0.25855594873428345,0.33147212862968445,0.21277499914544185,0.46685911637574007,0.2838918372551049,0.21795743454313682,0.7341684103012085,383,0.25562241673469543,0.335506409406662,0.10917766268276208,0.33647326687967444,0.27884269171662474,0.11321425932468061,0.7521478533744812,17,0.7341684103012085,179761,3747661,179761,2,"[""branched.branched_layer_1.weight"", ""branched.branched_layer_1.bias"", ""branched.branched_layer_2.weight"", ""branched.branched_layer_2.bias"", ""branched.branched_layer_3.weight"", ""branched.branched_layer_3.bias"", ""output.weight"", ""output.bias""]","[""branched.branched_layer_1.weight"", ""branched.branched_layer_1.bias"", ""branched.branched_layer_2.weight"", ""branched.branched_layer_2.bias"", ""branched.branched_layer_3.weight"", ""branched.branched_layer_3.bias"", ""output.weight"", ""output.bias""]",0,0,0,0,179620,141,0,0,0,0,0,179620,141,0
20260414T220505Z_fe14746b,23,random_all_per_seed,all_rows,7,723239,723239,723239,False,False,0.1,0.1,31a2235bdd32c79f9bbcf57fc47adfc274d10761b654866ae9cb9911c3fafcdd,e458c253f91c63ca9a967c6fa4d0ab9cc52faa8ba7794e12b09a2f25a2869c9b,e651fb131205a5d9c63fd1d1ecf15ac7ac31e5181706fbf3e757de8449fba204,SKNSH,2,B3_with_RC_weighted_bcap_8,True,True,8.0,0.1,1,2297,0.7499183806725432,branched_only,random,3063,967,2096,716,1581,0.31171092729647365,383,383,0.0005,0.0001,0.0001,2297,0.2407245934009552,0.31598079204559326,0.29595144677845164,0.5469368593982774,0.48459826942337036,0.2991399281684511,0.7037420868873596,383,0.2637663781642914,0.3524444103240967,0.09994165857652126,0.3206012289888565,0.2699724271592477,0.1027851480291652,0.8755348920822144,383,0.2766595482826233,0.3613015115261078,0.10759588178078494,0.3430248234924684,0.2555033462158557,0.11766602953203908,0.9200931787490845,74,0.8755348920822144,179761,3747661,179761,2,"[""branched.branched_layer_1.weight"", ""branched.branched_layer_1.bias"", ""branched.branched_layer_2.weight"", ""branched.branched_layer_2.bias"", ""branched.branched_layer_3.weight"", ""branched.branched_layer_3.bias"", ""output.weight"", ""output.bias""]","[""branched.branched_layer_1.weight"", ""branched.branched_layer_1.bias"", ""branched.branched_layer_2.weight"", ""branched.branched_layer_2.bias"", ""branched.branched_layer_3.weight"", ""branched.branched_layer_3.bias"", ""output.weight"", ""output.bias""]",0,0,0,0,179620,141,0,0,0,0,0,179620,141,0
20260414T220505Z_fe14746b,31,random_all_per_seed,all_rows,7,731311,731311,731311,False,False,0.1,0.1,7ed9f1e71cff080acfd2b40dc86b6782e03711f552c9029ae842ca8d03bd429d,0584dd818218833228e343b6fa1df680f9194b9f11e5f570a45a30905d139e17,27306d05049ecb6e9137a41b7d192b6574e2d4876a1af2e57e67cc9df35420c3,SKNSH,2,B3_with_RC_weighted_bcap_8,True,True,8.0,0.1,1,2297,0.7499183806725432,branched_only,random,3063,989,2074,734,1563,0.3195472355245973,383,383,0.0005,0.0001,0.0001,2297,0.2701397240161896,0.35359615087509155,0.14494145747198628,0.3859151509701531,0.3061036607184888,0.14893050374831607,0.8546862602233887,383,0.274974524974823,0.36257606744766235,0.05323801498191816,0.2565387969136785,0.22767262418084094,0.06581215432191757,0.8986486792564392,383,0.2679060101509094,0.35061898827552795,0.12599444326897125,0.36170799500977335,0.2501697721894251,0.13083267365399023,0.8403544425964355,5,0.8986486792564392,179761,3747661,179761,2,"[""branched.branched_layer_1.weight"", ""branched.branched_layer_1.bias"", ""branched.branched_layer_2.weight"", ""branched.branched_layer_2.bias"", ""branched.branched_layer_3.weight"", ""branched.branched_layer_3.bias"", ""output.weight"", ""output.bias""]","[""branched.branched_layer_1.weight"", ""branched.branched_layer_1.bias"", ""branched.branched_layer_2.weight"", ""branched.branched_layer_2.bias"", ""branched.branched_layer_3.weight"", ""branched.branched_layer_3.bias"", ""output.weight"", ""output.bias""]",0,0,0,0,179620,141,0,0,0,0,0,179620,141,0
20260414T220505Z_fe14746b,17,random_all_per_seed,all_rows,7,717185,717185,717185,False,False,0.1,0.1,d20de91f4b455148159ffd14b15eca3b322f00e6bd4570610b1fd92d56691f0d,09700ad8a87e01fddb78e1e19347ac15933ccd3442ae763be67b580da0d6acf2,165d865a5469b007379d19d8eddb5ccdcd8811d96d30294e5b7d188c27387d3a,HepG2,1,B3_with_RC_weighted_bcap_8,True,True,8.0,0.1,1,3063,1.0,branched_only,random,3063,983,2080,983,2080,0.32092719555990856,383,383,0.0005,0.0001,0.0001,3063,0.27227604389190674,0.3561673164367676,0.12249557362327446,0.36176643363044947,0.2883553836208148,0.1308749525016944,0.8772180080413818,383,0.26040247082710266,0.3377106487751007,0.017323635125349512,0.2041461907893679,0.1365785046862704,0.041675667213809005,0.7886583805084229,383,0.2956714630126953,0.38797932863235474,0.07577196542463771,0.30066363115805106,0.2362967704713735,0.09039861910114458,1.040918231010437,1,0.7886583805084229,179761,3747661,179761,2,"[""branched.branched_layer_1.weight"", ""branched.branched_layer_1.bias"", ""branched.branched_layer_2.weight"", ""branched.branched_layer_2.bias"", ""branched.branched_layer_3.weight"", ""branched.branched_layer_3.bias"", ""output.weight"", ""output.bias""]","[""branched.branched_layer_1.weight"", ""branched.branched_layer_1.bias"", ""branched.branched_layer_2.weight"", ""branched.branched_layer_2.bias"", ""branched.branched_layer_3.weight"", ""branched.branched_layer_3.bias"", ""output.weight"", ""output.bias""]",0,0,0,0,179620,141,0,0,0,0,0,179620,141,0
20260414T220505Z_fe14746b,19,random_all_per_seed,all_rows,7,719203,719203,719203,False,False,0.1,0.1,e749d923ec422f4e9585fafb01f5ecd5ad938df3ddbd0bb71ac99303ee9e50fa,b0c6175bfc15047131416b9da64bb2cb3fc428a1cef9486a2cc5173235f866bb,3ca99a39f2f8ee987e87b32207e9c91500b2f4159a741abfc9982d5f0c4932bd,HepG2,1,B3_with_RC_weighted_bcap_8,True,True,8.0,0.1,1,3063,1.0,branched_only,random,3063,972,2091,972,2091,0.31733594515181196,383,383,0.0005,0.0001,0.0001,3063,0.2678898572921753,0.350141704082489,0.16199069063481786,0.4039084653752947,0.3261890626653661,0.1631420484018256,0.8377357721328735,383,0.2557213604450226,0.3276267945766449,0.23093402175637368,0.4821037528188204,0.29919540713898674,0.23242402848199029,0.7334629893302917,383,0.25520211458206177,0.33723634481430054,0.09996739897070295,0.3354137089940914,0.2702945486988125,0.11250235618117303,0.7771199941635132,17,0.7334629893302917,179761,3747661,179761,2,"[""branched.branched_layer_1.weight"", ""branched.branched_layer_1.bias"", ""branched.branched_layer_2.weight"", ""branched.branched_layer_2.bias"", ""branched.branched_layer_3.weight"", ""branched.branched_layer_3.bias"", ""output.weight"", ""output.bias""]","[""branched.branched_layer_1.weight"", ""branched.branched_layer_1.bias"", ""branched.branched_layer_2.weight"", ""branched.branched_layer_2.bias"", ""branched.branched_layer_3.weight"", ""branched.branched_layer_3.bias"", ""output.weight"", ""output.bias""]",0,0,0,0,179620,141,0,0,0,0,0,179620,141,0
20260414T220505Z_fe14746b,23,random_all_per_seed,all_rows,7,723239,723239,723239,False,False,0.1,0.1,13ab0f6315aefa701430d3c6d72aabbac7d8c14bbd495bef999f60f53d37b30d,e458c253f91c63ca9a967c6fa4d0ab9cc52faa8ba7794e12b09a2f25a2869c9b,e651fb131205a5d9c63fd1d1ecf15ac7ac31e5181706fbf3e757de8449fba204,HepG2,1,B3_with_RC_weighted_bcap_8,True,True,8.0,0.1,1,3063,1.0,branched_only,random,3063,967,2096,967,2096,0.3157035586026771,383,383,0.0005,0.0001,0.0001,3063,0.251330703496933,0.32766714692115784,0.25430793630165904,0.5091769540257295,0.41601626701950145,0.25926117051091985,0.7454485893249512,383,0.2650710344314575,0.3522225320339203,0.10107456761384159,0.322249351085275,0.2718585037547189,0.10384464427488084,0.861362874507904,383,0.276024729013443,0.3587174117565155,0.12031543372136688,0.3536647672703773,0.253062096071519,0.12507876760841016,0.8934223651885986,49,0.861362874507904,179761,3747661,179761,2,"[""branched.branched_layer_1.weight"", ""branched.branched_layer_1.bias"", ""branched.branched_layer_2.weight"", ""branched.branched_layer_2.bias"", ""branched.branched_layer_3.weight"", ""branched.branched_layer_3.bias"", ""output.weight"", ""output.bias""]","[""branched.branched_layer_1.weight"", ""branched.branched_layer_1.bias"", ""branched.branched_layer_2.weight"", ""branched.branched_layer_2.bias"", ""branched.branched_layer_3.weight"", ""branched.branched_layer_3.bias"", ""output.weight"", ""output.bias""]",0,0,0,0,179620,141,0,0,0,0,0,179620,141,0
20260414T220505Z_fe14746b,31,random_all_per_seed,all_rows,7,731311,731311,731311,False,False,0.1,0.1,399d8048139dad18f085378ecdd6bc241c21c7bdfccf442a2b187df7b6daa383,0584dd818218833228e343b6fa1df680f9194b9f11e5f570a45a30905d139e17,27306d05049ecb6e9137a41b7d192b6574e2d4876a1af2e57e67cc9df35420c3,HepG2,1,B3_with_RC_weighted_bcap_8,True,True,8.0,0.1,1,3063,1.0,branched_only,random,3063,989,2074,989,2074,0.3228860594188704,383,383,0.0005,0.0001,0.0001,3063,0.26951417326927185,0.35169467329978943,0.1437321186672148,0.3840846095483582,0.2948420894911626,0.1475209872919148,0.8559884428977966,383,0.2745625674724579,0.3623073101043701,0.054641135201080715,0.2523219685110839,0.22521915174893745,0.06366637579330842,0.9084278345108032,383,0.2686308026313782,0.35224291682243347,0.11787957092677992,0.35247531480999966,0.2525403066058798,0.12423884755040837,0.8586592078208923,3,0.9084278345108032,179761,3747661,179761,2,"[""branched.branched_layer_1.weight"", ""branched.branched_layer_1.bias"", ""branched.branched_layer_2.weight"", ""branched.branched_layer_2.bias"", ""branched.branched_layer_3.weight"", ""branched.branched_layer_3.bias"", ""output.weight"", ""output.bias""]","[""branched.branched_layer_1.weight"", ""branched.branched_layer_1.bias"", ""branched.branched_layer_2.weight"", ""branched.branched_layer_2.bias"", ""branched.branched_layer_3.weight"", ""branched.branched_layer_3.bias"", ""output.weight"", ""output.bias""]",0,0,0,0,179620,141,0,0,0,0,0,179620,141,0
20260414T220505Z_fe14746b,17,random_all_per_seed,all_rows,7,717185,717185,717185,False,False,0.1,0.1,d20de91f4b455148159ffd14b15eca3b322f00e6bd4570610b1fd92d56691f0d,09700ad8a87e01fddb78e1e19347ac15933ccd3442ae763be67b580da0d6acf2,165d865a5469b007379d19d8eddb5ccdcd8811d96d30294e5b7d188c27387d3a,K562,0,B3_with_RC_weighted_bcap_8,True,True,8.0,0.1,1,3063,1.0,branched_only,random,3063,983,2080,983,2080,0.32092719555990856,383,383,0.0005,0.0001,0.0001,3063,0.2746032774448395,0.3596927523612976,0.1050379713858608,0.33074074526744135,0.26410970077373475,0.10938944058006253,0.8946698307991028,383,0.25847673416137695,0.3380957543849945,0.01508127638605472,0.1927362284680543,0.12995864997941772,0.037147253764090025,0.7904579639434814,383,0.30210769176483154,0.3906996548175812,0.06276614884509268,0.259450440936965,0.19819722270424972,0.06731453130238557,1.0555661916732788,0,0.7904579639434814,179761,3747661,179761,2,"[""branched.branched_layer_1.weight"", ""branched.branched_layer_1.bias"", ""branched.branched_layer_2.weight"", ""branched.branched_layer_2.bias"", ""branched.branched_layer_3.weight"", ""branched.branched_layer_3.bias"", ""output.weight"", ""output.bias""]","[""branched.branched_layer_1.weight"", ""branched.branched_layer_1.bias"", ""branched.branched_layer_2.weight"", ""branched.branched_layer_2.bias"", ""branched.branched_layer_3.weight"", ""branched.branched_layer_3.bias"", ""output.weight"", ""output.bias""]",0,0,0,0,179620,141,0,0,0,0,0,179620,141,0
20260414T220505Z_fe14746b,19,random_all_per_seed,all_rows,7,719203,719203,719203,False,False,0.1,0.1,e749d923ec422f4e9585fafb01f5ecd5ad938df3ddbd0bb71ac99303ee9e50fa,b0c6175bfc15047131416b9da64bb2cb3fc428a1cef9486a2cc5173235f866bb,3ca99a39f2f8ee987e87b32207e9c91500b2f4159a741abfc9982d5f0c4932bd,K562,0,B3_with_RC_weighted_bcap_8,True,True,8.0,0.1,1,3063,1.0,branched_only,random,3063,972,2091,972,2091,0.31733594515181196,383,383,0.0005,0.0001,0.0001,3063,0.2590883672237396,0.339478075504303,0.21225687680523198,0.4647641012969831,0.4003144226884751,0.21600566985439235,0.7874860167503357,383,0.2574635148048401,0.3284634053707123,0.2270012700269013,0.4784612707724836,0.26598640844322213,0.2289251876292199,0.7372136116027832,383,0.2567479610443115,0.3396551311016083,0.08701046039022231,0.313240666325092,0.26394015016105965,0.09811971503978763,0.7883076071739197,41,0.7372136116027832,179761,3747661,179761,2,"[""branched.branched_layer_1.weight"", ""branched.branched_layer_1.bias"", ""branched.branched_layer_2.weight"", ""branched.branched_layer_2.bias"", ""branched.branched_layer_3.weight"", ""branched.branched_layer_3.bias"", ""output.weight"", ""output.bias""]","[""branched.branched_layer_1.weight"", ""branched.branched_layer_1.bias"", ""branched.branched_layer_2.weight"", ""branched.branched_layer_2.bias"", ""branched.branched_layer_3.weight"", ""branched.branched_layer_3.bias"", ""output.weight"", ""output.bias""]",0,0,0,0,179620,141,0,0,0,0,0,179620,141,0
20260414T220505Z_fe14746b,23,random_all_per_seed,all_rows,7,723239,723239,723239,False,False,0.1,0.1,13ab0f6315aefa701430d3c6d72aabbac7d8c14bbd495bef999f60f53d37b30d,e458c253f91c63ca9a967c6fa4d0ab9cc52faa8ba7794e12b09a2f25a2869c9b,e651fb131205a5d9c63fd1d1ecf15ac7ac31e5181706fbf3e757de8449fba204,K562,0,B3_with_RC_weighted_bcap_8,True,True,8.0,0.1,1,3063,1.0,branched_only,random,3063,967,2096,967,2096,0.3157035586026771,383,383,0.0005,0.0001,0.0001,3063,0.24718497693538666,0.3229231536388397,0.2757439757329109,0.538833958363749,0.45213443122640956,0.29034203468594644,0.7240195274353027,383,0.2648289203643799,0.35184183716773987,0.10301663553295803,0.32106117522967315,0.2731191633318958,0.10308027823985888,0.8595019578933716,383,0.27661189436912537,0.35789844393730164,0.12432763681067815,0.35436350369714414,0.24356762163887474,0.1255734927525159,0.8893475532531738,66,0.8595019578933716,179761,3747661,179761,2,"[""branched.branched_layer_1.weight"", ""branched.branched_layer_1.bias"", ""branched.branched_layer_2.weight"", ""branched.branched_layer_2.bias"", ""branched.branched_layer_3.weight"", ""branched.branched_layer_3.bias"", ""output.weight"", ""output.bias""]","[""branched.branched_layer_1.weight"", ""branched.branched_layer_1.bias"", ""branched.branched_layer_2.weight"", ""branched.branched_layer_2.bias"", ""branched.branched_layer_3.weight"", ""branched.branched_layer_3.bias"", ""output.weight"", ""output.bias""]",0,0,0,0,179620,141,0,0,0,0,0,179620,141,0
20260414T220505Z_fe14746b,31,random_all_per_seed,all_rows,7,731311,731311,731311,False,False,0.1,0.1,399d8048139dad18f085378ecdd6bc241c21c7bdfccf442a2b187df7b6daa383,0584dd818218833228e343b6fa1df680f9194b9f11e5f570a45a30905d139e17,27306d05049ecb6e9137a41b7d192b6574e2d4876a1af2e57e67cc9df35420c3,K562,0,B3_with_RC_weighted_bcap_8,True,True,8.0,0.1,1,3063,1.0,branched_only,random,3063,989,2074,989,2074,0.3228860594188704,383,383,0.0005,0.0001,0.0001,3063,0.2661236822605133,0.3475968837738037,0.16356967270780975,0.40788838253604054,0.3156139136986421,0.16637293260786734,0.8361573219299316,383,0.27531328797340393,0.3641359806060791,0.04507408038635763,0.24871542942420105,0.21175011195504914,0.061859364833664734,0.9176211953163147,383,0.26844069361686707,0.34897878766059875,0.13415251071167678,0.3711307159987849,0.23404627199489683,0.13773800835777072,0.8428190350532532,9,0.9176211953163147,179761,3747661,179761,2,"[""branched.branched_layer_1.weight"", ""branched.branched_layer_1.bias"", ""branched.branched_layer_2.weight"", ""branched.branched_layer_2.bias"", ""branched.branched_layer_3.weight"", ""branched.branched_layer_3.bias"", ""output.weight"", ""output.bias""]","[""branched.branched_layer_1.weight"", ""branched.branched_layer_1.bias"", ""branched.branched_layer_2.weight"", ""branched.branched_layer_2.bias"", ""branched.branched_layer_3.weight"", ""branched.branched_layer_3.bias"", ""output.weight"", ""output.bias""]",0,0,0,0,179620,141,0,0,0,0,0,179620,141,0
20260414T220505Z_fe14746b,17,random_all_per_seed,all_rows,7,717185,717185,717185,False,False,0.1,0.1,d20de91f4b455148159ffd14b15eca3b322f00e6bd4570610b1fd92d56691f0d,09700ad8a87e01fddb78e1e19347ac15933ccd3442ae763be67b580da0d6acf2,165d865a5469b007379d19d8eddb5ccdcd8811d96d30294e5b7d188c27387d3a,SKNSH,2,B3_with_RC_weighted_bcap_8,True,True,8.0,0.1,1,3063,1.0,branched_only,random,3063,983,2080,983,2080,0.32092719555990856,383,383,0.0005,0.0001,0.0001,3063,0.2608485221862793,0.34111297130584717,0.1951079319154685,0.46111937444100526,0.377031744323019,0.212631077484864,0.8046293258666992,383,0.25817784667015076,0.3364594280719757,0.024591712892949147,0.20929853129446985,0.1588284532294015,0.04380587520202217,0.7828251719474792,383,0.29278114438056946,0.38326141238212585,0.09811308823962883,0.3288840980400228,0.21549858683917555,0.10816474994359931,1.015756368637085,30,0.7828251719474792,179761,3747661,179761,2,"[""branched.branched_layer_1.weight"", ""branched.branched_layer_1.bias"", ""branched.branched_layer_2.weight"", ""branched.branched_layer_2.bias"", ""branched.branched_layer_3.weight"", ""branched.branched_layer_3.bias"", ""output.weight"", ""output.bias""]","[""branched.branched_layer_1.weight"", ""branched.branched_layer_1.bias"", ""branched.branched_layer_2.weight"", ""branched.branched_layer_2.bias"", ""branched.branched_layer_3.weight"", ""branched.branched_layer_3.bias"", ""output.weight"", ""output.bias""]",0,0,0,0,179620,141,0,0,0,0,0,179620,141,0
20260414T220505Z_fe14746b,19,random_all_per_seed,all_rows,7,719203,719203,719203,False,False,0.1,0.1,e749d923ec422f4e9585fafb01f5ecd5ad938df3ddbd0bb71ac99303ee9e50fa,b0c6175bfc15047131416b9da64bb2cb3fc428a1cef9486a2cc5173235f866bb,3ca99a39f2f8ee987e87b32207e9c91500b2f4159a741abfc9982d5f0c4932bd,SKNSH,2,B3_with_RC_weighted_bcap_8,True,True,8.0,0.1,1,3063,1.0,branched_only,random,3063,972,2091,972,2091,0.31733594515181196,383,383,0.0005,0.0001,0.0001,3063,0.26669418811798096,0.3495170474052429,0.16497794698723234,0.40689047433787023,0.34002473293952906,0.16555985810689702,0.8347494602203369,383,0.25672513246536255,0.3295503258705139,0.2218769180728104,0.47322939976078293,0.2767644397746404,0.2239460647979509,0.742100715637207,383,0.2543351650238037,0.33520734310150146,0.11076499229587866,0.34091908595078424,0.28062842963790996,0.11622582316551822,0.7677969932556152,22,0.742100715637207,179761,3747661,179761,2,"[""branched.branched_layer_1.weight"", ""branched.branched_layer_1.bias"", ""branched.branched_layer_2.weight"", ""branched.branched_layer_2.bias"", ""branched.branched_layer_3.weight"", ""branched.branched_layer_3.bias"", ""output.weight"", ""output.bias""]","[""branched.branched_layer_1.weight"", ""branched.branched_layer_1.bias"", ""branched.branched_layer_2.weight"", ""branched.branched_layer_2.bias"", ""branched.branched_layer_3.weight"", ""branched.branched_layer_3.bias"", ""output.weight"", ""output.bias""]",0,0,0,0,179620,141,0,0,0,0,0,179620,141,0
20260414T220505Z_fe14746b,23,random_all_per_seed,all_rows,7,723239,723239,723239,False,False,0.1,0.1,13ab0f6315aefa701430d3c6d72aabbac7d8c14bbd495bef999f60f53d37b30d,e458c253f91c63ca9a967c6fa4d0ab9cc52faa8ba7794e12b09a2f25a2869c9b,e651fb131205a5d9c63fd1d1ecf15ac7ac31e5181706fbf3e757de8449fba204,SKNSH,2,B3_with_RC_weighted_bcap_8,True,True,8.0,0.1,1,3063,1.0,branched_only,random,3063,967,2096,967,2096,0.3157035586026771,383,383,0.0005,0.0001,0.0001,3063,0.22440826892852783,0.29483336210250854,0.39626419356707065,0.6453772948889517,0.600567174640614,0.4165118527581809,0.6035386323928833,383,0.262995183467865,0.3516013026237488,0.10424264258646787,0.3348148421127428,0.30222520747497034,0.1121009784989809,0.8583272099494934,383,0.2822563052177429,0.36855319142341614,0.07141347003989051,0.31555322422660814,0.23675042687279055,0.09957383731980804,0.9430880546569824,145,0.8583272099494934,179761,3747661,179761,2,"[""branched.branched_layer_1.weight"", ""branched.branched_layer_1.bias"", ""branched.branched_layer_2.weight"", ""branched.branched_layer_2.bias"", ""branched.branched_layer_3.weight"", ""branched.branched_layer_3.bias"", ""output.weight"", ""output.bias""]","[""branched.branched_layer_1.weight"", ""branched.branched_layer_1.bias"", ""branched.branched_layer_2.weight"", ""branched.branched_layer_2.bias"", ""branched.branched_layer_3.weight"", ""branched.branched_layer_3.bias"", ""output.weight"", ""output.bias""]",0,0,0,0,179620,141,0,0,0,0,0,179620,141,0
20260414T220505Z_fe14746b,31,random_all_per_seed,all_rows,7,731311,731311,731311,False,False,0.1,0.1,399d8048139dad18f085378ecdd6bc241c21c7bdfccf442a2b187df7b6daa383,0584dd818218833228e343b6fa1df680f9194b9f11e5f570a45a30905d139e17,27306d05049ecb6e9137a41b7d192b6574e2d4876a1af2e57e67cc9df35420c3,SKNSH,2,B3_with_RC_weighted_bcap_8,True,True,8.0,0.1,1,3063,1.0,branched_only,random,3063,989,2074,989,2074,0.3228860594188704,383,383,0.0005,0.0001,0.0001,3063,0.2682989537715912,0.35043472051620483,0.1498563975511713,0.3939831304110558,0.3045342390528212,0.155222707048495,0.8498660326004028,383,0.2744438350200653,0.3620605766773224,0.05592826720929356,0.26443519271304355,0.23061214145154008,0.06992597114518448,0.9071909189224243,383,0.2670649290084839,0.34851107001304626,0.13647180436273343,0.3769104178676964,0.24714124252428699,0.14206146309720152,0.8405613303184509,7,0.9071909189224243,179761,3747661,179761,2,"[""branched.branched_layer_1.weight"", ""branched.branched_layer_1.bias"", ""branched.branched_layer_2.weight"", ""branched.branched_layer_2.bias"", ""branched.branched_layer_3.weight"", ""branched.branched_layer_3.bias"", ""output.weight"", ""output.bias""]","[""branched.branched_layer_1.weight"", ""branched.branched_layer_1.bias"", ""branched.branched_layer_2.weight"", ""branched.branched_layer_2.bias"", ""branched.branched_layer_3.weight"", ""branched.branched_layer_3.bias"", ""output.weight"", ""output.bias""]",0,0,0,0,179620,141,0,0,0,0,0,179620,141,0
20260414T220505Z_fe14746b,17,random_all_per_seed,all_rows,7,717185,717185,717185,False,False,0.1,0.1,fd2ed1f7a2f865a02b437eb807b01700163c4e7b5b3d25f1fd6719b606e9feb3,09700ad8a87e01fddb78e1e19347ac15933ccd3442ae763be67b580da0d6acf2,165d865a5469b007379d19d8eddb5ccdcd8811d96d30294e5b7d188c27387d3a,HepG2,1,B3_with_RC_weighted_bcap_8,True,True,8.0,0.1,1,2297,0.7499183806725432,conv3_plus,random,3063,983,2080,728,1569,0.3169351327818894,383,383,0.0005,0.0001,0.0001,2297,0.28105470538139343,0.3690623342990875,0.09077088336053674,0.3112498344981425,0.2682453685246284,0.09687645947512108,0.9088332056999207,383,0.2620692551136017,0.34000080823898315,0.003950581430773981,0.1639111069067615,0.12694178021045843,0.026866850967399797,0.7713377475738525,383,0.29853764176368713,0.3909224569797516,0.0616969363551938,0.25725815674417496,0.21520381649735804,0.06618175921141049,1.0196847915649414,0,0.7713377475738525,179761,3747661,3063361,2,"[""branched.branched_layer_1.weight"", ""branched.branched_layer_1.bias"", ""branched.branched_layer_2.weight"", ""branched.branched_layer_2.bias"", ""branched.branched_layer_3.weight"", ""branched.branched_layer_3.bias"", ""output.weight"", ""output.bias""]","[""conv3.conv.weight"", ""conv3.conv.bias"", ""conv3.bn_layer.weight"", ""conv3.bn_layer.bias"", ""linear1.linear.weight"", ""linear1.linear.bias"", ""linear1.bn_layer.weight"", ""linear1.bn_layer.bias"", ""branched.branched_layer_1.weight"", ""branched.branched_layer_1.bias"", ""branched.branched_layer_2.weight"", ""branched.branched_layer_2.bias"", ""branched.branched_layer_3.weight"", ""branched.branched_layer_3.bias"", ""output.weight"", ""output.bias""]",0,0,0,0,179620,141,0,0,0,280600,2603000,179620,141,0
20260414T220505Z_fe14746b,19,random_all_per_seed,all_rows,7,719203,719203,719203,False,False,0.1,0.1,d10f09aa265bab71343f680e34f2eb30e8cd4527aa6a1ca50685490c50e26cf1,b0c6175bfc15047131416b9da64bb2cb3fc428a1cef9486a2cc5173235f866bb,3ca99a39f2f8ee987e87b32207e9c91500b2f4159a741abfc9982d5f0c4932bd,HepG2,1,B3_with_RC_weighted_bcap_8,True,True,8.0,0.1,1,2297,0.7499183806725432,conv3_plus,random,3063,972,2091,733,1564,0.31911188506747934,383,383,0.0005,0.0001,0.0001,2297,0.241054967045784,0.32126590609550476,0.31004612271491305,0.5755297137850983,0.5091183800548904,0.3312344514495572,0.6896534562110901,383,0.2580659091472626,0.330779492855072,0.21606149793239737,0.4653178586020321,0.27027602603796647,0.21652070953398075,0.7311034202575684,383,0.25650396943092346,0.3372109830379486,0.1001027373829445,0.34085359797562886,0.25281295730663006,0.11618117525293163,0.7598102688789368,5,0.7311034202575684,179761,3747661,3063361,2,"[""branched.branched_layer_1.weight"", ""branched.branched_layer_1.bias"", ""branched.branched_layer_2.weight"", ""branched.branched_layer_2.bias"", ""branched.branched_layer_3.weight"", ""branched.branched_layer_3.bias"", ""output.weight"", ""output.bias""]","[""conv3.conv.weight"", ""conv3.conv.bias"", ""conv3.bn_layer.weight"", ""conv3.bn_layer.bias"", ""linear1.linear.weight"", ""linear1.linear.bias"", ""linear1.bn_layer.weight"", ""linear1.bn_layer.bias"", ""branched.branched_layer_1.weight"", ""branched.branched_layer_1.bias"", ""branched.branched_layer_2.weight"", ""branched.branched_layer_2.bias"", ""branched.branched_layer_3.weight"", ""branched.branched_layer_3.bias"", ""output.weight"", ""output.bias""]",0,0,0,0,179620,141,0,0,0,280600,2603000,179620,141,0
20260414T220505Z_fe14746b,23,random_all_per_seed,all_rows,7,723239,723239,723239,False,False,0.1,0.1,31a2235bdd32c79f9bbcf57fc47adfc274d10761b654866ae9cb9911c3fafcdd,e458c253f91c63ca9a967c6fa4d0ab9cc52faa8ba7794e12b09a2f25a2869c9b,e651fb131205a5d9c63fd1d1ecf15ac7ac31e5181706fbf3e757de8449fba204,HepG2,1,B3_with_RC_weighted_bcap_8,True,True,8.0,0.1,1,2297,0.7499183806725432,conv3_plus,random,3063,967,2096,716,1581,0.31171092729647365,383,383,0.0005,0.0001,0.0001,2297,0.25466760993003845,0.33247601985931396,0.2205254607899899,0.4769473478771307,0.35748947482090504,0.22747877264702876,0.7791352868080139,383,0.2653239071369171,0.3541814088821411,0.09104798343923415,0.3097599319510461,0.24280203065033096,0.09595121544231672,0.884186327457428,383,0.2737206518650055,0.3587336540222168,0.12023597269454933,0.355667169355858,0.2335957481273441,0.1264991353576086,0.9070608019828796,3,0.884186327457428,179761,3747661,3063361,2,"[""branched.branched_layer_1.weight"", ""branched.branched_layer_1.bias"", ""branched.branched_layer_2.weight"", ""branched.branched_layer_2.bias"", ""branched.branched_layer_3.weight"", ""branched.branched_layer_3.bias"", ""output.weight"", ""output.bias""]","[""conv3.conv.weight"", ""conv3.conv.bias"", ""conv3.bn_layer.weight"", ""conv3.bn_layer.bias"", ""linear1.linear.weight"", ""linear1.linear.bias"", ""linear1.bn_layer.weight"", ""linear1.bn_layer.bias"", ""branched.branched_layer_1.weight"", ""branched.branched_layer_1.bias"", ""branched.branched_layer_2.weight"", ""branched.branched_layer_2.bias"", ""branched.branched_layer_3.weight"", ""branched.branched_layer_3.bias"", ""output.weight"", ""output.bias""]",0,0,0,0,179620,141,0,0,0,280600,2603000,179620,141,0
20260414T220505Z_fe14746b,31,random_all_per_seed,all_rows,7,731311,731311,731311,False,False,0.1,0.1,7ed9f1e71cff080acfd2b40dc86b6782e03711f552c9029ae842ca8d03bd429d,0584dd818218833228e343b6fa1df680f9194b9f11e5f570a45a30905d139e17,27306d05049ecb6e9137a41b7d192b6574e2d4876a1af2e57e67cc9df35420c3,HepG2,1,B3_with_RC_weighted_bcap_8,True,True,8.0,0.1,1,2297,0.7499183806725432,conv3_plus,random,3063,989,2074,734,1563,0.3195472355245973,383,383,0.0005,0.0001,0.0001,2297,0.2554234266281128,0.335934579372406,0.2282259084486158,0.48565783997974654,0.3747558076511499,0.2358635375337931,0.7714381814002991,383,0.27473023533821106,0.36327701807022095,0.049573949549934215,0.26974309778328964,0.21297758970777017,0.07276133880172536,0.9021266102790833,383,0.2660332918167114,0.3462245762348175,0.14776548204457562,0.3858506389697714,0.2801895638597599,0.14888071559338087,0.819421648979187,3,0.9021266102790833,179761,3747661,3063361,2,"[""branched.branched_layer_1.weight"", ""branched.branched_layer_1.bias"", ""branched.branched_layer_2.weight"", ""branched.branched_layer_2.bias"", ""branched.branched_layer_3.weight"", ""branched.branched_layer_3.bias"", ""output.weight"", ""output.bias""]","[""conv3.conv.weight"", ""conv3.conv.bias"", ""conv3.bn_layer.weight"", ""conv3.bn_layer.bias"", ""linear1.linear.weight"", ""linear1.linear.bias"", ""linear1.bn_layer.weight"", ""linear1.bn_layer.bias"", ""branched.branched_layer_1.weight"", ""branched.branched_layer_1.bias"", ""branched.branched_layer_2.weight"", ""branched.branched_layer_2.bias"", ""branched.branched_layer_3.weight"", ""branched.branched_layer_3.bias"", ""output.weight"", ""output.bias""]",0,0,0,0,179620,141,0,0,0,280600,2603000,179620,141,0
20260414T220505Z_fe14746b,17,random_all_per_seed,all_rows,7,717185,717185,717185,False,False,0.1,0.1,fd2ed1f7a2f865a02b437eb807b01700163c4e7b5b3d25f1fd6719b606e9feb3,09700ad8a87e01fddb78e1e19347ac15933ccd3442ae763be67b580da0d6acf2,165d865a5469b007379d19d8eddb5ccdcd8811d96d30294e5b7d188c27387d3a,K562,0,B3_with_RC_weighted_bcap_8,True,True,8.0,0.1,1,2297,0.7499183806725432,conv3_plus,random,3063,983,2080,728,1569,0.3169351327818894,383,383,0.0005,0.0001,0.0001,2297,0.2798999845981598,0.36811137199401855,0.0954503964868354,0.3187650032502199,0.268271582078351,0.1016111272971127,0.9041557312011719,383,0.25878867506980896,0.3380213975906372,0.015514317918393528,0.18976161447091883,0.12500625448039437,0.03600947032660963,0.7623828649520874,383,0.3043934106826782,0.393199622631073,0.05073359449254056,0.23538649106571502,0.19715927914163903,0.05540680017622994,1.0315990447998047,0,0.7623828649520874,179761,3747661,3063361,2,"[""branched.branched_layer_1.weight"", ""branched.branched_layer_1.bias"", ""branched.branched_layer_2.weight"", ""branched.branched_layer_2.bias"", ""branched.branched_layer_3.weight"", ""branched.branched_layer_3.bias"", ""output.weight"", ""output.bias""]","[""conv3.conv.weight"", ""conv3.conv.bias"", ""conv3.bn_layer.weight"", ""conv3.bn_layer.bias"", ""linear1.linear.weight"", ""linear1.linear.bias"", ""linear1.bn_layer.weight"", ""linear1.bn_layer.bias"", ""branched.branched_layer_1.weight"", ""branched.branched_layer_1.bias"", ""branched.branched_layer_2.weight"", ""branched.branched_layer_2.bias"", ""branched.branched_layer_3.weight"", ""branched.branched_layer_3.bias"", ""output.weight"", ""output.bias""]",0,0,0,0,179620,141,0,0,0,280600,2603000,179620,141,0
20260414T220505Z_fe14746b,19,random_all_per_seed,all_rows,7,719203,719203,719203,False,False,0.1,0.1,d10f09aa265bab71343f680e34f2eb30e8cd4527aa6a1ca50685490c50e26cf1,b0c6175bfc15047131416b9da64bb2cb3fc428a1cef9486a2cc5173235f866bb,3ca99a39f2f8ee987e87b32207e9c91500b2f4159a741abfc9982d5f0c4932bd,K562,0,B3_with_RC_weighted_bcap_8,True,True,8.0,0.1,1,2297,0.7499183806725432,conv3_plus,random,3063,972,2091,733,1564,0.31911188506747934,383,383,0.0005,0.0001,0.0001,2297,0.25476744771003723,0.3373854160308838,0.23907236608852522,0.5013130745087907,0.4019000348301625,0.25131479867345635,0.7605962753295898,383,0.25492191314697266,0.3284338712692261,0.22714028291692145,0.47891271260409907,0.28780947083186115,0.22935738629381638,0.720771312713623,383,0.2572306990623474,0.3365604877471924,0.10357132610204245,0.34308280359961274,0.2792715330460556,0.11770581012577044,0.7568815350532532,4,0.720771312713623,179761,3747661,3063361,2,"[""branched.branched_layer_1.weight"", ""branched.branched_layer_1.bias"", ""branched.branched_layer_2.weight"", ""branched.branched_layer_2.bias"", ""branched.branched_layer_3.weight"", ""branched.branched_layer_3.bias"", ""output.weight"", ""output.bias""]","[""conv3.conv.weight"", ""conv3.conv.bias"", ""conv3.bn_layer.weight"", ""conv3.bn_layer.bias"", ""linear1.linear.weight"", ""linear1.linear.bias"", ""linear1.bn_layer.weight"", ""linear1.bn_layer.bias"", ""branched.branched_layer_1.weight"", ""branched.branched_layer_1.bias"", ""branched.branched_layer_2.weight"", ""branched.branched_layer_2.bias"", ""branched.branched_layer_3.weight"", ""branched.branched_layer_3.bias"", ""output.weight"", ""output.bias""]",0,0,0,0,179620,141,0,0,0,280600,2603000,179620,141,0
20260414T220505Z_fe14746b,23,random_all_per_seed,all_rows,7,723239,723239,723239,False,False,0.1,0.1,31a2235bdd32c79f9bbcf57fc47adfc274d10761b654866ae9cb9911c3fafcdd,e458c253f91c63ca9a967c6fa4d0ab9cc52faa8ba7794e12b09a2f25a2869c9b,e651fb131205a5d9c63fd1d1ecf15ac7ac31e5181706fbf3e757de8449fba204,K562,0,B3_with_RC_weighted_bcap_8,True,True,8.0,0.1,1,2297,0.7499183806725432,conv3_plus,random,3063,967,2096,716,1581,0.31171092729647365,383,383,0.0005,0.0001,0.0001,2297,0.26300132274627686,0.3425857424736023,0.17240112946713804,0.4163155822952613,0.3209128466109995,0.17331866406184246,0.8272386789321899,383,0.26724839210510254,0.3552475869655609,0.08556746921486758,0.2987024507264549,0.23347926048975726,0.08922315406999022,0.8895173668861389,383,0.2752745747566223,0.3595066964626312,0.11644009152657431,0.3470561144869147,0.24017146653607657,0.12044794660275444,0.910974383354187,2,0.8895173668861389,179761,3747661,3063361,2,"[""branched.branched_layer_1.weight"", ""branched.branched_layer_1.bias"", ""branched.branched_layer_2.weight"", ""branched.branched_layer_2.bias"", ""branched.branched_layer_3.weight"", ""branched.branched_layer_3.bias"", ""output.weight"", ""output.bias""]","[""conv3.conv.weight"", ""conv3.conv.bias"", ""conv3.bn_layer.weight"", ""conv3.bn_layer.bias"", ""linear1.linear.weight"", ""linear1.linear.bias"", ""linear1.bn_layer.weight"", ""linear1.bn_layer.bias"", ""branched.branched_layer_1.weight"", ""branched.branched_layer_1.bias"", ""branched.branched_layer_2.weight"", ""branched.branched_layer_2.bias"", ""branched.branched_layer_3.weight"", ""branched.branched_layer_3.bias"", ""output.weight"", ""output.bias""]",0,0,0,0,179620,141,0,0,0,280600,2603000,179620,141,0
20260414T220505Z_fe14746b,31,random_all_per_seed,all_rows,7,731311,731311,731311,False,False,0.1,0.1,7ed9f1e71cff080acfd2b40dc86b6782e03711f552c9029ae842ca8d03bd429d,0584dd818218833228e343b6fa1df680f9194b9f11e5f570a45a30905d139e17,27306d05049ecb6e9137a41b7d192b6574e2d4876a1af2e57e67cc9df35420c3,K562,0,B3_with_RC_weighted_bcap_8,True,True,8.0,0.1,1,2297,0.7499183806725432,conv3_plus,random,3063,989,2074,734,1563,0.3195472355245973,383,383,0.0005,0.0001,0.0001,2297,0.26289212703704834,0.3455955982208252,0.1831972622972745,0.4300425688440317,0.33940147787030767,0.18493661101797373,0.8164471387863159,383,0.27446553111076355,0.36543041467666626,0.03827281001059313,0.25468879977478903,0.2087563504679508,0.06486638473072258,0.9128535389900208,383,0.2686523199081421,0.348917692899704,0.13445565534331894,0.3685083631144046,0.26578999123350816,0.13579841368525788,0.832219123840332,2,0.9128535389900208,179761,3747661,3063361,2,"[""branched.branched_layer_1.weight"", ""branched.branched_layer_1.bias"", ""branched.branched_layer_2.weight"", ""branched.branched_layer_2.bias"", ""branched.branched_layer_3.weight"", ""branched.branched_layer_3.bias"", ""output.weight"", ""output.bias""]","[""conv3.conv.weight"", ""conv3.conv.bias"", ""conv3.bn_layer.weight"", ""conv3.bn_layer.bias"", ""linear1.linear.weight"", ""linear1.linear.bias"", ""linear1.bn_layer.weight"", ""linear1.bn_layer.bias"", ""branched.branched_layer_1.weight"", ""branched.branched_layer_1.bias"", ""branched.branched_layer_2.weight"", ""branched.branched_layer_2.bias"", ""branched.branched_layer_3.weight"", ""branched.branched_layer_3.bias"", ""output.weight"", ""output.bias""]",0,0,0,0,179620,141,0,0,0,280600,2603000,179620,141,0
20260414T220505Z_fe14746b,17,random_all_per_seed,all_rows,7,717185,717185,717185,False,False,0.1,0.1,fd2ed1f7a2f865a02b437eb807b01700163c4e7b5b3d25f1fd6719b606e9feb3,09700ad8a87e01fddb78e1e19347ac15933ccd3442ae763be67b580da0d6acf2,165d865a5469b007379d19d8eddb5ccdcd8811d96d30294e5b7d188c27387d3a,SKNSH,2,B3_with_RC_weighted_bcap_8,True,True,8.0,0.1,1,2297,0.7499183806725432,conv3_plus,random,3063,983,2080,728,1569,0.3169351327818894,383,383,0.0005,0.0001,0.0001,2297,0.2678341269493103,0.3509705364704132,0.1777285541826319,0.4345403154031595,0.34840400043202785,0.18882528571067736,0.821913480758667,383,0.2610876262187958,0.34046366810798645,0.001236820167274555,0.19857792030108967,0.13465365889733122,0.03943319043110592,0.7734392285346985,383,0.2934662401676178,0.38277506828308105,0.10040048379969402,0.3249346394317946,0.2305868767088403,0.10558251990267038,0.9776244759559631,2,0.7734392285346985,179761,3747661,3063361,2,"[""branched.branched_layer_1.weight"", ""branched.branched_layer_1.bias"", ""branched.branched_layer_2.weight"", ""branched.branched_layer_2.bias"", ""branched.branched_layer_3.weight"", ""branched.branched_layer_3.bias"", ""output.weight"", ""output.bias""]","[""conv3.conv.weight"", ""conv3.conv.bias"", ""conv3.bn_layer.weight"", ""conv3.bn_layer.bias"", ""linear1.linear.weight"", ""linear1.linear.bias"", ""linear1.bn_layer.weight"", ""linear1.bn_layer.bias"", ""branched.branched_layer_1.weight"", ""branched.branched_layer_1.bias"", ""branched.branched_layer_2.weight"", ""branched.branched_layer_2.bias"", ""branched.branched_layer_3.weight"", ""branched.branched_layer_3.bias"", ""output.weight"", ""output.bias""]",0,0,0,0,179620,141,0,0,0,280600,2603000,179620,141,0
20260414T220505Z_fe14746b,19,random_all_per_seed,all_rows,7,719203,719203,719203,False,False,0.1,0.1,d10f09aa265bab71343f680e34f2eb30e8cd4527aa6a1ca50685490c50e26cf1,b0c6175bfc15047131416b9da64bb2cb3fc428a1cef9486a2cc5173235f866bb,3ca99a39f2f8ee987e87b32207e9c91500b2f4159a741abfc9982d5f0c4932bd,SKNSH,2,B3_with_RC_weighted_bcap_8,True,True,8.0,0.1,1,2297,0.7499183806725432,conv3_plus,random,3063,972,2091,733,1564,0.31911188506747934,383,383,0.0005,0.0001,0.0001,2297,0.254626989364624,0.3364626169204712,0.24322911226829402,0.5034791692265495,0.4157939197619553,0.25349127384505643,0.7564414143562317,383,0.257686048746109,0.3309028446674347,0.21547683026918618,0.46696980088257906,0.27973870992019084,0.21806079493631553,0.7316486835479736,383,0.2563334107398987,0.3367142081260681,0.10275228041677609,0.34585568607925565,0.27927580505421573,0.11961615559335263,0.7575730085372925,4,0.7316486835479736,179761,3747661,3063361,2,"[""branched.branched_layer_1.weight"", ""branched.branched_layer_1.bias"", ""branched.branched_layer_2.weight"", ""branched.branched_layer_2.bias"", ""branched.branched_layer_3.weight"", ""branched.branched_layer_3.bias"", ""output.weight"", ""output.bias""]","[""conv3.conv.weight"", ""conv3.conv.bias"", ""conv3.bn_layer.weight"", ""conv3.bn_layer.bias"", ""linear1.linear.weight"", ""linear1.linear.bias"", ""linear1.bn_layer.weight"", ""linear1.bn_layer.bias"", ""branched.branched_layer_1.weight"", ""branched.branched_layer_1.bias"", ""branched.branched_layer_2.weight"", ""branched.branched_layer_2.bias"", ""branched.branched_layer_3.weight"", ""branched.branched_layer_3.bias"", ""output.weight"", ""output.bias""]",0,0,0,0,179620,141,0,0,0,280600,2603000,179620,141,0
20260414T220505Z_fe14746b,23,random_all_per_seed,all_rows,7,723239,723239,723239,False,False,0.1,0.1,31a2235bdd32c79f9bbcf57fc47adfc274d10761b654866ae9cb9911c3fafcdd,e458c253f91c63ca9a967c6fa4d0ab9cc52faa8ba7794e12b09a2f25a2869c9b,e651fb131205a5d9c63fd1d1ecf15ac7ac31e5181706fbf3e757de8449fba204,SKNSH,2,B3_with_RC_weighted_bcap_8,True,True,8.0,0.1,1,2297,0.7499183806725432,conv3_plus,random,3063,967,2096,716,1581,0.31171092729647365,383,383,0.0005,0.0001,0.0001,2297,0.2550770044326782,0.33229830861091614,0.22135850838387638,0.4788150447704062,0.3675134105446082,0.2292638470984861,0.7783026099205017,383,0.2680484652519226,0.35671740770339966,0.07798488838774731,0.29720818425541196,0.22925720255176657,0.0883327047883989,0.8968934416770935,383,0.2758200466632843,0.3594810366630554,0.11656633038151842,0.3585493198302688,0.24745603433004695,0.12855761475074837,0.9108442664146423,3,0.8968934416770935,179761,3747661,3063361,2,"[""branched.branched_layer_1.weight"", ""branched.branched_layer_1.bias"", ""branched.branched_layer_2.weight"", ""branched.branched_layer_2.bias"", ""branched.branched_layer_3.weight"", ""branched.branched_layer_3.bias"", ""output.weight"", ""output.bias""]","[""conv3.conv.weight"", ""conv3.conv.bias"", ""conv3.bn_layer.weight"", ""conv3.bn_layer.bias"", ""linear1.linear.weight"", ""linear1.linear.bias"", ""linear1.bn_layer.weight"", ""linear1.bn_layer.bias"", ""branched.branched_layer_1.weight"", ""branched.branched_layer_1.bias"", ""branched.branched_layer_2.weight"", ""branched.branched_layer_2.bias"", ""branched.branched_layer_3.weight"", ""branched.branched_layer_3.bias"", ""output.weight"", ""output.bias""]",0,0,0,0,179620,141,0,0,0,280600,2603000,179620,141,0
20260414T220505Z_fe14746b,31,random_all_per_seed,all_rows,7,731311,731311,731311,False,False,0.1,0.1,7ed9f1e71cff080acfd2b40dc86b6782e03711f552c9029ae842ca8d03bd429d,0584dd818218833228e343b6fa1df680f9194b9f11e5f570a45a30905d139e17,27306d05049ecb6e9137a41b7d192b6574e2d4876a1af2e57e67cc9df35420c3,SKNSH,2,B3_with_RC_weighted_bcap_8,True,True,8.0,0.1,1,2297,0.7499183806725432,conv3_plus,random,3063,989,2074,734,1563,0.3195472355245973,383,383,0.0005,0.0001,0.0001,2297,0.2764127552509308,0.3617347180843353,0.10512741395251468,0.3276865705442954,0.2785667801597484,0.10737848851508149,0.8944829702377319,383,0.27799150347709656,0.36318594217300415,0.05005031176942487,0.24024322460024036,0.20600329885851953,0.05771680696632154,0.9016744494438171,383,0.27422717213630676,0.3607746660709381,0.07463008707282526,0.2774863234924802,0.2186026610639814,0.07699865972537337,0.8897412419319153,1,0.9016744494438171,179761,3747661,3063361,2,"[""branched.branched_layer_1.weight"", ""branched.branched_layer_1.bias"", ""branched.branched_layer_2.weight"", ""branched.branched_layer_2.bias"", ""branched.branched_layer_3.weight"", ""branched.branched_layer_3.bias"", ""output.weight"", ""output.bias""]","[""conv3.conv.weight"", ""conv3.conv.bias"", ""conv3.bn_layer.weight"", ""conv3.bn_layer.bias"", ""linear1.linear.weight"", ""linear1.linear.bias"", ""linear1.bn_layer.weight"", ""linear1.bn_layer.bias"", ""branched.branched_layer_1.weight"", ""branched.branched_layer_1.bias"", ""branched.branched_layer_2.weight"", ""branched.branched_layer_2.bias"", ""branched.branched_layer_3.weight"", ""branched.branched_layer_3.bias"", ""output.weight"", ""output.bias""]",0,0,0,0,179620,141,0,0,0,280600,2603000,179620,141,0
20260414T220505Z_fe14746b,17,random_all_per_seed,all_rows,7,717185,717185,717185,False,False,0.1,0.1,d20de91f4b455148159ffd14b15eca3b322f00e6bd4570610b1fd92d56691f0d,09700ad8a87e01fddb78e1e19347ac15933ccd3442ae763be67b580da0d6acf2,165d865a5469b007379d19d8eddb5ccdcd8811d96d30294e5b7d188c27387d3a,HepG2,1,B3_with_RC_weighted_bcap_8,True,True,8.0,0.1,1,3063,1.0,conv3_plus,random,3063,983,2080,983,2080,0.32092719555990856,383,383,0.0005,0.0001,0.0001,3063,0.27227604389190674,0.3561673164367676,0.12249557362327446,0.36176643363044947,0.2883553836208148,0.1308749525016944,0.8772180080413818,383,0.26040247082710266,0.3377106487751007,0.017323635125349512,0.2041461907893679,0.1365785046862704,0.041675667213809005,0.7886583805084229,383,0.2956714630126953,0.38797932863235474,0.07577196542463771,0.30066363115805106,0.2362967704713735,0.09039861910114458,1.040918231010437,1,0.7886583805084229,179761,3747661,3063361,2,"[""branched.branched_layer_1.weight"", ""branched.branched_layer_1.bias"", ""branched.branched_layer_2.weight"", ""branched.branched_layer_2.bias"", ""branched.branched_layer_3.weight"", ""branched.branched_layer_3.bias"", ""output.weight"", ""output.bias""]","[""conv3.conv.weight"", ""conv3.conv.bias"", ""conv3.bn_layer.weight"", ""conv3.bn_layer.bias"", ""linear1.linear.weight"", ""linear1.linear.bias"", ""linear1.bn_layer.weight"", ""linear1.bn_layer.bias"", ""branched.branched_layer_1.weight"", ""branched.branched_layer_1.bias"", ""branched.branched_layer_2.weight"", ""branched.branched_layer_2.bias"", ""branched.branched_layer_3.weight"", ""branched.branched_layer_3.bias"", ""output.weight"", ""output.bias""]",0,0,0,0,179620,141,0,0,0,280600,2603000,179620,141,0
20260414T220505Z_fe14746b,19,random_all_per_seed,all_rows,7,719203,719203,719203,False,False,0.1,0.1,e749d923ec422f4e9585fafb01f5ecd5ad938df3ddbd0bb71ac99303ee9e50fa,b0c6175bfc15047131416b9da64bb2cb3fc428a1cef9486a2cc5173235f866bb,3ca99a39f2f8ee987e87b32207e9c91500b2f4159a741abfc9982d5f0c4932bd,HepG2,1,B3_with_RC_weighted_bcap_8,True,True,8.0,0.1,1,3063,1.0,conv3_plus,random,3063,972,2091,972,2091,0.31733594515181196,383,383,0.0005,0.0001,0.0001,3063,0.25960683822631836,0.3401363790035248,0.2091987936562073,0.46327646800456923,0.3628249643616407,0.21462508580678866,0.7905429601669312,383,0.25796616077423096,0.3301179111003876,0.21919428328757495,0.47410693893870737,0.2963438500674151,0.2247773895498312,0.7446592450141907,383,0.25123822689056396,0.33363550901412964,0.11908503351064215,0.3485217709452614,0.2906131807101227,0.12146742482282123,0.7606132626533508,3,0.7446592450141907,179761,3747661,3063361,2,"[""branched.branched_layer_1.weight"", ""branched.branched_layer_1.bias"", ""branched.branched_layer_2.weight"", ""branched.branched_layer_2.bias"", ""branched.branched_layer_3.weight"", ""branched.branched_layer_3.bias"", ""output.weight"", ""output.bias""]","[""conv3.conv.weight"", ""conv3.conv.bias"", ""conv3.bn_layer.weight"", ""conv3.bn_layer.bias"", ""linear1.linear.weight"", ""linear1.linear.bias"", ""linear1.bn_layer.weight"", ""linear1.bn_layer.bias"", ""branched.branched_layer_1.weight"", ""branched.branched_layer_1.bias"", ""branched.branched_layer_2.weight"", ""branched.branched_layer_2.bias"", ""branched.branched_layer_3.weight"", ""branched.branched_layer_3.bias"", ""output.weight"", ""output.bias""]",0,0,0,0,179620,141,0,0,0,280600,2603000,179620,141,0
20260414T220505Z_fe14746b,23,random_all_per_seed,all_rows,7,723239,723239,723239,False,False,0.1,0.1,13ab0f6315aefa701430d3c6d72aabbac7d8c14bbd495bef999f60f53d37b30d,e458c253f91c63ca9a967c6fa4d0ab9cc52faa8ba7794e12b09a2f25a2869c9b,e651fb131205a5d9c63fd1d1ecf15ac7ac31e5181706fbf3e757de8449fba204,HepG2,1,B3_with_RC_weighted_bcap_8,True,True,8.0,0.1,1,3063,1.0,conv3_plus,random,3063,967,2096,967,2096,0.3157035586026771,383,383,0.0005,0.0001,0.0001,3063,0.2632316052913666,0.3432316482067108,0.18178332463853986,0.42753242592021146,0.32557184522176646,0.1827839752132211,0.8179494738578796,383,0.26510265469551086,0.3549138307571411,0.08728480285304285,0.30017232676184985,0.24833562559037364,0.09010342575362276,0.8745763301849365,383,0.27549001574516296,0.36030611395835876,0.11250626002412434,0.34044760608553243,0.2376399698097133,0.11590457248936986,0.9013534784317017,2,0.8745763301849365,179761,3747661,3063361,2,"[""branched.branched_layer_1.weight"", ""branched.branched_layer_1.bias"", ""branched.branched_layer_2.weight"", ""branched.branched_layer_2.bias"", ""branched.branched_layer_3.weight"", ""branched.branched_layer_3.bias"", ""output.weight"", ""output.bias""]","[""conv3.conv.weight"", ""conv3.conv.bias"", ""conv3.bn_layer.weight"", ""conv3.bn_layer.bias"", ""linear1.linear.weight"", ""linear1.linear.bias"", ""linear1.bn_layer.weight"", ""linear1.bn_layer.bias"", ""branched.branched_layer_1.weight"", ""branched.branched_layer_1.bias"", ""branched.branched_layer_2.weight"", ""branched.branched_layer_2.bias"", ""branched.branched_layer_3.weight"", ""branched.branched_layer_3.bias"", ""output.weight"", ""output.bias""]",0,0,0,0,179620,141,0,0,0,280600,2603000,179620,141,0
20260414T220505Z_fe14746b,31,random_all_per_seed,all_rows,7,731311,731311,731311,False,False,0.1,0.1,399d8048139dad18f085378ecdd6bc241c21c7bdfccf442a2b187df7b6daa383,0584dd818218833228e343b6fa1df680f9194b9f11e5f570a45a30905d139e17,27306d05049ecb6e9137a41b7d192b6574e2d4876a1af2e57e67cc9df35420c3,HepG2,1,B3_with_RC_weighted_bcap_8,True,True,8.0,0.1,1,3063,1.0,conv3_plus,random,3063,989,2074,989,2074,0.3228860594188704,383,383,0.0005,0.0001,0.0001,3063,0.2548544108867645,0.3337719142436981,0.22878111731257877,0.48340001620645084,0.37448922220317754,0.23367557566839695,0.7709671854972839,383,0.27369388937950134,0.3624713718891144,0.05378467308683288,0.27303275899043183,0.21533108311758148,0.07454688748192724,0.9092509150505066,383,0.2679229974746704,0.3480074107646942,0.13896586114177256,0.37929385213838956,0.25849419706580573,0.14386382626997854,0.8381337523460388,3,0.9092509150505066,179761,3747661,3063361,2,"[""branched.branched_layer_1.weight"", ""branched.branched_layer_1.bias"", ""branched.branched_layer_2.weight"", ""branched.branched_layer_2.bias"", ""branched.branched_layer_3.weight"", ""branched.branched_layer_3.bias"", ""output.weight"", ""output.bias""]","[""conv3.conv.weight"", ""conv3.conv.bias"", ""conv3.bn_layer.weight"", ""conv3.bn_layer.bias"", ""linear1.linear.weight"", ""linear1.linear.bias"", ""linear1.bn_layer.weight"", ""linear1.bn_layer.bias"", ""branched.branched_layer_1.weight"", ""branched.branched_layer_1.bias"", ""branched.branched_layer_2.weight"", ""branched.branched_layer_2.bias"", ""branched.branched_layer_3.weight"", ""branched.branched_layer_3.bias"", ""output.weight"", ""output.bias""]",0,0,0,0,179620,141,0,0,0,280600,2603000,179620,141,0
20260414T220505Z_fe14746b,17,random_all_per_seed,all_rows,7,717185,717185,717185,False,False,0.1,0.1,d20de91f4b455148159ffd14b15eca3b322f00e6bd4570610b1fd92d56691f0d,09700ad8a87e01fddb78e1e19347ac15933ccd3442ae763be67b580da0d6acf2,165d865a5469b007379d19d8eddb5ccdcd8811d96d30294e5b7d188c27387d3a,K562,0,B3_with_RC_weighted_bcap_8,True,True,8.0,0.1,1,3063,1.0,conv3_plus,random,3063,983,2080,983,2080,0.32092719555990856,383,383,0.0005,0.0001,0.0001,3063,0.2746032774448395,0.3596927523612976,0.1050379713858608,0.33074074526744135,0.26410970077373475,0.10938944058006253,0.8946698307991028,383,0.25847673416137695,0.3380957543849945,0.01508127638605472,0.1927362284680543,0.12995864997941772,0.037147253764090025,0.7904579639434814,383,0.30210769176483154,0.3906996548175812,0.06276614884509268,0.259450440936965,0.19819722270424972,0.06731453130238557,1.0555661916732788,0,0.7904579639434814,179761,3747661,3063361,2,"[""branched.branched_layer_1.weight"", ""branched.branched_layer_1.bias"", ""branched.branched_layer_2.weight"", ""branched.branched_layer_2.bias"", ""branched.branched_layer_3.weight"", ""branched.branched_layer_3.bias"", ""output.weight"", ""output.bias""]","[""conv3.conv.weight"", ""conv3.conv.bias"", ""conv3.bn_layer.weight"", ""conv3.bn_layer.bias"", ""linear1.linear.weight"", ""linear1.linear.bias"", ""linear1.bn_layer.weight"", ""linear1.bn_layer.bias"", ""branched.branched_layer_1.weight"", ""branched.branched_layer_1.bias"", ""branched.branched_layer_2.weight"", ""branched.branched_layer_2.bias"", ""branched.branched_layer_3.weight"", ""branched.branched_layer_3.bias"", ""output.weight"", ""output.bias""]",0,0,0,0,179620,141,0,0,0,280600,2603000,179620,141,0
20260414T220505Z_fe14746b,19,random_all_per_seed,all_rows,7,719203,719203,719203,False,False,0.1,0.1,e749d923ec422f4e9585fafb01f5ecd5ad938df3ddbd0bb71ac99303ee9e50fa,b0c6175bfc15047131416b9da64bb2cb3fc428a1cef9486a2cc5173235f866bb,3ca99a39f2f8ee987e87b32207e9c91500b2f4159a741abfc9982d5f0c4932bd,K562,0,B3_with_RC_weighted_bcap_8,True,True,8.0,0.1,1,3063,1.0,conv3_plus,random,3063,972,2091,972,2091,0.31733594515181196,383,383,0.0005,0.0001,0.0001,3063,0.2498556524515152,0.32899209856987,0.2601697064528933,0.5178636958658942,0.41614436155311646,0.26818280749588336,0.739588737487793,383,0.2557653784751892,0.32849931716918945,0.22683214243483363,0.47654199456065055,0.29640194920774976,0.2270922725798431,0.7373749017715454,383,0.254392147064209,0.33552277088165283,0.1090908001724008,0.34826465786063515,0.28293745004844845,0.12128827191478526,0.7692426443099976,4,0.7373749017715454,179761,3747661,3063361,2,"[""branched.branched_layer_1.weight"", ""branched.branched_layer_1.bias"", ""branched.branched_layer_2.weight"", ""branched.branched_layer_2.bias"", ""branched.branched_layer_3.weight"", ""branched.branched_layer_3.bias"", ""output.weight"", ""output.bias""]","[""conv3.conv.weight"", ""conv3.conv.bias"", ""conv3.bn_layer.weight"", ""conv3.bn_layer.bias"", ""linear1.linear.weight"", ""linear1.linear.bias"", ""linear1.bn_layer.weight"", ""linear1.bn_layer.bias"", ""branched.branched_layer_1.weight"", ""branched.branched_layer_1.bias"", ""branched.branched_layer_2.weight"", ""branched.branched_layer_2.bias"", ""branched.branched_layer_3.weight"", ""branched.branched_layer_3.bias"", ""output.weight"", ""output.bias""]",0,0,0,0,179620,141,0,0,0,280600,2603000,179620,141,0
20260414T220505Z_fe14746b,23,random_all_per_seed,all_rows,7,723239,723239,723239,False,False,0.1,0.1,13ab0f6315aefa701430d3c6d72aabbac7d8c14bbd495bef999f60f53d37b30d,e458c253f91c63ca9a967c6fa4d0ab9cc52faa8ba7794e12b09a2f25a2869c9b,e651fb131205a5d9c63fd1d1ecf15ac7ac31e5181706fbf3e757de8449fba204,K562,0,B3_with_RC_weighted_bcap_8,True,True,8.0,0.1,1,3063,1.0,conv3_plus,random,3063,967,2096,967,2096,0.3157035586026771,383,383,0.0005,0.0001,0.0001,3063,0.2554502487182617,0.3336116373538971,0.22700607708285625,0.4804529368167606,0.36858879254122545,0.23083502449585017,0.7727414965629578,383,0.26429224014282227,0.35372334718704224,0.09339758972844536,0.3112462739290863,0.2579902872115857,0.09687424303473985,0.8687189817428589,383,0.2747265696525574,0.35944664478302,0.11673526166475279,0.34746951611853466,0.23330386184488403,0.12073506463164861,0.8970584869384766,3,0.8687189817428589,179761,3747661,3063361,2,"[""branched.branched_layer_1.weight"", ""branched.branched_layer_1.bias"", ""branched.branched_layer_2.weight"", ""branched.branched_layer_2.bias"", ""branched.branched_layer_3.weight"", ""branched.branched_layer_3.bias"", ""output.weight"", ""output.bias""]","[""conv3.conv.weight"", ""conv3.conv.bias"", ""conv3.bn_layer.weight"", ""conv3.bn_layer.bias"", ""linear1.linear.weight"", ""linear1.linear.bias"", ""linear1.bn_layer.weight"", ""linear1.bn_layer.bias"", ""branched.branched_layer_1.weight"", ""branched.branched_layer_1.bias"", ""branched.branched_layer_2.weight"", ""branched.branched_layer_2.bias"", ""branched.branched_layer_3.weight"", ""branched.branched_layer_3.bias"", ""output.weight"", ""output.bias""]",0,0,0,0,179620,141,0,0,0,280600,2603000,179620,141,0
20260414T220505Z_fe14746b,31,random_all_per_seed,all_rows,7,731311,731311,731311,False,False,0.1,0.1,399d8048139dad18f085378ecdd6bc241c21c7bdfccf442a2b187df7b6daa383,0584dd818218833228e343b6fa1df680f9194b9f11e5f570a45a30905d139e17,27306d05049ecb6e9137a41b7d192b6574e2d4876a1af2e57e67cc9df35420c3,K562,0,B3_with_RC_weighted_bcap_8,True,True,8.0,0.1,1,3063,1.0,conv3_plus,random,3063,989,2074,989,2074,0.3228860594188704,383,383,0.0005,0.0001,0.0001,3063,0.26306578516960144,0.34381192922592163,0.18168606656201114,0.43312707267337314,0.3331788294603868,0.18759906108260546,0.8180468678474426,383,0.273849755525589,0.3622245788574219,0.05507273759148512,0.26124044384576345,0.21337062182558222,0.06824656950073149,0.9080131649971008,383,0.2684595584869385,0.3499263823032379,0.12944396150905835,0.36560027469857775,0.2558386132549774,0.1336635608596755,0.8474023938179016,2,0.9080131649971008,179761,3747661,3063361,2,"[""branched.branched_layer_1.weight"", ""branched.branched_layer_1.bias"", ""branched.branched_layer_2.weight"", ""branched.branched_layer_2.bias"", ""branched.branched_layer_3.weight"", ""branched.branched_layer_3.bias"", ""output.weight"", ""output.bias""]","[""conv3.conv.weight"", ""conv3.conv.bias"", ""conv3.bn_layer.weight"", ""conv3.bn_layer.bias"", ""linear1.linear.weight"", ""linear1.linear.bias"", ""linear1.bn_layer.weight"", ""linear1.bn_layer.bias"", ""branched.branched_layer_1.weight"", ""branched.branched_layer_1.bias"", ""branched.branched_layer_2.weight"", ""branched.branched_layer_2.bias"", ""branched.branched_layer_3.weight"", ""branched.branched_layer_3.bias"", ""output.weight"", ""output.bias""]",0,0,0,0,179620,141,0,0,0,280600,2603000,179620,141,0
20260414T220505Z_fe14746b,17,random_all_per_seed,all_rows,7,717185,717185,717185,False,False,0.1,0.1,d20de91f4b455148159ffd14b15eca3b322f00e6bd4570610b1fd92d56691f0d,09700ad8a87e01fddb78e1e19347ac15933ccd3442ae763be67b580da0d6acf2,165d865a5469b007379d19d8eddb5ccdcd8811d96d30294e5b7d188c27387d3a,SKNSH,2,B3_with_RC_weighted_bcap_8,True,True,8.0,0.1,1,3063,1.0,conv3_plus,random,3063,983,2080,983,2080,0.32092719555990856,383,383,0.0005,0.0001,0.0001,3063,0.27605870366096497,0.36219164729118347,0.09255968975044815,0.3138036804112411,0.2603549873546464,0.09847274983964036,0.9071440100669861,383,0.2622239589691162,0.34081974625587463,-0.0008533818861626852,0.14402377112337833,0.11802755375174538,0.020742846648599267,0.8032465577125549,383,0.2986871302127838,0.39056330919265747,0.06342012724631552,0.26650516224356235,0.22606289956788025,0.07102500150246749,1.054829478263855,0,0.8032465577125549,179761,3747661,3063361,2,"[""branched.branched_layer_1.weight"", ""branched.branched_layer_1.bias"", ""branched.branched_layer_2.weight"", ""branched.branched_layer_2.bias"", ""branched.branched_layer_3.weight"", ""branched.branched_layer_3.bias"", ""output.weight"", ""output.bias""]","[""conv3.conv.weight"", ""conv3.conv.bias"", ""conv3.bn_layer.weight"", ""conv3.bn_layer.bias"", ""linear1.linear.weight"", ""linear1.linear.bias"", ""linear1.bn_layer.weight"", ""linear1.bn_layer.bias"", ""branched.branched_layer_1.weight"", ""branched.branched_layer_1.bias"", ""branched.branched_layer_2.weight"", ""branched.branched_layer_2.bias"", ""branched.branched_layer_3.weight"", ""branched.branched_layer_3.bias"", ""output.weight"", ""output.bias""]",0,0,0,0,179620,141,0,0,0,280600,2603000,179620,141,0
20260414T220505Z_fe14746b,19,random_all_per_seed,all_rows,7,719203,719203,719203,False,False,0.1,0.1,e749d923ec422f4e9585fafb01f5ecd5ad938df3ddbd0bb71ac99303ee9e50fa,b0c6175bfc15047131416b9da64bb2cb3fc428a1cef9486a2cc5173235f866bb,3ca99a39f2f8ee987e87b32207e9c91500b2f4159a741abfc9982d5f0c4932bd,SKNSH,2,B3_with_RC_weighted_bcap_8,True,True,8.0,0.1,1,3063,1.0,conv3_plus,random,3063,972,2091,972,2091,0.31733594515181196,383,383,0.0005,0.0001,0.0001,3063,0.24919365346431732,0.3278943598270416,0.2650985704700747,0.5242985230535941,0.40978011198973663,0.2748889412761802,0.7346615195274353,383,0.2575637996196747,0.33135223388671875,0.21334446673392282,0.4631163545784767,0.29059107397527256,0.21447675787805737,0.750238299369812,383,0.2543085813522339,0.3363015353679657,0.10495024874837589,0.3415495246607309,0.2891705235544542,0.11665607779597123,0.772817850112915,4,0.750238299369812,179761,3747661,3063361,2,"[""branched.branched_layer_1.weight"", ""branched.branched_layer_1.bias"", ""branched.branched_layer_2.weight"", ""branched.branched_layer_2.bias"", ""branched.branched_layer_3.weight"", ""branched.branched_layer_3.bias"", ""output.weight"", ""output.bias""]","[""conv3.conv.weight"", ""conv3.conv.bias"", ""conv3.bn_layer.weight"", ""conv3.bn_layer.bias"", ""linear1.linear.weight"", ""linear1.linear.bias"", ""linear1.bn_layer.weight"", ""linear1.bn_layer.bias"", ""branched.branched_layer_1.weight"", ""branched.branched_layer_1.bias"", ""branched.branched_layer_2.weight"", ""branched.branched_layer_2.bias"", ""branched.branched_layer_3.weight"", ""branched.branched_layer_3.bias"", ""output.weight"", ""output.bias""]",0,0,0,0,179620,141,0,0,0,280600,2603000,179620,141,0
20260414T220505Z_fe14746b,23,random_all_per_seed,all_rows,7,723239,723239,723239,False,False,0.1,0.1,13ab0f6315aefa701430d3c6d72aabbac7d8c14bbd495bef999f60f53d37b30d,e458c253f91c63ca9a967c6fa4d0ab9cc52faa8ba7794e12b09a2f25a2869c9b,e651fb131205a5d9c63fd1d1ecf15ac7ac31e5181706fbf3e757de8449fba204,SKNSH,2,B3_with_RC_weighted_bcap_8,True,True,8.0,0.1,1,3063,1.0,conv3_plus,random,3063,967,2096,967,2096,0.3157035586026771,383,383,0.0005,0.0001,0.0001,3063,0.24496427178382874,0.32050833106040955,0.2865354842723191,0.536062407781975,0.4089119258014276,0.28736290503700845,0.7132314443588257,383,0.2658521234989166,0.35669079422950745,0.07812251467989728,0.3070584311213964,0.24536115677607745,0.09428488012273334,0.8833559155464172,383,0.27759531140327454,0.36150556802749634,0.10658746892117188,0.3448520436194575,0.24285387263569852,0.11892293198851621,0.9073647260665894,4,0.8833559155464172,179761,3747661,3063361,2,"[""branched.branched_layer_1.weight"", ""branched.branched_layer_1.bias"", ""branched.branched_layer_2.weight"", ""branched.branched_layer_2.bias"", ""branched.branched_layer_3.weight"", ""branched.branched_layer_3.bias"", ""output.weight"", ""output.bias""]","[""conv3.conv.weight"", ""conv3.conv.bias"", ""conv3.bn_layer.weight"", ""conv3.bn_layer.bias"", ""linear1.linear.weight"", ""linear1.linear.bias"", ""linear1.bn_layer.weight"", ""linear1.bn_layer.bias"", ""branched.branched_layer_1.weight"", ""branched.branched_layer_1.bias"", ""branched.branched_layer_2.weight"", ""branched.branched_layer_2.bias"", ""branched.branched_layer_3.weight"", ""branched.branched_layer_3.bias"", ""output.weight"", ""output.bias""]",0,0,0,0,179620,141,0,0,0,280600,2603000,179620,141,0
20260414T220505Z_fe14746b,31,random_all_per_seed,all_rows,7,731311,731311,731311,False,False,0.1,0.1,399d8048139dad18f085378ecdd6bc241c21c7bdfccf442a2b187df7b6daa383,0584dd818218833228e343b6fa1df680f9194b9f11e5f570a45a30905d139e17,27306d05049ecb6e9137a41b7d192b6574e2d4876a1af2e57e67cc9df35420c3,SKNSH,2,B3_with_RC_weighted_bcap_8,True,True,8.0,0.1,1,3063,1.0,conv3_plus,random,3063,989,2074,989,2074,0.3228860594188704,383,383,0.0005,0.0001,0.0001,3063,0.2648804485797882,0.3465334177017212,0.1686798368918967,0.42838903259009564,0.33407574506267657,0.18351716324347803,0.8310487866401672,383,0.2756288945674896,0.36313313245773315,0.05032668936793383,0.26914422335727345,0.20551606719507973,0.0724386129665899,0.9125737547874451,383,0.2666437327861786,0.348539799451828,0.13632947296595688,0.3750456562210941,0.27062209293575284,0.1406592442503111,0.8406999707221985,2,0.9125737547874451,179761,3747661,3063361,2,"[""branched.branched_layer_1.weight"", ""branched.branched_layer_1.bias"", ""branched.branched_layer_2.weight"", ""branched.branched_layer_2.bias"", ""branched.branched_layer_3.weight"", ""branched.branched_layer_3.bias"", ""output.weight"", ""output.bias""]","[""conv3.conv.weight"", ""conv3.conv.bias"", ""conv3.bn_layer.weight"", ""conv3.bn_layer.bias"", ""linear1.linear.weight"", ""linear1.linear.bias"", ""linear1.bn_layer.weight"", ""linear1.bn_layer.bias"", ""branched.branched_layer_1.weight"", ""branched.branched_layer_1.bias"", ""branched.branched_layer_2.weight"", ""branched.branched_layer_2.bias"", ""branched.branched_layer_3.weight"", ""branched.branched_layer_3.bias"", ""output.weight"", ""output.bias""]",0,0,0,0,179620,141,0,0,0,280600,2603000,179620,141,0
20260414T220505Z_fe14746b,17,random_all_per_seed,all_rows,7,717185,717185,717185,False,False,0.1,0.1,fd2ed1f7a2f865a02b437eb807b01700163c4e7b5b3d25f1fd6719b606e9feb3,09700ad8a87e01fddb78e1e19347ac15933ccd3442ae763be67b580da0d6acf2,165d865a5469b007379d19d8eddb5ccdcd8811d96d30294e5b7d188c27387d3a,HepG2,1,B3_with_RC_weighted_bcap_8,True,True,8.0,0.1,1,2297,0.7499183806725432,full,random,3063,983,2080,728,1569,0.3169351327818894,383,383,0.0005,0.0001,0.0001,2297,0.28105470538139343,0.3690623342990875,0.09077088336053674,0.3112498344981425,0.2682453685246284,0.09687645947512108,0.9088332056999207,383,0.2620692551136017,0.34000080823898315,0.003950581430773981,0.1639111069067615,0.12694178021045843,0.026866850967399797,0.7713377475738525,383,0.29853764176368713,0.3909224569797516,0.0616969363551938,0.25725815674417496,0.21520381649735804,0.06618175921141049,1.0196847915649414,0,0.7713377475738525,179761,3747661,3747661,2,"[""branched.branched_layer_1.weight"", ""branched.branched_layer_1.bias"", ""branched.branched_layer_2.weight"", ""branched.branched_layer_2.bias"", ""branched.branched_layer_3.weight"", ""branched.branched_layer_3.bias"", ""output.weight"", ""output.bias""]","[""conv1.conv.weight"", ""conv1.conv.bias"", ""conv1.bn_layer.weight"", ""conv1.bn_layer.bias"", ""conv2.conv.weight"", ""conv2.conv.bias"", ""conv2.bn_layer.weight"", ""conv2.bn_layer.bias"", ""conv3.conv.weight"", ""conv3.conv.bias"", ""conv3.bn_layer.weight"", ""conv3.bn_layer.bias"", ""linear1.linear.weight"", ""linear1.linear.bias"", ""linear1.bn_layer.weight"", ""linear1.bn_layer.bias"", ""branched.branched_layer_1.weight"", ""branched.branched_layer_1.bias"", ""branched.branched_layer_2.weight"", ""branched.branched_layer_2.bias"", ""branched.branched_layer_3.weight"", ""branched.branched_layer_3.bias"", ""output.weight"", ""output.bias""]",0,0,0,0,179620,141,0,23700,660600,280600,2603000,179620,141,0
20260414T220505Z_fe14746b,19,random_all_per_seed,all_rows,7,719203,719203,719203,False,False,0.1,0.1,d10f09aa265bab71343f680e34f2eb30e8cd4527aa6a1ca50685490c50e26cf1,b0c6175bfc15047131416b9da64bb2cb3fc428a1cef9486a2cc5173235f866bb,3ca99a39f2f8ee987e87b32207e9c91500b2f4159a741abfc9982d5f0c4932bd,HepG2,1,B3_with_RC_weighted_bcap_8,True,True,8.0,0.1,1,2297,0.7499183806725432,full,random,3063,972,2091,733,1564,0.31911188506747934,383,383,0.0005,0.0001,0.0001,2297,0.22700831294059753,0.3071690499782562,0.36926681118426985,0.6165400632639003,0.5239377799362693,0.3801216496094542,0.6304585933685303,383,0.25803741812705994,0.3332175314426422,0.2044627704855082,0.457689641269885,0.29092268763471935,0.209479807725756,0.7419204115867615,383,0.2609409987926483,0.3389228582382202,0.09094284131527808,0.34997666373322894,0.27952680045989436,0.1224836651578416,0.7675440311431885,3,0.7419204115867615,179761,3747661,3747661,2,"[""branched.branched_layer_1.weight"", ""branched.branched_layer_1.bias"", ""branched.branched_layer_2.weight"", ""branched.branched_layer_2.bias"", ""branched.branched_layer_3.weight"", ""branched.branched_layer_3.bias"", ""output.weight"", ""output.bias""]","[""conv1.conv.weight"", ""conv1.conv.bias"", ""conv1.bn_layer.weight"", ""conv1.bn_layer.bias"", ""conv2.conv.weight"", ""conv2.conv.bias"", ""conv2.bn_layer.weight"", ""conv2.bn_layer.bias"", ""conv3.conv.weight"", ""conv3.conv.bias"", ""conv3.bn_layer.weight"", ""conv3.bn_layer.bias"", ""linear1.linear.weight"", ""linear1.linear.bias"", ""linear1.bn_layer.weight"", ""linear1.bn_layer.bias"", ""branched.branched_layer_1.weight"", ""branched.branched_layer_1.bias"", ""branched.branched_layer_2.weight"", ""branched.branched_layer_2.bias"", ""branched.branched_layer_3.weight"", ""branched.branched_layer_3.bias"", ""output.weight"", ""output.bias""]",0,0,0,0,179620,141,0,23700,660600,280600,2603000,179620,141,0
20260414T220505Z_fe14746b,23,random_all_per_seed,all_rows,7,723239,723239,723239,False,False,0.1,0.1,31a2235bdd32c79f9bbcf57fc47adfc274d10761b654866ae9cb9911c3fafcdd,e458c253f91c63ca9a967c6fa4d0ab9cc52faa8ba7794e12b09a2f25a2869c9b,e651fb131205a5d9c63fd1d1ecf15ac7ac31e5181706fbf3e757de8449fba204,HepG2,1,B3_with_RC_weighted_bcap_8,True,True,8.0,0.1,1,2297,0.7499183806725432,full,random,3063,967,2096,716,1581,0.31171092729647365,383,383,0.0005,0.0001,0.0001,2297,0.247027188539505,0.3243546485900879,0.2581406699981076,0.5202840603095769,0.40231116566458397,0.27069550341221943,0.7415363788604736,383,0.2652812600135803,0.35415905714035034,0.09116280432586787,0.3077536639832795,0.24183807259292484,0.09471231769513332,0.8840746283531189,383,0.27554792165756226,0.36027464270591736,0.11266130094791493,0.3426686350357979,0.23195603715236812,0.11742179343729688,0.9148706197738647,2,0.8840746283531189,179761,3747661,3747661,2,"[""branched.branched_layer_1.weight"", ""branched.branched_layer_1.bias"", ""branched.branched_layer_2.weight"", ""branched.branched_layer_2.bias"", ""branched.branched_layer_3.weight"", ""branched.branched_layer_3.bias"", ""output.weight"", ""output.bias""]","[""conv1.conv.weight"", ""conv1.conv.bias"", ""conv1.bn_layer.weight"", ""conv1.bn_layer.bias"", ""conv2.conv.weight"", ""conv2.conv.bias"", ""conv2.bn_layer.weight"", ""conv2.bn_layer.bias"", ""conv3.conv.weight"", ""conv3.conv.bias"", ""conv3.bn_layer.weight"", ""conv3.bn_layer.bias"", ""linear1.linear.weight"", ""linear1.linear.bias"", ""linear1.bn_layer.weight"", ""linear1.bn_layer.bias"", ""branched.branched_layer_1.weight"", ""branched.branched_layer_1.bias"", ""branched.branched_layer_2.weight"", ""branched.branched_layer_2.bias"", ""branched.branched_layer_3.weight"", ""branched.branched_layer_3.bias"", ""output.weight"", ""output.bias""]",0,0,0,0,179620,141,0,23700,660600,280600,2603000,179620,141,0
20260414T220505Z_fe14746b,31,random_all_per_seed,all_rows,7,731311,731311,731311,False,False,0.1,0.1,7ed9f1e71cff080acfd2b40dc86b6782e03711f552c9029ae842ca8d03bd429d,0584dd818218833228e343b6fa1df680f9194b9f11e5f570a45a30905d139e17,27306d05049ecb6e9137a41b7d192b6574e2d4876a1af2e57e67cc9df35420c3,HepG2,1,B3_with_RC_weighted_bcap_8,True,True,8.0,0.1,1,2297,0.7499183806725432,full,random,3063,989,2074,734,1563,0.3195472355245973,383,383,0.0005,0.0001,0.0001,2297,0.24653784930706024,0.32659029960632324,0.2705636626368706,0.5297019792648486,0.41803767917301315,0.2805841868370981,0.7291187644004822,383,0.27567732334136963,0.36381250619888306,0.04676986102646907,0.26876837257481545,0.21079957232229726,0.07223643809651481,0.9047881960868835,383,0.2637539803981781,0.3437774181365967,0.15977025021717928,0.40113306868851634,0.29748284525195573,0.16090773879546597,0.8078791499137878,2,0.9047881960868835,179761,3747661,3747661,2,"[""branched.branched_layer_1.weight"", ""branched.branched_layer_1.bias"", ""branched.branched_layer_2.weight"", ""branched.branched_layer_2.bias"", ""branched.branched_layer_3.weight"", ""branched.branched_layer_3.bias"", ""output.weight"", ""output.bias""]","[""conv1.conv.weight"", ""conv1.conv.bias"", ""conv1.bn_layer.weight"", ""conv1.bn_layer.bias"", ""conv2.conv.weight"", ""conv2.conv.bias"", ""conv2.bn_layer.weight"", ""conv2.bn_layer.bias"", ""conv3.conv.weight"", ""conv3.conv.bias"", ""conv3.bn_layer.weight"", ""conv3.bn_layer.bias"", ""linear1.linear.weight"", ""linear1.linear.bias"", ""linear1.bn_layer.weight"", ""linear1.bn_layer.bias"", ""branched.branched_layer_1.weight"", ""branched.branched_layer_1.bias"", ""branched.branched_layer_2.weight"", ""branched.branched_layer_2.bias"", ""branched.branched_layer_3.weight"", ""branched.branched_layer_3.bias"", ""output.weight"", ""output.bias""]",0,0,0,0,179620,141,0,23700,660600,280600,2603000,179620,141,0
20260414T220505Z_fe14746b,17,random_all_per_seed,all_rows,7,717185,717185,717185,False,False,0.1,0.1,fd2ed1f7a2f865a02b437eb807b01700163c4e7b5b3d25f1fd6719b606e9feb3,09700ad8a87e01fddb78e1e19347ac15933ccd3442ae763be67b580da0d6acf2,165d865a5469b007379d19d8eddb5ccdcd8811d96d30294e5b7d188c27387d3a,K562,0,B3_with_RC_weighted_bcap_8,True,True,8.0,0.1,1,2297,0.7499183806725432,full,random,3063,983,2080,728,1569,0.3169351327818894,383,383,0.0005,0.0001,0.0001,2297,0.2798999845981598,0.36811137199401855,0.0954503964868354,0.3187650032502199,0.268271582078351,0.1016111272971127,0.9041557312011719,383,0.25878867506980896,0.3380213975906372,0.015514317918393528,0.18976161447091883,0.12500625448039437,0.03600947032660963,0.7623828649520874,383,0.3043934106826782,0.393199622631073,0.05073359449254056,0.23538649106571502,0.19715927914163903,0.05540680017622994,1.0315990447998047,0,0.7623828649520874,179761,3747661,3747661,2,"[""branched.branched_layer_1.weight"", ""branched.branched_layer_1.bias"", ""branched.branched_layer_2.weight"", ""branched.branched_layer_2.bias"", ""branched.branched_layer_3.weight"", ""branched.branched_layer_3.bias"", ""output.weight"", ""output.bias""]","[""conv1.conv.weight"", ""conv1.conv.bias"", ""conv1.bn_layer.weight"", ""conv1.bn_layer.bias"", ""conv2.conv.weight"", ""conv2.conv.bias"", ""conv2.bn_layer.weight"", ""conv2.bn_layer.bias"", ""conv3.conv.weight"", ""conv3.conv.bias"", ""conv3.bn_layer.weight"", ""conv3.bn_layer.bias"", ""linear1.linear.weight"", ""linear1.linear.bias"", ""linear1.bn_layer.weight"", ""linear1.bn_layer.bias"", ""branched.branched_layer_1.weight"", ""branched.branched_layer_1.bias"", ""branched.branched_layer_2.weight"", ""branched.branched_layer_2.bias"", ""branched.branched_layer_3.weight"", ""branched.branched_layer_3.bias"", ""output.weight"", ""output.bias""]",0,0,0,0,179620,141,0,23700,660600,280600,2603000,179620,141,0
20260414T220505Z_fe14746b,19,random_all_per_seed,all_rows,7,719203,719203,719203,False,False,0.1,0.1,d10f09aa265bab71343f680e34f2eb30e8cd4527aa6a1ca50685490c50e26cf1,b0c6175bfc15047131416b9da64bb2cb3fc428a1cef9486a2cc5173235f866bb,3ca99a39f2f8ee987e87b32207e9c91500b2f4159a741abfc9982d5f0c4932bd,K562,0,B3_with_RC_weighted_bcap_8,True,True,8.0,0.1,1,2297,0.7499183806725432,full,random,3063,972,2091,733,1564,0.31911188506747934,383,383,0.0005,0.0001,0.0001,2297,0.2287445366382599,0.3088681697845459,0.36226967062917736,0.6025250289179623,0.4936153536123904,0.36303641047259133,0.6374526619911194,383,0.2593041956424713,0.3322828710079193,0.20891946094112435,0.4692844992600289,0.302197872455582,0.22022794124573608,0.7377639412879944,383,0.2590181529521942,0.33847159147262573,0.09336190705301517,0.35723828068650665,0.2922497870362601,0.1276191891878513,0.7655014991760254,3,0.7377639412879944,179761,3747661,3747661,2,"[""branched.branched_layer_1.weight"", ""branched.branched_layer_1.bias"", ""branched.branched_layer_2.weight"", ""branched.branched_layer_2.bias"", ""branched.branched_layer_3.weight"", ""branched.branched_layer_3.bias"", ""output.weight"", ""output.bias""]","[""conv1.conv.weight"", ""conv1.conv.bias"", ""conv1.bn_layer.weight"", ""conv1.bn_layer.bias"", ""conv2.conv.weight"", ""conv2.conv.bias"", ""conv2.bn_layer.weight"", ""conv2.bn_layer.bias"", ""conv3.conv.weight"", ""conv3.conv.bias"", ""conv3.bn_layer.weight"", ""conv3.bn_layer.bias"", ""linear1.linear.weight"", ""linear1.linear.bias"", ""linear1.bn_layer.weight"", ""linear1.bn_layer.bias"", ""branched.branched_layer_1.weight"", ""branched.branched_layer_1.bias"", ""branched.branched_layer_2.weight"", ""branched.branched_layer_2.bias"", ""branched.branched_layer_3.weight"", ""branched.branched_layer_3.bias"", ""output.weight"", ""output.bias""]",0,0,0,0,179620,141,0,23700,660600,280600,2603000,179620,141,0
20260414T220505Z_fe14746b,23,random_all_per_seed,all_rows,7,723239,723239,723239,False,False,0.1,0.1,31a2235bdd32c79f9bbcf57fc47adfc274d10761b654866ae9cb9911c3fafcdd,e458c253f91c63ca9a967c6fa4d0ab9cc52faa8ba7794e12b09a2f25a2869c9b,e651fb131205a5d9c63fd1d1ecf15ac7ac31e5181706fbf3e757de8449fba204,K562,0,B3_with_RC_weighted_bcap_8,True,True,8.0,0.1,1,2297,0.7499183806725432,full,random,3063,967,2096,716,1581,0.31171092729647365,383,383,0.0005,0.0001,0.0001,2297,0.24809348583221436,0.3240366280078888,0.2595947090422951,0.5165561588127454,0.4068763271689431,0.26683026520737824,0.7400830388069153,383,0.2650354504585266,0.35217970609664917,0.1012931675293749,0.32205432972053366,0.2525506757032539,0.10371899129174221,0.8742202520370483,383,0.27465254068374634,0.3584834635257721,0.12146261399542235,0.354050376616291,0.24893392904776174,0.1253516691821375,0.9057961702346802,2,0.8742202520370483,179761,3747661,3747661,2,"[""branched.branched_layer_1.weight"", ""branched.branched_layer_1.bias"", ""branched.branched_layer_2.weight"", ""branched.branched_layer_2.bias"", ""branched.branched_layer_3.weight"", ""branched.branched_layer_3.bias"", ""output.weight"", ""output.bias""]","[""conv1.conv.weight"", ""conv1.conv.bias"", ""conv1.bn_layer.weight"", ""conv1.bn_layer.bias"", ""conv2.conv.weight"", ""conv2.conv.bias"", ""conv2.bn_layer.weight"", ""conv2.bn_layer.bias"", ""conv3.conv.weight"", ""conv3.conv.bias"", ""conv3.bn_layer.weight"", ""conv3.bn_layer.bias"", ""linear1.linear.weight"", ""linear1.linear.bias"", ""linear1.bn_layer.weight"", ""linear1.bn_layer.bias"", ""branched.branched_layer_1.weight"", ""branched.branched_layer_1.bias"", ""branched.branched_layer_2.weight"", ""branched.branched_layer_2.bias"", ""branched.branched_layer_3.weight"", ""branched.branched_layer_3.bias"", ""output.weight"", ""output.bias""]",0,0,0,0,179620,141,0,23700,660600,280600,2603000,179620,141,0
20260414T220505Z_fe14746b,31,random_all_per_seed,all_rows,7,731311,731311,731311,False,False,0.1,0.1,7ed9f1e71cff080acfd2b40dc86b6782e03711f552c9029ae842ca8d03bd429d,0584dd818218833228e343b6fa1df680f9194b9f11e5f570a45a30905d139e17,27306d05049ecb6e9137a41b7d192b6574e2d4876a1af2e57e67cc9df35420c3,K562,0,B3_with_RC_weighted_bcap_8,True,True,8.0,0.1,1,2297,0.7499183806725432,full,random,3063,989,2074,734,1563,0.3195472355245973,383,383,0.0005,0.0001,0.0001,2297,0.24574096500873566,0.32611751556396484,0.27267405389924926,0.5266122713923709,0.4207690421754631,0.2773204843810321,0.7270092368125916,383,0.2745310366153717,0.36442244052886963,0.0435708961262089,0.2724016105812215,0.20338109109859542,0.07420263744724344,0.9078245759010315,383,0.26758474111557007,0.34562644362449646,0.1507075640710802,0.3911056844879963,0.26255729903641317,0.15296365643882412,0.8165929317474365,2,0.9078245759010315,179761,3747661,3747661,2,"[""branched.branched_layer_1.weight"", ""branched.branched_layer_1.bias"", ""branched.branched_layer_2.weight"", ""branched.branched_layer_2.bias"", ""branched.branched_layer_3.weight"", ""branched.branched_layer_3.bias"", ""output.weight"", ""output.bias""]","[""conv1.conv.weight"", ""conv1.conv.bias"", ""conv1.bn_layer.weight"", ""conv1.bn_layer.bias"", ""conv2.conv.weight"", ""conv2.conv.bias"", ""conv2.bn_layer.weight"", ""conv2.bn_layer.bias"", ""conv3.conv.weight"", ""conv3.conv.bias"", ""conv3.bn_layer.weight"", ""conv3.bn_layer.bias"", ""linear1.linear.weight"", ""linear1.linear.bias"", ""linear1.bn_layer.weight"", ""linear1.bn_layer.bias"", ""branched.branched_layer_1.weight"", ""branched.branched_layer_1.bias"", ""branched.branched_layer_2.weight"", ""branched.branched_layer_2.bias"", ""branched.branched_layer_3.weight"", ""branched.branched_layer_3.bias"", ""output.weight"", ""output.bias""]",0,0,0,0,179620,141,0,23700,660600,280600,2603000,179620,141,0
20260414T220505Z_fe14746b,17,random_all_per_seed,all_rows,7,717185,717185,717185,False,False,0.1,0.1,fd2ed1f7a2f865a02b437eb807b01700163c4e7b5b3d25f1fd6719b606e9feb3,09700ad8a87e01fddb78e1e19347ac15933ccd3442ae763be67b580da0d6acf2,165d865a5469b007379d19d8eddb5ccdcd8811d96d30294e5b7d188c27387d3a,SKNSH,2,B3_with_RC_weighted_bcap_8,True,True,8.0,0.1,1,2297,0.7499183806725432,full,random,3063,983,2080,728,1569,0.3169351327818894,383,383,0.0005,0.0001,0.0001,2297,0.25100383162498474,0.3311629891395569,0.2679218151303193,0.5402976462753756,0.4304525719419447,0.29192154657071084,0.7317594885826111,383,0.2595600485801697,0.33882632851600647,0.010820030994308283,0.2220663616775996,0.13762375052416348,0.04931346898872648,0.7660182118415833,383,0.29012051224708557,0.37869590520858765,0.11947208153118272,0.35437885275764647,0.25257909382709626,0.12558437128182567,0.9568986892700195,2,0.7660182118415833,179761,3747661,3747661,2,"[""branched.branched_layer_1.weight"", ""branched.branched_layer_1.bias"", ""branched.branched_layer_2.weight"", ""branched.branched_layer_2.bias"", ""branched.branched_layer_3.weight"", ""branched.branched_layer_3.bias"", ""output.weight"", ""output.bias""]","[""conv1.conv.weight"", ""conv1.conv.bias"", ""conv1.bn_layer.weight"", ""conv1.bn_layer.bias"", ""conv2.conv.weight"", ""conv2.conv.bias"", ""conv2.bn_layer.weight"", ""conv2.bn_layer.bias"", ""conv3.conv.weight"", ""conv3.conv.bias"", ""conv3.bn_layer.weight"", ""conv3.bn_layer.bias"", ""linear1.linear.weight"", ""linear1.linear.bias"", ""linear1.bn_layer.weight"", ""linear1.bn_layer.bias"", ""branched.branched_layer_1.weight"", ""branched.branched_layer_1.bias"", ""branched.branched_layer_2.weight"", ""branched.branched_layer_2.bias"", ""branched.branched_layer_3.weight"", ""branched.branched_layer_3.bias"", ""output.weight"", ""output.bias""]",0,0,0,0,179620,141,0,23700,660600,280600,2603000,179620,141,0
20260414T220505Z_fe14746b,19,random_all_per_seed,all_rows,7,719203,719203,719203,False,False,0.1,0.1,d10f09aa265bab71343f680e34f2eb30e8cd4527aa6a1ca50685490c50e26cf1,b0c6175bfc15047131416b9da64bb2cb3fc428a1cef9486a2cc5173235f866bb,3ca99a39f2f8ee987e87b32207e9c91500b2f4159a741abfc9982d5f0c4932bd,SKNSH,2,B3_with_RC_weighted_bcap_8,True,True,8.0,0.1,1,2297,0.7499183806725432,full,random,3063,972,2091,733,1564,0.31911188506747934,383,383,0.0005,0.0001,0.0001,2297,0.2275421917438507,0.3073025643825531,0.3687184755879642,0.6189693069021586,0.5317734452488774,0.38312300288693857,0.6310067176818848,383,0.2605639100074768,0.3352731764316559,0.19461697560045466,0.44266037884395704,0.28591484077756596,0.19594821099827556,0.7511026263237,383,0.25631874799728394,0.3388511836528778,0.09132725915831963,0.33669903340438123,0.2789018590328017,0.11336623909544463,0.7672195434570312,3,0.7511026263237,179761,3747661,3747661,2,"[""branched.branched_layer_1.weight"", ""branched.branched_layer_1.bias"", ""branched.branched_layer_2.weight"", ""branched.branched_layer_2.bias"", ""branched.branched_layer_3.weight"", ""branched.branched_layer_3.bias"", ""output.weight"", ""output.bias""]","[""conv1.conv.weight"", ""conv1.conv.bias"", ""conv1.bn_layer.weight"", ""conv1.bn_layer.bias"", ""conv2.conv.weight"", ""conv2.conv.bias"", ""conv2.bn_layer.weight"", ""conv2.bn_layer.bias"", ""conv3.conv.weight"", ""conv3.conv.bias"", ""conv3.bn_layer.weight"", ""conv3.bn_layer.bias"", ""linear1.linear.weight"", ""linear1.linear.bias"", ""linear1.bn_layer.weight"", ""linear1.bn_layer.bias"", ""branched.branched_layer_1.weight"", ""branched.branched_layer_1.bias"", ""branched.branched_layer_2.weight"", ""branched.branched_layer_2.bias"", ""branched.branched_layer_3.weight"", ""branched.branched_layer_3.bias"", ""output.weight"", ""output.bias""]",0,0,0,0,179620,141,0,23700,660600,280600,2603000,179620,141,0
20260414T220505Z_fe14746b,23,random_all_per_seed,all_rows,7,723239,723239,723239,False,False,0.1,0.1,31a2235bdd32c79f9bbcf57fc47adfc274d10761b654866ae9cb9911c3fafcdd,e458c253f91c63ca9a967c6fa4d0ab9cc52faa8ba7794e12b09a2f25a2869c9b,e651fb131205a5d9c63fd1d1ecf15ac7ac31e5181706fbf3e757de8449fba204,SKNSH,2,B3_with_RC_weighted_bcap_8,True,True,8.0,0.1,1,2297,0.7499183806725432,full,random,3063,967,2096,716,1581,0.31171092729647365,383,383,0.0005,0.0001,0.0001,2297,0.24620181322097778,0.3223162293434143,0.26743586788906937,0.5344893292410088,0.4252631986414031,0.28567884307250346,0.7322452664375305,383,0.2671293616294861,0.35597386956214905,0.08182449595001984,0.29170727156138754,0.24597557346088755,0.0850931322817891,0.8931584358215332,383,0.2745262086391449,0.35785818099975586,0.12452462117278895,0.3574098689852793,0.24914966643911532,0.12774181444807453,0.9026390314102173,2,0.8931584358215332,179761,3747661,3747661,2,"[""branched.branched_layer_1.weight"", ""branched.branched_layer_1.bias"", ""branched.branched_layer_2.weight"", ""branched.branched_layer_2.bias"", ""branched.branched_layer_3.weight"", ""branched.branched_layer_3.bias"", ""output.weight"", ""output.bias""]","[""conv1.conv.weight"", ""conv1.conv.bias"", ""conv1.bn_layer.weight"", ""conv1.bn_layer.bias"", ""conv2.conv.weight"", ""conv2.conv.bias"", ""conv2.bn_layer.weight"", ""conv2.bn_layer.bias"", ""conv3.conv.weight"", ""conv3.conv.bias"", ""conv3.bn_layer.weight"", ""conv3.bn_layer.bias"", ""linear1.linear.weight"", ""linear1.linear.bias"", ""linear1.bn_layer.weight"", ""linear1.bn_layer.bias"", ""branched.branched_layer_1.weight"", ""branched.branched_layer_1.bias"", ""branched.branched_layer_2.weight"", ""branched.branched_layer_2.bias"", ""branched.branched_layer_3.weight"", ""branched.branched_layer_3.bias"", ""output.weight"", ""output.bias""]",0,0,0,0,179620,141,0,23700,660600,280600,2603000,179620,141,0
20260414T220505Z_fe14746b,31,random_all_per_seed,all_rows,7,731311,731311,731311,False,False,0.1,0.1,7ed9f1e71cff080acfd2b40dc86b6782e03711f552c9029ae842ca8d03bd429d,0584dd818218833228e343b6fa1df680f9194b9f11e5f570a45a30905d139e17,27306d05049ecb6e9137a41b7d192b6574e2d4876a1af2e57e67cc9df35420c3,SKNSH,2,B3_with_RC_weighted_bcap_8,True,True,8.0,0.1,1,2297,0.7499183806725432,full,random,3063,989,2074,734,1563,0.3195472355245973,383,383,0.0005,0.0001,0.0001,2297,0.24676096439361572,0.3263501822948456,0.27163598526478605,0.5352896476694194,0.4333327878035608,0.2865350069020512,0.7280469536781311,383,0.2756890654563904,0.3630222976207733,0.050906128309214704,0.2686149397473827,0.19032431798259214,0.07215398585549004,0.9008621573448181,383,0.26650068163871765,0.34565797448158264,0.15055262820235016,0.3914890162090787,0.2779034015008381,0.1532636498123523,0.8167418837547302,2,0.9008621573448181,179761,3747661,3747661,2,"[""branched.branched_layer_1.weight"", ""branched.branched_layer_1.bias"", ""branched.branched_layer_2.weight"", ""branched.branched_layer_2.bias"", ""branched.branched_layer_3.weight"", ""branched.branched_layer_3.bias"", ""output.weight"", ""output.bias""]","[""conv1.conv.weight"", ""conv1.conv.bias"", ""conv1.bn_layer.weight"", ""conv1.bn_layer.bias"", ""conv2.conv.weight"", ""conv2.conv.bias"", ""conv2.bn_layer.weight"", ""conv2.bn_layer.bias"", ""conv3.conv.weight"", ""conv3.conv.bias"", ""conv3.bn_layer.weight"", ""conv3.bn_layer.bias"", ""linear1.linear.weight"", ""linear1.linear.bias"", ""linear1.bn_layer.weight"", ""linear1.bn_layer.bias"", ""branched.branched_layer_1.weight"", ""branched.branched_layer_1.bias"", ""branched.branched_layer_2.weight"", ""branched.branched_layer_2.bias"", ""branched.branched_layer_3.weight"", ""branched.branched_layer_3.bias"", ""output.weight"", ""output.bias""]",0,0,0,0,179620,141,0,23700,660600,280600,2603000,179620,141,0
20260414T220505Z_fe14746b,17,random_all_per_seed,all_rows,7,717185,717185,717185,False,False,0.1,0.1,d20de91f4b455148159ffd14b15eca3b322f00e6bd4570610b1fd92d56691f0d,09700ad8a87e01fddb78e1e19347ac15933ccd3442ae763be67b580da0d6acf2,165d865a5469b007379d19d8eddb5ccdcd8811d96d30294e5b7d188c27387d3a,HepG2,1,B3_with_RC_weighted_bcap_8,True,True,8.0,0.1,1,3063,1.0,full,random,3063,983,2080,983,2080,0.32092719555990856,383,383,0.0005,0.0001,0.0001,3063,0.27227604389190674,0.3561673164367676,0.12249557362327446,0.36176643363044947,0.2883553836208148,0.1308749525016944,0.8772180080413818,383,0.26040247082710266,0.3377106487751007,0.017323635125349512,0.2041461907893679,0.1365785046862704,0.041675667213809005,0.7886583805084229,383,0.2956714630126953,0.38797932863235474,0.07577196542463771,0.30066363115805106,0.2362967704713735,0.09039861910114458,1.040918231010437,1,0.7886583805084229,179761,3747661,3747661,2,"[""branched.branched_layer_1.weight"", ""branched.branched_layer_1.bias"", ""branched.branched_layer_2.weight"", ""branched.branched_layer_2.bias"", ""branched.branched_layer_3.weight"", ""branched.branched_layer_3.bias"", ""output.weight"", ""output.bias""]","[""conv1.conv.weight"", ""conv1.conv.bias"", ""conv1.bn_layer.weight"", ""conv1.bn_layer.bias"", ""conv2.conv.weight"", ""conv2.conv.bias"", ""conv2.bn_layer.weight"", ""conv2.bn_layer.bias"", ""conv3.conv.weight"", ""conv3.conv.bias"", ""conv3.bn_layer.weight"", ""conv3.bn_layer.bias"", ""linear1.linear.weight"", ""linear1.linear.bias"", ""linear1.bn_layer.weight"", ""linear1.bn_layer.bias"", ""branched.branched_layer_1.weight"", ""branched.branched_layer_1.bias"", ""branched.branched_layer_2.weight"", ""branched.branched_layer_2.bias"", ""branched.branched_layer_3.weight"", ""branched.branched_layer_3.bias"", ""output.weight"", ""output.bias""]",0,0,0,0,179620,141,0,23700,660600,280600,2603000,179620,141,0
20260414T220505Z_fe14746b,19,random_all_per_seed,all_rows,7,719203,719203,719203,False,False,0.1,0.1,e749d923ec422f4e9585fafb01f5ecd5ad938df3ddbd0bb71ac99303ee9e50fa,b0c6175bfc15047131416b9da64bb2cb3fc428a1cef9486a2cc5173235f866bb,3ca99a39f2f8ee987e87b32207e9c91500b2f4159a741abfc9982d5f0c4932bd,HepG2,1,B3_with_RC_weighted_bcap_8,True,True,8.0,0.1,1,3063,1.0,full,random,3063,972,2091,972,2091,0.31733594515181196,383,383,0.0005,0.0001,0.0001,3063,0.25126397609710693,0.3312363624572754,0.25004161074300846,0.5181889038179011,0.41116597872501026,0.2685197400399979,0.7497134804725647,383,0.2562716007232666,0.3298235833644867,0.22058591078669376,0.4784963913300333,0.31426668726142026,0.22895879651586437,0.743332028388977,383,0.2517548203468323,0.3325216472148895,0.12495715991435452,0.35471130613136137,0.2954299767108486,0.12582011069741636,0.7555431127548218,2,0.743332028388977,179761,3747661,3747661,2,"[""branched.branched_layer_1.weight"", ""branched.branched_layer_1.bias"", ""branched.branched_layer_2.weight"", ""branched.branched_layer_2.bias"", ""branched.branched_layer_3.weight"", ""branched.branched_layer_3.bias"", ""output.weight"", ""output.bias""]","[""conv1.conv.weight"", ""conv1.conv.bias"", ""conv1.bn_layer.weight"", ""conv1.bn_layer.bias"", ""conv2.conv.weight"", ""conv2.conv.bias"", ""conv2.bn_layer.weight"", ""conv2.bn_layer.bias"", ""conv3.conv.weight"", ""conv3.conv.bias"", ""conv3.bn_layer.weight"", ""conv3.bn_layer.bias"", ""linear1.linear.weight"", ""linear1.linear.bias"", ""linear1.bn_layer.weight"", ""linear1.bn_layer.bias"", ""branched.branched_layer_1.weight"", ""branched.branched_layer_1.bias"", ""branched.branched_layer_2.weight"", ""branched.branched_layer_2.bias"", ""branched.branched_layer_3.weight"", ""branched.branched_layer_3.bias"", ""output.weight"", ""output.bias""]",0,0,0,0,179620,141,0,23700,660600,280600,2603000,179620,141,0
20260414T220505Z_fe14746b,23,random_all_per_seed,all_rows,7,723239,723239,723239,False,False,0.1,0.1,13ab0f6315aefa701430d3c6d72aabbac7d8c14bbd495bef999f60f53d37b30d,e458c253f91c63ca9a967c6fa4d0ab9cc52faa8ba7794e12b09a2f25a2869c9b,e651fb131205a5d9c63fd1d1ecf15ac7ac31e5181706fbf3e757de8449fba204,HepG2,1,B3_with_RC_weighted_bcap_8,True,True,8.0,0.1,1,3063,1.0,full,random,3063,967,2096,967,2096,0.3157035586026771,383,383,0.0005,0.0001,0.0001,3063,0.24655769765377045,0.32364457845687866,0.2725043780170986,0.5284567200245888,0.40519645017390976,0.2792665049391466,0.727258026599884,383,0.26378586888313293,0.35302144289016724,0.09699196701241397,0.31760313208457286,0.26463235264904605,0.10087174950993064,0.8652749061584473,383,0.2747546136379242,0.35890576243400574,0.11939138436837504,0.3523616322817586,0.24703319718938574,0.12415871990426526,0.8943608999252319,2,0.8652749061584473,179761,3747661,3747661,2,"[""branched.branched_layer_1.weight"", ""branched.branched_layer_1.bias"", ""branched.branched_layer_2.weight"", ""branched.branched_layer_2.bias"", ""branched.branched_layer_3.weight"", ""branched.branched_layer_3.bias"", ""output.weight"", ""output.bias""]","[""conv1.conv.weight"", ""conv1.conv.bias"", ""conv1.bn_layer.weight"", ""conv1.bn_layer.bias"", ""conv2.conv.weight"", ""conv2.conv.bias"", ""conv2.bn_layer.weight"", ""conv2.bn_layer.bias"", ""conv3.conv.weight"", ""conv3.conv.bias"", ""conv3.bn_layer.weight"", ""conv3.bn_layer.bias"", ""linear1.linear.weight"", ""linear1.linear.bias"", ""linear1.bn_layer.weight"", ""linear1.bn_layer.bias"", ""branched.branched_layer_1.weight"", ""branched.branched_layer_1.bias"", ""branched.branched_layer_2.weight"", ""branched.branched_layer_2.bias"", ""branched.branched_layer_3.weight"", ""branched.branched_layer_3.bias"", ""output.weight"", ""output.bias""]",0,0,0,0,179620,141,0,23700,660600,280600,2603000,179620,141,0
20260414T220505Z_fe14746b,31,random_all_per_seed,all_rows,7,731311,731311,731311,False,False,0.1,0.1,399d8048139dad18f085378ecdd6bc241c21c7bdfccf442a2b187df7b6daa383,0584dd818218833228e343b6fa1df680f9194b9f11e5f570a45a30905d139e17,27306d05049ecb6e9137a41b7d192b6574e2d4876a1af2e57e67cc9df35420c3,HepG2,1,B3_with_RC_weighted_bcap_8,True,True,8.0,0.1,1,3063,1.0,full,random,3063,989,2074,989,2074,0.3228860594188704,383,383,0.0005,0.0001,0.0001,3063,0.24680538475513458,0.3249017000198364,0.269227829906279,0.5289255436593213,0.4153541903255057,0.27976223073530865,0.7305336594581604,383,0.2742835283279419,0.3629370331764221,0.05135200506818993,0.27605612385588446,0.2291729694123616,0.07620698351833542,0.9115884900093079,383,0.26398801803588867,0.3418102264404297,0.16935885441495002,0.4140258750792354,0.2971380036834808,0.17141742523512662,0.8085490465164185,2,0.9115884900093079,179761,3747661,3747661,2,"[""branched.branched_layer_1.weight"", ""branched.branched_layer_1.bias"", ""branched.branched_layer_2.weight"", ""branched.branched_layer_2.bias"", ""branched.branched_layer_3.weight"", ""branched.branched_layer_3.bias"", ""output.weight"", ""output.bias""]","[""conv1.conv.weight"", ""conv1.conv.bias"", ""conv1.bn_layer.weight"", ""conv1.bn_layer.bias"", ""conv2.conv.weight"", ""conv2.conv.bias"", ""conv2.bn_layer.weight"", ""conv2.bn_layer.bias"", ""conv3.conv.weight"", ""conv3.conv.bias"", ""conv3.bn_layer.weight"", ""conv3.bn_layer.bias"", ""linear1.linear.weight"", ""linear1.linear.bias"", ""linear1.bn_layer.weight"", ""linear1.bn_layer.bias"", ""branched.branched_layer_1.weight"", ""branched.branched_layer_1.bias"", ""branched.branched_layer_2.weight"", ""branched.branched_layer_2.bias"", ""branched.branched_layer_3.weight"", ""branched.branched_layer_3.bias"", ""output.weight"", ""output.bias""]",0,0,0,0,179620,141,0,23700,660600,280600,2603000,179620,141,0
20260414T220505Z_fe14746b,17,random_all_per_seed,all_rows,7,717185,717185,717185,False,False,0.1,0.1,d20de91f4b455148159ffd14b15eca3b322f00e6bd4570610b1fd92d56691f0d,09700ad8a87e01fddb78e1e19347ac15933ccd3442ae763be67b580da0d6acf2,165d865a5469b007379d19d8eddb5ccdcd8811d96d30294e5b7d188c27387d3a,K562,0,B3_with_RC_weighted_bcap_8,True,True,8.0,0.1,1,3063,1.0,full,random,3063,983,2080,983,2080,0.32092719555990856,383,383,0.0005,0.0001,0.0001,3063,0.2746032774448395,0.3596927523612976,0.1050379713858608,0.33074074526744135,0.26410970077373475,0.10938944058006253,0.8946698307991028,383,0.25847673416137695,0.3380957543849945,0.01508127638605472,0.1927362284680543,0.12995864997941772,0.037147253764090025,0.7904579639434814,383,0.30210769176483154,0.3906996548175812,0.06276614884509268,0.259450440936965,0.19819722270424972,0.06731453130238557,1.0555661916732788,0,0.7904579639434814,179761,3747661,3747661,2,"[""branched.branched_layer_1.weight"", ""branched.branched_layer_1.bias"", ""branched.branched_layer_2.weight"", ""branched.branched_layer_2.bias"", ""branched.branched_layer_3.weight"", ""branched.branched_layer_3.bias"", ""output.weight"", ""output.bias""]","[""conv1.conv.weight"", ""conv1.conv.bias"", ""conv1.bn_layer.weight"", ""conv1.bn_layer.bias"", ""conv2.conv.weight"", ""conv2.conv.bias"", ""conv2.bn_layer.weight"", ""conv2.bn_layer.bias"", ""conv3.conv.weight"", ""conv3.conv.bias"", ""conv3.bn_layer.weight"", ""conv3.bn_layer.bias"", ""linear1.linear.weight"", ""linear1.linear.bias"", ""linear1.bn_layer.weight"", ""linear1.bn_layer.bias"", ""branched.branched_layer_1.weight"", ""branched.branched_layer_1.bias"", ""branched.branched_layer_2.weight"", ""branched.branched_layer_2.bias"", ""branched.branched_layer_3.weight"", ""branched.branched_layer_3.bias"", ""output.weight"", ""output.bias""]",0,0,0,0,179620,141,0,23700,660600,280600,2603000,179620,141,0
20260414T220505Z_fe14746b,19,random_all_per_seed,all_rows,7,719203,719203,719203,False,False,0.1,0.1,e749d923ec422f4e9585fafb01f5ecd5ad938df3ddbd0bb71ac99303ee9e50fa,b0c6175bfc15047131416b9da64bb2cb3fc428a1cef9486a2cc5173235f866bb,3ca99a39f2f8ee987e87b32207e9c91500b2f4159a741abfc9982d5f0c4932bd,K562,0,B3_with_RC_weighted_bcap_8,True,True,8.0,0.1,1,3063,1.0,full,random,3063,972,2091,972,2091,0.31733594515181196,383,383,0.0005,0.0001,0.0001,3063,0.25068041682243347,0.33054879307746887,0.25315172434646616,0.5140325306879799,0.4111329403067957,0.26422944260548903,0.746604323387146,383,0.2556898295879364,0.32854515314102173,0.22661634419077759,0.47946361277353355,0.30206608139092583,0.22988535597384893,0.7375807762145996,383,0.25204765796661377,0.3318311870098114,0.12858725615044897,0.3653575068694015,0.29793465509511996,0.13348610782582476,0.7524086833000183,2,0.7375807762145996,179761,3747661,3747661,2,"[""branched.branched_layer_1.weight"", ""branched.branched_layer_1.bias"", ""branched.branched_layer_2.weight"", ""branched.branched_layer_2.bias"", ""branched.branched_layer_3.weight"", ""branched.branched_layer_3.bias"", ""output.weight"", ""output.bias""]","[""conv1.conv.weight"", ""conv1.conv.bias"", ""conv1.bn_layer.weight"", ""conv1.bn_layer.bias"", ""conv2.conv.weight"", ""conv2.conv.bias"", ""conv2.bn_layer.weight"", ""conv2.bn_layer.bias"", ""conv3.conv.weight"", ""conv3.conv.bias"", ""conv3.bn_layer.weight"", ""conv3.bn_layer.bias"", ""linear1.linear.weight"", ""linear1.linear.bias"", ""linear1.bn_layer.weight"", ""linear1.bn_layer.bias"", ""branched.branched_layer_1.weight"", ""branched.branched_layer_1.bias"", ""branched.branched_layer_2.weight"", ""branched.branched_layer_2.bias"", ""branched.branched_layer_3.weight"", ""branched.branched_layer_3.bias"", ""output.weight"", ""output.bias""]",0,0,0,0,179620,141,0,23700,660600,280600,2603000,179620,141,0
20260414T220505Z_fe14746b,23,random_all_per_seed,all_rows,7,723239,723239,723239,False,False,0.1,0.1,13ab0f6315aefa701430d3c6d72aabbac7d8c14bbd495bef999f60f53d37b30d,e458c253f91c63ca9a967c6fa4d0ab9cc52faa8ba7794e12b09a2f25a2869c9b,e651fb131205a5d9c63fd1d1ecf15ac7ac31e5181706fbf3e757de8449fba204,K562,0,B3_with_RC_weighted_bcap_8,True,True,8.0,0.1,1,3063,1.0,full,random,3063,967,2096,967,2096,0.3157035586026771,383,383,0.0005,0.0001,0.0001,3063,0.24739284813404083,0.3247947096824646,0.2673245923152142,0.5327468608552797,0.41606662957414203,0.2838192177511547,0.7324362397193909,383,0.26495999097824097,0.3532271981239319,0.09593909340141471,0.31449220947774537,0.25742553222648645,0.09890534982219407,0.8662837147712708,383,0.2740715444087982,0.3579467535018921,0.1240912964301436,0.35811881701806414,0.2394740708258073,0.1282490871024177,0.8895875811576843,2,0.8662837147712708,179761,3747661,3747661,2,"[""branched.branched_layer_1.weight"", ""branched.branched_layer_1.bias"", ""branched.branched_layer_2.weight"", ""branched.branched_layer_2.bias"", ""branched.branched_layer_3.weight"", ""branched.branched_layer_3.bias"", ""output.weight"", ""output.bias""]","[""conv1.conv.weight"", ""conv1.conv.bias"", ""conv1.bn_layer.weight"", ""conv1.bn_layer.bias"", ""conv2.conv.weight"", ""conv2.conv.bias"", ""conv2.bn_layer.weight"", ""conv2.bn_layer.bias"", ""conv3.conv.weight"", ""conv3.conv.bias"", ""conv3.bn_layer.weight"", ""conv3.bn_layer.bias"", ""linear1.linear.weight"", ""linear1.linear.bias"", ""linear1.bn_layer.weight"", ""linear1.bn_layer.bias"", ""branched.branched_layer_1.weight"", ""branched.branched_layer_1.bias"", ""branched.branched_layer_2.weight"", ""branched.branched_layer_2.bias"", ""branched.branched_layer_3.weight"", ""branched.branched_layer_3.bias"", ""output.weight"", ""output.bias""]",0,0,0,0,179620,141,0,23700,660600,280600,2603000,179620,141,0
20260414T220505Z_fe14746b,31,random_all_per_seed,all_rows,7,731311,731311,731311,False,False,0.1,0.1,399d8048139dad18f085378ecdd6bc241c21c7bdfccf442a2b187df7b6daa383,0584dd818218833228e343b6fa1df680f9194b9f11e5f570a45a30905d139e17,27306d05049ecb6e9137a41b7d192b6574e2d4876a1af2e57e67cc9df35420c3,K562,0,B3_with_RC_weighted_bcap_8,True,True,8.0,0.1,1,3063,1.0,full,random,3063,989,2074,989,2074,0.3228860594188704,383,383,0.0005,0.0001,0.0001,3063,0.24688820540905,0.32481634616851807,0.26961173539627925,0.5367218703780808,0.42381668592173977,0.28807036614214543,0.7301499247550964,383,0.2734610438346863,0.36147281527519226,0.05899087243793022,0.2733973189141043,0.21418231859062878,0.07474609398942045,0.904248058795929,383,0.2667083442211151,0.3458124101161957,0.14979331498462112,0.3930722666928439,0.26713507055797103,0.1545058068430502,0.8275941610336304,2,0.904248058795929,179761,3747661,3747661,2,"[""branched.branched_layer_1.weight"", ""branched.branched_layer_1.bias"", ""branched.branched_layer_2.weight"", ""branched.branched_layer_2.bias"", ""branched.branched_layer_3.weight"", ""branched.branched_layer_3.bias"", ""output.weight"", ""output.bias""]","[""conv1.conv.weight"", ""conv1.conv.bias"", ""conv1.bn_layer.weight"", ""conv1.bn_layer.bias"", ""conv2.conv.weight"", ""conv2.conv.bias"", ""conv2.bn_layer.weight"", ""conv2.bn_layer.bias"", ""conv3.conv.weight"", ""conv3.conv.bias"", ""conv3.bn_layer.weight"", ""conv3.bn_layer.bias"", ""linear1.linear.weight"", ""linear1.linear.bias"", ""linear1.bn_layer.weight"", ""linear1.bn_layer.bias"", ""branched.branched_layer_1.weight"", ""branched.branched_layer_1.bias"", ""branched.branched_layer_2.weight"", ""branched.branched_layer_2.bias"", ""branched.branched_layer_3.weight"", ""branched.branched_layer_3.bias"", ""output.weight"", ""output.bias""]",0,0,0,0,179620,141,0,23700,660600,280600,2603000,179620,141,0
20260414T220505Z_fe14746b,17,random_all_per_seed,all_rows,7,717185,717185,717185,False,False,0.1,0.1,d20de91f4b455148159ffd14b15eca3b322f00e6bd4570610b1fd92d56691f0d,09700ad8a87e01fddb78e1e19347ac15933ccd3442ae763be67b580da0d6acf2,165d865a5469b007379d19d8eddb5ccdcd8811d96d30294e5b7d188c27387d3a,SKNSH,2,B3_with_RC_weighted_bcap_8,True,True,8.0,0.1,1,3063,1.0,full,random,3063,983,2080,983,2080,0.32092719555990856,383,383,0.0005,0.0001,0.0001,3063,0.27605870366096497,0.36219164729118347,0.09255968975044815,0.3138036804112411,0.2603549873546464,0.09847274983964036,0.9071440100669861,383,0.2622239589691162,0.34081974625587463,-0.0008533818861626852,0.14402377112337833,0.11802755375174538,0.020742846648599267,0.8032465577125549,383,0.2986871302127838,0.39056330919265747,0.06342012724631552,0.26650516224356235,0.22606289956788025,0.07102500150246749,1.054829478263855,0,0.8032465577125549,179761,3747661,3747661,2,"[""branched.branched_layer_1.weight"", ""branched.branched_layer_1.bias"", ""branched.branched_layer_2.weight"", ""branched.branched_layer_2.bias"", ""branched.branched_layer_3.weight"", ""branched.branched_layer_3.bias"", ""output.weight"", ""output.bias""]","[""conv1.conv.weight"", ""conv1.conv.bias"", ""conv1.bn_layer.weight"", ""conv1.bn_layer.bias"", ""conv2.conv.weight"", ""conv2.conv.bias"", ""conv2.bn_layer.weight"", ""conv2.bn_layer.bias"", ""conv3.conv.weight"", ""conv3.conv.bias"", ""conv3.bn_layer.weight"", ""conv3.bn_layer.bias"", ""linear1.linear.weight"", ""linear1.linear.bias"", ""linear1.bn_layer.weight"", ""linear1.bn_layer.bias"", ""branched.branched_layer_1.weight"", ""branched.branched_layer_1.bias"", ""branched.branched_layer_2.weight"", ""branched.branched_layer_2.bias"", ""branched.branched_layer_3.weight"", ""branched.branched_layer_3.bias"", ""output.weight"", ""output.bias""]",0,0,0,0,179620,141,0,23700,660600,280600,2603000,179620,141,0
20260414T220505Z_fe14746b,19,random_all_per_seed,all_rows,7,719203,719203,719203,False,False,0.1,0.1,e749d923ec422f4e9585fafb01f5ecd5ad938df3ddbd0bb71ac99303ee9e50fa,b0c6175bfc15047131416b9da64bb2cb3fc428a1cef9486a2cc5173235f866bb,3ca99a39f2f8ee987e87b32207e9c91500b2f4159a741abfc9982d5f0c4932bd,SKNSH,2,B3_with_RC_weighted_bcap_8,True,True,8.0,0.1,1,3063,1.0,full,random,3063,972,2091,972,2091,0.31733594515181196,383,383,0.0005,0.0001,0.0001,3063,0.2534337341785431,0.33340659737586975,0.2401819758333522,0.5116534781896642,0.40200250019067935,0.2617892817435812,0.7595699429512024,383,0.25928983092308044,0.3343857228755951,0.19887499465678127,0.45346229032631846,0.29700698644610385,0.20562804874799034,0.7640378475189209,383,0.254178524017334,0.3351101279258728,0.1112808074209275,0.34328297952744624,0.3048011606110657,0.11784320403324107,0.7673516869544983,2,0.7640378475189209,179761,3747661,3747661,2,"[""branched.branched_layer_1.weight"", ""branched.branched_layer_1.bias"", ""branched.branched_layer_2.weight"", ""branched.branched_layer_2.bias"", ""branched.branched_layer_3.weight"", ""branched.branched_layer_3.bias"", ""output.weight"", ""output.bias""]","[""conv1.conv.weight"", ""conv1.conv.bias"", ""conv1.bn_layer.weight"", ""conv1.bn_layer.bias"", ""conv2.conv.weight"", ""conv2.conv.bias"", ""conv2.bn_layer.weight"", ""conv2.bn_layer.bias"", ""conv3.conv.weight"", ""conv3.conv.bias"", ""conv3.bn_layer.weight"", ""conv3.bn_layer.bias"", ""linear1.linear.weight"", ""linear1.linear.bias"", ""linear1.bn_layer.weight"", ""linear1.bn_layer.bias"", ""branched.branched_layer_1.weight"", ""branched.branched_layer_1.bias"", ""branched.branched_layer_2.weight"", ""branched.branched_layer_2.bias"", ""branched.branched_layer_3.weight"", ""branched.branched_layer_3.bias"", ""output.weight"", ""output.bias""]",0,0,0,0,179620,141,0,23700,660600,280600,2603000,179620,141,0
20260414T220505Z_fe14746b,23,random_all_per_seed,all_rows,7,723239,723239,723239,False,False,0.1,0.1,13ab0f6315aefa701430d3c6d72aabbac7d8c14bbd495bef999f60f53d37b30d,e458c253f91c63ca9a967c6fa4d0ab9cc52faa8ba7794e12b09a2f25a2869c9b,e651fb131205a5d9c63fd1d1ecf15ac7ac31e5181706fbf3e757de8449fba204,SKNSH,2,B3_with_RC_weighted_bcap_8,True,True,8.0,0.1,1,3063,1.0,full,random,3063,967,2096,967,2096,0.3157035586026771,383,383,0.0005,0.0001,0.0001,3063,0.24728699028491974,0.3249490559101105,0.26662804005514573,0.5318414907461586,0.40946981022250756,0.2828553712790963,0.7331324815750122,383,0.26652437448501587,0.3553319275379181,0.08513308397498798,0.2992617075261388,0.21924711267972058,0.08955756959146023,0.8766382336616516,383,0.2745165228843689,0.357647567987442,0.1255548909215266,0.361748625557641,0.26214570825439243,0.13086206809284234,0.8881012201309204,2,0.8766382336616516,179761,3747661,3747661,2,"[""branched.branched_layer_1.weight"", ""branched.branched_layer_1.bias"", ""branched.branched_layer_2.weight"", ""branched.branched_layer_2.bias"", ""branched.branched_layer_3.weight"", ""branched.branched_layer_3.bias"", ""output.weight"", ""output.bias""]","[""conv1.conv.weight"", ""conv1.conv.bias"", ""conv1.bn_layer.weight"", ""conv1.bn_layer.bias"", ""conv2.conv.weight"", ""conv2.conv.bias"", ""conv2.bn_layer.weight"", ""conv2.bn_layer.bias"", ""conv3.conv.weight"", ""conv3.conv.bias"", ""conv3.bn_layer.weight"", ""conv3.bn_layer.bias"", ""linear1.linear.weight"", ""linear1.linear.bias"", ""linear1.bn_layer.weight"", ""linear1.bn_layer.bias"", ""branched.branched_layer_1.weight"", ""branched.branched_layer_1.bias"", ""branched.branched_layer_2.weight"", ""branched.branched_layer_2.bias"", ""branched.branched_layer_3.weight"", ""branched.branched_layer_3.bias"", ""output.weight"", ""output.bias""]",0,0,0,0,179620,141,0,23700,660600,280600,2603000,179620,141,0
20260414T220505Z_fe14746b,31,random_all_per_seed,all_rows,7,731311,731311,731311,False,False,0.1,0.1,399d8048139dad18f085378ecdd6bc241c21c7bdfccf442a2b187df7b6daa383,0584dd818218833228e343b6fa1df680f9194b9f11e5f570a45a30905d139e17,27306d05049ecb6e9137a41b7d192b6574e2d4876a1af2e57e67cc9df35420c3,SKNSH,2,B3_with_RC_weighted_bcap_8,True,True,8.0,0.1,1,3063,1.0,full,random,3063,989,2074,989,2074,0.3228860594188704,383,383,0.0005,0.0001,0.0001,3063,0.24953220784664154,0.3285115957260132,0.25289874165077986,0.5311549995808754,0.42075911423565154,0.2821256335797598,0.7468573451042175,383,0.2744733393192291,0.3618011772632599,0.05728060223776188,0.2794671821613807,0.1946830126456801,0.07810190590522235,0.9058915376663208,383,0.2631317973136902,0.3433854877948761,0.16168499696784555,0.41294967467803567,0.2985266023636881,0.1705274338166955,0.81601881980896,2,0.9058915376663208,179761,3747661,3747661,2,"[""branched.branched_layer_1.weight"", ""branched.branched_layer_1.bias"", ""branched.branched_layer_2.weight"", ""branched.branched_layer_2.bias"", ""branched.branched_layer_3.weight"", ""branched.branched_layer_3.bias"", ""output.weight"", ""output.bias""]","[""conv1.conv.weight"", ""conv1.conv.bias"", ""conv1.bn_layer.weight"", ""conv1.bn_layer.bias"", ""conv2.conv.weight"", ""conv2.conv.bias"", ""conv2.bn_layer.weight"", ""conv2.bn_layer.bias"", ""conv3.conv.weight"", ""conv3.conv.bias"", ""conv3.bn_layer.weight"", ""conv3.bn_layer.bias"", ""linear1.linear.weight"", ""linear1.linear.bias"", ""linear1.bn_layer.weight"", ""linear1.bn_layer.bias"", ""branched.branched_layer_1.weight"", ""branched.branched_layer_1.bias"", ""branched.branched_layer_2.weight"", ""branched.branched_layer_2.bias"", ""branched.branched_layer_3.weight"", ""branched.branched_layer_3.bias"", ""output.weight"", ""output.bias""]",0,0,0,0,179620,141,0,23700,660600,280600,2603000,179620,141,0
