split_strategy,split_pool,split_val_fraction,split_test_fraction,val_is_fixed_across_seeds,test_is_fixed_across_seeds,setting,b_cap,head_lr,backbone_lr,train_sampling_mode,unfreeze_scope,train_threshold,train_size,init_head,train_mae_mean,train_mae_std,train_mae_count,train_rmse_mean,train_rmse_std,train_rmse_count,train_pearson_mean,train_pearson_std,train_pearson_count,train_spearman_mean,train_spearman_std,train_spearman_count,train_r2_mean,train_r2_std,train_r2_count,train_pearson_sq_mean,train_pearson_sq_std,train_pearson_sq_count,train_loss_standardized_mean,train_loss_standardized_std,train_loss_standardized_count,val_mae_mean,val_mae_std,val_mae_count,val_rmse_mean,val_rmse_std,val_rmse_count,val_pearson_mean,val_pearson_std,val_pearson_count,val_spearman_mean,val_spearman_std,val_spearman_count,val_r2_mean,val_r2_std,val_r2_count,val_pearson_sq_mean,val_pearson_sq_std,val_pearson_sq_count,val_loss_standardized_mean,val_loss_standardized_std,val_loss_standardized_count,test_mae_mean,test_mae_std,test_mae_count,test_rmse_mean,test_rmse_std,test_rmse_count,test_pearson_mean,test_pearson_std,test_pearson_count,test_spearman_mean,test_spearman_std,test_spearman_count,test_r2_mean,test_r2_std,test_r2_count,test_pearson_sq_mean,test_pearson_sq_std,test_pearson_sq_count,test_loss_standardized_mean,test_loss_standardized_std,test_loss_standardized_count,best_epoch_mean,best_epoch_std,best_epoch_count,best_val_loss_standardized_mean,best_val_loss_standardized_std,best_val_loss_standardized_count,initial_trainable_params_mean,initial_trainable_params_std,initial_trainable_params_count,final_trainable_params_mean,final_trainable_params_std,final_trainable_params_count
random_all_per_seed,all_rows,0.15,0.15,False,False,B2_with_RC,,0.0002,1e-05,random,branched_only,1,134,HepG2,0.27124959975481033,0.03290111800880268,4,0.34967873245477676,0.03998845519875208,4,0.3615418466161465,0.06924663996224169,4,0.32318625826629654,0.08011103032940052,4,0.1091370417153246,0.08471798447859524,4,0.13430882971415847,0.05033013231347412,4,0.884214773774147,0.08408587501053269,4,0.28561416268348694,0.005834790417403026,4,0.3714873567223549,0.006273122494716636,4,0.299244104191011,0.041813787128489294,4,0.225137613262109,0.04098185808110534,4,0.07922709047107349,0.037354270212175966,4,0.09085832848860062,0.024140413046870257,4,1.0297852903604507,0.2626720305291472,4,0.2783903405070305,0.010444965064585116,4,0.3668113052845001,0.014909809378426613,4,0.22894127853596682,0.013352843404355056,4,0.20200786962955405,0.017037939433666785,4,0.02261204365598843,0.012957891329881085,4,0.05254783283791906,0.0060975147887316495,4,0.9909220933914185,0.17982531674506297,4,23.75,19.397164741270824,4,1.0297852903604507,0.2626720305291472,4,179761.0,0.0,4,179761.0,0.0,4
random_all_per_seed,all_rows,0.15,0.15,False,False,B2_with_RC,,0.0002,1e-05,random,branched_only,1,134,K562,0.27468225359916687,0.028897163470297492,4,0.353334441781044,0.03760810389139423,4,0.34514326269899653,0.05068484398339463,4,0.31436154659192334,0.09138809298238008,4,0.09077653844626218,0.057533163624010716,4,0.12105058684372433,0.03469937885676589,4,0.9024382382631302,0.05710383263837037,4,0.28346146643161774,0.009111575985277735,4,0.37008215487003326,0.013292660889486899,4,0.30935634251788113,0.029698911042897905,4,0.23152067424469852,0.01967584570711419,4,0.08717734398738256,0.023730845364951448,4,0.09636286564389106,0.018555099511647306,4,1.0237889289855957,0.2676628953380568,4,0.2755768150091171,0.011796263149024626,4,0.360688179731369,0.016392304202572955,4,0.2706190883223168,0.0391553750116912,4,0.2296855760793147,0.03294348051623547,4,0.05490435012087683,0.032758708339035214,4,0.07438454850863152,0.020002075328947034,4,0.9595630913972855,0.18298827604125564,4,25.75,15.96610994158147,4,1.0237889289855957,0.2676628953380568,4,179761.0,0.0,4,179761.0,0.0,4
random_all_per_seed,all_rows,0.15,0.15,False,False,B2_with_RC,,0.0002,1e-05,random,branched_only,1,134,SKNSH,0.2702309526503086,0.030479217779306508,4,0.3486606255173683,0.039758615260406846,4,0.38404504380705634,0.048854301010694545,4,0.34433681981873965,0.08076194732846759,4,0.11445654230198946,0.08160277843230271,4,0.1492806527181965,0.03813777642529239,4,0.8789348602294922,0.08099377767659029,4,0.28908856958150864,0.005191008153858188,4,0.37558574974536896,0.007504494208675861,4,0.2766153833577275,0.04103938554162789,4,0.22346445977154364,0.04164597155647842,4,0.059056999363437224,0.03162956824417662,4,0.07777924368436832,0.022365028249770397,4,1.0537800341844559,0.27489209246192625,4,0.28256644308567047,0.014504148324887002,4,0.3685884475708008,0.01682080943655446,4,0.23224011555438254,0.028881714180127246,4,0.2083302772472397,0.03121329000765909,4,0.012386866711197125,0.05556233497753411,4,0.05456108633319988,0.013525466768075492,4,1.0006494671106339,0.17977863635988972,4,33.0,26.14064523559687,4,1.0537800341844559,0.27489209246192625,4,179761.0,0.0,4,179761.0,0.0,4
random_all_per_seed,all_rows,0.15,0.15,False,False,B2_with_RC,,0.0002,1e-05,random,branched_only,1,268,HepG2,0.26721128821372986,0.021522545448467822,4,0.34536487609148026,0.03196643500843818,4,0.377580324340989,0.0456677208299845,4,0.32083234279290357,0.06500890454768458,4,0.1308740846199444,0.04985972167360089,4,0.14413105687380046,0.03432149729966788,4,0.8658828735351562,0.04967371938060597,4,0.2824084758758545,0.008150610536900417,4,0.3672759383916855,0.009370085844622766,4,0.32363086934143903,0.062864616849338,4,0.23308776924150393,0.04390099473414583,4,0.10004456883552548,0.04169671389239963,4,0.10770090962940612,0.042212179277979066,4,0.9945791810750961,0.16177382944676152,4,0.2749748155474663,0.012457154420154453,4,0.36108849197626114,0.01713422546143251,4,0.25670881519638156,0.0371271061273595,4,0.22076951000220266,0.014178328548911429,4,0.052932441882469344,0.0337945706704642,4,0.06693323230657414,0.019943256427519304,4,0.954449862241745,0.10451853632383189,4,32.75,26.587904518157625,4,0.9945791810750961,0.16177382944676152,4,179761.0,0.0,4,179761.0,0.0,4
random_all_per_seed,all_rows,0.15,0.15,False,False,B2_with_RC,,0.0002,1e-05,random,branched_only,1,268,K562,0.2669885978102684,0.02195066673116453,4,0.3442497178912163,0.03235828643468283,4,0.3811482069023404,0.03202017189172035,4,0.3147855420654516,0.057967502066921826,4,0.13733489037356592,0.026353632116182798,4,0.1460429241808508,0.02519458411889703,4,0.8594462126493454,0.026255306760857685,4,0.280695877969265,0.007707000508365893,4,0.3677521124482155,0.012839482655854693,4,0.3228423412185628,0.049878766112620876,4,0.2394439278718042,0.033185529266950724,4,0.09835890922804538,0.03287785825723794,4,0.10609309576517108,0.03346155614692818,4,0.9981393963098526,0.17199353039028548,4,0.27325763553380966,0.011602120372822995,4,0.3583221286535263,0.015814341045836067,4,0.27558670384082495,0.03485134358221695,4,0.2361326130337676,0.026314077662804695,4,0.06734122013259966,0.025369325304625434,4,0.07685899344596486,0.018415660634895355,4,0.9416074901819229,0.11967702807026377,4,33.25,25.76011128340352,4,0.9981393963098526,0.17199353039028548,4,179761.0,0.0,4,179761.0,0.0,4
random_all_per_seed,all_rows,0.15,0.15,False,False,B2_with_RC,,0.0002,1e-05,random,branched_only,1,268,SKNSH,0.26636872068047523,0.02331050336257877,4,0.3427572622895241,0.032279944700575006,4,0.3951350507543225,0.028782527618561992,4,0.3312156623853958,0.0413722586962772,4,0.14469835990429536,0.029082814740984255,4,0.15675303375670596,0.02246577629426012,4,0.8521102070808411,0.028974332104448754,4,0.28400780260562897,0.0052421726219614604,4,0.37017396837472916,0.00814443206911714,4,0.30354706149863375,0.06011026795638019,4,0.2348689810233105,0.04340857676306223,4,0.08580943713795303,0.0386728367601016,4,0.09485075177979624,0.034386774986313325,4,1.010645180940628,0.16792253855471406,4,0.27727919071912766,0.013658070624145235,4,0.362015537917614,0.01716986668510537,4,0.25159145939232364,0.04485441315589139,4,0.2204053364966152,0.04323234231079089,4,0.04778746496132333,0.04339391640394814,4,0.06480720122382877,0.02290340419900269,4,0.9596505463123322,0.10768682903466452,4,45.25,29.859392715414245,4,1.010645180940628,0.16792253855471406,4,179761.0,0.0,4,179761.0,0.0,4
random_all_per_seed,all_rows,0.15,0.15,False,False,B2_with_RC,,0.0002,1e-05,random,branched_only,1,536,HepG2,0.2657373771071434,0.015371255719789588,4,0.3415212035179138,0.018866097291114103,4,0.41812546843986786,0.07747326753933813,4,0.35284570361384193,0.08884118196954756,4,0.16351294390800167,0.08180786841352554,4,0.17933048774547533,0.06306771452505326,4,0.8349265456199646,0.08165519238422769,4,0.28047792613506317,0.00931399813992009,4,0.36373420804739,0.012306655418068689,4,0.345072439446,0.04719521292143248,4,0.24061421863726082,0.036118311134165845,4,0.11779874272437463,0.035741315773962466,4,0.12074552955723786,0.03453705259396582,4,0.951005607843399,0.11764243334656671,4,0.2738037407398224,0.011982450110645226,4,0.3593103364109993,0.016619008294444428,4,0.27900115756590477,0.047777843711598954,4,0.23407843296316397,0.03143977995096596,4,0.06184888859439622,0.043593804144900834,4,0.07955368768541231,0.0266242587152797,4,0.9262731075286865,0.10975263192659675,4,33.25,25.395209522007622,4,0.951005607843399,0.11764243334656671,4,179761.0,0.0,4,179761.0,0.0,4
random_all_per_seed,all_rows,0.15,0.15,False,False,B2_with_RC,,0.0002,1e-05,random,branched_only,1,536,K562,0.25933609157800674,0.014114642666504942,4,0.3343292400240898,0.019130619125116915,4,0.45097918010306354,0.04287519357994695,4,0.38180349617378645,0.043319861110772996,4,0.20055312537581574,0.038617554855147625,4,0.20476093255481986,0.03859722421880038,4,0.7979554235935211,0.038545523040909066,4,0.2771824821829796,0.005182757500513474,4,0.3622547760605812,0.008905031858171795,4,0.35827382644069816,0.05329578369166227,4,0.24992320753498873,0.03574052012319822,4,0.12460166976398668,0.03614383008655026,4,0.13049046513194085,0.037653697304216645,4,0.9426489025354385,0.10629106259249178,4,0.2730541452765465,0.01212352167334275,4,0.356644868850708,0.016284212002729368,4,0.2904220305141433,0.04045765085957735,4,0.22882327591189233,0.043529706066988666,4,0.07606063205562491,0.02899597361089799,4,0.08557257194276456,0.022876479065191864,4,0.9128652662038803,0.11234573656846408,4,47.75,21.313141485947114,4,0.9426489025354385,0.10629106259249178,4,179761.0,0.0,4,179761.0,0.0,4
random_all_per_seed,all_rows,0.15,0.15,False,False,B2_with_RC,,0.0002,1e-05,random,branched_only,1,536,SKNSH,0.2580123208463192,0.013382214305494243,4,0.3322513625025749,0.016614781064375278,4,0.4640866994332996,0.027792549883045414,4,0.3982875418269003,0.04074965306350307,4,0.21041940000559733,0.025726634087179498,4,0.21595578396264498,0.025834971333236933,4,0.7881075441837311,0.02567869383060525,4,0.2796999216079712,0.005083255674543678,4,0.36377114802598953,0.009390328725984982,4,0.35168234630736067,0.04120699684781808,4,0.25981239150013824,0.0345410983058129,4,0.11759296487762944,0.025407413415828216,4,0.12495398514616243,0.028922130368570206,4,0.9514022618532181,0.11597401244950921,4,0.27220112830400467,0.011064312262293456,4,0.35627052932977676,0.01457865075507505,4,0.290101210593076,0.03185858822908442,4,0.2331799408971559,0.03754438887099298,4,0.07786121172320623,0.021451514071929398,4,0.08491993962053099,0.01833177740104428,4,0.9106648415327072,0.10509773058876039,4,60.25,9.569918146637061,4,0.9514022618532181,0.11597401244950921,4,179761.0,0.0,4,179761.0,0.0,4
random_all_per_seed,all_rows,0.15,0.15,False,False,B2_with_RC,,0.0002,1e-05,random,branched_only,1,938,HepG2,0.25748589634895325,0.007241899842914017,4,0.3334203287959099,0.009628541019903998,4,0.4474416715109075,0.013528987665515904,4,0.3743276703014144,0.025751228521011745,4,0.19635239821153128,0.012005093339329755,4,0.20034132453491513,0.011982970158974463,4,0.8027908504009247,0.011992227843813045,4,0.27664245665073395,0.004556517702278295,4,0.36090801656246185,0.0055124247433400555,4,0.36574489238393165,0.06344922921683792,4,0.2517950864648432,0.0592334846762629,4,0.13068639174481256,0.04127101921327371,4,0.13678867982109189,0.04594112940763781,4,0.9427930861711502,0.06852383167124021,4,0.2708423063158989,0.012467199426539533,4,0.35494501888751984,0.015621483309706847,4,0.29819417795005615,0.03766369446061959,4,0.2190132498073022,0.0522755542600201,4,0.0847647883714236,0.028230026003550276,4,0.08998368317362694,0.02252341310804341,4,0.9134151190519333,0.10663820901609954,4,42.75,8.341662504161466,4,0.9427930861711502,0.06852383167124021,4,179761.0,0.0,4,179761.0,0.0,4
random_all_per_seed,all_rows,0.15,0.15,False,False,B2_with_RC,,0.0002,1e-05,random,branched_only,1,938,K562,0.25978097319602966,0.0036065334355297103,4,0.33648332208395004,0.005472776698893856,4,0.4285575346731901,0.0304453697968617,4,0.35124935813653113,0.04009916538525227,4,0.1809303906235361,0.025614342466194803,4,0.18435675093171328,0.02604391972750148,4,0.8181964159011841,0.025586978971227164,4,0.2757888287305832,0.004069507322868087,4,0.3607228696346283,0.00660947953263609,4,0.3679664345527176,0.056503158186009664,4,0.25406969781087424,0.04555872210364062,4,0.13180740033612534,0.036360636949852816,4,0.13779375212118433,0.04060373372622499,4,0.9415882676839828,0.06496876827631066,4,0.2712288796901703,0.011911673547669917,4,0.3552173897624016,0.015818327738993724,4,0.29473248651092576,0.04175300586917037,4,0.22324440830597195,0.0407416378194272,4,0.0833998000922454,0.02764641789184261,4,0.08817472372924628,0.024446613184941977,4,0.9151856750249863,0.11186112929876559,4,39.25,9.215023964519391,4,0.9415882676839828,0.06496876827631066,4,179761.0,0.0,4,179761.0,0.0,4
random_all_per_seed,all_rows,0.15,0.15,False,False,B2_with_RC,,0.0002,1e-05,random,branched_only,1,938,SKNSH,0.25755857676267624,0.004542827825199311,4,0.33366846293210983,0.006945700222130502,4,0.44418492660886716,0.03473702344022928,4,0.380354755668447,0.03901223167462854,4,0.19457857420535454,0.029397917131633537,4,0.19820524462463998,0.02992219419179676,4,0.8045627772808075,0.02936653014018536,4,0.27667829394340515,0.0050379303256588405,4,0.36134228110313416,0.007085562494017965,4,0.3627923025858457,0.06218921666623954,4,0.2569648912388452,0.05265974750383856,4,0.12873549858720884,0.04004573255123227,4,0.13451887881771019,0.045222036128966143,4,0.9453768879175186,0.07624688976070222,4,0.27123603969812393,0.011268499813946939,4,0.35498886555433273,0.015070524884976294,4,0.2974534321600794,0.031929433982375556,4,0.22321662351366073,0.03946565475295033,4,0.08457890799094059,0.021217045475852153,4,0.08924316086963713,0.01877488657844793,4,0.9138212949037552,0.10792490246210362,4,55.25,12.526638282742368,4,0.9453768879175186,0.07624688976070222,4,179761.0,0.0,4,179761.0,0.0,4
random_all_per_seed,all_rows,0.15,0.15,False,False,B2_with_RC,,0.0002,1e-05,random,branched_only,1,1340,HepG2,0.261455200612545,0.006717521924523476,4,0.340344101190567,0.010843680433552567,4,0.4317935830143605,0.016147038780260914,4,0.35479260628927517,0.01981453240454305,4,0.1841607370940948,0.013630758810829431,4,0.18664124347840788,0.01404774959873071,4,0.8152304589748383,0.013620574193194094,4,0.2744453176856041,0.006148000714563927,4,0.3587900847196579,0.007935547130706393,4,0.381756687512095,0.060157651591181284,4,0.2624561700006113,0.04381220747056067,4,0.14096152459158137,0.042348322867352746,4,0.14845237574393183,0.045290231825704644,4,0.9088220298290253,0.07756790123335028,4,0.269973948597908,0.011002651801108355,4,0.3531435504555702,0.01573964740346898,4,0.3104960478717757,0.037348203179168406,4,0.2270939523798496,0.0371628815824227,4,0.09412504690121962,0.024849719135278163,4,0.09745396195452635,0.023046598441929782,4,0.8805135786533356,0.09359856278356232,4,43.25,6.1846584384264895,4,0.9088220298290253,0.07756790123335028,4,179761.0,0.0,4,179761.0,0.0,4
random_all_per_seed,all_rows,0.15,0.15,False,False,B2_with_RC,,0.0002,1e-05,random,branched_only,1,1340,K562,0.26163073629140854,0.006429764304425615,4,0.3410503789782524,0.01062273616945912,4,0.4294321527015475,0.019002416061185495,4,0.35086368527697387,0.017895007110529475,4,0.18073936775047142,0.01392482360869165,4,0.18468279263600704,0.016298063254763216,4,0.8186492919921875,0.013914514074909592,4,0.27393630892038345,0.006032592220297429,4,0.3584100976586342,0.0076926789874654095,4,0.3837932924615137,0.05787667668652301,4,0.2614365710332951,0.04821712163519933,4,0.14283771439544096,0.04019826912821922,4,0.14980957361665626,0.04365068887211561,4,0.9068824201822281,0.07674782941840355,4,0.27007197588682175,0.011556635446295885,4,0.35333629697561264,0.016372361918762887,4,0.3080657335788214,0.0434492957325944,4,0.2238417603672365,0.03863824523065736,4,0.0931563707053964,0.028934524785079574,4,0.0963203771802012,0.026420577717229797,4,0.8816974312067032,0.09800380097838346,4,45.5,5.744562646538029,4,0.9068824201822281,0.07674782941840355,4,179761.0,0.0,4,179761.0,0.0,4
random_all_per_seed,all_rows,0.15,0.15,False,False,B2_with_RC,,0.0002,1e-05,random,branched_only,1,1340,SKNSH,0.2619761601090431,0.006180967563948808,4,0.3413562849164009,0.009705915457137872,4,0.42850542608154085,0.014571988718448491,4,0.35670753148241346,0.0221860401191045,4,0.17921965423749436,0.009805054049318076,4,0.18377615732273078,0.012529116707516715,4,0.8201679140329361,0.00979766962701453,4,0.2753906771540642,0.007129444353658241,4,0.3594978600740433,0.0085730919636303,4,0.376738539446428,0.06025313068189559,4,0.2630499122489759,0.05114773612182915,4,0.1377189584687072,0.039694312261395324,4,0.14465475692195498,0.045317096588102276,4,0.9127865582704544,0.08396277998983688,4,0.26902100443840027,0.010925627272046276,4,0.35249219834804535,0.015898056852570463,4,0.31472621420401714,0.037176621887033856,4,0.2314892544830072,0.042776559029735296,4,0.0974965305577202,0.024714083534611356,4,0.1000891658183915,0.023094025455875446,4,0.8772973120212555,0.09411774491772225,4,54.25,7.2743842809317325,4,0.9127865582704544,0.08396277998983688,4,179761.0,0.0,4,179761.0,0.0,4
random_all_per_seed,all_rows,0.15,0.15,False,False,B2_with_RC,,0.0002,1e-05,random,branched_only,1,2011,HepG2,0.2606312930583954,0.002465755021086877,4,0.33869916945695877,0.0038150767297633293,4,0.4344796941575159,0.012152669919740912,4,0.3470683667507567,0.009692050189491324,4,0.18615365383247132,0.011884859582944603,4,0.1888833701748422,0.010440566537856289,4,0.8134416490793228,0.011878994711724536,4,0.27293112128973007,0.0064444204256234984,4,0.35675473511219025,0.0074489702535456325,4,0.3913588731397031,0.05366440389748334,4,0.26505680238706564,0.042540686293888415,4,0.15073896691731767,0.039345818822639274,4,0.15532166876943235,0.041878948672692484,4,0.9039025157690048,0.06400011463625523,4,0.26997505873441696,0.0114150079432624,4,0.35275932401418686,0.015183572110029188,4,0.31526918878515475,0.03288360518249724,4,0.2260457970716709,0.039822086059249674,4,0.09603293847202057,0.02352318102804443,4,0.10020566001459832,0.020743586206091014,4,0.8849184513092041,0.09388715363643389,4,38.75,7.588368291888141,4,0.9039025157690048,0.06400011463625523,4,179761.0,0.0,4,179761.0,0.0,4
random_all_per_seed,all_rows,0.15,0.15,False,False,B2_with_RC,,0.0002,1e-05,random,branched_only,1,2011,K562,0.2603597715497017,0.004274379471711997,4,0.3387853056192398,0.005760451834239854,4,0.433800220052884,0.026522153594493433,4,0.3491494430429669,0.02060573137605544,4,0.18567686074537804,0.022162916922605243,4,0.18871019939139802,0.02294336793226455,4,0.8139181882143021,0.022151904541318313,4,0.2731254920363426,0.006349060357666975,4,0.3569090738892555,0.008085439055932368,4,0.3915607003809848,0.04839814128928709,4,0.2657519504044331,0.03952876016912039,4,0.15020576145326844,0.034673016725733016,4,0.1550765671430407,0.037829982996791287,4,0.9047066867351532,0.0652763787065798,4,0.2691168487071991,0.011496502669554943,4,0.35233232378959656,0.015824571875951873,4,0.3169415808318722,0.036240817257791734,4,0.23677815732654015,0.039535524485713236,4,0.09830315578965093,0.02480208816294229,4,0.10143701328684065,0.02286892337677665,4,0.8829927742481232,0.09794129166938959,4,44.5,15.459624833740307,4,0.9047066867351532,0.0652763787065798,4,179761.0,0.0,4,179761.0,0.0,4
random_all_per_seed,all_rows,0.15,0.15,False,False,B2_with_RC,,0.0002,1e-05,random,branched_only,1,2011,SKNSH,0.2608697712421417,0.002533665007671412,4,0.33937734365463257,0.00228145205491889,4,0.42845221603575967,0.027471600791596617,4,0.34473224055567236,0.021400243716832856,4,0.18264808246451958,0.023640059479988207,4,0.1841373180634929,0.02368500349017616,4,0.8169454783201218,0.02362836940013625,4,0.27303004264831543,0.006151003553677028,4,0.35678916424512863,0.008217580764917878,4,0.3906734013858908,0.053432757821245895,4,0.27554374468979415,0.03746046902676043,4,0.15063225531668867,0.03947038217413354,4,0.15476700125670928,0.04172421235308713,4,0.9043137282133102,0.06946472553479109,4,0.2691071778535843,0.012128615674702761,4,0.35194131731987,0.016092725680960675,4,0.3220775502116908,0.03543324047809537,4,0.24351750772233532,0.04491738419557649,4,0.10034005027284781,0.025607743420370515,4,0.10467558424844811,0.022862886813674377,4,0.8810159415006638,0.0976978162193644,4,49.25,18.136059844041835,4,0.9043137282133102,0.06946472553479109,4,179761.0,0.0,4,179761.0,0.0,4
random_all_per_seed,all_rows,0.15,0.15,False,False,B2_with_RC,,0.0002,1e-05,random,branched_only,1,2681,HepG2,0.26198242604732513,0.004436237316196517,4,0.34162145107984543,0.005720313428195992,4,0.43346618302774653,0.03113399447415901,4,0.3404916317415396,0.026012159830751305,4,0.18520110805212642,0.026569279262674758,4,0.1886199260375816,0.0277490137514442,4,0.8144950270652771,0.02655929721465089,4,0.2729383036494255,0.005834307205213378,4,0.35628872364759445,0.007774694810431751,4,0.39587722218588883,0.0497554736580517,4,0.27612090111116727,0.0406107335024604,4,0.15307661775003056,0.03641422016923169,4,0.1585754804148184,0.039349559799187174,4,0.8865571767091751,0.05127265647908359,4,0.26901645958423615,0.012113563751126788,4,0.3517477512359619,0.015994473261558794,4,0.32378412751022667,0.036502972776997225,4,0.24277992340183147,0.04196546424966501,4,0.10134788320924243,0.023760714111099323,4,0.10583551149372739,0.023469205598321566,4,0.8652816414833069,0.08547046062599503,4,35.5,17.6351920885484,4,0.8865571767091751,0.05127265647908359,4,179761.0,0.0,4,179761.0,0.0,4
random_all_per_seed,all_rows,0.15,0.15,False,False,B2_with_RC,,0.0002,1e-05,random,branched_only,1,2681,K562,0.26284699887037277,0.0035502667708690533,4,0.34268420189619064,0.0049718776618831164,4,0.4273166782803032,0.02259593990451485,4,0.3369560154090321,0.020384662495801276,4,0.1802468635585534,0.018969688924113104,4,0.18298247591163846,0.019385021434332655,4,0.8194473385810852,0.018962575360198294,4,0.272329717874527,0.006191081020394603,4,0.35582444071769714,0.007703817262307684,4,0.3959404707528101,0.04712151554177009,4,0.2679541742210715,0.03530525763044625,4,0.15527886375469246,0.03628467519452574,4,0.1584341843001718,0.037268621573890715,4,0.8842409700155258,0.050865255495908125,4,0.26954296976327896,0.012429546424640517,4,0.35277334600687027,0.016687913398955027,4,0.3178944482821281,0.04325194962973273,4,0.23756697822124329,0.04515422112735619,4,0.09601802693616565,0.0325869040702687,4,0.10245992860867831,0.027396848690547992,4,0.8705471456050873,0.08994962862871364,4,37.5,16.217274740226856,4,0.8842409700155258,0.050865255495908125,4,179761.0,0.0,4,179761.0,0.0,4
random_all_per_seed,all_rows,0.15,0.15,False,False,B2_with_RC,,0.0002,1e-05,random,branched_only,1,2681,SKNSH,0.26406533271074295,0.002432765777438323,4,0.3444739952683449,0.0021393312683398785,4,0.41636674546039065,0.015631797629514624,4,0.32940589356488775,0.010394852182116486,4,0.17165744865036492,0.012010468363434236,4,0.1735445315481253,0.012839946985762674,4,0.8280335962772369,0.012006014255073198,4,0.27358756959438324,0.006545217094306516,4,0.35752370953559875,0.008328130777702406,4,0.3891683569863389,0.05131435018238838,4,0.2732795442791053,0.041891854143674204,4,0.1472564844628804,0.036043177021050345,4,0.15342688198042712,0.0399291335112918,4,0.8927896022796631,0.054357559957633084,4,0.2687252536416054,0.012225585761654603,4,0.3512698784470558,0.01592098788797337,4,0.3256244655207477,0.03571879318134327,4,0.24097979681762494,0.04547302429600357,4,0.10375284234283969,0.02504148090135243,4,0.1069881666854213,0.02334294052000799,4,0.8629437536001205,0.08522183883616101,4,35.0,9.486832980505138,4,0.8927896022796631,0.054357559957633084,4,179761.0,0.0,4,179761.0,0.0,4
random_all_per_seed,all_rows,0.15,0.15,False,False,B2_with_RC,,0.0002,1e-05,random,conv3_plus,1,134,HepG2,0.26411984488368034,0.032773410952818806,4,0.341613344848156,0.03866284695001334,4,0.4110845171038461,0.08448835831600192,4,0.3679146176782406,0.09649100523944713,4,0.14822090103961094,0.09847790256267255,4,0.17434419222070213,0.06972445275926627,4,0.8454226553440094,0.09774302370050543,4,0.2862885594367981,0.006092664967547036,4,0.3720387667417526,0.005640815341108673,4,0.29917339918513064,0.04295813214528809,4,0.22458003383494654,0.043693393927483386,4,0.07636528228799203,0.040255100117515645,4,0.09088877361804457,0.025128260840542604,4,1.0325296372175217,0.26134184493304735,4,0.27933419495821,0.010998397406896867,4,0.36758705973625183,0.015685543465506574,4,0.23058596917204122,0.016322149839669686,4,0.20224123045293524,0.017506248033901925,4,0.018575826492255088,0.015262907456458566,4,0.053369698610551006,0.0075278585074894655,4,0.9948947578668594,0.17953127628574578,4,19.25,11.672617529928752,4,1.0325296372175217,0.26134184493304735,4,179761.0,0.0,4,3063361.0,0.0,4
random_all_per_seed,all_rows,0.15,0.15,False,False,B2_with_RC,,0.0002,1e-05,random,conv3_plus,1,134,K562,0.26885828375816345,0.03038189678405127,4,0.34625206887722015,0.03726382704648483,4,0.39529522194777644,0.06308804957364395,4,0.3564394463877705,0.09928330818427218,4,0.12553839716269447,0.0821206507674918,4,0.15924338899399676,0.05123669396949417,4,0.8679358065128326,0.08150785469117168,4,0.2844283878803253,0.008838610243711933,4,0.3711332082748413,0.012390986402229884,4,0.3115079791573201,0.0289441597154804,4,0.2316218835508695,0.019348139408182967,4,0.08179635560354892,0.02710809653238599,4,0.09766554436490381,0.018253163702470213,4,1.0284717381000519,0.2623827000995418,4,0.27726389467716217,0.013104527851065749,4,0.36270255595445633,0.01808129393697655,4,0.2713587840615036,0.03937226528414142,4,0.2278826042500165,0.032458076797701754,4,0.044294305725586264,0.044064272635249015,4,0.07479822114254137,0.020140165367616796,4,0.9701798558235168,0.18502900682350026,4,20.25,12.446552400832395,4,1.0284717381000519,0.2623827000995418,4,179761.0,0.0,4,3063361.0,0.0,4
random_all_per_seed,all_rows,0.15,0.15,False,False,B2_with_RC,,0.0002,1e-05,random,conv3_plus,1,134,SKNSH,0.2664621099829674,0.030613665995145103,4,0.3435681611299515,0.04004224100237404,4,0.4039137680834065,0.0353186349782524,4,0.367345416624107,0.07092978167061247,4,0.14156441783487006,0.06320733220862614,4,0.1640818865298812,0.029299271990122396,4,0.8520293682813644,0.06273564573919625,4,0.2916511818766594,0.005200088409430071,4,0.3783675879240036,0.00473338645087149,4,0.2718403036623982,0.04448876405648249,4,0.22030871253896275,0.04592842068275278,4,0.04413477421606454,0.055102173518857295,4,0.07538158829071989,0.024054677156394144,4,1.065811201930046,0.2602358779851817,4,0.2841521427035332,0.015047650873484964,4,0.3701398894190788,0.01780534297348994,4,0.22907925669878804,0.026033170293593463,4,0.20576895462597455,0.030880874738353332,4,0.004605359674735604,0.04584465081748856,4,0.052985600316320644,0.011932357556327735,4,1.0067989528179169,0.16753115128777055,4,14.0,4.96655480858378,4,1.065811201930046,0.2602358779851817,4,179761.0,0.0,4,3063361.0,0.0,4
random_all_per_seed,all_rows,0.15,0.15,False,False,B2_with_RC,,0.0002,1e-05,random,conv3_plus,1,268,HepG2,0.25412146002054214,0.02865909206690372,4,0.33048945665359497,0.03973406850445804,4,0.4607523900547572,0.09242171399630983,4,0.396210722354009,0.10302653884709892,4,0.20513581361696961,0.08933216963639971,4,0.21869909485468292,0.0854096555489832,4,0.7918982803821564,0.08899887953052031,4,0.28268713504076004,0.006914508323934848,4,0.3679393604397774,0.008452187242239118,4,0.31920259155794384,0.052931452519875306,4,0.22774947555829686,0.041653423463632634,4,0.09669199149244465,0.042442606834367215,4,0.10399159845670539,0.0342353240168945,4,0.9981801956892014,0.16230345352331213,4,0.2767057567834854,0.010103640557911046,4,0.36351433396339417,0.014370964539304197,4,0.24623873403355984,0.015998725093628915,4,0.21148298665097331,0.01389052076641491,4,0.04002550564415283,0.013722367862579802,4,0.06082548354191636,0.007851550564183386,4,0.9689823091030121,0.11914756627599615,4,22.75,15.217862311551295,4,0.9981801956892014,0.16230345352331213,4,179761.0,0.0,4,3063361.0,0.0,4
random_all_per_seed,all_rows,0.15,0.15,False,False,B2_with_RC,,0.0002,1e-05,random,conv3_plus,1,268,K562,0.2567678168416023,0.0355450001894255,4,0.33223598450422287,0.04773664397374562,4,0.4545778818589904,0.10295126069885681,4,0.3936117146535032,0.10649343119179734,4,0.19850227884058694,0.10972004299206924,4,0.21459027223501922,0.10283229912776314,4,0.7985069900751114,0.10931061817820391,4,0.2811775803565979,0.00796340060627463,4,0.3676806390285492,0.012464889154921416,4,0.32329721292313884,0.05011473734054516,4,0.23216989028968982,0.023035146555704124,4,0.09853081638425701,0.037261961719555065,4,0.10640470305790327,0.033451450474384734,4,0.9970977306365967,0.166380040791795,4,0.27501361072063446,0.01158306978444704,4,0.36106791347265244,0.01627378824196407,4,0.2755939188129179,0.03446196514407896,4,0.23077156923818082,0.022040826911308303,4,0.05283551785252674,0.03494201014311032,4,0.07684272836785497,0.018231849432236852,4,0.9563101977109909,0.12376285901144894,4,23.0,17.224014243685083,4,0.9970977306365967,0.166380040791795,4,179761.0,0.0,4,3063361.0,0.0,4
random_all_per_seed,all_rows,0.15,0.15,False,False,B2_with_RC,,0.0002,1e-05,random,conv3_plus,1,268,SKNSH,0.24615580588579178,0.03299275341105976,4,0.3196265324950218,0.0435041180105858,4,0.5021838800899086,0.11256661887112351,4,0.45078958796068186,0.10714009881643315,4,0.2553530115662209,0.10970709643117771,4,0.26169208218521317,0.11343442380202944,4,0.7418684363365173,0.10929768603348343,4,0.28535404056310654,0.0031401172731070066,4,0.3706677407026291,0.005731578476656284,4,0.3088188775273981,0.07286410560268604,4,0.23658373186540693,0.057863426088026165,4,0.08289111536704838,0.04784121972112664,4,0.09935098253124167,0.04270052801794367,4,1.012878656387329,0.16402764006345807,4,0.2783365547657013,0.013453905123211762,4,0.36272454261779785,0.01645236510095992,4,0.2575137192302618,0.028023219121129928,4,0.21403808340522854,0.04747653825590495,4,0.04433072390106199,0.028019957284785225,4,0.06690229119923526,0.014679048034916745,4,0.9636067301034927,0.10956776111211279,4,31.25,16.680827317612277,4,1.012878656387329,0.16402764006345807,4,179761.0,0.0,4,3063361.0,0.0,4
random_all_per_seed,all_rows,0.15,0.15,False,False,B2_with_RC,,0.0002,1e-05,random,conv3_plus,1,536,HepG2,0.2466382496058941,0.015878620620487022,4,0.31970083713531494,0.020887830743108935,4,0.5231413204502537,0.02998541631100589,4,0.446754218517688,0.03682540566797804,4,0.2696737334796713,0.03167103394235965,4,0.27435118505594325,0.03152518996100211,4,0.7289637625217438,0.031611959303357265,4,0.2793608531355858,0.006442912169610581,4,0.3638044595718384,0.009109937674132606,4,0.356261413422996,0.053547718751447114,4,0.24616289573347683,0.04580514065711995,4,0.11701858069629448,0.03926780601263291,4,0.12907271333176396,0.0378504436425202,4,0.9507007300853729,0.10721763667185218,4,0.2739238888025284,0.010456533945028773,4,0.35996466130018234,0.01480795454054314,4,0.2816188335038589,0.018234209705653703,4,0.23265329523527636,0.018332744230459944,4,0.05871620154079635,0.017515227415706266,4,0.07955853218676652,0.010173645614376713,4,0.9295347630977631,0.10642252937171406,4,22.75,4.031128874149275,4,0.9507007300853729,0.10721763667185218,4,179761.0,0.0,4,3063361.0,0.0,4
random_all_per_seed,all_rows,0.15,0.15,False,False,B2_with_RC,,0.0002,1e-05,random,conv3_plus,1,536,K562,0.2502421773970127,0.023874620143433677,4,0.32360726594924927,0.030298105099962808,4,0.5024656220040262,0.07631405395323934,4,0.43619916667670583,0.05091378482640765,4,0.2520558316141489,0.07205367256830603,4,0.25683957741897645,0.07195440882495714,4,0.7465488016605377,0.07191928776277726,4,0.278530590236187,0.007103723341405098,4,0.36419858038425446,0.01052915317758752,4,0.35137116448959654,0.05720994124501369,4,0.2429034189460315,0.03180314251484454,4,0.11521624208401027,0.039896866980854005,4,0.12591642826771857,0.03922182071129795,4,0.9525994956493378,0.10722816770921402,4,0.2739643380045891,0.013070768811012646,4,0.3583850786089897,0.017758438919421013,4,0.28974201745048417,0.03648519316414154,4,0.22416499101220552,0.04379752767344024,4,0.06711782677934719,0.035976074823860366,4,0.08494881366644522,0.021420951081468638,4,0.9217641949653625,0.11601632460254944,4,21.25,7.41057802513857,4,0.9525994956493378,0.10722816770921402,4,179761.0,0.0,4,3063361.0,0.0,4
random_all_per_seed,all_rows,0.15,0.15,False,False,B2_with_RC,,0.0002,1e-05,random,conv3_plus,1,536,SKNSH,0.2461250089108944,0.01768311214846966,4,0.3181818425655365,0.022602605385230727,4,0.5302130898875378,0.03897589936082888,4,0.47433342678378454,0.045981989813466545,4,0.27658142306593786,0.04176168063774876,4,0.28226526123632933,0.041903276723540085,4,0.7220690101385117,0.04168378716800262,4,0.2817794606089592,0.004220679101078679,4,0.3656577840447426,0.006838532181514596,4,0.3444994651893096,0.05297213643300827,4,0.25027977050326233,0.04437686091490315,4,0.10787741817127508,0.03812707215270022,4,0.12078441694442825,0.035414485052901463,4,0.9600220322608948,0.10153556244566475,4,0.27546244114637375,0.011074726462276793,4,0.35946736484766006,0.015017628232644483,4,0.28645634154420896,0.02548298288725936,4,0.22780426202375093,0.03981921230536994,4,0.061304266551905295,0.021427902918809107,4,0.08254427242351677,0.014545030632029315,4,0.9265699535608292,0.1010812900644671,4,24.75,3.095695936834452,4,0.9600220322608948,0.10153556244566475,4,179761.0,0.0,4,3063361.0,0.0,4
random_all_per_seed,all_rows,0.15,0.15,False,False,B2_with_RC,,0.0002,1e-05,random,conv3_plus,1,938,HepG2,0.2496197298169136,0.0067934045289744435,4,0.3246104493737221,0.010352953899072996,4,0.48996986093215156,0.04439490553189584,4,0.4069060371357962,0.0342432842687192,4,0.23735845118148444,0.04596551959036371,4,0.24154864534976145,0.04403893559503827,4,0.7618284970521927,0.04591646998241739,4,0.2767410948872566,0.00516477738077013,4,0.3609013184905052,0.006784096865996761,4,0.3643981037654874,0.06464632685626345,4,0.2527840117737193,0.05650877632064253,4,0.1307223193231023,0.043291314529680616,4,0.13592033870988807,0.046168667447715465,4,0.9425594061613083,0.06644193118168551,4,0.2719176113605499,0.010783106955543388,4,0.356704942882061,0.014375278050895366,4,0.29673629244493044,0.021986466062057595,4,0.2250649220304093,0.027906778897799085,4,0.07558243370896253,0.021735283809111362,4,0.08841498077138678,0.013133686880660267,4,0.9220784604549408,0.0996240534765828,4,18.5,4.43471156521669,4,0.9425594061613083,0.06644193118168551,4,179761.0,0.0,4,3063361.0,0.0,4
random_all_per_seed,all_rows,0.15,0.15,False,False,B2_with_RC,,0.0002,1e-05,random,conv3_plus,1,938,K562,0.2504906468093395,0.006751422152090092,4,0.325309656560421,0.010528304061768735,4,0.486477616662752,0.033310586356226086,4,0.4000754728650613,0.020742273312137457,4,0.2345665859948133,0.03429893083713966,4,0.2374926678864182,0.03280337399858923,4,0.7646174132823944,0.03426230522585267,4,0.2762617990374565,0.004889835809365346,4,0.3608263432979584,0.008467174540594603,4,0.36794308467749015,0.05514742490056514,4,0.2502228742490582,0.04043271401165124,4,0.13140288010020787,0.03772005663592598,4,0.1376630424168593,0.03881898590329629,4,0.9415902346372604,0.05655310762975609,4,0.2714807018637657,0.012419755932836063,4,0.3554278165102005,0.016234680594188824,4,0.3057054264563311,0.035033032992235265,4,0.23331281531094417,0.03825455419549735,4,0.08231298019718514,0.030902646161491132,4,0.09437629281532353,0.021402266702613852,4,0.9161985665559769,0.11182485430039829,4,18.5,3.8729833462074166,4,0.9415902346372604,0.05655310762975609,4,179761.0,0.0,4,3063361.0,0.0,4
random_all_per_seed,all_rows,0.15,0.15,False,False,B2_with_RC,,0.0002,1e-05,random,conv3_plus,1,938,SKNSH,0.24907920509576797,0.0069930915387675366,4,0.32337989658117294,0.010289116224324473,4,0.49677368532067206,0.04085175260572979,4,0.42206843744989697,0.030718633773734478,4,0.24332423319556662,0.0412998739718138,4,0.24803574369530193,0.04070053500021449,4,0.755869135260582,0.04125581116358947,4,0.2793755307793617,0.004747855554209115,4,0.3635513335466385,0.006294469583160146,4,0.34906919880233367,0.05993959262091579,4,0.25300225937573206,0.04695622925533143,4,0.1180479153049688,0.03905269511447224,4,0.12454387162517416,0.04078738227189843,4,0.9563807994127274,0.0649581496034326,4,0.2734222263097763,0.011991254843969784,4,0.3570752963423729,0.015318474150497287,4,0.29512580555212203,0.027013651781322645,4,0.22164646605044863,0.05636396418701584,4,0.07371777741504756,0.026931711451927114,4,0.08764654413971086,0.0161054153000913,4,0.9240748584270477,0.10263880746852883,4,19.5,3.8729833462074166,4,0.9563807994127274,0.0649581496034326,4,179761.0,0.0,4,3063361.0,0.0,4
random_all_per_seed,all_rows,0.15,0.15,False,False,B2_with_RC,,0.0002,1e-05,random,conv3_plus,1,1340,HepG2,0.25242429599165916,0.008380680793818795,4,0.32994716614484787,0.012249032640537482,4,0.4861064569165945,0.017961258125558485,4,0.40106675966876004,0.021342575821799655,4,0.23337551181023497,0.017498498266433394,4,0.2365414425510946,0.01754511286159332,4,0.7660524100065231,0.017485515067915815,4,0.27521635591983795,0.005728787113004422,4,0.35907334834337234,0.008488381339140382,4,0.3791810585358839,0.053680205147497016,4,0.2650659816219596,0.04398849105651812,4,0.13973946955187044,0.03986014947842092,4,0.14593944847090143,0.04013383326102746,4,0.910216823220253,0.07767699431341687,4,0.2695322558283806,0.010755809819552037,4,0.35407982021570206,0.014709877466331216,4,0.3131865541708396,0.028927080406759377,4,0.23680896952910283,0.03272367055266619,4,0.08911722817914722,0.026105305835574532,4,0.09871339969904859,0.018103668257822017,4,0.8849104195833206,0.08747258312036067,4,18.0,3.651483716701107,4,0.910216823220253,0.07767699431341687,4,179761.0,0.0,4,3063361.0,0.0,4
random_all_per_seed,all_rows,0.15,0.15,False,False,B2_with_RC,,0.0002,1e-05,random,conv3_plus,1,1340,K562,0.2539059482514858,0.01289979746802769,4,0.3312868997454643,0.018114943263017554,4,0.478417992073223,0.04030666454038004,4,0.38430074510772455,0.03164210709816659,4,0.22750821997438825,0.038005431679960025,4,0.23010224554415248,0.03817635658176012,4,0.7719153016805649,0.03797716298166913,4,0.27482401579618454,0.005890624007743476,4,0.35916708409786224,0.009349826499197838,4,0.37916394840745116,0.056819447920327316,4,0.2580101472876133,0.036739733705394385,4,0.1392666224297726,0.042728795972781036,4,0.14618663701840637,0.04139037854008012,4,0.9103266298770905,0.07352199284475144,4,0.270062580704689,0.01187277076587105,4,0.35387180000543594,0.016319061263107743,4,0.3157249679816456,0.029946265796749735,4,0.23998062757662836,0.042600449700327905,4,0.09042190590512175,0.027946350485093998,4,0.10035483953338835,0.019076472309863125,4,0.884129673242569,0.0947035681563085,4,18.0,7.0710678118654755,4,0.9103266298770905,0.07352199284475144,4,179761.0,0.0,4,3063361.0,0.0,4
random_all_per_seed,all_rows,0.15,0.15,False,False,B2_with_RC,,0.0002,1e-05,random,conv3_plus,1,1340,SKNSH,0.2551547698676586,0.0091976834847056,4,0.3323177099227905,0.013710519020036028,4,0.47510736317208935,0.01981847250300214,4,0.3851371668019461,0.013378506900052127,4,0.2224900666743926,0.018485507644674454,4,0.22602158542959977,0.018731807328140317,4,0.7769297063350677,0.018471736276628247,4,0.27745937556028366,0.0051392974500388275,4,0.3613990619778633,0.007765604146476917,4,0.36457185872609277,0.05032465692866061,4,0.2570748215255768,0.036172115889233934,4,0.12866452769550255,0.03535367492134566,4,0.13481206849623867,0.03583463010386303,4,0.9220868945121765,0.07798725385032335,4,0.2706051170825958,0.011572538856599663,4,0.35413938760757446,0.014915945063496484,4,0.3112221078713882,0.028726558166415995,4,0.23236168818234132,0.043398272612748125,4,0.08891406804382784,0.022362489692688364,4,0.09747811178597637,0.017743884315889583,4,0.8852658271789551,0.0890535697475119,4,17.0,2.943920288775949,4,0.9220868945121765,0.07798725385032335,4,179761.0,0.0,4,3063361.0,0.0,4
random_all_per_seed,all_rows,0.15,0.15,False,False,B2_with_RC,,0.0002,1e-05,random,conv3_plus,1,2011,HepG2,0.2532716579735279,0.005709641437429781,4,0.3297047019004822,0.007723781238698305,4,0.47961163485603964,0.032521630654582794,4,0.38213864375850437,0.030357913170230694,4,0.22863000421951216,0.03135967370535892,4,0.23082056263460793,0.03113123382197634,4,0.7709864228963852,0.0313440511281663,4,0.27443550527095795,0.005274725654644378,4,0.3573569357395172,0.007370777567102952,4,0.3883892556809324,0.04834770380983528,4,0.27228183472888245,0.046911633726682424,4,0.14800470311979988,0.035180606390942955,4,0.15259933927615135,0.03711210548140401,4,0.9067641645669937,0.060199147307439166,4,0.2693413645029068,0.011025047814729948,4,0.35347335785627365,0.014822115557279116,4,0.3205888274980299,0.028961702531765034,4,0.23976930355724269,0.03337967838656728,4,0.09217460793979038,0.029831013619063665,4,0.10340628147671542,0.018568647671743082,4,0.8884008675813675,0.09180006183054518,4,15.0,2.581988897471611,4,0.9067641645669937,0.060199147307439166,4,179761.0,0.0,4,3063361.0,0.0,4
random_all_per_seed,all_rows,0.15,0.15,False,False,B2_with_RC,,0.0002,1e-05,random,conv3_plus,1,2011,K562,0.25375591591000557,0.0054044927740310895,4,0.3304741606116295,0.008607570045184212,4,0.4768288704159247,0.03461886986551755,4,0.3762921824830317,0.040417179487830336,4,0.2250618221023756,0.03253435916052326,4,0.22826462127520092,0.03342190624413126,4,0.7745528221130371,0.03251811071451325,4,0.27326441556215286,0.005494256551506731,4,0.35768530517816544,0.00833488097872738,4,0.38563889651163585,0.04971924795227002,4,0.26853472432331815,0.039082794790656364,4,0.14646183987496555,0.03677028406753512,4,0.15057136121541664,0.03760015296068862,4,0.9084297865629196,0.061916217452206684,4,0.27018116414546967,0.011123427663572341,4,0.3535221144556999,0.015171062605668861,4,0.3173549299912474,0.031904016739480276,4,0.23469596824089695,0.044871039924770276,4,0.09206026849982774,0.026269294295303624,4,0.10147755130283434,0.020291025625471693,4,0.8887342661619186,0.09383748130571941,4,14.5,3.696845502136472,4,0.9084297865629196,0.061916217452206684,4,179761.0,0.0,4,3063361.0,0.0,4
random_all_per_seed,all_rows,0.15,0.15,False,False,B2_with_RC,,0.0002,1e-05,random,conv3_plus,1,2011,SKNSH,0.25061843916773796,0.008089688303379878,4,0.32689275592565536,0.010491582315326963,4,0.49679924389150626,0.028339470176345742,4,0.3933023806506846,0.024823742196265486,4,0.2421288287865506,0.026818289247529433,4,0.2474118329085793,0.028228708363173233,4,0.7574942708015442,0.026804926234582024,4,0.27556514739990234,0.005487350254286013,4,0.3596203774213791,0.0073781817920653215,4,0.3742795728731637,0.048103428655233246,4,0.2660927728503346,0.04079121423270469,4,0.1372297346115595,0.03381616693737245,4,0.14182065355640971,0.03582070175007121,4,0.9183800667524338,0.06267034324032231,4,0.2701542153954506,0.011654583724481131,4,0.35313377529382706,0.014749806312219211,4,0.32225269939384404,0.02466813460745083,4,0.23915809885652395,0.04151879003924873,4,0.09401995488935827,0.02468014604340259,4,0.10430318991537768,0.015904458810208834,4,0.8866402953863144,0.09088444048585534,4,17.0,2.943920288775949,4,0.9183800667524338,0.06267034324032231,4,179761.0,0.0,4,3063361.0,0.0,4
random_all_per_seed,all_rows,0.15,0.15,False,False,B2_with_RC,,0.0002,1e-05,random,conv3_plus,1,2681,HepG2,0.2546829953789711,0.00585882199432282,4,0.33219969272613525,0.00739648860368475,4,0.4831475047243524,0.03595735423624089,4,0.37898423271583237,0.03065934379828406,4,0.2294199531072869,0.03317347059489874,4,0.23440120981412105,0.03508776206885574,4,0.7702925801277161,0.03316110815837435,4,0.2732773572206497,0.005088371320531663,4,0.35619402676820755,0.0072655885874785215,4,0.39464418247115285,0.04209471509944879,4,0.2776337652962418,0.04512417501602775,4,0.1536287722557336,0.03179452536021109,4,0.1570730045378024,0.03285340891196535,4,0.8860000967979431,0.04839982633222977,4,0.2685655951499939,0.010811002901831089,4,0.3521167188882828,0.014916525170455159,4,0.3283861977160236,0.02598190097179553,4,0.25175600279826316,0.034104258612844246,4,0.09931595203572063,0.021688292407678646,4,0.10834378923396851,0.017053997034780968,4,0.8669100254774094,0.08068243840240102,4,13.75,2.362907813126304,4,0.8860000967979431,0.04839982633222977,4,179761.0,0.0,4,3063361.0,0.0,4
random_all_per_seed,all_rows,0.15,0.15,False,False,B2_with_RC,,0.0002,1e-05,random,conv3_plus,1,2681,K562,0.25684526562690735,0.0025724911301610548,4,0.3352523371577263,0.003846868577804323,4,0.4674655275693646,0.01261368550872587,4,0.3619699269992865,0.016679474194171536,4,0.21545872402211277,0.012251970119163137,4,0.21864334826228918,0.011798539426749967,4,0.7842486202716827,0.012247361186148905,4,0.2725420892238617,0.0052497603026060834,4,0.35677921026945114,0.008078940825711681,4,0.39206600215820336,0.04458743386624324,4,0.2715210853896895,0.03760017767202261,4,0.1508572823725599,0.03352906751222871,4,0.1552067794923988,0.03434097131606386,4,0.8890336751937866,0.05305261610546569,4,0.2691182270646095,0.011633087984627085,4,0.3524872958660126,0.015824428227173764,4,0.32252951167598704,0.03378771258521955,4,0.23762731179420474,0.040867160488056206,4,0.09749490633151564,0.025604965551664378,4,0.10488149304325671,0.021734968058046786,4,0.8689165413379669,0.08524260851226549,4,12.75,2.6299556396765835,4,0.8890336751937866,0.05305261610546569,4,179761.0,0.0,4,3063361.0,0.0,4
random_all_per_seed,all_rows,0.15,0.15,False,False,B2_with_RC,,0.0002,1e-05,random,conv3_plus,1,2681,SKNSH,0.25570980459451675,0.00462763585304989,4,0.333987258374691,0.006209341220103497,4,0.4721299165134931,0.030175719181116372,4,0.37289453219075214,0.03132612142848464,4,0.22118915693677693,0.028160091051470364,4,0.2235895885881112,0.027815397147573348,4,0.7785203456878662,0.02814956340458738,4,0.27497024834156036,0.005132372973293003,4,0.3587993159890175,0.006927352405356138,4,0.3803022398461914,0.04401276148026624,4,0.2769108707479243,0.04482592157058152,4,0.141171962377936,0.032368299207181754,4,0.14608263601186916,0.0333490992382806,4,0.8989458978176117,0.04669143102868813,4,0.2701062187552452,0.011991270923759416,4,0.3529789671301842,0.014936592353579551,4,0.3228384088253685,0.033080918437741254,4,0.23641601842784513,0.04906721572421121,4,0.09477520594905003,0.027749649357882093,4,0.10504539858640916,0.021185018999180294,4,0.8712154030799866,0.08184749726675014,4,13.5,3.872983346207417,4,0.8989458978176117,0.04669143102868813,4,179761.0,0.0,4,3063361.0,0.0,4
random_all_per_seed,all_rows,0.15,0.15,False,False,B2_with_RC,,0.0002,1e-05,random,full,1,134,HepG2,0.2456534244120121,0.03436419208894428,4,0.3205767944455147,0.04099340183784868,4,0.5229676464205091,0.09686766594864579,4,0.47430993518189896,0.10282767262917296,4,0.24945658925779723,0.11516746612998686,4,0.2805326677323604,0.09694496472426671,4,0.7449424266815186,0.11430807873678511,4,0.28842492401599884,0.0071704955619540664,4,0.3742867708206177,0.00556886015418199,4,0.298628937631197,0.04311189406240643,4,0.22830781756760962,0.04223213981544181,4,0.06474292326027892,0.051981341872467626,4,0.09057321894797346,0.025438657015441506,4,1.0434670150279999,0.254371890625526,4,0.28158943355083466,0.013315838451094046,4,0.37000638246536255,0.0177158092016518,4,0.23169710769771845,0.017216228883697858,4,0.20524665681750442,0.015629844776034588,4,0.005829375384699825,0.024605317625476082,4,0.053905848618220044,0.007904155021569749,4,1.0080447793006897,0.18408453129973595,4,15.0,6.324555320336759,4,1.0434670150279999,0.254371890625526,4,179761.0,0.0,4,3747661.0,0.0,4
random_all_per_seed,all_rows,0.15,0.15,False,False,B2_with_RC,,0.0002,1e-05,random,full,1,134,K562,0.24924898147583008,0.04002340733573583,4,0.323451392352581,0.04842037149518854,4,0.5211115278716829,0.06207067563246239,4,0.4694906119224072,0.05131492239394259,4,0.24217754908103764,0.0921415937097316,4,0.27444680106086244,0.06235366636607052,4,0.7521670609712601,0.0914540497815907,4,0.28670019656419754,0.009985747504632051,4,0.3739342540502548,0.011808146921190598,4,0.3064364322056974,0.034041383661723955,4,0.22729060926349143,0.021119814092752095,4,0.06750756985722667,0.03850441505490783,4,0.0947723988341605,0.021175957837311982,4,1.0424084663391113,0.2557500920598036,4,0.2801707908511162,0.01501095467632999,4,0.36621418595314026,0.020737823016583997,4,0.26422906238015875,0.043198075150326136,4,0.21873633840126494,0.03483556332801813,4,0.02585860699314088,0.0546100579514716,4,0.07121655267881775,0.021074704291541083,4,0.9892369955778122,0.1937557444076305,4,17.0,7.745966692414834,4,1.0424084663391113,0.2557500920598036,4,179761.0,0.0,4,3747661.0,0.0,4
random_all_per_seed,all_rows,0.15,0.15,False,False,B2_with_RC,,0.0002,1e-05,random,full,1,134,SKNSH,0.24313192442059517,0.03600516064555196,4,0.3157839998602867,0.04710063403571509,4,0.5467802972281818,0.08237428145936794,4,0.4912251342298644,0.0746548823348355,4,0.2759382541826211,0.10699013430286552,4,0.30405783512139917,0.08584242646901451,4,0.7186583280563354,0.10619168666984581,4,0.29320524632930756,0.0056079659641834,4,0.3798355236649513,0.0046271271845796545,4,0.2770324956909042,0.04366818827081335,4,0.22221018669502987,0.04501196555749207,4,0.036232180340575126,0.06578945500763438,4,0.07817718666887227,0.023769476115560947,4,1.0722857415676117,0.25201192244015935,4,0.2861628904938698,0.015573395482284827,4,0.3723798394203186,0.018560657993378634,4,0.23108240870926583,0.027740641273628238,4,0.2057159987014378,0.031101318919004448,4,-0.007287036184695783,0.044407396505914395,4,0.05397623699858028,0.012808847634264525,4,1.0186523795127869,0.167850611197141,4,17.0,8.679477710861024,4,1.0722857415676117,0.25201192244015935,4,179761.0,0.0,4,3747661.0,0.0,4
random_all_per_seed,all_rows,0.15,0.15,False,False,B2_with_RC,,0.0002,1e-05,random,full,1,268,HepG2,0.24119435250759125,0.02240683820173639,4,0.3147080987691879,0.03189988480701684,4,0.5384057568037067,0.05194743900549139,4,0.4583987893271356,0.054084407765839546,4,0.2786705761140178,0.054142571996916064,4,0.2919046612737941,0.05445036710163446,4,0.7186378538608551,0.05394056773668158,4,0.28432629257440567,0.005234289512014227,4,0.37020160257816315,0.005910969473190175,4,0.31132751105026685,0.05288934519697397,4,0.22984610275837736,0.047477074210829084,4,0.08549986889145628,0.03919756751880335,4,0.09902278126327754,0.03243823974076989,4,1.0117865651845932,0.17477251897825336,4,0.27723412960767746,0.010421187066272703,4,0.3650250881910324,0.013379647609546259,4,0.24113977296941594,0.01593930116855996,4,0.21363521095695104,0.021426290834689523,4,0.03185444868077297,0.013881263488470283,4,0.058338936099048,0.0076241996557838325,4,0.9782013595104218,0.13100502256422575,4,13.5,4.725815626252608,4,1.0117865651845932,0.17477251897825336,4,179761.0,0.0,4,3747661.0,0.0,4
random_all_per_seed,all_rows,0.15,0.15,False,False,B2_with_RC,,0.0002,1e-05,random,full,1,268,K562,0.250302080065012,0.032985817257820405,4,0.3240545764565468,0.04317173854688802,4,0.49557115759267933,0.09383362119576269,4,0.40833814813779745,0.09490540330608274,4,0.23612275538806107,0.10292049202597903,4,0.25219433358778065,0.0987178394936032,4,0.7610269337892532,0.10253652290535911,4,0.2835245430469513,0.007607503403049857,4,0.3704107701778412,0.011074313394026682,4,0.31361600347432006,0.04051624002724017,4,0.22824007913601596,0.020990122180154957,4,0.08511589671249092,0.03128468715627441,4,0.09958617191466343,0.02585814066200978,4,1.012901410460472,0.17493941198462087,4,0.2772984057664871,0.012399892251272736,4,0.3625212758779526,0.017108205828496106,4,0.2722377843242171,0.04233728864717508,4,0.22618223056739736,0.02961561672779665,4,0.04529216569257727,0.03665706499079989,4,0.0754577457212546,0.02170608386926318,4,0.9642778038978577,0.12909699497445942,4,11.75,7.182153808805081,4,1.012901410460472,0.17493941198462087,4,179761.0,0.0,4,3747661.0,0.0,4
random_all_per_seed,all_rows,0.15,0.15,False,False,B2_with_RC,,0.0002,1e-05,random,full,1,268,SKNSH,0.24387406557798386,0.022288136094497393,4,0.3161894157528877,0.03143122901691139,4,0.53000690197314,0.05057177546879268,4,0.4579494293147729,0.05149794353946532,4,0.27142797992231044,0.05453346091907391,4,0.28282544449471514,0.05344452190157021,4,0.725853443145752,0.05432994010151065,4,0.2882123365998268,0.002907885237289998,4,0.3737443536520004,0.004679311439132564,4,0.2910415604260157,0.05598903920599155,4,0.22652435994090683,0.048246323869282376,4,0.06773292565816968,0.04346118576487588,4,0.0870562692786177,0.03217463331219896,4,1.0312274992465973,0.17883576571503618,4,0.27911877632141113,0.0130819434426026,4,0.3641495183110237,0.015592302190043325,4,0.24738479389957388,0.027012734361215297,4,0.21552500898284777,0.03527146254629498,4,0.03674707069162386,0.02281057584897602,4,0.06174650211598683,0.013427927293511579,4,0.9714414477348328,0.11136553421000131,4,13.75,3.403429642777023,4,1.0312274992465973,0.17883576571503618,4,179761.0,0.0,4,3747661.0,0.0,4
random_all_per_seed,all_rows,0.15,0.15,False,False,B2_with_RC,,0.0002,1e-05,random,full,1,536,HepG2,0.2462160959839821,0.022221782049402308,4,0.31927257776260376,0.027172079684850352,4,0.5253610577123498,0.05780718346161624,4,0.4443623008572193,0.03810887024732812,4,0.27155370232185383,0.06410295367418774,4,0.27851049380546256,0.062293001121603735,4,0.7270873188972473,0.06398341802861958,4,0.28232622146606445,0.006849023379494479,4,0.3672548308968544,0.00793006490532921,4,0.33201866122231394,0.05772984123561596,4,0.2387605994505395,0.043183974314260735,4,0.10023826874674382,0.035268889817423016,4,0.11273594232667475,0.037658695928971204,4,0.9690191000699997,0.10997819189432152,4,0.27637407928705215,0.0100874012276715,4,0.363743394613266,0.013153041450576787,4,0.25697386219943225,0.02007305654165835,4,0.22366869247197163,0.019225835430522264,4,0.03861221530335249,0.014223754696546992,4,0.06633776155288625,0.010099499254132527,4,0.948951005935669,0.10216770370219182,4,10.25,3.403429642777023,4,0.9690191000699997,0.10997819189432152,4,179761.0,0.0,4,3747661.0,0.0,4
random_all_per_seed,all_rows,0.15,0.15,False,False,B2_with_RC,,0.0002,1e-05,random,full,1,536,K562,0.24670565128326416,0.03203862636365894,4,0.31923535466194153,0.0384919834819231,4,0.5152697307653509,0.11162743318461142,4,0.4308790465025143,0.09343464629992868,4,0.26966003255401916,0.12298408281987121,4,0.2748484083225359,0.12155227193198312,4,0.7289774566888809,0.12275467742297964,4,0.2811180576682091,0.007668975541561036,4,0.3678206279873848,0.012070730820621654,4,0.3321178673885842,0.059313539092853314,4,0.2389327466111481,0.03482432200946106,4,0.09776954636044932,0.038131522070305436,4,0.11294084977853075,0.040460315045398106,4,0.9721103608608246,0.1160416333381363,4,0.2754635214805603,0.012196104196809677,4,0.3590504825115204,0.01717356026777175,4,0.284253071242483,0.052587801682109296,4,0.23956644178878497,0.043317568183560876,4,0.06368995475269149,0.029587453708260363,4,0.08287391617510176,0.029519390760004524,4,0.9253518879413605,0.11755480949863241,4,10.75,7.088723439378913,4,0.9721103608608246,0.1160416333381363,4,179761.0,0.0,4,3747661.0,0.0,4
random_all_per_seed,all_rows,0.15,0.15,False,False,B2_with_RC,,0.0002,1e-05,random,full,1,536,SKNSH,0.2466619275510311,0.01978232923829648,4,0.31925076246261597,0.024906246013091823,4,0.5282195255963338,0.04304443376436819,4,0.46569061898641295,0.018531952531170345,4,0.2720715668087178,0.045952745509584315,4,0.2804054846797872,0.04405913576245391,4,0.7265704423189163,0.04586705252534986,4,0.28500980883836746,0.003913973711770468,4,0.3704008609056473,0.006712394684825992,4,0.3130654249977777,0.0524589035636577,4,0.23968871180767873,0.05006651465180924,4,0.08480093395371216,0.030995318745794302,4,0.10007391275136503,0.03141365557915019,4,0.9856075197458267,0.109667191801262,4,0.27751997858285904,0.011702228790611278,4,0.3627633973956108,0.015079976231573849,4,0.26379791725934476,0.023599591153080704,4,0.22367387826956991,0.03278418933775801,4,0.04396976950596504,0.02358872259466873,4,0.07000704667731253,0.012612440116575075,4,0.9435654431581497,0.10165952820023981,4,11.25,2.217355782608345,4,0.9856075197458267,0.109667191801262,4,179761.0,0.0,4,3747661.0,0.0,4
random_all_per_seed,all_rows,0.15,0.15,False,False,B2_with_RC,,0.0002,1e-05,random,full,1,938,HepG2,0.24395544081926346,0.006139455239909644,4,0.31782887130975723,0.008965522862005805,4,0.5235469863508182,0.033504572663761556,4,0.42887287764653964,0.015320211677750753,4,0.2690998683892002,0.0361646178362162,4,0.2749433642090598,0.035603284389679205,4,0.7301209270954132,0.03612602010852857,4,0.279848612844944,0.005858972250352522,4,0.36425868421792984,0.007647368266236781,4,0.349413676454287,0.058393925795745164,4,0.2480966409470726,0.05314336966049362,4,0.11465882440946137,0.040472914833873504,4,0.1246473052206804,0.04001905544531443,4,0.9600776582956314,0.06669238061177041,4,0.2738719582557678,0.010061492289771448,4,0.3598274812102318,0.013429763684017734,4,0.27876671294746747,0.016311155592167056,4,0.2270013122454129,0.015645651587053888,4,0.05926236643968116,0.014410111641500143,4,0.07791042059509964,0.008898427372029907,4,0.9385964572429657,0.10354853150329651,4,9.5,1.2909944487358056,4,0.9600776582956314,0.06669238061177041,4,179761.0,0.0,4,3747661.0,0.0,4
random_all_per_seed,all_rows,0.15,0.15,False,False,B2_with_RC,,0.0002,1e-05,random,full,1,938,K562,0.24543678760528564,0.016251357115811736,4,0.31956886500120163,0.02350324728811716,4,0.5101725942986031,0.08182791430577244,4,0.4222495611338752,0.05666163046394974,4,0.26088331823412547,0.08239449618063202,4,0.26529793164309173,0.0813588724009415,4,0.73832868039608,0.08230663461232474,4,0.2775268703699112,0.006218166844691141,4,0.3641767054796219,0.01083034926179733,4,0.35223111110040617,0.05850675219304654,4,0.24453652546704907,0.03576441719420319,4,0.11540997039082038,0.03831217643111726,4,0.1266340356661606,0.04013290843107968,4,0.9589852392673492,0.058624405362364636,4,0.27369391918182373,0.01142418818426004,4,0.357082337141037,0.015894920087102193,4,0.3005244051324595,0.03645983058794829,4,0.24056764055913438,0.030506500951476605,4,0.0738226489758978,0.0239757754296514,4,0.09131190751509506,0.021846893773558407,4,0.9252820163965225,0.1184087188912624,4,9.75,3.774917217635375,4,0.9589852392673492,0.058624405362364636,4,179761.0,0.0,4,3747661.0,0.0,4
random_all_per_seed,all_rows,0.15,0.15,False,False,B2_with_RC,,0.0002,1e-05,random,full,1,938,SKNSH,0.24568112939596176,0.00551054674886226,4,0.3192715123295784,0.008535725976757488,4,0.5143321966919414,0.051392403324370894,4,0.4390605444746202,0.04682277318931488,4,0.2617550631303718,0.05202005093282366,4,0.26651849289354895,0.051520227045697885,4,0.7374579310417175,0.05196457572449613,4,0.282904215157032,0.004319964799151774,4,0.36789362132549286,0.0064273609518587325,4,0.32782185959478927,0.053348198970472015,4,0.24317774000096956,0.042372248477530315,4,0.0970250586332636,0.03463251395245801,4,0.10960169437823056,0.033991149772652704,4,0.9791354238986969,0.06143685303004006,4,0.2761118561029434,0.011442007404156183,4,0.3603043258190155,0.014538554361431585,4,0.27662647048186073,0.02916217568347234,4,0.23121019296612638,0.03913754424074761,4,0.056814284792862324,0.023447298467811874,4,0.07716002853919704,0.016329532461404162,4,0.9406792670488358,0.10025701293152965,4,9.25,1.5,4,0.9791354238986969,0.06143685303004006,4,179761.0,0.0,4,3747661.0,0.0,4
random_all_per_seed,all_rows,0.15,0.15,False,False,B2_with_RC,,0.0002,1e-05,random,full,1,1340,HepG2,0.24638348817825317,0.011482690956987207,4,0.32257822901010513,0.014735796270605724,4,0.5198666604445643,0.030508513213533334,4,0.4104988470620318,0.014281109546240914,4,0.2672330474233801,0.03192156031699423,4,0.27095942167565923,0.031694750737879224,4,0.7322201579809189,0.03189771218684014,4,0.2777817025780678,0.006833940488621955,4,0.362360917031765,0.008689772713624729,4,0.3649074774413553,0.055166887769104216,4,0.25868246853216237,0.0400220676207834,4,0.12387865790594443,0.041897595468681506,4,0.13544000622220995,0.03991998829669113,4,0.9269242435693741,0.0788029105709955,4,0.2728693336248398,0.0093212649801999,4,0.3587868958711624,0.013587443312686015,4,0.29197162133183563,0.024444848377311267,4,0.23046934433281582,0.019085749418185822,4,0.06465728628986078,0.019229906861867697,4,0.08569559062228313,0.014131538957712322,4,0.9086161851882935,0.08779527205505418,4,9.0,1.414213562373095,4,0.9269242435693741,0.0788029105709955,4,179761.0,0.0,4,3747661.0,0.0,4
random_all_per_seed,all_rows,0.15,0.15,False,False,B2_with_RC,,0.0002,1e-05,random,full,1,1340,K562,0.2483755610883236,0.016002529116752387,4,0.3238926902413368,0.0217917749134743,4,0.5116611700022778,0.05641848060385328,4,0.40182146825305487,0.03631921912712535,4,0.261504766359293,0.056236247835780434,4,0.2641844366033354,0.05542862892920123,4,0.7379441410303116,0.05619425319408441,4,0.27681268751621246,0.0069556310755191815,4,0.3621525913476944,0.010983265104235473,4,0.3679847381243623,0.05840214456468964,4,0.2514800368063158,0.03437853009088519,4,0.1249885562921583,0.044960113222963595,4,0.13797087535977165,0.04154773936148153,4,0.9256269484758377,0.07920500162350315,4,0.27224870026111603,0.012366271984736608,4,0.35630226135253906,0.017256896597806517,4,0.31107351360769664,0.0319149160789664,4,0.23801605467927905,0.029693578341866346,4,0.07794139628417354,0.03210002067498809,4,0.09753065226948343,0.01972398970674196,4,0.8966955691576004,0.1030365742174666,4,9.25,3.095695936834452,4,0.9256269484758377,0.07920500162350315,4,179761.0,0.0,4,3747661.0,0.0,4
random_all_per_seed,all_rows,0.15,0.15,False,False,B2_with_RC,,0.0002,1e-05,random,full,1,1340,SKNSH,0.2482779435813427,0.015260730516061886,4,0.32365843653678894,0.019928907216082547,4,0.515659825841581,0.04743956394454171,4,0.4229499227795954,0.03038855554355378,4,0.2625992644342373,0.04842461895376475,4,0.26759294015740587,0.049844715834825394,4,0.7368504256010056,0.04838853391235867,4,0.28033697605133057,0.004361824518882322,4,0.36535901576280594,0.0071024875490310535,4,0.34576015834894064,0.04585062344997447,4,0.2487384387083129,0.03375380271959105,4,0.10943264922393706,0.035467107856740884,4,0.12112679685454802,0.030453190772315987,4,0.9423103779554367,0.07726332530859004,4,0.2730349227786064,0.01121066643486853,4,0.3580281436443329,0.015631406592170674,4,0.2945918890047502,0.027493706030255843,4,0.23913667606429426,0.0393405732611469,4,0.06881281273508558,0.026592045485774523,4,0.08735130897084566,0.016252244019794367,4,0.9050729870796204,0.09586195516203022,4,9.0,2.82842712474619,4,0.9423103779554367,0.07726332530859004,4,179761.0,0.0,4,3747661.0,0.0,4
random_all_per_seed,all_rows,0.15,0.15,False,False,B2_with_RC,,0.0002,1e-05,random,full,1,2011,HepG2,0.2489975281059742,0.005219654880141262,4,0.3250735476613045,0.007857631753797579,4,0.5034119072973968,0.019126265511886942,4,0.39018310977328274,0.014326714118913165,4,0.2504381933412513,0.01965881366525971,4,0.25369790893312616,0.01909014588524157,4,0.7491890490055084,0.01964902562179033,4,0.27496907860040665,0.005681890491296028,4,0.359420046210289,0.007841714794193478,4,0.37860155868859396,0.05041695795489535,4,0.2689783175399603,0.04068326785266069,4,0.13815331597606556,0.03613843476775382,4,0.1452455424785021,0.03744803325861097,4,0.9172195494174957,0.060719550093414655,4,0.2698223665356636,0.009247818956194432,4,0.3545334115624428,0.01391774710776223,4,0.3148068956891592,0.02499930901274265,4,0.24040250465198706,0.02210142123592842,4,0.0867823253521399,0.018432164115139947,4,0.09957210566178112,0.015474198350310851,4,0.8936580121517181,0.09057769508614788,4,7.25,0.9574271077563381,4,0.9172195494174957,0.060719550093414655,4,179761.0,0.0,4,3747661.0,0.0,4
random_all_per_seed,all_rows,0.15,0.15,False,False,B2_with_RC,,0.0002,1e-05,random,full,1,2011,K562,0.24642297625541687,0.004188889403396434,4,0.32125917822122574,0.006007600402212775,4,0.5197298274499969,0.018287124042968023,4,0.400698763988808,0.01823668503288353,4,0.2678179363875616,0.018308831062086674,4,0.2703699077205257,0.018895171661727675,4,0.7318180054426193,0.018299769831979996,4,0.274884968996048,0.005654673123061248,4,0.3600139319896698,0.009595980759716852,4,0.37848430326654214,0.048919535530629187,4,0.2600933450712072,0.029941991473868064,4,0.13531968863035052,0.040145844037515574,4,0.1450452085365592,0.0365694776768021,4,0.9202543795108795,0.06429151030505165,4,0.2699661925435066,0.011166209342232168,4,0.3535584732890129,0.01592338732002099,4,0.3251391913093177,0.03384372043722177,4,0.25027873192980427,0.02809686720030799,4,0.09202582159068298,0.02464094069270623,4,0.1065745417850517,0.021510865943423996,4,0.8892206698656082,0.10001807780972574,4,8.0,0.8164965809277263,4,0.9202543795108795,0.06429151030505165,4,179761.0,0.0,4,3747661.0,0.0,4
random_all_per_seed,all_rows,0.15,0.15,False,False,B2_with_RC,,0.0002,1e-05,random,full,1,2011,SKNSH,0.2480911798775196,0.006168410440624547,4,0.32354285567998886,0.009145211418446316,4,0.5093233878387082,0.030048113016227822,4,0.40642252108134685,0.024634878209571796,4,0.2573215743894791,0.030378412498631515,4,0.2600874802213762,0.030457115858680238,4,0.7423091381788254,0.0303633055710186,4,0.278355173766613,0.004808947917760911,4,0.36310408264398575,0.00670204387772884,4,0.36038631229565793,0.04621578235356138,4,0.25965619228122383,0.03763302624239621,4,0.1204590671176215,0.031741212601635094,4,0.1314802179939773,0.032838616412982725,4,0.9360377043485641,0.058109453925050875,4,0.27153123915195465,0.010753211785423175,4,0.3549201190471649,0.013795023307357435,4,0.31553167880760097,0.024004327521812245,4,0.24201989808791946,0.04068446105724148,4,0.08479025170040816,0.017345350456254908,4,0.09999239613597388,0.015072994423233753,4,0.895467221736908,0.08808836373127055,4,7.5,1.2909944487358056,4,0.9360377043485641,0.058109453925050875,4,179761.0,0.0,4,3747661.0,0.0,4
random_all_per_seed,all_rows,0.15,0.15,False,False,B2_with_RC,,0.0002,1e-05,random,full,1,2681,HepG2,0.25043315067887306,0.004240393148349284,4,0.3275661915540695,0.004879529000292935,4,0.5018871509193442,0.03359460862701817,4,0.38379036361598207,0.0292618260934509,4,0.25058878151987796,0.033012584949530015,4,0.25273716055453854,0.03401681927178413,4,0.7491316497325897,0.03300025655243062,4,0.2746146246790886,0.005400477927016003,4,0.35891249030828476,0.007625463536748613,4,0.3837375920015463,0.04140641940731057,4,0.2714307847223662,0.03458893642818225,4,0.14068316295948252,0.032257770619892885,4,0.14854040819124575,0.03148161221937047,4,0.8996195644140244,0.050811004618083064,4,0.2693149596452713,0.00947599723668747,4,0.3540876433253288,0.013954279755837967,4,0.32198646485700766,0.030481436847210518,4,0.24609168332200615,0.02732514877138725,4,0.08901455834905247,0.02233267655215364,4,0.10437212204531589,0.019214926113702683,4,0.8763974457979202,0.07669976500384738,4,6.75,1.707825127659933,4,0.8996195644140244,0.050811004618083064,4,179761.0,0.0,4,3747661.0,0.0,4
random_all_per_seed,all_rows,0.15,0.15,False,False,B2_with_RC,,0.0002,1e-05,random,full,1,2681,K562,0.25208770111203194,0.004748230409465152,4,0.32926344871520996,0.005661208111563706,4,0.49571623722041314,0.019255087616979923,4,0.3789672666405987,0.015203100963605698,4,0.24324461792575397,0.017757999809523382,4,0.24601265664331806,0.01895105734265616,4,0.7564731240272522,0.017751364996860877,4,0.27383121103048325,0.004901687307966423,4,0.3587852865457535,0.008610228996943243,4,0.3830366689963308,0.04797859752713521,4,0.2627991569284581,0.03345391526277359,4,0.1412226839549303,0.037155861950769836,4,0.1484435491613078,0.03562909537836422,4,0.8991000354290009,0.055779060706174145,4,0.2687120661139488,0.011656210343954579,4,0.3524389788508415,0.016333276082210055,4,0.3279914703963923,0.03307613044936708,4,0.25111778716160743,0.029030214040936357,4,0.09782138518515571,0.02587548672400682,4,0.10839892745691514,0.02124691348754198,4,0.8687311559915543,0.08739754920691638,4,6.5,0.9999999999999999,4,0.8991000354290009,0.055779060706174145,4,179761.0,0.0,4,3747661.0,0.0,4
random_all_per_seed,all_rows,0.15,0.15,False,False,B2_with_RC,,0.0002,1e-05,random,full,1,2681,SKNSH,0.24873078614473343,0.006486824664427634,4,0.3255217373371124,0.007216217158470974,4,0.5136878867547601,0.020980834620953084,4,0.40423539856646307,0.023784409560164362,4,0.2603434320070931,0.02274814545938625,4,0.26420539156461503,0.021674274473846664,4,0.7393806725740433,0.02273966575316933,4,0.2768024429678917,0.005094817058605784,4,0.3617917597293854,0.007172990854841279,4,0.36760588245167003,0.04096366172703587,4,0.26477466050678333,0.03595177170848491,4,0.12689975117975763,0.02918915323025676,4,0.1363926009996363,0.029553466778722306,4,0.9140008836984634,0.04787749326823308,4,0.27028733491897583,0.011107503901703123,4,0.3538169637322426,0.014487917980951172,4,0.3223440435065973,0.020201545491584202,4,0.2419839266739438,0.037827388508263414,4,0.09054294201295762,0.01983194464555532,4,0.10421175921436948,0.012794291963504309,4,0.8751774877309799,0.07904888420309839,4,7.25,0.9574271077563381,4,0.9140008836984634,0.04787749326823308,4,179761.0,0.0,4,3747661.0,0.0,4
random_all_per_seed,all_rows,0.15,0.15,False,False,B2_with_RC,,0.0002,0.0001,random,branched_only,1,134,HepG2,0.27124959975481033,0.03290111800880268,4,0.34967873245477676,0.03998845519875208,4,0.3615418466161465,0.06924663996224169,4,0.32318625826629654,0.08011103032940052,4,0.1091370417153246,0.08471798447859524,4,0.13430882971415847,0.05033013231347412,4,0.884214773774147,0.08408587501053269,4,0.28561416268348694,0.005834790417403026,4,0.3714873567223549,0.006273122494716636,4,0.299244104191011,0.041813787128489294,4,0.225137613262109,0.04098185808110534,4,0.07922709047107349,0.037354270212175966,4,0.09085832848860062,0.024140413046870257,4,1.0297852903604507,0.2626720305291472,4,0.2783903405070305,0.010444965064585116,4,0.3668113052845001,0.014909809378426613,4,0.22894127853596682,0.013352843404355056,4,0.20200786962955405,0.017037939433666785,4,0.02261204365598843,0.012957891329881085,4,0.05254783283791906,0.0060975147887316495,4,0.9909220933914185,0.17982531674506297,4,23.75,19.397164741270824,4,1.0297852903604507,0.2626720305291472,4,179761.0,0.0,4,179761.0,0.0,4
random_all_per_seed,all_rows,0.15,0.15,False,False,B2_with_RC,,0.0002,0.0001,random,branched_only,1,134,K562,0.27468225359916687,0.028897163470297492,4,0.353334441781044,0.03760810389139423,4,0.34514326269899653,0.05068484398339463,4,0.31436154659192334,0.09138809298238008,4,0.09077653844626218,0.057533163624010716,4,0.12105058684372433,0.03469937885676589,4,0.9024382382631302,0.05710383263837037,4,0.28346146643161774,0.009111575985277735,4,0.37008215487003326,0.013292660889486899,4,0.30935634251788113,0.029698911042897905,4,0.23152067424469852,0.01967584570711419,4,0.08717734398738256,0.023730845364951448,4,0.09636286564389106,0.018555099511647306,4,1.0237889289855957,0.2676628953380568,4,0.2755768150091171,0.011796263149024626,4,0.360688179731369,0.016392304202572955,4,0.2706190883223168,0.0391553750116912,4,0.2296855760793147,0.03294348051623547,4,0.05490435012087683,0.032758708339035214,4,0.07438454850863152,0.020002075328947034,4,0.9595630913972855,0.18298827604125564,4,25.75,15.96610994158147,4,1.0237889289855957,0.2676628953380568,4,179761.0,0.0,4,179761.0,0.0,4
random_all_per_seed,all_rows,0.15,0.15,False,False,B2_with_RC,,0.0002,0.0001,random,branched_only,1,134,SKNSH,0.2702309526503086,0.030479217779306508,4,0.3486606255173683,0.039758615260406846,4,0.38404504380705634,0.048854301010694545,4,0.34433681981873965,0.08076194732846759,4,0.11445654230198946,0.08160277843230271,4,0.1492806527181965,0.03813777642529239,4,0.8789348602294922,0.08099377767659029,4,0.28908856958150864,0.005191008153858188,4,0.37558574974536896,0.007504494208675861,4,0.2766153833577275,0.04103938554162789,4,0.22346445977154364,0.04164597155647842,4,0.059056999363437224,0.03162956824417662,4,0.07777924368436832,0.022365028249770397,4,1.0537800341844559,0.27489209246192625,4,0.28256644308567047,0.014504148324887002,4,0.3685884475708008,0.01682080943655446,4,0.23224011555438254,0.028881714180127246,4,0.2083302772472397,0.03121329000765909,4,0.012386866711197125,0.05556233497753411,4,0.05456108633319988,0.013525466768075492,4,1.0006494671106339,0.17977863635988972,4,33.0,26.14064523559687,4,1.0537800341844559,0.27489209246192625,4,179761.0,0.0,4,179761.0,0.0,4
random_all_per_seed,all_rows,0.15,0.15,False,False,B2_with_RC,,0.0002,0.0001,random,branched_only,1,268,HepG2,0.26721128821372986,0.021522545448467822,4,0.34536487609148026,0.03196643500843818,4,0.377580324340989,0.0456677208299845,4,0.32083234279290357,0.06500890454768458,4,0.1308740846199444,0.04985972167360089,4,0.14413105687380046,0.03432149729966788,4,0.8658828735351562,0.04967371938060597,4,0.2824084758758545,0.008150610536900417,4,0.3672759383916855,0.009370085844622766,4,0.32363086934143903,0.062864616849338,4,0.23308776924150393,0.04390099473414583,4,0.10004456883552548,0.04169671389239963,4,0.10770090962940612,0.042212179277979066,4,0.9945791810750961,0.16177382944676152,4,0.2749748155474663,0.012457154420154453,4,0.36108849197626114,0.01713422546143251,4,0.25670881519638156,0.0371271061273595,4,0.22076951000220266,0.014178328548911429,4,0.052932441882469344,0.0337945706704642,4,0.06693323230657414,0.019943256427519304,4,0.954449862241745,0.10451853632383189,4,32.75,26.587904518157625,4,0.9945791810750961,0.16177382944676152,4,179761.0,0.0,4,179761.0,0.0,4
random_all_per_seed,all_rows,0.15,0.15,False,False,B2_with_RC,,0.0002,0.0001,random,branched_only,1,268,K562,0.2669885978102684,0.02195066673116453,4,0.3442497178912163,0.03235828643468283,4,0.3811482069023404,0.03202017189172035,4,0.3147855420654516,0.057967502066921826,4,0.13733489037356592,0.026353632116182798,4,0.1460429241808508,0.02519458411889703,4,0.8594462126493454,0.026255306760857685,4,0.280695877969265,0.007707000508365893,4,0.3677521124482155,0.012839482655854693,4,0.3228423412185628,0.049878766112620876,4,0.2394439278718042,0.033185529266950724,4,0.09835890922804538,0.03287785825723794,4,0.10609309576517108,0.03346155614692818,4,0.9981393963098526,0.17199353039028548,4,0.27325763553380966,0.011602120372822995,4,0.3583221286535263,0.015814341045836067,4,0.27558670384082495,0.03485134358221695,4,0.2361326130337676,0.026314077662804695,4,0.06734122013259966,0.025369325304625434,4,0.07685899344596486,0.018415660634895355,4,0.9416074901819229,0.11967702807026377,4,33.25,25.76011128340352,4,0.9981393963098526,0.17199353039028548,4,179761.0,0.0,4,179761.0,0.0,4
random_all_per_seed,all_rows,0.15,0.15,False,False,B2_with_RC,,0.0002,0.0001,random,branched_only,1,268,SKNSH,0.26636872068047523,0.02331050336257877,4,0.3427572622895241,0.032279944700575006,4,0.3951350507543225,0.028782527618561992,4,0.3312156623853958,0.0413722586962772,4,0.14469835990429536,0.029082814740984255,4,0.15675303375670596,0.02246577629426012,4,0.8521102070808411,0.028974332104448754,4,0.28400780260562897,0.0052421726219614604,4,0.37017396837472916,0.00814443206911714,4,0.30354706149863375,0.06011026795638019,4,0.2348689810233105,0.04340857676306223,4,0.08580943713795303,0.0386728367601016,4,0.09485075177979624,0.034386774986313325,4,1.010645180940628,0.16792253855471406,4,0.27727919071912766,0.013658070624145235,4,0.362015537917614,0.01716986668510537,4,0.25159145939232364,0.04485441315589139,4,0.2204053364966152,0.04323234231079089,4,0.04778746496132333,0.04339391640394814,4,0.06480720122382877,0.02290340419900269,4,0.9596505463123322,0.10768682903466452,4,45.25,29.859392715414245,4,1.010645180940628,0.16792253855471406,4,179761.0,0.0,4,179761.0,0.0,4
random_all_per_seed,all_rows,0.15,0.15,False,False,B2_with_RC,,0.0002,0.0001,random,branched_only,1,536,HepG2,0.2657373771071434,0.015371255719789588,4,0.3415212035179138,0.018866097291114103,4,0.41812546843986786,0.07747326753933813,4,0.35284570361384193,0.08884118196954756,4,0.16351294390800167,0.08180786841352554,4,0.17933048774547533,0.06306771452505326,4,0.8349265456199646,0.08165519238422769,4,0.28047792613506317,0.00931399813992009,4,0.36373420804739,0.012306655418068689,4,0.345072439446,0.04719521292143248,4,0.24061421863726082,0.036118311134165845,4,0.11779874272437463,0.035741315773962466,4,0.12074552955723786,0.03453705259396582,4,0.951005607843399,0.11764243334656671,4,0.2738037407398224,0.011982450110645226,4,0.3593103364109993,0.016619008294444428,4,0.27900115756590477,0.047777843711598954,4,0.23407843296316397,0.03143977995096596,4,0.06184888859439622,0.043593804144900834,4,0.07955368768541231,0.0266242587152797,4,0.9262731075286865,0.10975263192659675,4,33.25,25.395209522007622,4,0.951005607843399,0.11764243334656671,4,179761.0,0.0,4,179761.0,0.0,4
random_all_per_seed,all_rows,0.15,0.15,False,False,B2_with_RC,,0.0002,0.0001,random,branched_only,1,536,K562,0.25933609157800674,0.014114642666504942,4,0.3343292400240898,0.019130619125116915,4,0.45097918010306354,0.04287519357994695,4,0.38180349617378645,0.043319861110772996,4,0.20055312537581574,0.038617554855147625,4,0.20476093255481986,0.03859722421880038,4,0.7979554235935211,0.038545523040909066,4,0.2771824821829796,0.005182757500513474,4,0.3622547760605812,0.008905031858171795,4,0.35827382644069816,0.05329578369166227,4,0.24992320753498873,0.03574052012319822,4,0.12460166976398668,0.03614383008655026,4,0.13049046513194085,0.037653697304216645,4,0.9426489025354385,0.10629106259249178,4,0.2730541452765465,0.01212352167334275,4,0.356644868850708,0.016284212002729368,4,0.2904220305141433,0.04045765085957735,4,0.22882327591189233,0.043529706066988666,4,0.07606063205562491,0.02899597361089799,4,0.08557257194276456,0.022876479065191864,4,0.9128652662038803,0.11234573656846408,4,47.75,21.313141485947114,4,0.9426489025354385,0.10629106259249178,4,179761.0,0.0,4,179761.0,0.0,4
random_all_per_seed,all_rows,0.15,0.15,False,False,B2_with_RC,,0.0002,0.0001,random,branched_only,1,536,SKNSH,0.2580123208463192,0.013382214305494243,4,0.3322513625025749,0.016614781064375278,4,0.4640866994332996,0.027792549883045414,4,0.3982875418269003,0.04074965306350307,4,0.21041940000559733,0.025726634087179498,4,0.21595578396264498,0.025834971333236933,4,0.7881075441837311,0.02567869383060525,4,0.2796999216079712,0.005083255674543678,4,0.36377114802598953,0.009390328725984982,4,0.35168234630736067,0.04120699684781808,4,0.25981239150013824,0.0345410983058129,4,0.11759296487762944,0.025407413415828216,4,0.12495398514616243,0.028922130368570206,4,0.9514022618532181,0.11597401244950921,4,0.27220112830400467,0.011064312262293456,4,0.35627052932977676,0.01457865075507505,4,0.290101210593076,0.03185858822908442,4,0.2331799408971559,0.03754438887099298,4,0.07786121172320623,0.021451514071929398,4,0.08491993962053099,0.01833177740104428,4,0.9106648415327072,0.10509773058876039,4,60.25,9.569918146637061,4,0.9514022618532181,0.11597401244950921,4,179761.0,0.0,4,179761.0,0.0,4
random_all_per_seed,all_rows,0.15,0.15,False,False,B2_with_RC,,0.0002,0.0001,random,branched_only,1,938,HepG2,0.25748589634895325,0.007241899842914017,4,0.3334203287959099,0.009628541019903998,4,0.4474416715109075,0.013528987665515904,4,0.3743276703014144,0.025751228521011745,4,0.19635239821153128,0.012005093339329755,4,0.20034132453491513,0.011982970158974463,4,0.8027908504009247,0.011992227843813045,4,0.27664245665073395,0.004556517702278295,4,0.36090801656246185,0.0055124247433400555,4,0.36574489238393165,0.06344922921683792,4,0.2517950864648432,0.0592334846762629,4,0.13068639174481256,0.04127101921327371,4,0.13678867982109189,0.04594112940763781,4,0.9427930861711502,0.06852383167124021,4,0.2708423063158989,0.012467199426539533,4,0.35494501888751984,0.015621483309706847,4,0.29819417795005615,0.03766369446061959,4,0.2190132498073022,0.0522755542600201,4,0.0847647883714236,0.028230026003550276,4,0.08998368317362694,0.02252341310804341,4,0.9134151190519333,0.10663820901609954,4,42.75,8.341662504161466,4,0.9427930861711502,0.06852383167124021,4,179761.0,0.0,4,179761.0,0.0,4
random_all_per_seed,all_rows,0.15,0.15,False,False,B2_with_RC,,0.0002,0.0001,random,branched_only,1,938,K562,0.25978097319602966,0.0036065334355297103,4,0.33648332208395004,0.005472776698893856,4,0.4285575346731901,0.0304453697968617,4,0.35124935813653113,0.04009916538525227,4,0.1809303906235361,0.025614342466194803,4,0.18435675093171328,0.02604391972750148,4,0.8181964159011841,0.025586978971227164,4,0.2757888287305832,0.004069507322868087,4,0.3607228696346283,0.00660947953263609,4,0.3679664345527176,0.056503158186009664,4,0.25406969781087424,0.04555872210364062,4,0.13180740033612534,0.036360636949852816,4,0.13779375212118433,0.04060373372622499,4,0.9415882676839828,0.06496876827631066,4,0.2712288796901703,0.011911673547669917,4,0.3552173897624016,0.015818327738993724,4,0.29473248651092576,0.04175300586917037,4,0.22324440830597195,0.0407416378194272,4,0.0833998000922454,0.02764641789184261,4,0.08817472372924628,0.024446613184941977,4,0.9151856750249863,0.11186112929876559,4,39.25,9.215023964519391,4,0.9415882676839828,0.06496876827631066,4,179761.0,0.0,4,179761.0,0.0,4
random_all_per_seed,all_rows,0.15,0.15,False,False,B2_with_RC,,0.0002,0.0001,random,branched_only,1,938,SKNSH,0.25755857676267624,0.004542827825199311,4,0.33366846293210983,0.006945700222130502,4,0.44418492660886716,0.03473702344022928,4,0.380354755668447,0.03901223167462854,4,0.19457857420535454,0.029397917131633537,4,0.19820524462463998,0.02992219419179676,4,0.8045627772808075,0.02936653014018536,4,0.27667829394340515,0.0050379303256588405,4,0.36134228110313416,0.007085562494017965,4,0.3627923025858457,0.06218921666623954,4,0.2569648912388452,0.05265974750383856,4,0.12873549858720884,0.04004573255123227,4,0.13451887881771019,0.045222036128966143,4,0.9453768879175186,0.07624688976070222,4,0.27123603969812393,0.011268499813946939,4,0.35498886555433273,0.015070524884976294,4,0.2974534321600794,0.031929433982375556,4,0.22321662351366073,0.03946565475295033,4,0.08457890799094059,0.021217045475852153,4,0.08924316086963713,0.01877488657844793,4,0.9138212949037552,0.10792490246210362,4,55.25,12.526638282742368,4,0.9453768879175186,0.07624688976070222,4,179761.0,0.0,4,179761.0,0.0,4
random_all_per_seed,all_rows,0.15,0.15,False,False,B2_with_RC,,0.0002,0.0001,random,branched_only,1,1340,HepG2,0.261455200612545,0.006717521924523476,4,0.340344101190567,0.010843680433552567,4,0.4317935830143605,0.016147038780260914,4,0.35479260628927517,0.01981453240454305,4,0.1841607370940948,0.013630758810829431,4,0.18664124347840788,0.01404774959873071,4,0.8152304589748383,0.013620574193194094,4,0.2744453176856041,0.006148000714563927,4,0.3587900847196579,0.007935547130706393,4,0.381756687512095,0.060157651591181284,4,0.2624561700006113,0.04381220747056067,4,0.14096152459158137,0.042348322867352746,4,0.14845237574393183,0.045290231825704644,4,0.9088220298290253,0.07756790123335028,4,0.269973948597908,0.011002651801108355,4,0.3531435504555702,0.01573964740346898,4,0.3104960478717757,0.037348203179168406,4,0.2270939523798496,0.0371628815824227,4,0.09412504690121962,0.024849719135278163,4,0.09745396195452635,0.023046598441929782,4,0.8805135786533356,0.09359856278356232,4,43.25,6.1846584384264895,4,0.9088220298290253,0.07756790123335028,4,179761.0,0.0,4,179761.0,0.0,4
random_all_per_seed,all_rows,0.15,0.15,False,False,B2_with_RC,,0.0002,0.0001,random,branched_only,1,1340,K562,0.26163073629140854,0.006429764304425615,4,0.3410503789782524,0.01062273616945912,4,0.4294321527015475,0.019002416061185495,4,0.35086368527697387,0.017895007110529475,4,0.18073936775047142,0.01392482360869165,4,0.18468279263600704,0.016298063254763216,4,0.8186492919921875,0.013914514074909592,4,0.27393630892038345,0.006032592220297429,4,0.3584100976586342,0.0076926789874654095,4,0.3837932924615137,0.05787667668652301,4,0.2614365710332951,0.04821712163519933,4,0.14283771439544096,0.04019826912821922,4,0.14980957361665626,0.04365068887211561,4,0.9068824201822281,0.07674782941840355,4,0.27007197588682175,0.011556635446295885,4,0.35333629697561264,0.016372361918762887,4,0.3080657335788214,0.0434492957325944,4,0.2238417603672365,0.03863824523065736,4,0.0931563707053964,0.028934524785079574,4,0.0963203771802012,0.026420577717229797,4,0.8816974312067032,0.09800380097838346,4,45.5,5.744562646538029,4,0.9068824201822281,0.07674782941840355,4,179761.0,0.0,4,179761.0,0.0,4
random_all_per_seed,all_rows,0.15,0.15,False,False,B2_with_RC,,0.0002,0.0001,random,branched_only,1,1340,SKNSH,0.2619761601090431,0.006180967563948808,4,0.3413562849164009,0.009705915457137872,4,0.42850542608154085,0.014571988718448491,4,0.35670753148241346,0.0221860401191045,4,0.17921965423749436,0.009805054049318076,4,0.18377615732273078,0.012529116707516715,4,0.8201679140329361,0.00979766962701453,4,0.2753906771540642,0.007129444353658241,4,0.3594978600740433,0.0085730919636303,4,0.376738539446428,0.06025313068189559,4,0.2630499122489759,0.05114773612182915,4,0.1377189584687072,0.039694312261395324,4,0.14465475692195498,0.045317096588102276,4,0.9127865582704544,0.08396277998983688,4,0.26902100443840027,0.010925627272046276,4,0.35249219834804535,0.015898056852570463,4,0.31472621420401714,0.037176621887033856,4,0.2314892544830072,0.042776559029735296,4,0.0974965305577202,0.024714083534611356,4,0.1000891658183915,0.023094025455875446,4,0.8772973120212555,0.09411774491772225,4,54.25,7.2743842809317325,4,0.9127865582704544,0.08396277998983688,4,179761.0,0.0,4,179761.0,0.0,4
random_all_per_seed,all_rows,0.15,0.15,False,False,B2_with_RC,,0.0002,0.0001,random,branched_only,1,2011,HepG2,0.2606312930583954,0.002465755021086877,4,0.33869916945695877,0.0038150767297633293,4,0.4344796941575159,0.012152669919740912,4,0.3470683667507567,0.009692050189491324,4,0.18615365383247132,0.011884859582944603,4,0.1888833701748422,0.010440566537856289,4,0.8134416490793228,0.011878994711724536,4,0.27293112128973007,0.0064444204256234984,4,0.35675473511219025,0.0074489702535456325,4,0.3913588731397031,0.05366440389748334,4,0.26505680238706564,0.042540686293888415,4,0.15073896691731767,0.039345818822639274,4,0.15532166876943235,0.041878948672692484,4,0.9039025157690048,0.06400011463625523,4,0.26997505873441696,0.0114150079432624,4,0.35275932401418686,0.015183572110029188,4,0.31526918878515475,0.03288360518249724,4,0.2260457970716709,0.039822086059249674,4,0.09603293847202057,0.02352318102804443,4,0.10020566001459832,0.020743586206091014,4,0.8849184513092041,0.09388715363643389,4,38.75,7.588368291888141,4,0.9039025157690048,0.06400011463625523,4,179761.0,0.0,4,179761.0,0.0,4
random_all_per_seed,all_rows,0.15,0.15,False,False,B2_with_RC,,0.0002,0.0001,random,branched_only,1,2011,K562,0.2603597715497017,0.004274379471711997,4,0.3387853056192398,0.005760451834239854,4,0.433800220052884,0.026522153594493433,4,0.3491494430429669,0.02060573137605544,4,0.18567686074537804,0.022162916922605243,4,0.18871019939139802,0.02294336793226455,4,0.8139181882143021,0.022151904541318313,4,0.2731254920363426,0.006349060357666975,4,0.3569090738892555,0.008085439055932368,4,0.3915607003809848,0.04839814128928709,4,0.2657519504044331,0.03952876016912039,4,0.15020576145326844,0.034673016725733016,4,0.1550765671430407,0.037829982996791287,4,0.9047066867351532,0.0652763787065798,4,0.2691168487071991,0.011496502669554943,4,0.35233232378959656,0.015824571875951873,4,0.3169415808318722,0.036240817257791734,4,0.23677815732654015,0.039535524485713236,4,0.09830315578965093,0.02480208816294229,4,0.10143701328684065,0.02286892337677665,4,0.8829927742481232,0.09794129166938959,4,44.5,15.459624833740307,4,0.9047066867351532,0.0652763787065798,4,179761.0,0.0,4,179761.0,0.0,4
random_all_per_seed,all_rows,0.15,0.15,False,False,B2_with_RC,,0.0002,0.0001,random,branched_only,1,2011,SKNSH,0.2608697712421417,0.002533665007671412,4,0.33937734365463257,0.00228145205491889,4,0.42845221603575967,0.027471600791596617,4,0.34473224055567236,0.021400243716832856,4,0.18264808246451958,0.023640059479988207,4,0.1841373180634929,0.02368500349017616,4,0.8169454783201218,0.02362836940013625,4,0.27303004264831543,0.006151003553677028,4,0.35678916424512863,0.008217580764917878,4,0.3906734013858908,0.053432757821245895,4,0.27554374468979415,0.03746046902676043,4,0.15063225531668867,0.03947038217413354,4,0.15476700125670928,0.04172421235308713,4,0.9043137282133102,0.06946472553479109,4,0.2691071778535843,0.012128615674702761,4,0.35194131731987,0.016092725680960675,4,0.3220775502116908,0.03543324047809537,4,0.24351750772233532,0.04491738419557649,4,0.10034005027284781,0.025607743420370515,4,0.10467558424844811,0.022862886813674377,4,0.8810159415006638,0.0976978162193644,4,49.25,18.136059844041835,4,0.9043137282133102,0.06946472553479109,4,179761.0,0.0,4,179761.0,0.0,4
random_all_per_seed,all_rows,0.15,0.15,False,False,B2_with_RC,,0.0002,0.0001,random,branched_only,1,2681,HepG2,0.26198242604732513,0.004436237316196517,4,0.34162145107984543,0.005720313428195992,4,0.43346618302774653,0.03113399447415901,4,0.3404916317415396,0.026012159830751305,4,0.18520110805212642,0.026569279262674758,4,0.1886199260375816,0.0277490137514442,4,0.8144950270652771,0.02655929721465089,4,0.2729383036494255,0.005834307205213378,4,0.35628872364759445,0.007774694810431751,4,0.39587722218588883,0.0497554736580517,4,0.27612090111116727,0.0406107335024604,4,0.15307661775003056,0.03641422016923169,4,0.1585754804148184,0.039349559799187174,4,0.8865571767091751,0.05127265647908359,4,0.26901645958423615,0.012113563751126788,4,0.3517477512359619,0.015994473261558794,4,0.32378412751022667,0.036502972776997225,4,0.24277992340183147,0.04196546424966501,4,0.10134788320924243,0.023760714111099323,4,0.10583551149372739,0.023469205598321566,4,0.8652816414833069,0.08547046062599503,4,35.5,17.6351920885484,4,0.8865571767091751,0.05127265647908359,4,179761.0,0.0,4,179761.0,0.0,4
random_all_per_seed,all_rows,0.15,0.15,False,False,B2_with_RC,,0.0002,0.0001,random,branched_only,1,2681,K562,0.26284699887037277,0.0035502667708690533,4,0.34268420189619064,0.0049718776618831164,4,0.4273166782803032,0.02259593990451485,4,0.3369560154090321,0.020384662495801276,4,0.1802468635585534,0.018969688924113104,4,0.18298247591163846,0.019385021434332655,4,0.8194473385810852,0.018962575360198294,4,0.272329717874527,0.006191081020394603,4,0.35582444071769714,0.007703817262307684,4,0.3959404707528101,0.04712151554177009,4,0.2679541742210715,0.03530525763044625,4,0.15527886375469246,0.03628467519452574,4,0.1584341843001718,0.037268621573890715,4,0.8842409700155258,0.050865255495908125,4,0.26954296976327896,0.012429546424640517,4,0.35277334600687027,0.016687913398955027,4,0.3178944482821281,0.04325194962973273,4,0.23756697822124329,0.04515422112735619,4,0.09601802693616565,0.0325869040702687,4,0.10245992860867831,0.027396848690547992,4,0.8705471456050873,0.08994962862871364,4,37.5,16.217274740226856,4,0.8842409700155258,0.050865255495908125,4,179761.0,0.0,4,179761.0,0.0,4
random_all_per_seed,all_rows,0.15,0.15,False,False,B2_with_RC,,0.0002,0.0001,random,branched_only,1,2681,SKNSH,0.26406533271074295,0.002432765777438323,4,0.3444739952683449,0.0021393312683398785,4,0.41636674546039065,0.015631797629514624,4,0.32940589356488775,0.010394852182116486,4,0.17165744865036492,0.012010468363434236,4,0.1735445315481253,0.012839946985762674,4,0.8280335962772369,0.012006014255073198,4,0.27358756959438324,0.006545217094306516,4,0.35752370953559875,0.008328130777702406,4,0.3891683569863389,0.05131435018238838,4,0.2732795442791053,0.041891854143674204,4,0.1472564844628804,0.036043177021050345,4,0.15342688198042712,0.0399291335112918,4,0.8927896022796631,0.054357559957633084,4,0.2687252536416054,0.012225585761654603,4,0.3512698784470558,0.01592098788797337,4,0.3256244655207477,0.03571879318134327,4,0.24097979681762494,0.04547302429600357,4,0.10375284234283969,0.02504148090135243,4,0.1069881666854213,0.02334294052000799,4,0.8629437536001205,0.08522183883616101,4,35.0,9.486832980505138,4,0.8927896022796631,0.054357559957633084,4,179761.0,0.0,4,179761.0,0.0,4
random_all_per_seed,all_rows,0.15,0.15,False,False,B2_with_RC,,0.0002,0.0001,random,conv3_plus,1,134,HepG2,0.2193514220416546,0.03152007136611263,4,0.2930144779384136,0.03783479096840178,4,0.6456143502239718,0.08920651031946482,4,0.5927778230917269,0.10814196732360434,4,0.3726850637422312,0.10022894565535108,4,0.422786240327654,0.11090949565830384,4,0.6226335167884827,0.09948101950671911,4,0.28815045207738876,0.00689383273862805,4,0.3741786777973175,0.00504304901560398,4,0.3015916860857476,0.04417189831618172,4,0.22506479415933234,0.04447998372254096,4,0.06510628675906735,0.05540335720008714,4,0.09242091256668544,0.0263727847464588,4,1.0429250299930573,0.2549305516882164,4,0.2818669453263283,0.013241792413346016,4,0.3692566603422165,0.017742681401433792,4,0.23625426436095973,0.020101516921682615,4,0.20412312350443967,0.020695624461880988,4,0.00980831636414306,0.026933319625436172,4,0.05611913066565276,0.009474146834185421,4,1.0050712376832962,0.1920994105184027,4,11.75,3.774917217635375,4,1.0429250299930573,0.2549305516882164,4,179761.0,0.0,4,3063361.0,0.0,4
random_all_per_seed,all_rows,0.15,0.15,False,False,B2_with_RC,,0.0002,0.0001,random,conv3_plus,1,134,K562,0.22632891312241554,0.025775735097621124,4,0.2997630909085274,0.03684920388537278,4,0.6147034999872972,0.07613978575422795,4,0.5626480782748153,0.07708211546620919,4,0.34490437841791677,0.0839135802429393,4,0.38220834312765795,0.0948377908799931,4,0.6502068787813187,0.08328735452740729,4,0.28734882175922394,0.009147920314088369,4,0.37451787292957306,0.010963456566789702,4,0.31153820866942705,0.034993259169283704,4,0.22668331911766765,0.021921238128563232,4,0.0641454972371786,0.048666100589948164,4,0.09797445160142196,0.02240835359461911,4,1.0442765355110168,0.2487580649362962,4,0.2795949950814247,0.015181352801604197,4,0.3651898503303528,0.021242571342550906,4,0.2678130054836278,0.04412581440274797,4,0.22337423156198336,0.036995766069367,4,0.031478427816488935,0.05313917385110579,4,0.07318412152870298,0.02183852439571679,4,0.9836920350790024,0.1951244591388939,4,11.0,4.242640687119285,4,1.0442765355110168,0.2487580649362962,4,179761.0,0.0,4,3063361.0,0.0,4
random_all_per_seed,all_rows,0.15,0.15,False,False,B2_with_RC,,0.0002,0.0001,random,conv3_plus,1,134,SKNSH,0.21812082082033157,0.027214985971387256,4,0.2895778492093086,0.036197634808171675,4,0.6514707402462128,0.07521614025253294,4,0.61431737070651,0.08339231577047071,4,0.3882337635256631,0.08464090085847814,4,0.428657226212815,0.09501364286389603,4,0.6072008460760117,0.08400929033081195,4,0.2934163510799408,0.006180834089260062,4,0.3805989474058151,0.00342991041964765,4,0.28020755725484503,0.0381087952818045,4,0.22232742811703182,0.03706688065905473,4,0.03221845347814031,0.0676078838050064,4,0.0796054853511001,0.02166324211640909,4,1.0771164745092392,0.25607338502470123,4,0.2865663021802902,0.014210953832932423,4,0.37218742817640305,0.017331456698307778,4,0.23153295620145498,0.03147087662151564,4,0.20276669856802734,0.03553831170950886,4,-0.006155333635143645,0.03201119233642251,4,0.05435032186387987,0.015247192822918414,4,1.0194815546274185,0.18046440502397815,4,11.5,3.1091263510296048,4,1.0771164745092392,0.25607338502470123,4,179761.0,0.0,4,3063361.0,0.0,4
random_all_per_seed,all_rows,0.15,0.15,False,False,B2_with_RC,,0.0002,0.0001,random,conv3_plus,1,268,HepG2,0.22445185109972954,0.020818410310989258,4,0.2962302789092064,0.027001088627881847,4,0.6229715248500407,0.05439029874333379,4,0.547796920110492,0.04251228697617881,4,0.35771669358336183,0.0727853349878892,4,0.3903122492220267,0.06985699701897169,4,0.6398866921663284,0.07251373541057843,4,0.2843056097626686,0.004862810275952707,4,0.3693496659398079,0.005345381454796092,4,0.3192692747428495,0.05338170998798164,4,0.22791745182912418,0.04105755452221582,4,0.08967892245682987,0.03875090959221145,4,0.10407007501575585,0.03436199243754321,4,1.007898598909378,0.1799280894084493,4,0.2771613225340843,0.009965790557839397,4,0.36361100524663925,0.013387168312060315,4,0.25233105468104666,0.020978403980669063,4,0.21047677017313532,0.014170992722146667,4,0.03939351022027249,0.009229770404826448,4,0.06400103123163148,0.010667073067353592,4,0.970416247844696,0.12766715321019106,4,9.0,2.160246899469287,4,1.007898598909378,0.1799280894084493,4,179761.0,0.0,4,3063361.0,0.0,4
random_all_per_seed,all_rows,0.15,0.15,False,False,B2_with_RC,,0.0002,0.0001,random,conv3_plus,1,268,K562,0.22329063341021538,0.024687009218347353,4,0.2946281284093857,0.034255298751013095,4,0.6286409332292889,0.07187818944992441,4,0.5455230830203034,0.07381842241976641,4,0.36624055740915307,0.08678205034350236,4,0.3990642785203407,0.08730389955443435,4,0.6313945949077606,0.08645823067803661,4,0.2830662876367569,0.006611454849341915,4,0.3691749796271324,0.010019286072262554,4,0.3281078251458158,0.039956975636790494,4,0.22876278363926023,0.022090251365897852,4,0.09100853495050062,0.03469653077856523,4,0.10885216484844656,0.025933704140950233,4,1.0060100257396698,0.17208215097974444,4,0.2762703076004982,0.012115791432703759,4,0.3604167178273201,0.01724211419340483,4,0.2809937538981001,0.039210261227768474,4,0.2245884541825682,0.02552275741349538,4,0.05643331407181423,0.034478183406982096,4,0.08011057316890843,0.02070853158261499,4,0.9534108638763428,0.13136462047691053,4,9.25,1.707825127659933,4,1.0060100257396698,0.17208215097974444,4,179761.0,0.0,4,3063361.0,0.0,4
random_all_per_seed,all_rows,0.15,0.15,False,False,B2_with_RC,,0.0002,0.0001,random,conv3_plus,1,268,SKNSH,0.21998080611228943,0.024324008518828287,4,0.29061824828386307,0.03300753137300867,4,0.6439692270806685,0.0611678893421273,4,0.5879930801579973,0.058585129608087316,4,0.382252144121783,0.08646840316375896,4,0.4175024984418017,0.08034760176888055,4,0.6154428049921989,0.08614574546492931,4,0.2876550257205963,0.003134217153600644,4,0.37282615154981613,0.004004611616153841,4,0.2999847529479307,0.06130518980719233,4,0.22665578664484173,0.04442629013201857,4,0.07218257674027881,0.045793103613281545,4,0.09280959672420294,0.03768522215668107,4,1.026459127664566,0.17989767157081663,4,0.27996551990509033,0.012561228316782908,4,0.36410439759492874,0.015015630227289332,4,0.2532931522879402,0.022980164394020074,4,0.21611347656314464,0.036823716384797874,4,0.036855153918390254,0.024515249712454747,4,0.0645534869626438,0.011427956358344845,4,0.9718708544969559,0.11736692618300422,4,9.75,2.0615528128088303,4,1.026459127664566,0.17989767157081663,4,179761.0,0.0,4,3063361.0,0.0,4
random_all_per_seed,all_rows,0.15,0.15,False,False,B2_with_RC,,0.0002,0.0001,random,conv3_plus,1,536,HepG2,0.2352135181427002,0.024089816265730583,4,0.306882344186306,0.0294853982042891,4,0.5844219588174665,0.06840408122855195,4,0.5044813504826986,0.061161344697572465,4,0.3258563168646347,0.08538298073529206,4,0.34505836469458623,0.08197020484161766,4,0.6728860288858414,0.08522372079234102,4,0.2816089317202568,0.006216605312843938,4,0.3659493327140808,0.0065642555613779135,4,0.3373774176762658,0.06194675446165392,4,0.23495690136922662,0.042302068275009076,4,0.10643094583101873,0.038271548801793814,4,0.11670157224915483,0.040883118846191564,4,0.9618663191795349,0.10518481156575869,4,0.2754548639059067,0.00975683617974512,4,0.3614494651556015,0.012975702320471025,4,0.26848828049481344,0.02019101656969981,4,0.2224507521160391,0.015309729163534664,4,0.05072279540315075,0.010408737684782912,4,0.07239171462565003,0.010522765652067076,4,0.9367427974939346,0.09700817239289214,4,6.5,1.9148542155126762,4,0.9618663191795349,0.10518481156575869,4,179761.0,0.0,4,3063361.0,0.0,4
random_all_per_seed,all_rows,0.15,0.15,False,False,B2_with_RC,,0.0002,0.0001,random,conv3_plus,1,536,K562,0.23921556025743484,0.02602883487491478,4,0.3115338683128357,0.03019360181484261,4,0.5628437865351528,0.07591915153698595,4,0.48468959949286977,0.06877933248990188,4,0.30509165828941764,0.09098500849049997,4,0.3211159162188006,0.08653248531165435,4,0.6936119496822357,0.09081532489299823,4,0.28072957694530487,0.007017720212881027,4,0.366605669260025,0.010547055764592047,4,0.3364288397515714,0.051926333802885444,4,0.2351105322380269,0.029339832280619642,4,0.10365497263427303,0.03487567144840051,4,0.11520662232324502,0.035136588577382916,4,0.965811625123024,0.11449356595854474,4,0.2749837711453438,0.011585436886750176,4,0.3583570644259453,0.016048858574472698,4,0.28720666626715063,0.04224646065244981,4,0.2291542464497362,0.02704460181013232,4,0.0671567915488818,0.027031933987958286,4,0.08382624172653469,0.023208989953795535,4,0.9217690974473953,0.11435681574322676,4,6.25,2.217355782608345,4,0.965811625123024,0.11449356595854474,4,179761.0,0.0,4,3063361.0,0.0,4
random_all_per_seed,all_rows,0.15,0.15,False,False,B2_with_RC,,0.0002,0.0001,random,conv3_plus,1,536,SKNSH,0.23107577115297318,0.020509767357398526,4,0.3014383986592293,0.0262212825637627,4,0.6100543742179836,0.057159675231668275,4,0.5485575073601537,0.05118098230256583,4,0.3496649982323988,0.07302695294638946,4,0.37461676085693785,0.0700669638831269,4,0.6491217762231827,0.07289076205441455,4,0.2843053713440895,0.003522398865212738,4,0.36830896884202957,0.005859775351922071,4,0.3287586758006527,0.05744634032923825,4,0.24223975328236563,0.04505789037950717,4,0.09492028224391286,0.03571176062850632,4,0.11055732842711569,0.037097943584734644,4,0.9742840230464935,0.10553601597658208,4,0.27760181576013565,0.010361544367984315,4,0.3615409657359123,0.013283307814357622,4,0.27099218544395115,0.026479210304943684,4,0.22310795740176922,0.04252836490793105,4,0.05016159893974864,0.021447554197870828,4,0.07396262600546889,0.014391091831011895,4,0.9370385408401489,0.09453156304614041,4,7.25,1.5,4,0.9742840230464935,0.10553601597658208,4,179761.0,0.0,4,3063361.0,0.0,4
random_all_per_seed,all_rows,0.15,0.15,False,False,B2_with_RC,,0.0002,0.0001,random,conv3_plus,1,938,HepG2,0.23351150006055832,0.008585989024923602,4,0.30611490458250046,0.011038468315545254,4,0.578499350658837,0.03621102124041832,4,0.4879407090711625,0.021978324803355237,4,0.3217180660693153,0.04500548243357929,4,0.33564492725715156,0.04254973016527194,4,0.6775588542222977,0.04495747424397733,4,0.2799742743372917,0.005825895553882322,4,0.36403340846300125,0.007378078664143292,4,0.35126621356610366,0.06007397090073148,4,0.23375512655094183,0.0427364922527039,4,0.1156983192786496,0.04148823137056594,4,0.126094614277904,0.04117590909895322,4,0.9588209837675095,0.06483328201566374,4,0.2725023627281189,0.009831803956798127,4,0.35752083361148834,0.013507004878682331,4,0.29446475409585315,0.011858569149656852,4,0.22706455830321526,0.017319507908128234,4,0.07133349436899858,0.012140496798382939,4,0.08681496065143918,0.006919301760238282,4,0.9264699071645737,0.10064386014816788,4,6.0,0.816496580927726,4,0.9588209837675095,0.06483328201566374,4,179761.0,0.0,4,3063361.0,0.0,4
random_all_per_seed,all_rows,0.15,0.15,False,False,B2_with_RC,,0.0002,0.0001,random,conv3_plus,1,938,K562,0.24237031489610672,0.017388231469520624,4,0.31679994612932205,0.024534169766234355,4,0.5285981939514905,0.08305004490813625,4,0.43959260102008324,0.06542565022572701,4,0.2734254870832078,0.08734262696117004,4,0.2845890331182102,0.08515097660293344,4,0.7257998883724213,0.08724950124773449,4,0.2780165746808052,0.00507672883426913,4,0.3645158112049103,0.009656241765472409,4,0.3486354593953403,0.0544044946200269,4,0.24096071685110204,0.030628445064607757,4,0.11377026411682561,0.03436585524423785,4,0.12376657032394539,0.03661523740730013,4,0.9610209763050079,0.0614229626209195,4,0.27232544124126434,0.011094572433707369,4,0.3555862084031105,0.01485822057464839,4,0.30409504577937796,0.025606299762448763,4,0.2372007578910808,0.01603172022857444,4,0.08155266511305076,0.014336936892448398,4,0.09296555880820526,0.015798963080282252,4,0.9169622361660004,0.10836819159859845,4,5.25,1.707825127659933,4,0.9610209763050079,0.0614229626209195,4,179761.0,0.0,4,3063361.0,0.0,4
random_all_per_seed,all_rows,0.15,0.15,False,False,B2_with_RC,,0.0002,0.0001,random,conv3_plus,1,938,SKNSH,0.23517167568206787,0.013658740762031697,4,0.3070080429315567,0.018600697313197113,4,0.5762357073757635,0.05084226302393262,4,0.49889785605367876,0.0289396475093131,4,0.31845538830727493,0.056204106585336006,4,0.3339862922368925,0.056177751526884714,4,0.6808180212974548,0.05614416006403947,4,0.28183118253946304,0.0029187630114714262,4,0.3668641522526741,0.005029054156548997,4,0.3345421573960977,0.060495569455909656,4,0.24739566872606858,0.04280801423473873,4,0.10184256637293351,0.039376659753388464,4,0.1146632405180815,0.03904285519475962,4,0.973760113120079,0.061572423865377375,4,0.27479927986860275,0.011039576452132872,4,0.35834818333387375,0.014140541725950093,4,0.28925781022174907,0.024358349043156376,4,0.22847876027083697,0.04153334372267377,4,0.0669445188664512,0.02499806712999836,4,0.08411507765036258,0.014146684115352092,4,0.9302928745746613,0.09575664698225504,4,5.75,1.2583057392117918,4,0.973760113120079,0.061572423865377375,4,179761.0,0.0,4,3063361.0,0.0,4
random_all_per_seed,all_rows,0.15,0.15,False,False,B2_with_RC,,0.0002,0.0001,random,conv3_plus,1,1340,HepG2,0.24317654594779015,0.004065680548028518,4,0.31921082735061646,0.006401717463440967,4,0.5425049874714216,0.018559820016278233,4,0.4383536679985244,0.02929448302595688,4,0.2818959952987674,0.01885724459850104,4,0.2945700116206449,0.020169661163416605,4,0.7175681293010712,0.01884315431476092,4,0.27727793902158737,0.00577976930717282,4,0.3616464138031006,0.0081939727976935,4,0.3646691972301688,0.05357090587963241,4,0.24917481017700227,0.04191378182047251,4,0.12729020277251413,0.0418784018643418,4,0.13513600487606908,0.03817369869770017,4,0.9230647385120392,0.07457724558215521,4,0.2708461731672287,0.009547836946396751,4,0.3555446267127991,0.01350998241849653,4,0.30205485597329707,0.01722248776076802,4,0.2304497324695137,0.026395321753236674,4,0.08157854141973298,0.012401367933146076,4,0.09145959658055158,0.010336860938855264,4,0.8919377624988556,0.08128353688149409,4,5.0,0.0,4,0.9230647385120392,0.07457724558215521,4,179761.0,0.0,4,3063361.0,0.0,4
random_all_per_seed,all_rows,0.15,0.15,False,False,B2_with_RC,,0.0002,0.0001,random,conv3_plus,1,1340,K562,0.253094594925642,0.012524656128330007,4,0.3305167406797409,0.018358470134591767,4,0.4869345300335075,0.03943385096497859,4,0.38279375198384913,0.02449928308760533,4,0.2310992783309106,0.03896528413581578,4,0.23827150799039895,0.038164723792620266,4,0.7683269679546356,0.0389362958637994,4,0.276636004447937,0.005165718598157296,4,0.3629958927631378,0.010625594201877399,4,0.35857261222523706,0.05260557865035229,4,0.24568728570426088,0.026987937850903008,4,0.12105880712693176,0.039941137604235795,4,0.130649828416884,0.03661963765308858,4,0.9300987124443054,0.08095464588897058,4,0.27045775204896927,0.011313697296568169,4,0.3537091389298439,0.015293570063508568,4,0.3116147745885138,0.024192130739032855,4,0.23834302524605766,0.013973483530886094,4,0.09128953508511584,0.015954380580312788,4,0.09754271213412109,0.015259674018980048,4,0.8829089403152466,0.08698894639130418,4,4.25,0.957427107756338,4,0.9300987124443054,0.08095464588897058,4,179761.0,0.0,4,3063361.0,0.0,4
random_all_per_seed,all_rows,0.15,0.15,False,False,B2_with_RC,,0.0002,0.0001,random,conv3_plus,1,1340,SKNSH,0.23939087614417076,0.007650984916433525,4,0.31352996826171875,0.010735093418063618,4,0.5657265135131513,0.008094819505417836,4,0.4698180062259758,0.012973583899123956,4,0.3077535850630144,0.009773959681691848,4,0.32009563266886476,0.00919400577152713,4,0.6917298883199692,0.009766714586430672,4,0.27958836406469345,0.002722903236502042,4,0.36449192464351654,0.006139004146081624,4,0.3514714749162483,0.04834206496642108,4,0.25908251285053585,0.03804178923548451,4,0.11350865145570468,0.03817823179539106,4,0.12528491411371623,0.032537005907636744,4,0.9375709593296051,0.07148269156503007,4,0.27234071493148804,0.011278007805621552,4,0.355990007519722,0.014959402866674139,4,0.30327088740000374,0.027897618087859333,4,0.2367365199116344,0.0407336490059816,4,0.07933895566336455,0.024182015330356615,4,0.09255693896561779,0.01700443460549326,4,0.8942449241876602,0.08526003997145146,4,5.25,0.4999999999999999,4,0.9375709593296051,0.07148269156503007,4,179761.0,0.0,4,3063361.0,0.0,4
random_all_per_seed,all_rows,0.15,0.15,False,False,B2_with_RC,,0.0002,0.0001,random,conv3_plus,1,2011,HepG2,0.2462344989180565,0.008225561662024705,4,0.3220696598291397,0.010987110474466084,4,0.5228195270446985,0.027329365305038836,4,0.4074867395651368,0.02351826284505988,4,0.26437785864086427,0.026823514134036334,4,0.27390042851522434,0.029192606470069955,4,0.7352563142776489,0.026810163981484315,4,0.27449770271778107,0.005142243972997692,4,0.3589763566851616,0.008118573164613358,4,0.37917779412740826,0.04731928316996473,4,0.26037914003254364,0.041613361298519023,4,0.14039616203821578,0.032913688002003796,4,0.1454551354791167,0.03527283799078446,4,0.9149957299232483,0.06177014840458882,4,0.2682991027832031,0.009380246164780236,4,0.35233528167009354,0.013671871612897846,4,0.32461512761806105,0.014333225353720546,4,0.24367667544056257,0.010446262270525421,4,0.09812460783897015,0.012645319629028207,4,0.10552906209027048,0.009281650001991984,4,0.8823467791080475,0.08485094912293241,4,4.25,0.4999999999999999,4,0.9149957299232483,0.06177014840458882,4,179761.0,0.0,4,3063361.0,0.0,4
random_all_per_seed,all_rows,0.15,0.15,False,False,B2_with_RC,,0.0002,0.0001,random,conv3_plus,1,2011,K562,0.25373460352420807,0.010863898406255044,4,0.3307695984840393,0.015515016341946658,4,0.4771251203124485,0.057691749197380945,4,0.36721107922856155,0.04908542419334077,4,0.2237790859359087,0.05247030878646059,4,0.23014463387725861,0.051728030555625845,4,0.7758349180221558,0.052444211186787985,4,0.27472246438264847,0.005058946774608902,4,0.3607376292347908,0.009041317723718335,4,0.36987381234169314,0.05170147334093233,4,0.2554397705563005,0.02716077486615261,4,0.13188884038277307,0.03737294376332718,4,0.13881141881539538,0.0367411053152129,4,0.9238789528608322,0.06184865642147819,4,0.2696239948272705,0.011047308139162139,4,0.3526829108595848,0.015229589708170998,4,0.3197403447537412,0.022307307696020646,4,0.2436338984507678,0.027109948404474872,4,0.0965449832078353,0.016742480666090975,4,0.10260710004572499,0.014676722469485889,4,0.8843224048614502,0.09092361640516705,4,3.5,1.0,4,0.9238789528608322,0.06184865642147819,4,179761.0,0.0,4,3063361.0,0.0,4
random_all_per_seed,all_rows,0.15,0.15,False,False,B2_with_RC,,0.0002,0.0001,random,conv3_plus,1,2011,SKNSH,0.24499226734042168,0.008607165267771956,4,0.3200793117284775,0.011300680343979996,4,0.5322749058684311,0.029332529208410115,4,0.4300944508806348,0.022996715636221642,4,0.27345924989604853,0.027440992950433868,4,0.2839618733695688,0.03206434968281475,4,0.7261794805526733,0.027427305584431398,4,0.2766396850347519,0.0033843840411918857,4,0.3615645691752434,0.006635716495818378,4,0.36564705490683674,0.04271772182809875,4,0.26441798140550465,0.038195464304643933,4,0.12794572035095736,0.0297807782062208,4,0.1350663715806804,0.030725207337146544,4,0.9279140383005142,0.05299178319581219,4,0.27017389237880707,0.010836448881577223,4,0.3531241938471794,0.014344121088340126,4,0.31923463836752325,0.02590860577747825,4,0.24099395061000423,0.04328566893705581,4,0.09406459523324509,0.021557324281430517,4,0.10241419622364294,0.01628961739241288,4,0.8863496035337448,0.08655170393818938,4,4.25,0.4999999999999999,4,0.9279140383005142,0.05299178319581219,4,179761.0,0.0,4,3063361.0,0.0,4
random_all_per_seed,all_rows,0.15,0.15,False,False,B2_with_RC,,0.0002,0.0001,random,conv3_plus,1,2681,HepG2,0.24723240733146667,0.008477643290115681,4,0.32398809492588043,0.010151220145799363,4,0.5202318602649696,0.046413045424572065,4,0.4014644145455159,0.04018518234852758,4,0.266567061134,0.049139948047397596,4,0.27225681652393835,0.04945334275389599,4,0.7331593781709671,0.04912158011022813,4,0.27521008998155594,0.0045748696662849106,4,0.35879939049482346,0.007897020989791363,4,0.3866588460851513,0.04064719747108954,4,0.27026461850465466,0.03919966489067914,4,0.14129604163430462,0.030387764638398547,4,0.15074420925259102,0.031205015672704423,4,0.8990798890590668,0.051944853001605354,4,0.26875797659158707,0.010316629323904754,4,0.35301583260297775,0.014343165762405958,4,0.3233951716095095,0.024974511397257745,4,0.24361491202833876,0.025609823530398923,4,0.09473573817940861,0.012429131279119196,4,0.10505223168499292,0.015836066590042216,4,0.8711237460374832,0.07704289639580991,4,4.0,0.816496580927726,4,0.8990798890590668,0.051944853001605354,4,179761.0,0.0,4,3063361.0,0.0,4
random_all_per_seed,all_rows,0.15,0.15,False,False,B2_with_RC,,0.0002,0.0001,random,conv3_plus,1,2681,K562,0.2532145343720913,0.007289422623769156,4,0.33093034476041794,0.009042595670096375,4,0.49057613707099823,0.03527334679998254,4,0.37611412396605864,0.0320622711245874,4,0.2353000808256768,0.03710056716863002,4,0.24159810300935672,0.03465569470332435,4,0.7644146531820297,0.0370866058077421,4,0.27420683205127716,0.00443316191398401,4,0.3592970222234726,0.008710729217269694,4,0.3818298376354206,0.03957859165659674,4,0.26069839130417105,0.03238821736385041,4,0.1389660712594631,0.030891496150518664,4,0.14696887359683142,0.02942659065932764,4,0.9016671478748322,0.0560646664752291,4,0.2690019831061363,0.011494044727626978,4,0.35198555141687393,0.015680431326365804,4,0.32497135369113417,0.030164896827472056,4,0.250238499126054,0.030601062141252224,4,0.100126052093786,0.021066761287007983,4,0.10628882147030723,0.019324897346236197,4,0.8663708120584488,0.08379812948399812,4,3.5,0.5773502691896257,4,0.9016671478748322,0.0560646664752291,4,179761.0,0.0,4,3063361.0,0.0,4
random_all_per_seed,all_rows,0.15,0.15,False,False,B2_with_RC,,0.0002,0.0001,random,conv3_plus,1,2681,SKNSH,0.2434779852628708,0.008609511373317277,4,0.31908195465803146,0.010081040272801326,4,0.546523212155464,0.029685804535898166,4,0.43433725135663664,0.04084951424873322,4,0.28917338636577306,0.035357555344972404,4,0.299348556667934,0.03313769423759587,4,0.7105614542961121,0.035344350966849014,4,0.2757643461227417,0.004712561289497354,4,0.36052418500185013,0.0074235314065488915,4,0.3737892870446752,0.03869089383346685,4,0.2672797715252381,0.03487803002701968,4,0.1330507839100689,0.028022120797590904,4,0.14084117005859104,0.0285139867004266,4,0.9076372236013412,0.048910649622780356,4,0.2700079530477524,0.011894406337099976,4,0.35249830037355423,0.014593428118223803,4,0.3266219425843609,0.026467949359922912,4,0.24015046710746824,0.046759243299467644,4,0.09719550280290348,0.027633833977806194,4,0.10720730763507112,0.017198600106118657,4,0.8687833994626999,0.07976720627066304,4,4.25,0.5,4,0.9076372236013412,0.048910649622780356,4,179761.0,0.0,4,3063361.0,0.0,4
random_all_per_seed,all_rows,0.15,0.15,False,False,B2_with_RC,,0.0002,0.0001,random,full,1,134,HepG2,0.14201566204428673,0.034042035329367885,4,0.2067692019045353,0.045219889564646336,4,0.858760375074904,0.06344611669925959,4,0.8617071907215831,0.09012114653781454,4,0.6854616057915731,0.10994560147874068,4,0.7404884390919517,0.10501004876321063,4,0.3121911287307739,0.10912513722405315,4,0.2912312522530556,0.006820842449742922,4,0.37696415185928345,0.005290634886368507,4,0.306398973612287,0.04069602670844877,4,0.22920936801518832,0.04127647525721506,4,0.050198937942459027,0.07534808733223536,4,0.09512245597305405,0.024783220407479056,4,1.0546180307865143,0.23845704348861338,4,0.2841492369771004,0.014861110931644975,4,0.3718002811074257,0.020248807618362324,4,0.24190011596086164,0.02357087888916949,4,0.20776421158275502,0.021200557128950363,4,-0.0037266887766075896,0.040536171048453994,4,0.058932355850584234,0.011386108319497563,4,1.017134964466095,0.186701395550219,4,9.75,2.7537852736430506,4,1.0546180307865143,0.23845704348861338,4,179761.0,0.0,4,3747661.0,0.0,4
random_all_per_seed,all_rows,0.15,0.15,False,False,B2_with_RC,,0.0002,0.0001,random,full,1,134,K562,0.15493940562009811,0.028713324575729796,4,0.230234757065773,0.04539213562027242,4,0.8169569233148276,0.04417484895904416,4,0.8324730377560206,0.08066403281976854,4,0.6150543996010729,0.09323517695656229,4,0.6688821775124449,0.07204770488690176,4,0.38207288086414337,0.09253938785959058,4,0.2919410914182663,0.012710852952987543,4,0.37984756380319595,0.012505910772467554,4,0.3037798685126164,0.04005902654884335,4,0.22395458570564244,0.026428324165258053,4,0.03645212634260936,0.07158847983605802,4,0.09348575271957318,0.02537855124987576,4,1.071529746055603,0.24086721601352343,4,0.2833094522356987,0.018200297773068728,4,0.3700234219431877,0.02507527636044895,4,0.26584740262111756,0.04823870026500846,4,0.2254215742430027,0.04126139322827302,4,0.0057347720615327225,0.07252978604942008,4,0.07242007063283756,0.023323521084239254,4,1.0093752592802048,0.20414013097706638,4,10.0,3.366501646120693,4,1.071529746055603,0.24086721601352343,4,179761.0,0.0,4,3747661.0,0.0,4
random_all_per_seed,all_rows,0.15,0.15,False,False,B2_with_RC,,0.0002,0.0001,random,full,1,134,SKNSH,0.12819888815283775,0.03680575954685739,4,0.18595606088638306,0.04547871089766307,4,0.8805165179904728,0.07340299442353694,4,0.8873152669977624,0.10385206426162263,4,0.7357346180502286,0.12970055271663009,4,0.7793503381468231,0.12510053265444987,4,0.2622932530939579,0.12873264999431455,4,0.295257069170475,0.006603669027343838,4,0.3821076229214668,0.003705137297077275,4,0.28282841277905657,0.03551094767756219,4,0.22092525051390732,0.03735867330591702,4,0.02451401247161053,0.0685015110177958,4,0.08093768162883931,0.019975191910928152,4,1.0855413675308228,0.2566613224237013,4,0.2892933413386345,0.014585089751195334,4,0.37581226974725723,0.01852972949556722,4,0.23145708778951082,0.026582451260408375,4,0.20143606446448883,0.03217918930709742,4,-0.0256743131441933,0.03379034821122237,4,0.05410235352426031,0.012737134479463744,4,1.038700670003891,0.1803944335709374,4,11.75,3.2015621187164243,4,1.0855413675308228,0.2566613224237013,4,179761.0,0.0,4,3747661.0,0.0,4
random_all_per_seed,all_rows,0.15,0.15,False,False,B2_with_RC,,0.0002,0.0001,random,full,1,268,HepG2,0.17481092736124992,0.020731019334826323,4,0.24308345466852188,0.030191432651338067,4,0.7883082107523598,0.04919388564954893,4,0.7463381010260817,0.06928131412179475,4,0.5663071415087956,0.08384391391991576,4,0.6232448639285626,0.07755788814947609,4,0.43207457661628723,0.0835310335028542,4,0.2857196629047394,0.005740616511258587,4,0.37068577855825424,0.005621433584396095,4,0.32503090847008825,0.040511565225623006,4,0.23410614517895031,0.041747055950533456,4,0.08294283941913375,0.04349277851945408,4,0.10687598164866333,0.026083160308001997,4,1.0148773044347763,0.17826252806964055,4,0.2788810208439827,0.011784938678815101,4,0.3662477061152458,0.014878235692899235,4,0.2572499950290107,0.017846642689210632,4,0.22017330915411076,0.016549819434810046,4,0.025533359726042815,0.017979484446223572,4,0.0664164369338833,0.00908011431790423,4,0.9846341162919998,0.13284671070060983,4,5.75,0.9574271077563381,4,1.0148773044347763,0.17826252806964055,4,179761.0,0.0,4,3747661.0,0.0,4
random_all_per_seed,all_rows,0.15,0.15,False,False,B2_with_RC,,0.0002,0.0001,random,full,1,268,K562,0.17092156410217285,0.030701214757721022,4,0.24556038156151772,0.040594359719842876,4,0.7697923790406204,0.053852167513405394,4,0.7372630274173054,0.0888699343995981,4,0.55941759866376,0.09833138814459028,4,0.594755348788437,0.08347448613281562,4,0.4389384239912033,0.09796447237033432,4,0.28677739948034286,0.005645484731548295,4,0.373157761991024,0.007454722575247013,4,0.3233363948276058,0.029066386879610134,4,0.2348437274974043,0.017832285686672278,4,0.0709236228052135,0.040068679232911915,4,0.10518006535478974,0.01879129495456574,4,1.0278007090091705,0.1753606981793364,4,0.2775277867913246,0.011516592188849753,4,0.36341653764247894,0.018295899291355944,4,0.28797538251011395,0.039113999542565704,4,0.2384075691191917,0.023140397726019668,4,0.04083738882350055,0.03504746278959552,4,0.08407724965200832,0.021100074943224023,4,0.9693307280540466,0.13589422983453095,4,6.75,2.0615528128088303,4,1.0278007090091705,0.1753606981793364,4,179761.0,0.0,4,3747661.0,0.0,4
random_all_per_seed,all_rows,0.15,0.15,False,False,B2_with_RC,,0.0002,0.0001,random,full,1,268,SKNSH,0.1678948737680912,0.03154024800946362,4,0.23240146785974503,0.03989951855460222,4,0.8103293362430982,0.04692442434849828,4,0.7791925664034758,0.08366559683168394,4,0.6055694955093024,0.09030988065598693,4,0.6582850593765086,0.07562282875856066,4,0.39295871555805206,0.08997288769544,4,0.2898286432027817,0.0033402034217065737,4,0.37560178339481354,0.002663126790904514,4,0.2992873600778247,0.04454298993609251,4,0.2264986605096557,0.035757435580651975,4,0.05802799198334621,0.05256191805991747,4,0.09106098236668864,0.026548635956204426,4,1.0419516861438751,0.18432275518072813,4,0.28206631541252136,0.011302502354893381,4,0.36708376556634903,0.014421852319869281,4,0.2510024912401151,0.028333763775192027,4,0.21636894754621436,0.04193006613960729,4,0.02100483359445346,0.019051691077274693,4,0.06360435223599534,0.014211033850130348,4,0.9881584793329239,0.12160971247891127,4,6.5,1.7320508075688772,4,1.0419516861438751,0.18432275518072813,4,179761.0,0.0,4,3747661.0,0.0,4
random_all_per_seed,all_rows,0.15,0.15,False,False,B2_with_RC,,0.0002,0.0001,random,full,1,536,HepG2,0.2119360715150833,0.016176009844828372,4,0.28140588104724884,0.019160849364312303,4,0.6962194630229219,0.04288429728726019,4,0.6289637828222809,0.07617919379286782,4,0.43297365616419714,0.05311346946842249,4,0.4861008379072924,0.057894774231214335,4,0.5659684985876083,0.05301441274071007,4,0.283424511551857,0.005007941275756058,4,0.36840280145406723,0.007349153768247847,4,0.3262775993257015,0.04250268397152063,4,0.23884177781243693,0.04022774784132198,4,0.09470419931817314,0.030254697980233954,4,0.10781193043033022,0.026826149129735233,4,0.9750148206949234,0.10909366629887098,4,0.27565040439367294,0.0116116965881276,4,0.36165282875299454,0.014492206535191354,4,0.2664193269788613,0.0146255731367334,4,0.22823924353174882,0.014323989342305441,4,0.04986128427509079,0.012711128841063036,4,0.07113968833005285,0.007650735334171314,4,0.9378250986337662,0.1009187180308693,4,3.75,0.5,4,0.9750148206949234,0.10909366629887098,4,179761.0,0.0,4,3747661.0,0.0,4
random_all_per_seed,all_rows,0.15,0.15,False,False,B2_with_RC,,0.0002,0.0001,random,full,1,536,K562,0.21097637340426445,0.016626505109718602,4,0.2825990319252014,0.019765929966750626,4,0.6894604589016682,0.016290843495582814,4,0.6208243826405817,0.02562255890689933,4,0.42956803585237546,0.025540057721178303,4,0.47555476807524705,0.022587745244127166,4,0.5693677514791489,0.025492414357316598,4,0.28253188729286194,0.007384973333861348,4,0.368880458176136,0.010839114373523437,4,0.3294166477630454,0.03995983559632236,4,0.23470517664454504,0.022182843358569484,4,0.09264340426128337,0.030954908059721054,4,0.10971291916910617,0.026214430799081413,4,0.9782130718231201,0.11979414091363418,4,0.27383456379175186,0.01329348842594189,4,0.3575899675488472,0.01857590083763318,4,0.29388271821128487,0.040754251423886535,4,0.238127135679443,0.02953258621949305,4,0.07128849891196004,0.03979655354048578,4,0.08761273382009449,0.022718619139592194,4,0.918611690402031,0.1283974434413343,4,4.0,0.0,4,0.9782130718231201,0.11979414091363418,4,179761.0,0.0,4,3747661.0,0.0,4
random_all_per_seed,all_rows,0.15,0.15,False,False,B2_with_RC,,0.0002,0.0001,random,full,1,536,SKNSH,0.20937130600214005,0.007836578357330962,4,0.27758418768644333,0.0111532495181241,4,0.7092969855532247,0.011846593811052446,4,0.6484154171839192,0.031047074637899488,4,0.4486358335875694,0.011410105452936152,4,0.5032074700535846,0.016880231080668114,4,0.5503355711698532,0.011388795629414687,4,0.28550732135772705,0.0031941744881766407,4,0.3700924515724182,0.006435121057516063,4,0.31568324634235423,0.041366668314816744,4,0.24330846688357097,0.0448929184765757,4,0.08629782692717367,0.031283430479756125,4,0.10093931295684855,0.025774224257737528,4,0.9839914441108704,0.1096497539374753,4,0.27685557305812836,0.010460089123067175,4,0.36126725375652313,0.013652568655855445,4,0.2683980198030226,0.025375803593484687,4,0.2285201351011353,0.03830701887380854,4,0.051676321269276515,0.020222909298443854,4,0.07252044559019502,0.013551512924177358,4,0.9355120956897736,0.09380352796891754,4,4.0,0.0,4,0.9839914441108704,0.1096497539374753,4,179761.0,0.0,4,3747661.0,0.0,4
random_all_per_seed,all_rows,0.15,0.15,False,False,B2_with_RC,,0.0002,0.0001,random,full,1,938,HepG2,0.21646881103515625,0.012769352255386621,4,0.2884383127093315,0.015142845247999108,4,0.6553167746788705,0.0369345474430771,4,0.567548766018423,0.03347537769963944,4,0.39635203033341637,0.07092428919502693,4,0.43046319577163616,0.04831634550393642,4,0.6030044257640839,0.0708486056478079,4,0.2804761677980423,0.006879173653755976,4,0.36511633545160294,0.008556488907945699,4,0.3458907139583794,0.05463378281218322,4,0.2508707271159114,0.0367629363042963,4,0.11077248845824272,0.033711865116526546,4,0.12187902367091404,0.037281003812641364,4,0.9646651744842529,0.06926051255966514,4,0.2740628272294998,0.008317871968750936,4,0.3587213233113289,0.012024515533045982,4,0.28658915372018634,0.020527554090862103,4,0.23695004078898427,0.01795175859938069,4,0.06486812667801992,0.011954922278328362,4,0.08244937838776754,0.011390101859795713,4,0.9326273798942566,0.09759173543089358,4,3.5,0.5773502691896257,4,0.9646651744842529,0.06926051255966514,4,179761.0,0.0,4,3747661.0,0.0,4
random_all_per_seed,all_rows,0.15,0.15,False,False,B2_with_RC,,0.0002,0.0001,random,full,1,938,K562,0.22681421041488647,0.011143443833593789,4,0.3010333925485611,0.011524035633497897,4,0.614649737213847,0.0364013065361234,4,0.518765031957642,0.01234785074239226,4,0.3427763396529174,0.0639184916165964,4,0.3787880907952037,0.04580621608918933,4,0.6565230190753937,0.06385034604238914,4,0.27903060615062714,0.007147414738147003,4,0.36571167409420013,0.010837720770984263,4,0.343298128810137,0.040844743196791364,4,0.24493514031665084,0.025629269212997005,4,0.10822323844609977,0.02844538793666081,4,0.11910482502965031,0.027360712536691464,4,0.9675732553005219,0.06864526895419196,4,0.27189525216817856,0.011588952013198803,4,0.3545532450079918,0.015459128974868059,4,0.3046556175152003,0.03516262053953806,4,0.244397987092497,0.02757124784570043,4,0.08686927856037605,0.02220262232062673,4,0.0937423526959737,0.020244252940372142,4,0.9119933098554611,0.11348751224146375,4,3.25,0.5,4,0.9675732553005219,0.06864526895419196,4,179761.0,0.0,4,3747661.0,0.0,4
random_all_per_seed,all_rows,0.15,0.15,False,False,B2_with_RC,,0.0002,0.0001,random,full,1,938,SKNSH,0.21008853614330292,0.02348979589759453,4,0.2815118804574013,0.02713562582102686,4,0.6683394460273824,0.07900531767478987,4,0.6060647474667074,0.07710926188675855,4,0.42144793310053774,0.11969851774040567,4,0.4513589952818593,0.10531962624346652,4,0.577935241162777,0.11957088057057327,4,0.28394103795289993,0.0039595276685019274,4,0.3688173294067383,0.007251520931678873,4,0.32610565425299765,0.048969638620321214,4,0.24735507050074357,0.029771256449967275,4,0.0927209935939376,0.027720641830543704,4,0.1081434168657293,0.03100531971120305,4,0.9841106534004211,0.06367687504988508,4,0.2767906039953232,0.008671526439763351,4,0.3602655753493309,0.011639302681176448,4,0.28134194662667567,0.02683217779502576,4,0.22803633852598337,0.03009870583714679,4,0.05648047873339154,0.028869251840367562,4,0.0796932652556051,0.015145727320633724,4,0.939852386713028,0.08578557347134552,4,3.75,0.9574271077563381,4,0.9841106534004211,0.06367687504988508,4,179761.0,0.0,4,3747661.0,0.0,4
random_all_per_seed,all_rows,0.15,0.15,False,False,B2_with_RC,,0.0002,0.0001,random,full,1,1340,HepG2,0.2229018248617649,0.03053239059562961,4,0.29862604290246964,0.03556924707372063,4,0.6197562205167427,0.08627518276855728,4,0.5168428571093313,0.07284144632963165,4,0.3709574882400526,0.11046920791719196,4,0.3896803282405084,0.1031289504760656,4,0.6285730749368668,0.11038682070421377,4,0.2770855203270912,0.00566788832170244,4,0.36278945207595825,0.007649638580583674,4,0.35813742821386585,0.055834973120434325,4,0.25355894986532157,0.033915080926657036,4,0.1218745474311558,0.03769106381964064,4,0.13060057565516162,0.03803666200534566,4,0.928948312997818,0.07465568990192205,4,0.27340217679739,0.007739995344736004,4,0.3583594411611557,0.012608202040392261,4,0.2941522827704194,0.00802170072423018,4,0.23755844079964722,0.020357622092627595,4,0.06672170190789714,0.02015562573987385,4,0.08657382622093057,0.004670699048446333,4,0.9063674658536911,0.084698352991731,4,3.25,0.9574271077563382,4,0.928948312997818,0.07465568990192205,4,179761.0,0.0,4,3747661.0,0.0,4
random_all_per_seed,all_rows,0.15,0.15,False,False,B2_with_RC,,0.0002,0.0001,random,full,1,1340,K562,0.23952897638082504,0.017652047144238566,4,0.3158212676644325,0.02381890287223406,4,0.5666218571451301,0.05280804737080688,4,0.452851491942498,0.03359624418807038,4,0.29772142021516107,0.065317904914328,4,0.3231518463949343,0.05746676216892141,4,0.7017545253038406,0.06526919897989562,4,0.2770144119858742,0.005336550462154034,4,0.36375878006219864,0.010001954564333539,4,0.3551372715946086,0.055122211617067554,4,0.25302092001002235,0.027396683320500853,4,0.11740937716461536,0.036621529381874206,4,0.1284013253358304,0.03827272257382021,4,0.9341695159673691,0.08230854147118337,4,0.2706592008471489,0.012216192104023978,4,0.35398879647254944,0.01620600987478253,4,0.31145382413536316,0.03313846383083389,4,0.24823632216732563,0.032915177268243695,4,0.08995428146478332,0.019554205248218534,4,0.09782710290734234,0.020468474417691188,4,0.8844673335552216,0.09162160888165773,4,2.75,0.49999999999999994,4,0.9341695159673691,0.08230854147118337,4,179761.0,0.0,4,3747661.0,0.0,4
random_all_per_seed,all_rows,0.15,0.15,False,False,B2_with_RC,,0.0002,0.0001,random,full,1,1340,SKNSH,0.22393734008073807,0.0306126305168236,4,0.2976338192820549,0.037429883149693845,4,0.6254595521172577,0.08997541316320821,4,0.5316002705767343,0.07284846186119563,4,0.3746304722233119,0.11894725084903458,4,0.3972713325651381,0.10869852153933209,4,0.6249028742313385,0.11885853654273909,4,0.28098078817129135,0.003344354635065833,4,0.3665449842810631,0.007225732996338739,4,0.3366169933195079,0.05012516435909391,4,0.24918440570117928,0.03329720503043351,4,0.10382249662019724,0.029332468700336834,4,0.11519539926798525,0.031972138975542394,4,0.9485298842191696,0.07898497717832195,4,0.27328021079301834,0.007651865412623379,4,0.35803521424531937,0.012485542379453853,4,0.29287200778705585,0.021343451126797565,4,0.23976017242157063,0.01979613427566522,4,0.06848803992938549,0.014093848785661703,4,0.0861156701247228,0.012704123147701167,4,0.9043963104486465,0.07862636288983872,4,3.25,0.9574271077563382,4,0.9485298842191696,0.07898497717832195,4,179761.0,0.0,4,3747661.0,0.0,4
random_all_per_seed,all_rows,0.15,0.15,False,False,B2_with_RC,,0.0002,0.0001,random,full,1,2011,HepG2,0.22225314751267433,0.002728707624324708,4,0.2963377684354782,0.004122448130700519,4,0.6254330207560914,0.0045456611259817115,4,0.5028180428870794,0.008591219239133923,4,0.3770556769195934,0.006460941166303817,4,0.39118196072839373,0.005684916271153109,4,0.622634544968605,0.006457726519512453,4,0.27581439167261124,0.00582689267668099,4,0.36009689420461655,0.007916271447290117,4,0.3781201538001538,0.04964256002490314,4,0.264848610422169,0.03689524465493264,4,0.13480516589262148,0.039445539377552054,4,0.14482313853422152,0.0367269452761245,4,0.9206472039222717,0.06050371086747768,4,0.27019505202770233,0.008541577769731117,4,0.3541684150695801,0.014126462968814889,4,0.3204724521807907,0.02277835461300679,4,0.24153286240001567,0.019173871433211913,4,0.0887178203014837,0.016797712357033767,4,0.1030917326859261,0.014334635748572123,4,0.8918334394693375,0.09113629118553822,4,3.0,0.0,4,0.9206472039222717,0.06050371086747768,4,179761.0,0.0,4,3747661.0,0.0,4
random_all_per_seed,all_rows,0.15,0.15,False,False,B2_with_RC,,0.0002,0.0001,random,full,1,2011,K562,0.23166177049279213,0.01488615920399729,4,0.30672919005155563,0.018465394380725354,4,0.5908565326705822,0.05052272531347604,4,0.4653442914506458,0.045986192085611166,4,0.3321297995468828,0.06383772554044857,4,0.3510258515293285,0.05721618193221373,4,0.6675380319356918,0.06380594403845781,4,0.27379927784204483,0.007043733918760085,4,0.3602123036980629,0.011096612929018571,4,0.3737563833764984,0.050323514972623495,4,0.2629897617470698,0.026136211538339706,4,0.13452959892505403,0.03965395655955822,4,0.14159317623407996,0.03725942218837749,4,0.9214591979980469,0.07091743432257994,4,0.2693340629339218,0.009799004631541429,4,0.35212433338165283,0.015275540385670762,4,0.3275245001678436,0.028401448893627203,4,0.25704932390309626,0.020936191385709783,4,0.0993472266635479,0.020632962451171476,4,0.10787727993463879,0.018198336598972426,4,0.8818377405405045,0.09575978043765918,4,2.75,0.49999999999999994,4,0.9214591979980469,0.07091743432257994,4,179761.0,0.0,4,3747661.0,0.0,4
random_all_per_seed,all_rows,0.15,0.15,False,False,B2_with_RC,,0.0002,0.0001,random,full,1,2011,SKNSH,0.22099179401993752,0.0032396966011783404,4,0.2938815876841545,0.003925695760678834,4,0.635163642737252,0.010908290669288204,4,0.532913992276129,0.010246766872256802,4,0.387293398439998,0.010185014041290196,4,0.4035220961592497,0.01386779765974128,4,0.6124019175767899,0.010179963247805231,4,0.2783125340938568,0.0037251888206488765,4,0.36297503113746643,0.006327335161803075,4,0.3629630858294682,0.040988022158348854,4,0.26862527387046026,0.0372283102555568,4,0.12110194306460656,0.030057522155170307,4,0.13300221514518984,0.02981320928409599,4,0.9352718442678452,0.055071636831670275,4,0.27169813960790634,0.009947226559040638,4,0.35474953800439835,0.01440533961480845,4,0.31651538132142726,0.028312917671697323,4,0.24751025066545246,0.034817885432254926,4,0.08569430674267328,0.022124611351958565,4,0.10078320259336174,0.01797982172169887,4,0.894697979092598,0.09008048530372192,4,3.0,0.0,4,0.9352718442678452,0.055071636831670275,4,179761.0,0.0,4,3747661.0,0.0,4
random_all_per_seed,all_rows,0.15,0.15,False,False,B2_with_RC,,0.0002,0.0001,random,full,1,2681,HepG2,0.23646164312958717,0.015648441319645705,4,0.3127081170678139,0.017161965287535587,4,0.5790420046059916,0.06381033349926517,4,0.45866649041024177,0.0557489985664217,4,0.3157284980152141,0.07670027491087703,4,0.33834346209409083,0.07396201873249794,4,0.6840162426233292,0.0766717337607156,4,0.272706963121891,0.0060878923918429645,4,0.35877056419849396,0.008727817194892228,4,0.3819935807395631,0.03705882758472279,4,0.2735450675284429,0.028797136992294615,4,0.14156735796177272,0.027773784820639892,4,0.14694911325269877,0.02802619809185692,4,0.8990405797958374,0.05600571307150588,4,0.2682643458247185,0.008650681908563876,4,0.3524193614721298,0.013698705353055335,4,0.32596335710972635,0.019992226681040826,4,0.24749474945233252,0.028498727217924017,4,0.09758887500983562,0.019777826705418066,4,0.10655187702399256,0.012811920030726513,4,0.8680610656738281,0.07423054450693946,4,2.5,0.5773502691896257,4,0.8990405797958374,0.05600571307150588,4,179761.0,0.0,4,3747661.0,0.0,4
random_all_per_seed,all_rows,0.15,0.15,False,False,B2_with_RC,,0.0002,0.0001,random,full,1,2681,K562,0.23098456859588623,0.012395765159181288,4,0.3064296916127205,0.01362621077253583,4,0.5993767596948584,0.04686769416961204,4,0.47344476695057874,0.03860243547093241,4,0.34388133665756754,0.05463275046119818,4,0.36089993562989026,0.05408250642490588,4,0.6558738797903061,0.05461239125526452,4,0.27289388328790665,0.006428041523162945,4,0.35873688012361526,0.009319016412517884,4,0.3837362634864622,0.046849561041996224,4,0.264593872844183,0.02219312739466091,4,0.1415646879016377,0.035542172000383766,4,0.14889968094192235,0.03484253933004229,4,0.8989544957876205,0.05931682052173525,4,0.26847513765096664,0.010501835658607994,4,0.3507258668541908,0.015379432368405936,4,0.33727518330749107,0.030822669679361127,4,0.2637411208904513,0.02220547636503925,4,0.10645297354880526,0.023784031297268186,4,0.11446707699972394,0.020387078592280075,4,0.8601407110691071,0.08260717056799717,4,2.75,0.49999999999999994,4,0.8989544957876205,0.05931682052173525,4,179761.0,0.0,4,3747661.0,0.0,4
random_all_per_seed,all_rows,0.15,0.15,False,False,B2_with_RC,,0.0002,0.0001,random,full,1,2681,SKNSH,0.22177299484610558,0.0021891390348741124,4,0.2949584797024727,0.002322809702532733,4,0.6427017756262466,0.009568187409216587,4,0.524491836828486,0.008877303426658394,4,0.3926896785902293,0.008700696454402527,4,0.41313423505085367,0.012307934776699142,4,0.6070837825536728,0.008697451075544533,4,0.27676479518413544,0.004374433142418541,4,0.3618699014186859,0.0086395856248216,4,0.37104596604622087,0.03486935127989633,4,0.26901458154164515,0.030582252460302915,4,0.12679494489779763,0.022015954575847083,4,0.1385870126631839,0.025447480389265337,4,0.9145280122756958,0.05422681871830918,4,0.2701608017086983,0.00964367770054411,4,0.3527429923415184,0.01377664509923214,4,0.32712841067343557,0.021863492938997794,4,0.2519689981548507,0.03435778044858325,4,0.09602813050804349,0.014150983655735099,4,0.1073715063123481,0.014196210401946647,4,0.8697084933519363,0.0747612604956972,4,3.0,0.0,4,0.9145280122756958,0.05422681871830918,4,179761.0,0.0,4,3747661.0,0.0,4
random_all_per_seed,all_rows,0.15,0.15,False,False,B2_with_RC,,0.0005,1e-05,random,branched_only,1,134,HepG2,0.2737557590007782,0.03101914217383151,4,0.35200468450784683,0.03914699321941928,4,0.35185892618826964,0.07717163891245082,4,0.32045756734630737,0.09185343223471765,4,0.09685066261066647,0.08485002030227305,4,0.12827130032768747,0.05754284553730033,4,0.8964094668626785,0.08421684766500429,4,0.2853223457932472,0.007163980761540069,4,0.37102219462394714,0.008086651411031933,4,0.2958147476611317,0.038203282067428075,4,0.22293706597608323,0.03986034530454405,4,0.08197628901241238,0.02450499980398668,4,0.08860098300436162,0.02210402829498641,4,1.029437854886055,0.2728927156254492,4,0.2780095860362053,0.010393776692626998,4,0.3662168085575104,0.013991937489513141,4,0.22693331492589347,0.014160185876094017,4,0.2034530196692497,0.013139713555977376,4,0.02553361234944515,0.021099216333325926,4,0.05164911257128889,0.00657800263062102,4,0.9885251522064209,0.1829862684249164,4,8.25,5.619905100029122,4,1.029437854886055,0.2728927156254492,4,179761.0,0.0,4,179761.0,0.0,4
random_all_per_seed,all_rows,0.15,0.15,False,False,B2_with_RC,,0.0005,1e-05,random,branched_only,1,134,K562,0.2706860341131687,0.03782877157836197,4,0.3479030355811119,0.04977888562314934,4,0.3974250569991304,0.04841287846371399,4,0.36583236693113635,0.03791141966337193,4,0.12348108108255038,0.08522944331976508,4,0.1597045310316188,0.03847509615043176,4,0.8699778467416763,0.08459341425968725,4,0.28240203112363815,0.009478237016003845,4,0.36873818933963776,0.01330106648777297,4,0.3168251386774603,0.04350817760131384,4,0.24191753396441826,0.03761439950940486,4,0.09370879666440654,0.02779402230732987,4,0.10179788963663257,0.028744949832375022,4,1.0154108703136444,0.26010571453439385,4,0.2749612256884575,0.012217971732580702,4,0.361505962908268,0.016287471370503303,4,0.26599738840000725,0.03659550186139675,4,0.2293823950241354,0.030706233974768186,4,0.050413536149259974,0.0393403207674311,4,0.07175903370298993,0.0186829444448518,4,0.9638198614120483,0.1820015309575846,4,22.0,19.165942015286735,4,1.0154108703136444,0.26010571453439385,4,179761.0,0.0,4,179761.0,0.0,4
random_all_per_seed,all_rows,0.15,0.15,False,False,B2_with_RC,,0.0005,1e-05,random,branched_only,1,134,SKNSH,0.2722689248621464,0.032361014180859085,4,0.35100024938583374,0.04154593477570554,4,0.3694889650615133,0.028026733710222088,4,0.329153803128142,0.06699415352047225,4,0.10445348938019747,0.062107550003526545,4,0.13711121865407597,0.020888627712185283,4,0.8888632953166962,0.061644003967780005,4,0.2894707918167114,0.004738095406578224,4,0.3761969432234764,0.007620341893351554,4,0.26928784307553383,0.040371836046837854,4,0.21620819560425927,0.042070736716876306,4,0.055964657135041784,0.033173282232828914,4,0.07373835628761789,0.021443386041502373,4,1.0573949813842773,0.27779196973684556,4,0.2832869738340378,0.014384961168276377,4,0.3703305721282959,0.016954903565742214,4,0.22121465729765066,0.02749775196680074,4,0.20237966139132904,0.030981544552184218,4,0.003246959642606212,0.05075777899550172,4,0.04950301937573779,0.012179566032813617,4,1.0092197060585022,0.17594287088843277,4,7.0,4.96655480858378,4,1.0573949813842773,0.27779196973684556,4,179761.0,0.0,4,179761.0,0.0,4
random_all_per_seed,all_rows,0.15,0.15,False,False,B2_with_RC,,0.0005,1e-05,random,branched_only,1,268,HepG2,0.2530222646892071,0.020804998065987634,4,0.3276313468813896,0.029973531823695644,4,0.47139246462325646,0.06352185136154995,4,0.41891344446552614,0.08213290171481893,4,0.216422789751724,0.06354656855210643,4,0.22523712490388725,0.062009755289204334,4,0.7806533724069595,0.06330937736403114,4,0.27898381650447845,0.00595426901509866,4,0.3645973727107048,0.007843443136052428,4,0.3432601268412059,0.06910985316273632,4,0.23823881557742851,0.045242244029004175,4,0.11286536972187947,0.04497884765704137,4,0.12140964353217201,0.046994578018409956,4,0.9799189269542694,0.15755925328984077,4,0.2747812047600746,0.012147679506478628,4,0.35948722064495087,0.016863201858915905,4,0.27300161505416454,0.03248494573258013,4,0.2184768079081055,0.022291627926146605,4,0.06136753802683717,0.029674163159269278,4,0.07532133559661876,0.01816261118385188,4,0.9463231265544891,0.10708130003740048,4,29.0,9.556847457887633,4,0.9799189269542694,0.15755925328984077,4,179761.0,0.0,4,179761.0,0.0,4
random_all_per_seed,all_rows,0.15,0.15,False,False,B2_with_RC,,0.0005,1e-05,random,branched_only,1,268,K562,0.25823749229311943,0.025296326919437975,4,0.33450473845005035,0.037067204351630384,4,0.4300386515886276,0.08006691341351485,4,0.38132201576816416,0.07805301990807673,4,0.1852853565626426,0.07153792298313794,4,0.18974127482784048,0.06969289212328227,4,0.811674639582634,0.07127098695251952,4,0.2783462926745415,0.00567614450453115,4,0.3650021478533745,0.009654551852490983,4,0.3413152676621963,0.058441353179013465,4,0.24317275328818114,0.032633626167470224,4,0.11130508296756547,0.03759194725222142,4,0.11905765576036233,0.038854073737013946,4,0.9824777543544769,0.1615863127056058,4,0.2738335430622101,0.012081120724434184,4,0.35810327529907227,0.01644655199378524,4,0.27485369858245157,0.03638027215306423,4,0.224961954522183,0.03391886488501808,4,0.06859457601808888,0.025402546944424047,4,0.07653719877590143,0.01965908065601916,4,0.9400754868984222,0.11703088369497729,4,24.0,15.448840301675292,4,0.9824777543544769,0.1615863127056058,4,179761.0,0.0,4,179761.0,0.0,4
random_all_per_seed,all_rows,0.15,0.15,False,False,B2_with_RC,,0.0005,1e-05,random,branched_only,1,268,SKNSH,0.2561209946870804,0.028019647634740026,4,0.3306981846690178,0.038676148386869655,4,0.45608500513897,0.07809564415715603,4,0.4049660411375947,0.06679393480611259,4,0.20461021807658364,0.06806697458066154,4,0.21258772913985513,0.06845084997781739,4,0.7924218624830246,0.06781300655250676,4,0.2813560366630554,0.003617708752227814,4,0.3670612871646881,0.005986701096396879,4,0.3218875782345698,0.08532709277229422,4,0.24310553788737174,0.062199670098038916,4,0.10044362043622873,0.052390501660286956,4,0.1090721475924451,0.05088748683308617,4,0.9925519526004791,0.15475836900380904,4,0.27503152191638947,0.012627934229314242,4,0.35973256826400757,0.017422607217443282,4,0.2644220035618175,0.0380409818394032,4,0.2233234196725289,0.02730260280875168,4,0.060293140479394325,0.024217126306157535,4,0.07100433319212518,0.019882099766250636,4,0.9482425451278687,0.11617549335564613,4,32.25,16.660832312142553,4,0.9925519526004791,0.15475836900380904,4,179761.0,0.0,4,179761.0,0.0,4
random_all_per_seed,all_rows,0.15,0.15,False,False,B2_with_RC,,0.0005,1e-05,random,branched_only,1,536,HepG2,0.25361065939068794,0.01066568900600495,4,0.32659662514925003,0.01388385100853008,4,0.49024499447145164,0.04833561825407034,4,0.4307456021784285,0.058676154609697995,4,0.23595243386815448,0.04615203905762468,4,0.24209240359831607,0.045853067211262186,4,0.7626221477985382,0.046065943610346785,4,0.27760106325149536,0.005992362645955811,4,0.36156972497701645,0.008796089978667989,4,0.3613638470412821,0.04959341257318735,4,0.2380429666697725,0.02538662055149476,4,0.127918614289034,0.03547832879770143,4,0.13242845987646593,0.03585017502983875,4,0.9393678456544876,0.10885933229477662,4,0.27328500151634216,0.01132578641769966,4,0.35761674493551254,0.014919861667365988,4,0.2886655562418856,0.033376329561788896,4,0.22550950260114205,0.03686268199312814,4,0.07081242810911226,0.027788348828787737,4,0.08416328789170006,0.01910111383468945,4,0.9173848181962967,0.10384433867202535,4,25.5,9.1104335791443,4,0.9393678456544876,0.10885933229477662,4,179761.0,0.0,4,179761.0,0.0,4
random_all_per_seed,all_rows,0.15,0.15,False,False,B2_with_RC,,0.0005,1e-05,random,branched_only,1,536,K562,0.25757721066474915,0.011369115967240571,4,0.332357220351696,0.015316745809296314,4,0.46275713528502055,0.032930268787502555,4,0.3962173136932546,0.04335942041846647,4,0.20954450582311016,0.03044411530675369,4,0.21495746820901168,0.030660253252586783,4,0.7889808416366577,0.03038734085353553,4,0.27695856243371964,0.005136564243881865,4,0.36204758286476135,0.009419806622862823,4,0.3607771679680042,0.05031951978973497,4,0.24977235128452258,0.033161218454501366,4,0.12569606208516715,0.034526206149874665,4,0.13205920548091563,0.03600590649383947,4,0.9417152553796768,0.10818801566171656,4,0.2726609706878662,0.012260544912792852,4,0.35631464421749115,0.01634556241255817,4,0.29248353497511326,0.040287686682161046,4,0.2305940765870677,0.042589407845968624,4,0.07774418612793307,0.030600934190364498,4,0.08676394150518828,0.022970828682702563,4,0.9112906605005264,0.1135614715958215,4,22.0,6.683312551921141,4,0.9417152553796768,0.10818801566171656,4,179761.0,0.0,4,179761.0,0.0,4
random_all_per_seed,all_rows,0.15,0.15,False,False,B2_with_RC,,0.0005,1e-05,random,branched_only,1,536,SKNSH,0.2567964307963848,0.01363323429084674,4,0.3304898589849472,0.017657636040612497,4,0.4708585626230464,0.0376924818321298,4,0.4108628715132085,0.030764875319585105,4,0.21866412318215686,0.034895852769748395,4,0.22277332838544034,0.035940764035080654,4,0.7798782289028168,0.0348307603754732,4,0.27884384989738464,0.00432579569083323,4,0.362848699092865,0.007740868722022808,4,0.35457339052209685,0.041561767664527474,4,0.2582376897918076,0.03323904408578152,4,0.12182724713545667,0.029500999745007146,4,0.12701782466488554,0.029353249695602032,4,0.9463540464639664,0.1118378455751901,4,0.2733623534440994,0.011774704242998098,4,0.35756537318229675,0.01526146255268369,4,0.2908597596950089,0.030744893363093807,4,0.22472259279809872,0.04720212695880593,4,0.07117047349347569,0.026207222511493808,4,0.08530833616076931,0.017627783241662243,4,0.917083278298378,0.10427372093011394,4,27.5,9.746794344808963,4,0.9463540464639664,0.1118378455751901,4,179761.0,0.0,4,179761.0,0.0,4
random_all_per_seed,all_rows,0.15,0.15,False,False,B2_with_RC,,0.0005,1e-05,random,branched_only,1,938,HepG2,0.2549297697842121,0.007184861498823734,4,0.33027712255716324,0.007084935104740245,4,0.460499450802748,0.057753651354653025,4,0.3875068792335462,0.07667015202222822,4,0.2099007245060292,0.05323382156466121,4,0.21456135737322868,0.05454551234042733,4,0.7892569601535797,0.05317702673597847,4,0.275992676615715,0.004186690456332075,4,0.3599071651697159,0.0057475928065524005,4,0.3713731860388779,0.05888758824549474,4,0.25647514857819687,0.05009996734876484,4,0.13555963460630635,0.03971625522469823,4,0.14051885434569522,0.043643352062075376,4,0.9377426356077194,0.07151298381908439,4,0.272668220102787,0.013047980320359297,4,0.35655007511377335,0.015939240315335678,4,0.29016211267893627,0.03256172177469604,4,0.21189576679684324,0.04900100663320567,4,0.07657485128142288,0.025790542868867394,4,0.08498925092800323,0.01921819321199708,4,0.9214153587818146,0.10414620935666338,4,22.0,10.16530045465127,4,0.9377426356077194,0.07151298381908439,4,179761.0,0.0,4,179761.0,0.0,4
random_all_per_seed,all_rows,0.15,0.15,False,False,B2_with_RC,,0.0005,1e-05,random,branched_only,1,938,K562,0.25878164172172546,0.0052773921347191105,4,0.3353737071156502,0.007592519157053196,4,0.4359496325404783,0.025210788711919303,4,0.36179220292205083,0.02738260690960425,4,0.18651975326316575,0.023316441507498304,4,0.19052877001278584,0.022519624386131427,4,0.8126130104064941,0.02329152135495913,4,0.275899738073349,0.004092427506098937,4,0.36066098511219025,0.006349023780231228,4,0.3681603287867782,0.0586529533730652,4,0.25201928318632927,0.052116700436337524,4,0.13201680431817955,0.03860682255594863,4,0.13812215439692582,0.04200062412411954,4,0.9411899894475937,0.06317618610249451,4,0.27097420394420624,0.012588502012176695,4,0.355288527905941,0.016593068593873238,4,0.29468923617007065,0.04627270508753631,4,0.2199976751314795,0.04892506037648837,4,0.08305956501668915,0.03234445808614248,4,0.08844761834158826,0.0271437882211514,4,0.915646567940712,0.11446227383812892,4,17.75,5.123475382979799,4,0.9411899894475937,0.06317618610249451,4,179761.0,0.0,4,179761.0,0.0,4
random_all_per_seed,all_rows,0.15,0.15,False,False,B2_with_RC,,0.0005,1e-05,random,branched_only,1,938,SKNSH,0.2583192214369774,0.0027245251095102114,4,0.33498597890138626,0.004662462543882709,4,0.4371322141432587,0.04895151725584073,4,0.3774456022610755,0.04433505716613549,4,0.18773301969175063,0.04007218627996642,4,0.19288176092302445,0.04076253881815737,4,0.8114010542631149,0.04002941465433696,4,0.27707402408123016,0.005725357365633299,4,0.36188802868127823,0.0066876218426224834,4,0.3587809672764159,0.06618417389440015,4,0.2554753277434787,0.05553636803508882,4,0.12596674760645402,0.04315212293498147,4,0.13200904113536377,0.04752011027832066,4,0.9483188390731812,0.077553948263722,4,0.271711103618145,0.011463727196707603,4,0.3557412400841713,0.015512243902697578,4,0.29241650177068773,0.03824004841212676,4,0.22023738017770936,0.03920554508357352,4,0.08072817419385139,0.02329358509252016,4,0.08660413648472798,0.021856112368089018,4,0.9178125411272049,0.1105621367114881,4,21.25,7.455423082115014,4,0.9483188390731812,0.077553948263722,4,179761.0,0.0,4,179761.0,0.0,4
random_all_per_seed,all_rows,0.15,0.15,False,False,B2_with_RC,,0.0005,1e-05,random,branched_only,1,1340,HepG2,0.2606203556060791,0.007066405138408343,4,0.3397384360432625,0.011181502201801497,4,0.43637565846230153,0.015227717112860088,4,0.3638457014181208,0.017329636933613838,4,0.18709028812072925,0.014051438800216169,4,0.19059762782475922,0.013362776246637635,4,0.8123030960559845,0.014040915263902094,4,0.27457045018672943,0.006491952167540713,4,0.3587580621242523,0.007923079137917411,4,0.3795441449445113,0.05924827120759064,4,0.25454507720435865,0.04094763301868154,4,0.14116199482619232,0.041024411810273505,4,0.14668652619247635,0.044449122694256354,4,0.908692792057991,0.07796098937266734,4,0.2698994427919388,0.011176507070779544,4,0.3535923659801483,0.015630947391929276,4,0.30836667954792785,0.036812405775865524,4,0.2235974571756403,0.04819299537034986,4,0.09176114041931874,0.02688993456330549,4,0.09610637396966966,0.02272411687248193,4,0.882665753364563,0.09209545630471147,4,20.25,4.924428900898052,4,0.908692792057991,0.07796098937266734,4,179761.0,0.0,4,179761.0,0.0,4
random_all_per_seed,all_rows,0.15,0.15,False,False,B2_with_RC,,0.0005,1e-05,random,branched_only,1,1340,K562,0.2622695416212082,0.006918440777074338,4,0.3419118598103523,0.011499886380603794,4,0.4248905141924815,0.03144954306054734,4,0.35386609510582967,0.02875274999454703,4,0.17649659227427422,0.02492863006762544,4,0.18127375436978924,0.026411207620966874,4,0.8228888660669327,0.0249100055992418,4,0.2739114612340927,0.00642775608256913,4,0.35851674526929855,0.007906517909199972,4,0.3804492009783822,0.059748002119799436,4,0.2586012984384606,0.047774467476829834,4,0.14222336862925955,0.04348168881116434,4,0.14741896234307011,0.04499538113684169,4,0.9073930233716965,0.0768059199581004,4,0.27032528817653656,0.011944072602801052,4,0.35389863699674606,0.01647420927496274,4,0.3058173812506245,0.043605483966142236,4,0.22467349253796504,0.04244197119584751,4,0.09024170259240039,0.030869587768656007,4,0.09495034934893094,0.026529455240051306,4,0.8843980729579926,0.09676422138577549,4,19.0,7.0710678118654755,4,0.9073930233716965,0.0768059199581004,4,179761.0,0.0,4,179761.0,0.0,4
random_all_per_seed,all_rows,0.15,0.15,False,False,B2_with_RC,,0.0005,1e-05,random,branched_only,1,1340,SKNSH,0.2629787400364876,0.009402499215043568,4,0.3423498049378395,0.014296681406831732,4,0.423214855484614,0.024844652060612947,4,0.3572555388944303,0.019938536609706667,4,0.17485010150421135,0.02044471531006233,4,0.17957375645487242,0.020944222607196496,4,0.824534147977829,0.020429516426191705,4,0.2742653116583824,0.007841050035993584,4,0.35869018733501434,0.008247795907982388,4,0.38008925184618225,0.06501435348165809,4,0.26968359387043267,0.05292299799585545,4,0.14129356653726236,0.04669416929951043,4,0.14763798898796907,0.049383267451877474,4,0.9085804671049118,0.0821061002738571,4,0.26988744735717773,0.010112553952650321,4,0.3532673120498657,0.015331560515897407,4,0.3092240157996523,0.03473481472748634,4,0.2264484088445105,0.0359089981129517,4,0.09347254904443877,0.021971815784891484,4,0.09652437246287823,0.020977721118193394,4,0.8810587227344513,0.09190026432051987,4,21.5,7.724420150837646,4,0.9085804671049118,0.0821061002738571,4,179761.0,0.0,4,179761.0,0.0,4
random_all_per_seed,all_rows,0.15,0.15,False,False,B2_with_RC,,0.0005,1e-05,random,branched_only,1,2011,HepG2,0.2591421827673912,0.003949744411353223,4,0.3366534188389778,0.004216068235435719,4,0.4448700268734853,0.02334909685652023,4,0.3575834371116538,0.019487915682386305,4,0.19581517436690246,0.021645172754091814,4,0.19831822605342694,0.02121165549023107,4,0.8037848919630051,0.021634417726161592,4,0.2734615132212639,0.006433211603773784,4,0.35682447254657745,0.007585451009509226,4,0.3893831798057388,0.04852147955480775,4,0.26226118207313087,0.04255986166431512,4,0.15054363566625042,0.03555350481260412,4,0.153385011199269,0.03775101760430394,4,0.9042778164148331,0.0645074780010889,4,0.27028895914554596,0.01117554656399219,4,0.3538229241967201,0.015429667165629452,4,0.31393205967018384,0.028831262048386937,4,0.23385262146224386,0.042084760998040385,4,0.09061458127624394,0.023284224599628908,4,0.09917676934224094,0.018092135001961752,4,0.8902989476919174,0.09532927624583305,4,21.75,6.2915286960589585,4,0.9042778164148331,0.0645074780010889,4,179761.0,0.0,4,179761.0,0.0,4
random_all_per_seed,all_rows,0.15,0.15,False,False,B2_with_RC,,0.0005,1e-05,random,branched_only,1,2011,K562,0.25977688282728195,0.003094478435445097,4,0.33751149475574493,0.003857126401555319,4,0.4434059058233947,0.030500476857440655,4,0.3649568808453292,0.025599036809960056,4,0.1916660668553448,0.02328459774397117,4,0.19730650663546362,0.026980682202711485,4,0.8079319894313812,0.023273039210005102,4,0.27284207195043564,0.006214562524391092,4,0.35673941671848297,0.0077832839979943376,4,0.38851674553850823,0.050819010134849484,4,0.26435098248937955,0.03730046790358832,4,0.15086228477474387,0.03857624922723277,4,0.15288219040714843,0.03941219301230545,4,0.9037924259901047,0.0638455876150169,4,0.26955243200063705,0.01140124268726384,4,0.3536933735013008,0.015852777907802127,4,0.31160679821215015,0.03412325324906985,4,0.2333129107931448,0.039881827364993704,4,0.09131065694810064,0.025566458146420907,4,0.09797209400125279,0.021297577346760955,4,0.8897282630205154,0.0969703153450262,4,23.25,9.7082439194738,4,0.9037924259901047,0.0638455876150169,4,179761.0,0.0,4,179761.0,0.0,4
random_all_per_seed,all_rows,0.15,0.15,False,False,B2_with_RC,,0.0005,1e-05,random,branched_only,1,2011,SKNSH,0.2605455741286278,0.005545657325918878,4,0.33906520158052444,0.006471474827743202,4,0.4338417175009014,0.029395304882388,4,0.3563743023432928,0.027366166298373594,4,0.18429261938981198,0.025859427159709788,4,0.18886669880597834,0.025993841528082977,4,0.8153017312288284,0.02584659227899622,4,0.2731368616223335,0.006913102426253701,4,0.3570869192481041,0.007935634479502561,4,0.3894396286372732,0.05229944093771183,4,0.27803231722153093,0.04589578771029955,4,0.1492778460738056,0.03694116072513603,4,0.15371464799493517,0.040730471158913054,4,0.9057206064462662,0.06721964806894097,4,0.26969214528799057,0.011057935825852381,4,0.352953165769577,0.01564428347531725,4,0.3178654475546696,0.033743784578025016,4,0.23686259508416863,0.04617754834491411,4,0.09514213509610786,0.022135908621729847,4,0.10189242499736653,0.021564086374832623,4,0.8859507292509079,0.09564989165000523,4,23.5,7.852812659593164,4,0.9057206064462662,0.06721964806894097,4,179761.0,0.0,4,179761.0,0.0,4
random_all_per_seed,all_rows,0.15,0.15,False,False,B2_with_RC,,0.0005,1e-05,random,branched_only,1,2681,HepG2,0.2623625472187996,0.005191703384174139,4,0.3419916555285454,0.007136172897529151,4,0.4317641634745159,0.04689010543018474,4,0.34206444484176385,0.0398073654739806,4,0.18309762993301368,0.040436991043091446,4,0.18806930435128888,0.04171707281894346,4,0.8165976852178574,0.0404218656758915,4,0.2726256400346756,0.006694080045238054,4,0.3563842102885246,0.008872900036544451,4,0.39680656628230293,0.04320410466729405,4,0.28458246591762154,0.026448502527230973,4,0.15282805495464324,0.032703590676059345,4,0.15885539703982854,0.03428696680263923,4,0.8871688991785049,0.05639104940014376,4,0.2690773904323578,0.011473765024551955,4,0.351865254342556,0.015815120960192337,4,0.3210458829763593,0.042367308184679105,4,0.23959139198064083,0.03753827288762875,4,0.10062591572611379,0.027813035035152676,4,0.10441670057818185,0.02682414293765002,4,0.8658684939146042,0.08543528084780695,4,18.75,14.660036380127666,4,0.8871688991785049,0.05639104940014376,4,179761.0,0.0,4,179761.0,0.0,4
random_all_per_seed,all_rows,0.15,0.15,False,False,B2_with_RC,,0.0005,1e-05,random,branched_only,1,2681,K562,0.26326117664575577,0.0016444425045984243,4,0.34340813010931015,0.001790663039687032,4,0.423352106968036,0.012728438039842442,4,0.3360547797406877,0.010007295745462217,4,0.17676428395368263,0.012256579654363815,4,0.17934851632547594,0.010828804944889744,4,0.8229286372661591,0.012252000496322257,4,0.2724282741546631,0.006763423888400326,4,0.3562993034720421,0.008806742612147436,4,0.39534410792635266,0.04860848201168956,4,0.2718100864604048,0.04278321871962632,4,0.1531331214965914,0.0356128059190146,4,0.15806905206469413,0.03846726898943897,4,0.8867676258087158,0.05684008883621773,4,0.26857275515794754,0.012260717393532532,4,0.351639986038208,0.016641603109155183,4,0.32316569096112724,0.042193652795028014,4,0.2430480731052169,0.04690818617468184,4,0.10189486142087739,0.02924220524778815,4,0.10577129206652333,0.027032169846703178,4,0.8649161905050278,0.08900658866304195,4,15.5,5.5677643628300215,4,0.8867676258087158,0.05684008883621773,4,179761.0,0.0,4,179761.0,0.0,4
random_all_per_seed,all_rows,0.15,0.15,False,False,B2_with_RC,,0.0005,1e-05,random,branched_only,1,2681,SKNSH,0.26095712929964066,0.0034171413541043355,4,0.3403756693005562,0.003960824942908276,4,0.4398399666583693,0.022117576088690517,4,0.3551841952834911,0.018351616088215165,4,0.19117981947074245,0.02021959011439322,4,0.19382608664906464,0.019938916571928447,4,0.8085184991359711,0.020212023089890525,4,0.27270369976758957,0.0065106586593693385,4,0.35684481263160706,0.008628138315141932,4,0.3917935861606322,0.047612309751912024,4,0.2787361781785249,0.03566445588261225,4,0.15056167623469757,0.0344750224317729,4,0.1552024131865427,0.03729364414243177,4,0.8894480913877487,0.05582017014895591,4,0.26868998259305954,0.011971173697121636,4,0.3510766923427582,0.016338072212445893,4,0.32817927602428554,0.03537481206430427,4,0.2418355547458981,0.039980567044758726,4,0.10481901500254764,0.024776425951248765,4,0.10864017020826285,0.02333486094116383,4,0.8620556592941284,0.08681659220531755,4,24.25,8.73212459828649,4,0.8894480913877487,0.05582017014895591,4,179761.0,0.0,4,179761.0,0.0,4
random_all_per_seed,all_rows,0.15,0.15,False,False,B2_with_RC,,0.0005,1e-05,random,conv3_plus,1,134,HepG2,0.2715986967086792,0.02946936069550108,4,0.3491354212164879,0.03711219269561812,4,0.36967642272998447,0.09067787406454576,4,0.33359711905718614,0.10329397590240853,4,0.11041934907156198,0.08795799687659704,4,0.14282751515608738,0.07240722383007048,4,0.8829420059919357,0.08730163179961097,4,0.28573454171419144,0.006814172788128558,4,0.3712437152862549,0.007808821928388288,4,0.29399465726521007,0.040204038705807445,4,0.22153857600148827,0.042927227219423505,4,0.08083290208249513,0.02573227123153122,4,0.08764513204668187,0.02317043763848856,4,1.0306142568588257,0.27292650215073666,4,0.277774915099144,0.01091861255280773,4,0.3662485405802727,0.014387226243571881,4,0.22630969086275615,0.014925683793436296,4,0.20323314812922508,0.013204962803926771,4,0.025468272914743045,0.018126507112691058,4,0.051383158205922486,0.006864158639230931,4,0.9888442158699036,0.1844536192982633,4,6.25,4.031128874149275,4,1.0306142568588257,0.27292650215073666,4,179761.0,0.0,4,3063361.0,0.0,4
random_all_per_seed,all_rows,0.15,0.15,False,False,B2_with_RC,,0.0005,1e-05,random,conv3_plus,1,134,K562,0.26494237408041954,0.03633193183866179,4,0.3416566848754883,0.04748769247778639,4,0.4258945345180554,0.06342117392029718,4,0.3898998392848318,0.061256873452230666,4,0.1534857197717529,0.08943150936107305,4,0.18440283850842254,0.052903232925860445,4,0.8401970118284225,0.0887641506343979,4,0.2821088880300522,0.009801582567787837,4,0.36854374408721924,0.013089485788503528,4,0.31748103246437187,0.04149463587762384,4,0.24294750850839214,0.032668628214121635,4,0.09457697804068196,0.030206533053496305,4,0.10208555957960598,0.027675896104135747,4,1.0137275755405426,0.2560291311708694,4,0.27500709891319275,0.012545068763700972,4,0.36099597811698914,0.016983288371722423,4,0.27160592565265756,0.04180766198039024,4,0.2346665961688864,0.03531016133305343,4,0.053203866594125154,0.03965257787585462,4,0.07508068929983688,0.02180390635727887,4,0.9611955881118774,0.18305432359950874,4,16.5,12.288205727444508,4,1.0137275755405426,0.2560291311708694,4,179761.0,0.0,4,3063361.0,0.0,4
random_all_per_seed,all_rows,0.15,0.15,False,False,B2_with_RC,,0.0005,1e-05,random,conv3_plus,1,134,SKNSH,0.2632145471870899,0.037098376561975566,4,0.3406065106391907,0.04807719622906477,4,0.4289151310481102,0.05856841677415361,4,0.3867904012971494,0.05702548456105782,4,0.15936970828092464,0.0841729855391352,4,0.18654088422459078,0.0492406469289142,4,0.8343569487333298,0.08354491752832348,4,0.28851788491010666,0.005652827848205663,4,0.3751225769519806,0.007529352266167,4,0.2814199631223213,0.042954019944644005,4,0.22190776024389916,0.041528428386097514,4,0.06113397915386104,0.040280126013833545,4,0.08058098151582235,0.022995314916637945,4,1.0489415973424911,0.26191337129439207,4,0.2828964963555336,0.014342939276128217,4,0.36936154961586,0.017715533325320824,4,0.22782884757520921,0.031827368009645356,4,0.20584146164291917,0.03453454652077659,4,0.008616026681251832,0.050331453957543744,4,0.05266571980326397,0.014338617212449473,4,1.0032202005386353,0.17084164297510207,4,12.75,10.996211468804457,4,1.0489415973424911,0.26191337129439207,4,179761.0,0.0,4,3063361.0,0.0,4
random_all_per_seed,all_rows,0.15,0.15,False,False,B2_with_RC,,0.0005,1e-05,random,conv3_plus,1,268,HepG2,0.24637697264552116,0.01558489791211699,4,0.32045599073171616,0.024731138485955692,4,0.5064059330201417,0.03988761892532332,4,0.4306555717036521,0.06787567487965282,4,0.2504005797007819,0.037620322930933064,4,0.25764023560564914,0.03939176317883945,4,0.7468023896217346,0.037479906569219276,4,0.2791922613978386,0.006091287962615008,4,0.36497798562049866,0.008586688624500554,4,0.3449570426938902,0.05576018610310662,4,0.24754770432806342,0.05277564429963171,4,0.11118909179933253,0.0417752205144894,4,0.1213272600698042,0.03846624208423421,4,0.9823736548423767,0.1610973109034098,4,0.27518876641988754,0.010781485811611544,4,0.3611154556274414,0.016211045887825723,4,0.2686035406547931,0.024233038833438202,4,0.22613257679206608,0.02091140649504453,4,0.052919599363528774,0.018125913778214937,4,0.0725882921806183,0.012550265978356786,4,0.955985888838768,0.11894561623757123,4,18.25,4.7169905660283025,4,0.9823736548423767,0.1610973109034098,4,179761.0,0.0,4,3063361.0,0.0,4
random_all_per_seed,all_rows,0.15,0.15,False,False,B2_with_RC,,0.0005,1e-05,random,conv3_plus,1,268,K562,0.2535083517432213,0.02622046645570799,4,0.3288519009947777,0.03786611127063854,4,0.4569781831204288,0.09690116095633404,4,0.39131046125920144,0.09171623355623704,4,0.2116477676934112,0.08998076253228074,4,0.21587143609406217,0.08838311628631162,4,0.7854105979204178,0.08964502408637053,4,0.2789049819111824,0.006792583347725566,4,0.36486639827489853,0.010138998304711093,4,0.34304038356474176,0.05768290852251628,4,0.24541047872806732,0.03317175445508564,4,0.11197450370064824,0.038684280001504034,4,0.12017219320795786,0.03912003650049415,4,0.9816087633371353,0.1604300026793267,4,0.2748037278652191,0.012500060283265727,4,0.3586846888065338,0.016518188208688046,4,0.2786521994632137,0.03986338886571873,4,0.2280095073871236,0.031774328810304606,4,0.06546657895308117,0.030506218193412152,4,0.07883886559458127,0.0212621586080095,4,0.9432158172130585,0.11802783121345098,4,14.75,8.341662504161466,4,0.9816087633371353,0.1604300026793267,4,179761.0,0.0,4,3063361.0,0.0,4
random_all_per_seed,all_rows,0.15,0.15,False,False,B2_with_RC,,0.0005,1e-05,random,conv3_plus,1,268,SKNSH,0.24933432787656784,0.028348760979084266,4,0.32357455790042877,0.038156150572527144,4,0.49132715811153305,0.07312507109466602,4,0.4361787170590501,0.058406392306492735,4,0.2380955724568788,0.07185777589465668,4,0.24541283331490538,0.07017183048143608,4,0.7590614855289459,0.07158964852695068,4,0.28247424215078354,0.003333110665783452,4,0.367512084543705,0.006055380619955804,4,0.32266695632355546,0.07571880768172738,4,0.24732576167788334,0.0597413192298978,4,0.09844482042330008,0.04738697447261829,4,0.10841396808066406,0.045800800788924394,4,0.9955820739269257,0.15999953817738474,4,0.27626051008701324,0.012684995997071579,4,0.3608488589525223,0.016771121781925087,4,0.2685051030400596,0.030426146705764223,4,0.22301093516077966,0.035696430019455966,4,0.05428937725858887,0.02608666475560338,4,0.07278930316107354,0.016097043166159675,4,0.9543481320142746,0.11718615914689999,4,18.75,7.88986691902975,4,0.9955820739269257,0.15999953817738474,4,179761.0,0.0,4,3063361.0,0.0,4
random_all_per_seed,all_rows,0.15,0.15,False,False,B2_with_RC,,0.0005,1e-05,random,conv3_plus,1,536,HepG2,0.24966903403401375,0.011377688916434398,4,0.3229049891233444,0.015035426364743512,4,0.5085998616912166,0.018321814499968305,4,0.4327996998920793,0.027786373732383733,4,0.2541136048203331,0.0197067206058254,4,0.2589255859772532,0.018827811904690725,4,0.7444949001073837,0.01966999458100652,4,0.27800921350717545,0.006137476460043871,4,0.362151637673378,0.009550816125942097,4,0.3619323691912925,0.0528928487608014,4,0.24503396674650535,0.04058342985873382,4,0.1250617266510324,0.039022653051476244,4,0.13309327995594683,0.038239803651172945,4,0.9421153664588928,0.1071244404335513,4,0.27289947122335434,0.010882685713056676,4,0.3577006980776787,0.014963138286942838,4,0.29221246185557154,0.02503930017071132,4,0.2321521388003422,0.025459839365163453,4,0.07052669210156329,0.020066850133740766,4,0.0858583477784731,0.014520160969823056,4,0.9176803231239319,0.10279439040699209,4,14.0,0.816496580927726,4,0.9421153664588928,0.1071244404335513,4,179761.0,0.0,4,3063361.0,0.0,4
random_all_per_seed,all_rows,0.15,0.15,False,False,B2_with_RC,,0.0005,1e-05,random,conv3_plus,1,536,K562,0.2512316666543484,0.0077506954217844365,4,0.3250443562865257,0.011386344226814936,4,0.49753718276401254,0.024027205886997582,4,0.415749486195052,0.04982809161355077,4,0.24363756236352666,0.022326636042446453,4,0.24797622819980256,0.02396091024689443,4,0.7549513578414917,0.02228497271620833,4,0.2776588574051857,0.005439370513638066,4,0.3626447096467018,0.009796231905302911,4,0.3617700395032364,0.04670393342702958,4,0.24693303363068803,0.03609940459950304,4,0.12280804580801294,0.035766412378407914,4,0.13251350453034055,0.033595147377580084,4,0.9447132796049118,0.10778248178491401,4,0.272428035736084,0.012639001948810753,4,0.3562646210193634,0.01686570722937845,4,0.3001364405287374,0.03949849479230795,4,0.23780272292807492,0.03994237050803231,4,0.07809123881760771,0.030994041631579188,4,0.0912519812514038,0.02325723313324266,4,0.910939410328865,0.11367141529932542,4,13.25,1.892969448600091,4,0.9447132796049118,0.10778248178491401,4,179761.0,0.0,4,3063361.0,0.0,4
random_all_per_seed,all_rows,0.15,0.15,False,False,B2_with_RC,,0.0005,1e-05,random,conv3_plus,1,536,SKNSH,0.2524798661470413,0.014012370885563485,4,0.32566744834184647,0.018305289305768045,4,0.49697348557358084,0.023660071204521946,4,0.42829840459472307,0.02441711149738905,4,0.24168754297667178,0.02648788499677747,4,0.24740249459020644,0.02371793052191962,4,0.7568977624177933,0.026438521180802987,4,0.2797382175922394,0.0050613078297400416,4,0.3637615516781807,0.008355818375336933,4,0.3512769129971933,0.04638019352361448,4,0.25648051637610914,0.04478351460610321,4,0.11741508533239012,0.030954305983778768,4,0.1250088113683037,0.03206726721069864,4,0.9507081657648087,0.10852570772738784,4,0.2738700732588768,0.011537831595339193,4,0.35793568938970566,0.015135157484515344,4,0.2887665153624144,0.027352323099595375,4,0.22649258432412622,0.043839847258190845,4,0.06930316382927101,0.021852778254239983,4,0.08394721257875999,0.015523661853342346,4,0.9189496487379074,0.10402678574982577,4,14.0,1.414213562373095,4,0.9507081657648087,0.10852570772738784,4,179761.0,0.0,4,3063361.0,0.0,4
random_all_per_seed,all_rows,0.15,0.15,False,False,B2_with_RC,,0.0005,1e-05,random,conv3_plus,1,938,HepG2,0.24705712124705315,0.008819645654646891,4,0.3207535967230797,0.011918531098464314,4,0.5073269827847556,0.05132796014902542,4,0.42883972177387175,0.04947942895385611,4,0.25509146037926234,0.053764545851738316,4,0.2593565870812787,0.05383525706470873,4,0.7441143691539764,0.05370718374680018,4,0.2773785963654518,0.004436870067003271,4,0.36053718626499176,0.0061644254838802886,4,0.36642408930145964,0.06486175476109264,4,0.24074497093714842,0.0577619531137051,4,0.13242401270543264,0.04358085449485911,4,0.13742189864342014,0.04661022575289158,4,0.9406479001045227,0.06527230651061579,4,0.2723572179675102,0.013278429272389064,4,0.3569481372833252,0.01642985366333204,4,0.30080387349372006,0.03687400981022716,4,0.21772209648504917,0.05692275426072506,4,0.07403947201892647,0.04583612255379664,4,0.0915027397584395,0.022128291007742554,4,0.923161655664444,0.10128579350423551,4,13.75,4.272001872658765,4,0.9406479001045227,0.06527230651061579,4,179761.0,0.0,4,3063361.0,0.0,4
random_all_per_seed,all_rows,0.15,0.15,False,False,B2_with_RC,,0.0005,1e-05,random,conv3_plus,1,938,K562,0.2515070289373398,0.006894541480064843,4,0.32646768540143967,0.009693728365087233,4,0.4805694168578385,0.03957539840482877,4,0.3994797199018403,0.033976843730632866,4,0.22884520928673946,0.038843892366513554,4,0.23212162353825866,0.039375292867474716,4,0.7703326791524887,0.03880243335854471,4,0.27615606039762497,0.0037311372704130837,4,0.36007358878850937,0.006813036603283936,4,0.36939555456511797,0.055854900275264345,4,0.2498177451686819,0.051041200294021906,4,0.13489042207490085,0.03798292746193083,4,0.1387929031460408,0.03960419600522019,4,0.9378773421049118,0.058280008292505375,4,0.27137093991041183,0.013364092011421786,4,0.3557451590895653,0.017090650670879833,4,0.30238939589740094,0.04250210591668045,4,0.22318276725561348,0.0521404133173312,4,0.08064054260217829,0.03787518670142326,4,0.09279416850670963,0.025746799684005076,4,0.9178809970617294,0.1141359521876543,4,12.0,3.366501646120693,4,0.9378773421049118,0.058280008292505375,4,179761.0,0.0,4,3063361.0,0.0,4
random_all_per_seed,all_rows,0.15,0.15,False,False,B2_with_RC,,0.0005,1e-05,random,conv3_plus,1,938,SKNSH,0.25013625249266624,0.003891639686995869,4,0.3249933496117592,0.004304520277896955,4,0.486342186674096,0.06019483653497089,4,0.41582720889055147,0.07014214278771545,4,0.23476621654778274,0.053948482583108394,4,0.23924628629804512,0.05569996788234935,4,0.7644179910421371,0.05389097071007204,4,0.2782854437828064,0.004458936899544649,4,0.3622630015015602,0.006281245285091524,4,0.35655649183791055,0.06285291348991276,4,0.25269363802925704,0.05936713080417863,4,0.12417224892086409,0.0420574353958345,4,0.13009539842238582,0.044543739213796736,4,0.9500220119953156,0.07253261065407707,4,0.27247222512960434,0.012010683415679612,4,0.3560546115040779,0.0156221705435227,4,0.2951703326228275,0.03549589536481175,4,0.2156203721580927,0.04717816752922929,4,0.07912462170519827,0.023417770915731606,4,0.08807049420148289,0.02046304283771538,4,0.9193634390830994,0.11005752463005306,4,12.75,3.304037933599835,4,0.9500220119953156,0.07253261065407707,4,179761.0,0.0,4,3063361.0,0.0,4
random_all_per_seed,all_rows,0.15,0.15,False,False,B2_with_RC,,0.0005,1e-05,random,conv3_plus,1,1340,HepG2,0.25350167974829674,0.007715405035187118,4,0.3307868391275406,0.011744550545067765,4,0.48422092317460935,0.01606108316965273,4,0.40799410436112465,0.026238763081792627,4,0.22946168194737374,0.014489745061010303,4,0.2346633712345078,0.015324953906058213,4,0.7699633240699768,0.014478972934049974,4,0.2747558578848839,0.006160721389031373,4,0.3579363524913788,0.0073844797206584845,4,0.3818473864633257,0.05683497216899728,4,0.2616617480442854,0.0498414341931927,4,0.14499641445453568,0.042463353539280414,4,0.14823008709496047,0.04255944489082879,4,0.904317706823349,0.07366472148236702,4,0.26942770928144455,0.011185798512575744,4,0.3536513075232506,0.015300019755207516,4,0.31685644761619153,0.03219837822463958,4,0.23646678146006883,0.03724254866086457,4,0.09134292141936565,0.029611138773528754,4,0.10117556006617504,0.020417697922256048,4,0.8828641772270203,0.08979735285578475,4,12.5,1.9148542155126762,4,0.904317706823349,0.07366472148236702,4,179761.0,0.0,4,3063361.0,0.0,4
random_all_per_seed,all_rows,0.15,0.15,False,False,B2_with_RC,,0.0005,1e-05,random,conv3_plus,1,1340,K562,0.25748076289892197,0.006924052145821212,4,0.33614281564950943,0.011202474665218893,4,0.455235229911379,0.014648057414171425,4,0.36898298015116593,0.013114340589149266,4,0.20423020094445257,0.013146838642784415,4,0.20740003874197274,0.013368018130263677,4,0.7951759248971939,0.013137061797466232,4,0.27427276223897934,0.005419676400848819,4,0.35853054374456406,0.00816804781693147,4,0.38105249531849855,0.05650437702244881,4,0.2622597015817736,0.04509879002382141,4,0.14222904624617622,0.04221676208899429,4,0.14759556265547563,0.04166423630511622,4,0.9071845412254333,0.07272648136666625,4,0.26996343582868576,0.011751964940300043,4,0.35331717133522034,0.016060773635985414,4,0.31402109405586615,0.036712188563558804,4,0.23692002607916457,0.045873118162378206,4,0.09321702838901699,0.02840438924009343,4,0.09962008610388787,0.023103268837198463,4,0.8813603818416595,0.09382878515795202,4,10.75,1.8929694486000912,4,0.9071845412254333,0.07272648136666625,4,179761.0,0.0,4,3063361.0,0.0,4
random_all_per_seed,all_rows,0.15,0.15,False,False,B2_with_RC,,0.0005,1e-05,random,conv3_plus,1,1340,SKNSH,0.2545025907456875,0.008734783802740764,4,0.33181292563676834,0.013123183861055019,4,0.4789208877632589,0.032358844917949076,4,0.40468921370721356,0.034326068957037686,4,0.2243324343310429,0.03518041201502538,4,0.23015053786926593,0.031380139351093815,4,0.7750887274742126,0.035154162685388395,4,0.2760278806090355,0.006238638059418059,4,0.35963617265224457,0.008270223497913065,4,0.373826528776584,0.05242322548266535,4,0.26689383569004976,0.04097682178464479,4,0.13710750398945507,0.03744031577522914,4,0.14180741954465498,0.038926710777782265,4,0.9132877588272095,0.08064580909756563,4,0.27134454995393753,0.011509411250349834,4,0.354801669716835,0.014981676684198508,4,0.31045648517504193,0.03535918086488816,4,0.22412490619870878,0.04834017661561406,4,0.08530476014737554,0.03179476427628748,4,0.09732093294081794,0.02182425809239678,4,0.8888251334428787,0.09249142792988754,4,13.0,2.449489742783178,4,0.9132877588272095,0.08064580909756563,4,179761.0,0.0,4,3063361.0,0.0,4
random_all_per_seed,all_rows,0.15,0.15,False,False,B2_with_RC,,0.0005,1e-05,random,conv3_plus,1,2011,HepG2,0.25573236122727394,0.006663189130958121,4,0.333009697496891,0.0066668841966585355,4,0.46327624357434155,0.05541620592640301,4,0.3699669137518151,0.05421719319978085,4,0.21215319936942195,0.05237729238419587,4,0.21692809476981076,0.052936981483455034,4,0.7874550223350525,0.05235130598295679,4,0.27374640852212906,0.0051370184210206785,4,0.35731014609336853,0.007899225134967687,4,0.3891965917983029,0.05061550004288706,4,0.26253741512679796,0.051398057101981844,4,0.14820383863575526,0.03711810794350184,4,0.15339543370085845,0.03906432895318815,4,0.906628891825676,0.0630715453138719,4,0.26897189021110535,0.011828407575308661,4,0.3525453433394432,0.015936574811015222,4,0.31978700400696036,0.031645645916039175,4,0.2404415667726943,0.04282606863242516,4,0.09728350425616752,0.02229189061163289,4,0.10301481311083016,0.02043128074473621,4,0.8839227259159088,0.096135335477062,4,9.5,4.43471156521669,4,0.906628891825676,0.0630715453138719,4,179761.0,0.0,4,3063361.0,0.0,4
random_all_per_seed,all_rows,0.15,0.15,False,False,B2_with_RC,,0.0005,1e-05,random,conv3_plus,1,2011,K562,0.2546197213232517,0.0038542480850939868,4,0.33146992325782776,0.0061743694647852345,4,0.47417859582760735,0.04184046032302091,4,0.3861475350733633,0.044732245718974724,4,0.22005558315498316,0.03720657251779786,4,0.2261583088310731,0.03954194376283887,4,0.7795565873384476,0.03718808258839018,4,0.27339713275432587,0.0057354577578299735,4,0.35726239532232285,0.007831278166989857,4,0.38594110712734325,0.05085074153711461,4,0.26319077067262026,0.04839031180794797,4,0.14837815230047688,0.03855445782304247,4,0.15088988660683528,0.03889521832155051,4,0.9063528627157211,0.06232561908438305,4,0.27009890228509903,0.012083979432337473,4,0.3535381257534027,0.016153200854643796,4,0.31447594912428967,0.0387059411027932,4,0.2287769074499262,0.04796292469873695,4,0.09205794087770625,0.030289382622877854,4,0.10001873498511249,0.02446151395800739,4,0.8890268206596375,0.09824821002816403,4,10.5,3.3166247903554,4,0.9063528627157211,0.06232561908438305,4,179761.0,0.0,4,3063361.0,0.0,4
random_all_per_seed,all_rows,0.15,0.15,False,False,B2_with_RC,,0.0005,1e-05,random,conv3_plus,1,2011,SKNSH,0.250358160585165,0.004424489186765487,4,0.32620853185653687,0.005240325264844253,4,0.4995476835790588,0.02297032890756651,4,0.41200352383923855,0.021340257895875004,4,0.24492339086235582,0.023815133739995782,4,0.2499436151767948,0.02305224440907273,4,0.7547011524438858,0.023803329520406678,4,0.27491140365600586,0.005531149840566736,4,0.3579804450273514,0.007055441037041561,4,0.3824842584823999,0.05004801117263418,4,0.27724893041658044,0.05176129490065528,4,0.1449425903011028,0.03728429004871735,4,0.1481728105535834,0.03823867781336316,4,0.9100464731454849,0.06225464361512283,4,0.27112504094839096,0.011774722696133243,4,0.3544391095638275,0.01568689059610054,4,0.3174064873224445,0.028251592273241647,4,0.2314437680525285,0.04562108159317342,4,0.08741044140235346,0.027286191945772895,4,0.10134549254385325,0.017970614714991603,4,0.8933436870574951,0.09482002301852299,4,13.5,1.2909944487358054,4,0.9100464731454849,0.06225464361512283,4,179761.0,0.0,4,3063361.0,0.0,4
random_all_per_seed,all_rows,0.15,0.15,False,False,B2_with_RC,,0.0005,1e-05,random,conv3_plus,1,2681,HepG2,0.26097428798675537,0.0031131748968570372,4,0.34026336669921875,0.004717699667539207,4,0.4413579262258396,0.02800388061411029,4,0.342405605585988,0.018045709521048277,4,0.1916046484115423,0.02697065650403385,4,0.19538498203946064,0.02451122463776589,4,0.8080938011407852,0.02696055658803532,4,0.27291080355644226,0.005910709690230188,4,0.3564588129520416,0.007739358319889197,4,0.3941049227195603,0.04659627632866504,4,0.2778041119196277,0.04011761709536093,4,0.1522759077867184,0.03608520766072552,4,0.1569470998375636,0.036554363595099025,4,0.8874049186706543,0.05132797067361392,4,0.26910753548145294,0.011746566078665583,4,0.3523162603378296,0.015938213328431906,4,0.3209582747045768,0.04057860277695318,4,0.24280923751255493,0.045145767739042324,4,0.09832760605749621,0.028500661976155518,4,0.10424918135383587,0.02590568796567039,4,0.8681266456842422,0.08608685009381542,4,7.25,2.8722813232690143,4,0.8874049186706543,0.05132797067361392,4,179761.0,0.0,4,3063361.0,0.0,4
random_all_per_seed,all_rows,0.15,0.15,False,False,B2_with_RC,,0.0005,1e-05,random,conv3_plus,1,2681,K562,0.25684135407209396,0.0065194985617528355,4,0.3350733444094658,0.008836308271931848,4,0.46774239291788394,0.032296535032353475,4,0.3717732507097631,0.04028352714748531,4,0.21623619929016147,0.030896275887379115,4,0.21956524576387015,0.03085847977893654,4,0.7834714353084564,0.030884712965365577,4,0.2732633575797081,0.006421930367881105,4,0.35664182156324387,0.008218099837079369,4,0.39308100001663965,0.045160783422508066,4,0.26944424669541506,0.04145723487923458,4,0.15150431082719823,0.03408735535402098,4,0.15604229484358245,0.0353478721652694,4,0.8883778005838394,0.053851666334172835,4,0.26960179954767227,0.012155603458822661,4,0.353122740983963,0.01621865297819684,4,0.32060612131316946,0.03948221508892558,4,0.23408088564092336,0.058497119069326434,4,0.09411209988841437,0.033786143392703305,4,0.10395741900472086,0.02543603845021652,4,0.8722046911716461,0.08804500420559398,4,9.75,2.8722813232690143,4,0.8883778005838394,0.053851666334172835,4,179761.0,0.0,4,3063361.0,0.0,4
random_all_per_seed,all_rows,0.15,0.15,False,False,B2_with_RC,,0.0005,1e-05,random,conv3_plus,1,2681,SKNSH,0.25463884323835373,0.005091175447208236,4,0.3323378786444664,0.0065260172736342,4,0.4847232188338392,0.022561230379325618,4,0.3918918628035022,0.026168305132829715,4,0.22907614665699166,0.019235295322223518,4,0.23533835571380973,0.022060197184551118,4,0.7706363052129745,0.019228130772075705,4,0.2739446461200714,0.005990590641643101,4,0.3570866957306862,0.007412702754306452,4,0.387751114117119,0.04829481521477014,4,0.2772788087392485,0.04842358928175201,4,0.14930073721904646,0.03497792459642078,4,0.15210021838153862,0.03730642383121105,4,0.8904798328876495,0.049598420736654825,4,0.2699045017361641,0.012287091357602746,4,0.35306108742952347,0.016092792953316205,4,0.3261117567456851,0.03322481234200034,4,0.23450296931227743,0.05012097269245263,4,0.0944236096229937,0.0331921106165834,4,0.10717679400412776,0.021745750455328536,4,0.871872290968895,0.08735205339222202,4,11.75,1.5,4,0.8904798328876495,0.049598420736654825,4,179761.0,0.0,4,3063361.0,0.0,4
random_all_per_seed,all_rows,0.15,0.15,False,False,B2_with_RC,,0.0005,1e-05,random,full,1,134,HepG2,0.25359973683953285,0.03792297978142635,4,0.3286316618323326,0.04797668306878448,4,0.4838507802180468,0.14044015288142464,4,0.43610275068444015,0.1278765308187104,4,0.21193078420979156,0.1437061606926716,4,0.24890415492363105,0.13115895529436186,4,0.7821881026029587,0.14263378737262658,4,0.28635916858911514,0.006270038834468534,4,0.37156887352466583,0.006921933419506654,4,0.29824698139690387,0.04300121694162359,4,0.22176850572699847,0.04195083224298543,4,0.07889369437903024,0.036260143854877205,4,0.09033809040621055,0.02515426635812681,4,1.0299951136112213,0.25995841363588085,4,0.2793728783726692,0.010500161835583211,4,0.36800917983055115,0.014398571963352586,4,0.22840385006789435,0.015343936685151804,4,0.20179841658530812,0.014510890232732233,4,0.0161391737106788,0.011624974543788441,4,0.05234489602058562,0.007087509751441437,4,0.9982708096504211,0.1862780934578699,4,10.25,7.5,4,1.0299951136112213,0.25995841363588085,4,179761.0,0.0,4,3747661.0,0.0,4
random_all_per_seed,all_rows,0.15,0.15,False,False,B2_with_RC,,0.0005,1e-05,random,full,1,134,K562,0.2616509944200516,0.03786899086440139,4,0.3378400355577469,0.048830416099296274,4,0.4478240409792662,0.06538462588632024,4,0.40730384661436125,0.05464510867033039,4,0.1730742767772303,0.09115305309902352,4,0.20375273365572005,0.05751964967163281,4,0.8207546472549438,0.09047279489148984,4,0.283637173473835,0.009082331825942569,4,0.3699708729982376,0.012175444959808051,4,0.30782103605675826,0.03832210057125389,4,0.23328769716140602,0.023632148251878145,4,0.08744363610399453,0.02999299193498281,4,0.09585522778320105,0.024615008648075514,4,1.0213778465986252,0.2569122766081908,4,0.2769252806901932,0.013183167226970376,4,0.36253760755062103,0.017921145773131197,4,0.262849959571838,0.04594293631893888,4,0.2240113458630552,0.03617271569830299,4,0.04528469629242396,0.039415822914964954,4,0.07067316629512144,0.022600526339868008,4,0.9688812643289566,0.18256393637781448,4,9.0,5.715476066494083,4,1.0213778465986252,0.2569122766081908,4,179761.0,0.0,4,3747661.0,0.0,4
random_all_per_seed,all_rows,0.15,0.15,False,False,B2_with_RC,,0.0005,1e-05,random,full,1,134,SKNSH,0.2546536959707737,0.04078454434566211,4,0.3300839513540268,0.05226441634445833,4,0.4831697100769191,0.08915406572310051,4,0.4395734716313013,0.07444620084467456,4,0.21083048339789787,0.1147502211873781,4,0.23941430431203328,0.08394373096596687,4,0.783280223608017,0.11389392030928419,4,0.28956300020217896,0.004998055909210145,4,0.3760659769177437,0.006895125509581693,4,0.2786066025881506,0.041021366495069815,4,0.22136145096553111,0.043109862250541926,4,0.056303926843948054,0.04224840247087581,4,0.07888370338755382,0.021947689973592508,4,1.054168701171875,0.2631792091402982,4,0.2837139740586281,0.013990481027692249,4,0.37013692408800125,0.016889007024256365,4,0.2268820824382559,0.030712818739282423,4,0.20571778718199957,0.03400122585265942,4,0.004399091301475699,0.047233092754515905,4,0.05218293725770356,0.01378566256858647,4,1.0082841515541077,0.17667232054569446,4,9.25,7.135591542869215,4,1.054168701171875,0.2631792091402982,4,179761.0,0.0,4,3747661.0,0.0,4
random_all_per_seed,all_rows,0.15,0.15,False,False,B2_with_RC,,0.0005,1e-05,random,full,1,268,HepG2,0.24292253330349922,0.029744703980515805,4,0.3174485117197037,0.04005037760795507,4,0.5179939086401186,0.08628557549043529,4,0.446957084763224,0.0715155659546153,4,0.26645475105671323,0.09095173096455596,4,0.2739015897915542,0.08889275033242411,4,0.7308081090450287,0.09061229819394666,4,0.28236791491508484,0.005973710056896367,4,0.3678618595004082,0.0071604605121114336,4,0.3252656033720249,0.060651194052906164,4,0.24102925394450503,0.04984434870025625,4,0.09715777771003067,0.03696322465953798,4,0.10855663824199988,0.0389225428231046,4,0.998839944601059,0.17074099077594274,4,0.27720946073532104,0.008495093900756737,4,0.363942988216877,0.01177957750450511,4,0.24926187922763215,0.021178483059082303,4,0.21808835569586077,0.02813709041267152,4,0.0373908339848307,0.01210164596735916,4,0.062467880544603546,0.01044003786120018,4,0.9726608991622925,0.13030297643370442,4,10.0,5.597618541248888,4,0.998839944601059,0.17074099077594274,4,179761.0,0.0,4,3747661.0,0.0,4
random_all_per_seed,all_rows,0.15,0.15,False,False,B2_with_RC,,0.0005,1e-05,random,full,1,268,K562,0.24428249895572662,0.03473534759204958,4,0.31837599724531174,0.04731474673151204,4,0.5149220210835196,0.10731473250272118,4,0.43001971150308316,0.09957517236712865,4,0.263114539676245,0.11563441312352882,4,0.2737820266558345,0.11501530157842281,4,0.7341358363628387,0.11520286458456352,4,0.28014757484197617,0.007144714887952903,4,0.3670424297451973,0.011810246343535231,4,0.33180270638220216,0.04819077694413388,4,0.23930492022628905,0.024688094221478482,4,0.10165782900472889,0.03474754840028368,4,0.1118347991994133,0.032010306898862854,4,0.9938531965017319,0.16725476447809465,4,0.27430323511362076,0.011440577697602506,4,0.3584377393126488,0.015704234771708212,4,0.279616387542788,0.04067558773523553,4,0.2369753106213576,0.030691739463293056,4,0.0667519179353229,0.023332893229792966,4,0.07942620176068374,0.021548962972441577,4,0.9428086578845978,0.1258160847401472,4,10.0,6.0553007081949835,4,0.9938531965017319,0.16725476447809465,4,179761.0,0.0,4,3747661.0,0.0,4
random_all_per_seed,all_rows,0.15,0.15,False,False,B2_with_RC,,0.0005,1e-05,random,full,1,268,SKNSH,0.2473357357084751,0.03025080337869018,4,0.3217640519142151,0.04103092792452323,4,0.4997559074016167,0.08639033703304097,4,0.433677988025902,0.08197496003517357,4,0.24670881099159384,0.09012624984505899,4,0.2553534347323251,0.08640348614691631,4,0.7504803538322449,0.08978992045692935,4,0.2851863205432892,0.0034708512870763437,4,0.37065498530864716,0.0062820735870587055,4,0.3048463226722008,0.06648196344673045,4,0.23590170937984342,0.05371144476495366,4,0.08332691682387341,0.03786046937462144,4,0.09624616904456287,0.039463942044366714,4,1.0141551494598389,0.17458622129924148,4,0.2769586369395256,0.012491532057193742,4,0.36202508956193924,0.015763207096931832,4,0.25589941133679944,0.03391657270764348,4,0.2211986309588944,0.03551189949750174,4,0.0479951699248109,0.022682901135520617,4,0.06634725915069513,0.01735765595039291,4,0.9602251648902893,0.11163189297409634,4,9.25,4.9916597106239795,4,1.0141551494598389,0.17458622129924148,4,179761.0,0.0,4,3747661.0,0.0,4
random_all_per_seed,all_rows,0.15,0.15,False,False,B2_with_RC,,0.0005,1e-05,random,full,1,536,HepG2,0.24323173612356186,0.013881660388443656,4,0.3162064924836159,0.018088022682207598,4,0.5370744258529823,0.024142285945793224,4,0.4485960423019196,0.012899914169961413,4,0.2851011475565539,0.027143775366046816,4,0.2888860763833269,0.02613845599815826,4,0.7135651856660843,0.027093201709939164,4,0.2796425595879555,0.00717549357510283,4,0.3640648275613785,0.009076617619964212,4,0.3557225414852673,0.05138101837218419,4,0.24970839946724954,0.04393627128355247,4,0.11575014148568052,0.039346695103727965,4,0.12851853330745971,0.03636346018278082,4,0.9521087855100632,0.10785730514239664,4,0.27514784783124924,0.01145684648622687,4,0.36179476231336594,0.01556350418019876,4,0.2757964138198315,0.02158724792145355,4,0.23186640437482797,0.020331316613632338,4,0.04920476841367166,0.020204729773141646,4,0.07641316883049648,0.011636587226666458,4,0.9388574659824371,0.10692373826469433,4,8.5,1.2909944487358056,4,0.9521087855100632,0.10785730514239664,4,179761.0,0.0,4,3747661.0,0.0,4
random_all_per_seed,all_rows,0.15,0.15,False,False,B2_with_RC,,0.0005,1e-05,random,full,1,536,K562,0.2504629045724869,0.02533241847243849,4,0.323907308280468,0.031709984661691414,4,0.4969575965361481,0.0924117077854393,4,0.4117185903345748,0.06731141623213949,4,0.24917239146299328,0.09529559081447618,4,0.2533717955568511,0.09156257173973288,4,0.7494268864393234,0.0951178225873917,4,0.27879949659109116,0.008195023192804725,4,0.36467670649290085,0.01125924931103308,4,0.3473809410394687,0.0607655651530868,4,0.24664095253091262,0.03693013020211949,4,0.11292821363280336,0.0410432389165145,4,0.12344285862874735,0.04217845450868599,4,0.9552047252655029,0.10959001149584008,4,0.27454064041376114,0.012971086631735749,4,0.35837605595588684,0.017433127403598554,4,0.28820558874745683,0.048411635543807376,4,0.23325868548587878,0.04041207365517889,4,0.06716071677753002,0.033873706073038266,4,0.08482022622728803,0.027578943385841218,4,0.9215673059225082,0.11354883885994174,4,7.5,4.123105625617661,4,0.9552047252655029,0.10959001149584008,4,179761.0,0.0,4,3747661.0,0.0,4
random_all_per_seed,all_rows,0.15,0.15,False,False,B2_with_RC,,0.0005,1e-05,random,full,1,536,SKNSH,0.24430754408240318,0.018835389873183478,4,0.31624630838632584,0.02369544380750313,4,0.5396311529308255,0.03578866737949345,4,0.46644930822493824,0.032382952414327856,4,0.2856375850124051,0.04140676731514198,4,0.292162402748052,0.03822016702082854,4,0.7130297273397446,0.04132954734601998,4,0.2820760980248451,0.005135702204580168,4,0.36703967303037643,0.008163529515603915,4,0.33826489350724553,0.051877976026880095,4,0.2477745884399384,0.04912478018345088,4,0.10132988111640112,0.03458862269908295,4,0.11644163147695233,0.033973215691012616,4,0.967639148235321,0.10727504117747805,4,0.2760365530848503,0.011762836504713605,4,0.3608391061425209,0.01602570414048113,4,0.28063854130774374,0.029028511728344433,4,0.2333822380090332,0.03388754163627012,4,0.05426698228973753,0.022899173235614963,4,0.07938998173721017,0.01647921020560351,4,0.9336898475885391,0.1046429421037218,4,9.0,1.632993161855452,4,0.967639148235321,0.10727504117747805,4,179761.0,0.0,4,3747661.0,0.0,4
random_all_per_seed,all_rows,0.15,0.15,False,False,B2_with_RC,,0.0005,1e-05,random,full,1,938,HepG2,0.24384328350424767,0.006846268885961987,4,0.3176010400056839,0.010601709245609742,4,0.521665383065371,0.04882264362339332,4,0.4290237222107255,0.03786108222776405,4,0.2696690088424122,0.051206433995083046,4,0.2739225097865229,0.05063823096115124,4,0.7295523881912231,0.05115183770866274,4,0.2770337909460068,0.005720984639413544,4,0.361207015812397,0.007887219368271695,4,0.3647509677051036,0.06391951524029396,4,0.25393162424777793,0.05462933417774743,4,0.12929167567866662,0.04424548935580825,4,0.13610754676322515,0.04596092593462139,4,0.9441087990999222,0.06728367207916346,4,0.2723509669303894,0.010968791427263829,4,0.3571539670228958,0.014736250129789423,4,0.2964452221253242,0.027377870818176924,4,0.23145443226509899,0.02555648463689055,4,0.07332556188746031,0.02059282809848383,4,0.08844193057883541,0.016255265552342475,4,0.9247206002473831,0.10481479786817585,4,7.75,2.0615528128088303,4,0.9441087990999222,0.06728367207916346,4,179761.0,0.0,4,3747661.0,0.0,4
random_all_per_seed,all_rows,0.15,0.15,False,False,B2_with_RC,,0.0005,1e-05,random,full,1,938,K562,0.24392282217741013,0.010292586136861985,4,0.3175490200519562,0.015782838615267754,4,0.5235166800305951,0.0432378494830941,4,0.4305009769839917,0.02686736560446909,4,0.270896036375174,0.046201104460124626,4,0.2754718479911986,0.044485603644033915,4,0.7283267080783844,0.04615183081051761,4,0.2765055224299431,0.005273141607393896,4,0.36112261563539505,0.009593172411909254,4,0.36714546881393634,0.05650588473622987,4,0.25044340122906483,0.038741018144789856,4,0.13003505994431946,0.038871059664431405,4,0.13719048152797314,0.040064312698796116,4,0.9430325031280518,0.05658428591352468,4,0.27223624289035797,0.012712211983330446,4,0.35609637945890427,0.017040454424006906,4,0.30499550983049256,0.042046718403274036,4,0.23413549117975266,0.037502161118929865,4,0.07888795836075332,0.035049175061299585,4,0.09434820591312525,0.025507223795103142,4,0.9201026409864426,0.11925861406546233,4,8.0,2.160246899469287,4,0.9430325031280518,0.05658428591352468,4,179761.0,0.0,4,3747661.0,0.0,4
random_all_per_seed,all_rows,0.15,0.15,False,False,B2_with_RC,,0.0005,1e-05,random,full,1,938,SKNSH,0.24882720783352852,0.0064675973706294545,4,0.32269977033138275,0.00869091409103985,4,0.4982362603740047,0.03852830342710946,4,0.41422409286837125,0.04177838262928749,4,0.2465378672933137,0.03659301535793797,4,0.24935269377520156,0.03756991793891301,4,0.7526589035987854,0.03655405635819893,4,0.28034619241952896,0.004332524059470992,4,0.3649250790476799,0.006537514198984646,4,0.34423809473906924,0.05535626881228856,4,0.253816525115666,0.05308797064219592,4,0.11142264413001965,0.038149176716294,4,0.12079810324219817,0.03731992104429422,4,0.9636318385601044,0.06588886298422958,4,0.2732919156551361,0.011579031946560774,4,0.3576796054840088,0.015418472957603534,4,0.2901097681783441,0.028085240240141914,4,0.2300321999747839,0.038851166909880476,4,0.0707533597251469,0.017296860968072408,4,0.08475526313200242,0.016117247345850936,4,0.9277817457914352,0.11043810674769618,4,6.75,0.9574271077563381,4,0.9636318385601044,0.06588886298422958,4,179761.0,0.0,4,3747661.0,0.0,4
random_all_per_seed,all_rows,0.15,0.15,False,False,B2_with_RC,,0.0005,1e-05,random,full,1,1340,HepG2,0.24990685284137726,0.013779339969114512,4,0.32700201123952866,0.01854693822319718,4,0.5008694301915612,0.05363555597260121,4,0.4040794951967253,0.04503641363106265,4,0.24690572300640537,0.05026606330264828,4,0.2530277657487867,0.05538162048869645,4,0.7525322586297989,0.05022854674394583,4,0.27400297671556473,0.007245680550488458,4,0.35866396874189377,0.009277996245029358,4,0.3802754528347,0.05568275377810764,4,0.26940185883848866,0.04310126670872153,4,0.14158372700122665,0.044687828908634576,4,0.14693484682987118,0.04235885569720957,4,0.9080708622932434,0.07784154158425,4,0.27047236263751984,0.009624659695704417,4,0.35511524975299835,0.014720330578916196,4,0.3079981956764644,0.033045607856624186,4,0.24113224637800318,0.03520998249703542,4,0.08378118651778022,0.025694752404027202,4,0.095681897688918,0.020350879023199802,4,0.8903389275074005,0.09164418077319489,4,7.0,2.449489742783178,4,0.9080708622932434,0.07784154158425,4,179761.0,0.0,4,3747661.0,0.0,4
random_all_per_seed,all_rows,0.15,0.15,False,False,B2_with_RC,,0.0005,1e-05,random,full,1,1340,K562,0.25093695521354675,0.012419404110615723,4,0.32763130962848663,0.018180112830341592,4,0.4961214185734416,0.03577044928545271,4,0.393144017471765,0.021334080976696083,4,0.244550057867974,0.036015134537305,4,0.24709610574888638,0.034410235261913,4,0.754886195063591,0.035988304397542595,4,0.2745301350951195,0.006470359243593546,4,0.3593800663948059,0.01008012874772042,4,0.3793579284944557,0.059395059650419725,4,0.26111332222219785,0.041274253352800876,4,0.13824139633798854,0.04456139000004288,4,0.14655826774476227,0.04377814390352956,4,0.9114821255207062,0.0761104922507123,4,0.2705201357603073,0.011307132184083553,4,0.3546731770038605,0.01629456017326072,4,0.3143957878733055,0.03316868668837843,4,0.240237573851973,0.042081237198498406,4,0.08628100912944306,0.02796289440631547,4,0.09966983276495038,0.020774127345202214,4,0.8884008377790451,0.0988384044053803,4,7.0,2.160246899469287,4,0.9114821255207062,0.0761104922507123,4,179761.0,0.0,4,3747661.0,0.0,4
random_all_per_seed,all_rows,0.15,0.15,False,False,B2_with_RC,,0.0005,1e-05,random,full,1,1340,SKNSH,0.24545809626579285,0.018429277903632944,4,0.32101234048604965,0.02360759362898091,4,0.5265145504293375,0.07154798625574309,4,0.43707480648307473,0.06481826907955804,4,0.2741593450244716,0.06992291411608267,4,0.28105690756674634,0.07551928953686597,4,0.7252990007400513,0.06987069850841125,4,0.2779105603694916,0.005740737177731147,4,0.3621264770627022,0.008301616882927937,4,0.36306961368484303,0.04783516718183438,4,0.25790588656033564,0.03205543604000379,4,0.12518833332616774,0.035621454566913,4,0.1335356967957467,0.03426321756849351,4,0.9259745627641678,0.0815357544483691,4,0.27127282321453094,0.01111969977948699,4,0.35622304677963257,0.01615662791830025,4,0.3077735421575023,0.032208063855800495,4,0.23518691566548716,0.03992591087169502,4,0.0781734251530605,0.030815760641793324,4,0.09550257278518035,0.019681342984081165,4,0.896391287446022,0.10200362121927864,4,8.25,3.5939764421413045,4,0.9259745627641678,0.0815357544483691,4,179761.0,0.0,4,3747661.0,0.0,4
random_all_per_seed,all_rows,0.15,0.15,False,False,B2_with_RC,,0.0005,1e-05,random,full,1,2011,HepG2,0.2530049569904804,0.00586599375060088,4,0.3298475742340088,0.008903918492493697,4,0.48279922491622507,0.02826931686084802,4,0.37908919251053075,0.026049550542331552,4,0.2281220323347878,0.02927842076099854,4,0.23369445728654192,0.02738957393288044,4,0.7714941203594208,0.02926385991209785,4,0.2732213884592056,0.005220637920527767,4,0.35727837681770325,0.007380839341036998,4,0.38808574751937136,0.052794789305671094,4,0.2752097818836119,0.043304828369802734,4,0.1483293610437278,0.036783279017485515,4,0.15270101476104192,0.04019199997248039,4,0.9062940925359726,0.05878207551668077,4,0.2686817795038223,0.010942726395208302,4,0.3527379259467125,0.015431895215322696,4,0.3228850750170687,0.027785072934808818,4,0.238041484202296,0.035436380508683626,4,0.09621615870329961,0.02176734456100892,4,0.10483377937727256,0.017917606053161287,4,0.8848428875207901,0.09484082476896814,4,5.5,1.2909944487358056,4,0.9062940925359726,0.05878207551668077,4,179761.0,0.0,4,3747661.0,0.0,4
random_all_per_seed,all_rows,0.15,0.15,False,False,B2_with_RC,,0.0005,1e-05,random,full,1,2011,K562,0.25102467834949493,0.005663672757942717,4,0.32679101824760437,0.007996906574300203,4,0.4968302618574371,0.02267385879923988,4,0.3910597030704551,0.019628133648064136,4,0.2424270023871468,0.02365733995648838,4,0.24722588700196543,0.02234468812085238,4,0.7571962922811508,0.023645561522188756,4,0.2739908918738365,0.005435968249434374,4,0.35789065062999725,0.007784113724786788,4,0.38522647651048014,0.05274617375471062,4,0.2726643285812601,0.04039788239812756,4,0.14529598963387247,0.04106874150572176,4,0.15048605733900108,0.039774778637049556,4,0.9093315154314041,0.0582376287434499,4,0.2693628743290901,0.012251417383245648,4,0.35259877890348434,0.016657694645359798,4,0.32647874344953615,0.03699715459503735,4,0.2429714362782846,0.04164248643812378,4,0.09695251004524577,0.03080865626801976,4,0.10761496201048487,0.02376191641094234,4,0.8845533579587936,0.10220495775324702,4,6.0,0.8164965809277259,4,0.9093315154314041,0.0582376287434499,4,179761.0,0.0,4,3747661.0,0.0,4
random_all_per_seed,all_rows,0.15,0.15,False,False,B2_with_RC,,0.0005,1e-05,random,full,1,2011,SKNSH,0.24720920622348785,0.006832513278237965,4,0.32309847325086594,0.0062802227752554885,4,0.5120658729400146,0.042266623128627195,4,0.41278340424093063,0.039860252125465435,4,0.25855412519009047,0.045068185329154097,4,0.2635513088028422,0.04408207566944915,4,0.7410771250724792,0.04504575874390116,4,0.27653060108423233,0.004595058355014429,4,0.3604526221752167,0.007171479930399768,4,0.37362833718137184,0.044937955999263646,4,0.27407137152315936,0.035788886693462404,4,0.13321850750021672,0.033902358712396705,4,0.14111269926196068,0.033399219601790715,4,0.9224728047847748,0.05936031075957541,4,0.27085576951503754,0.012091269223070931,4,0.35399483889341354,0.015003199083902817,4,0.3199898085789514,0.029153838721535832,4,0.23379051137377793,0.04215657546090476,4,0.08972105668338265,0.019722284826802768,4,0.10303093732854493,0.018423287579414964,4,0.8909848928451538,0.09213808024107766,4,6.75,1.707825127659933,4,0.9224728047847748,0.05936031075957541,4,179761.0,0.0,4,3747661.0,0.0,4
random_all_per_seed,all_rows,0.15,0.15,False,False,B2_with_RC,,0.0005,1e-05,random,full,1,2681,HepG2,0.2531810700893402,0.010070847635419707,4,0.33080117404460907,0.012958985150556683,4,0.4892798359400847,0.056666275086892384,4,0.3825931080117223,0.0511380060782643,4,0.2355193528855166,0.05543128144510794,4,0.24180305790672368,0.05545256660636424,4,0.7641954720020294,0.055410565994581364,4,0.27360572665929794,0.005266705718678208,4,0.356834776699543,0.007315445093898411,4,0.3931160976045136,0.04417154336659733,4,0.2822678335167216,0.0348841495072956,4,0.15054294322544196,0.033311733357449975,4,0.15600361012834185,0.03442620968780394,4,0.8892052173614502,0.04897186251180298,4,0.2693038880825043,0.01196508859406605,4,0.3531608283519745,0.01541722173710644,4,0.3251918198364259,0.037838488222013675,4,0.2457514333166574,0.04213133876128093,4,0.09382565594005843,0.031897738013114324,4,0.10682353308172211,0.024440410596712276,4,0.8722343146800995,0.08439037905183294,4,5.5,2.3804761428476167,4,0.8892052173614502,0.04897186251180298,4,179761.0,0.0,4,3747661.0,0.0,4
random_all_per_seed,all_rows,0.15,0.15,False,False,B2_with_RC,,0.0005,1e-05,random,full,1,2681,K562,0.25114915519952774,0.007102880604324477,4,0.32824573665857315,0.0086400286136421,4,0.5018424562486145,0.03176057955146566,4,0.39294087445470816,0.03335880383685143,4,0.24788344284416386,0.028675985641135816,4,0.2526024017037262,0.03186471391938703,4,0.7518360018730164,0.028665293596615907,4,0.272964283823967,0.005473836198727022,4,0.35681024193763733,0.008055905709215492,4,0.3921225824604247,0.04583863328227368,4,0.2761742900166556,0.03658246117311234,4,0.15062751772965688,0.036160688137186134,4,0.15533600490132266,0.03532486772138042,4,0.8891876488924026,0.05307103007991294,4,0.26844193786382675,0.011929910357155299,4,0.3520529121160507,0.016589411162677696,4,0.3297966672022375,0.03655605719697463,4,0.24558543480408343,0.044280990838587005,4,0.09972014017997052,0.03128298175027257,4,0.10976810068604474,0.023738022139192783,4,0.8669557273387909,0.08925749484585051,4,6.0,1.1547005383792515,4,0.8891876488924026,0.05307103007991294,4,179761.0,0.0,4,3747661.0,0.0,4
random_all_per_seed,all_rows,0.15,0.15,False,False,B2_with_RC,,0.0005,1e-05,random,full,1,2681,SKNSH,0.25090985000133514,0.01224041609550523,4,0.3283596709370613,0.014920580571521111,4,0.4982234588237582,0.05774358220548147,4,0.4052089702120265,0.07014732370682512,4,0.24667725314095845,0.060342423184328,4,0.25072735588674994,0.06034646594863923,4,0.7530417591333389,0.06031987573477583,4,0.27483975142240524,0.004978126463171446,4,0.35924628376960754,0.006673594368742031,4,0.3780671032582438,0.04571215125308443,4,0.269459755420143,0.044075043194162486,4,0.13902142002563636,0.03216911554926435,4,0.1445019351452182,0.03419262029780358,4,0.9011486768722534,0.04533760144648849,4,0.2704097256064415,0.012083178477951158,4,0.3534616380929947,0.014833668508129345,4,0.3251905348678842,0.02932211552740136,4,0.2363625393818401,0.047257317762666395,4,0.09221533596707027,0.030527818078775283,4,0.10639372381191228,0.018793377303186653,4,0.8736043870449066,0.08180265920454925,4,6.0,2.8284271247461903,4,0.9011486768722534,0.04533760144648849,4,179761.0,0.0,4,3747661.0,0.0,4
random_all_per_seed,all_rows,0.15,0.15,False,False,B2_with_RC,,0.0005,0.0001,random,branched_only,1,134,HepG2,0.2737557590007782,0.03101914217383151,4,0.35200468450784683,0.03914699321941928,4,0.35185892618826964,0.07717163891245082,4,0.32045756734630737,0.09185343223471765,4,0.09685066261066647,0.08485002030227305,4,0.12827130032768747,0.05754284553730033,4,0.8964094668626785,0.08421684766500429,4,0.2853223457932472,0.007163980761540069,4,0.37102219462394714,0.008086651411031933,4,0.2958147476611317,0.038203282067428075,4,0.22293706597608323,0.03986034530454405,4,0.08197628901241238,0.02450499980398668,4,0.08860098300436162,0.02210402829498641,4,1.029437854886055,0.2728927156254492,4,0.2780095860362053,0.010393776692626998,4,0.3662168085575104,0.013991937489513141,4,0.22693331492589347,0.014160185876094017,4,0.2034530196692497,0.013139713555977376,4,0.02553361234944515,0.021099216333325926,4,0.05164911257128889,0.00657800263062102,4,0.9885251522064209,0.1829862684249164,4,8.25,5.619905100029122,4,1.029437854886055,0.2728927156254492,4,179761.0,0.0,4,179761.0,0.0,4
random_all_per_seed,all_rows,0.15,0.15,False,False,B2_with_RC,,0.0005,0.0001,random,branched_only,1,134,K562,0.2706860341131687,0.03782877157836197,4,0.3479030355811119,0.04977888562314934,4,0.3974250569991304,0.04841287846371399,4,0.36583236693113635,0.03791141966337193,4,0.12348108108255038,0.08522944331976508,4,0.1597045310316188,0.03847509615043176,4,0.8699778467416763,0.08459341425968725,4,0.28240203112363815,0.009478237016003845,4,0.36873818933963776,0.01330106648777297,4,0.3168251386774603,0.04350817760131384,4,0.24191753396441826,0.03761439950940486,4,0.09370879666440654,0.02779402230732987,4,0.10179788963663257,0.028744949832375022,4,1.0154108703136444,0.26010571453439385,4,0.2749612256884575,0.012217971732580702,4,0.361505962908268,0.016287471370503303,4,0.26599738840000725,0.03659550186139675,4,0.2293823950241354,0.030706233974768186,4,0.050413536149259974,0.0393403207674311,4,0.07175903370298993,0.0186829444448518,4,0.9638198614120483,0.1820015309575846,4,22.0,19.165942015286735,4,1.0154108703136444,0.26010571453439385,4,179761.0,0.0,4,179761.0,0.0,4
random_all_per_seed,all_rows,0.15,0.15,False,False,B2_with_RC,,0.0005,0.0001,random,branched_only,1,134,SKNSH,0.2722689248621464,0.032361014180859085,4,0.35100024938583374,0.04154593477570554,4,0.3694889650615133,0.028026733710222088,4,0.329153803128142,0.06699415352047225,4,0.10445348938019747,0.062107550003526545,4,0.13711121865407597,0.020888627712185283,4,0.8888632953166962,0.061644003967780005,4,0.2894707918167114,0.004738095406578224,4,0.3761969432234764,0.007620341893351554,4,0.26928784307553383,0.040371836046837854,4,0.21620819560425927,0.042070736716876306,4,0.055964657135041784,0.033173282232828914,4,0.07373835628761789,0.021443386041502373,4,1.0573949813842773,0.27779196973684556,4,0.2832869738340378,0.014384961168276377,4,0.3703305721282959,0.016954903565742214,4,0.22121465729765066,0.02749775196680074,4,0.20237966139132904,0.030981544552184218,4,0.003246959642606212,0.05075777899550172,4,0.04950301937573779,0.012179566032813617,4,1.0092197060585022,0.17594287088843277,4,7.0,4.96655480858378,4,1.0573949813842773,0.27779196973684556,4,179761.0,0.0,4,179761.0,0.0,4
random_all_per_seed,all_rows,0.15,0.15,False,False,B2_with_RC,,0.0005,0.0001,random,branched_only,1,268,HepG2,0.2530222646892071,0.020804998065987634,4,0.3276313468813896,0.029973531823695644,4,0.47139246462325646,0.06352185136154995,4,0.41891344446552614,0.08213290171481893,4,0.216422789751724,0.06354656855210643,4,0.22523712490388725,0.062009755289204334,4,0.7806533724069595,0.06330937736403114,4,0.27898381650447845,0.00595426901509866,4,0.3645973727107048,0.007843443136052428,4,0.3432601268412059,0.06910985316273632,4,0.23823881557742851,0.045242244029004175,4,0.11286536972187947,0.04497884765704137,4,0.12140964353217201,0.046994578018409956,4,0.9799189269542694,0.15755925328984077,4,0.2747812047600746,0.012147679506478628,4,0.35948722064495087,0.016863201858915905,4,0.27300161505416454,0.03248494573258013,4,0.2184768079081055,0.022291627926146605,4,0.06136753802683717,0.029674163159269278,4,0.07532133559661876,0.01816261118385188,4,0.9463231265544891,0.10708130003740048,4,29.0,9.556847457887633,4,0.9799189269542694,0.15755925328984077,4,179761.0,0.0,4,179761.0,0.0,4
random_all_per_seed,all_rows,0.15,0.15,False,False,B2_with_RC,,0.0005,0.0001,random,branched_only,1,268,K562,0.25823749229311943,0.025296326919437975,4,0.33450473845005035,0.037067204351630384,4,0.4300386515886276,0.08006691341351485,4,0.38132201576816416,0.07805301990807673,4,0.1852853565626426,0.07153792298313794,4,0.18974127482784048,0.06969289212328227,4,0.811674639582634,0.07127098695251952,4,0.2783462926745415,0.00567614450453115,4,0.3650021478533745,0.009654551852490983,4,0.3413152676621963,0.058441353179013465,4,0.24317275328818114,0.032633626167470224,4,0.11130508296756547,0.03759194725222142,4,0.11905765576036233,0.038854073737013946,4,0.9824777543544769,0.1615863127056058,4,0.2738335430622101,0.012081120724434184,4,0.35810327529907227,0.01644655199378524,4,0.27485369858245157,0.03638027215306423,4,0.224961954522183,0.03391886488501808,4,0.06859457601808888,0.025402546944424047,4,0.07653719877590143,0.01965908065601916,4,0.9400754868984222,0.11703088369497729,4,24.0,15.448840301675292,4,0.9824777543544769,0.1615863127056058,4,179761.0,0.0,4,179761.0,0.0,4
random_all_per_seed,all_rows,0.15,0.15,False,False,B2_with_RC,,0.0005,0.0001,random,branched_only,1,268,SKNSH,0.2561209946870804,0.028019647634740026,4,0.3306981846690178,0.038676148386869655,4,0.45608500513897,0.07809564415715603,4,0.4049660411375947,0.06679393480611259,4,0.20461021807658364,0.06806697458066154,4,0.21258772913985513,0.06845084997781739,4,0.7924218624830246,0.06781300655250676,4,0.2813560366630554,0.003617708752227814,4,0.3670612871646881,0.005986701096396879,4,0.3218875782345698,0.08532709277229422,4,0.24310553788737174,0.062199670098038916,4,0.10044362043622873,0.052390501660286956,4,0.1090721475924451,0.05088748683308617,4,0.9925519526004791,0.15475836900380904,4,0.27503152191638947,0.012627934229314242,4,0.35973256826400757,0.017422607217443282,4,0.2644220035618175,0.0380409818394032,4,0.2233234196725289,0.02730260280875168,4,0.060293140479394325,0.024217126306157535,4,0.07100433319212518,0.019882099766250636,4,0.9482425451278687,0.11617549335564613,4,32.25,16.660832312142553,4,0.9925519526004791,0.15475836900380904,4,179761.0,0.0,4,179761.0,0.0,4
random_all_per_seed,all_rows,0.15,0.15,False,False,B2_with_RC,,0.0005,0.0001,random,branched_only,1,536,HepG2,0.25361065939068794,0.01066568900600495,4,0.32659662514925003,0.01388385100853008,4,0.49024499447145164,0.04833561825407034,4,0.4307456021784285,0.058676154609697995,4,0.23595243386815448,0.04615203905762468,4,0.24209240359831607,0.045853067211262186,4,0.7626221477985382,0.046065943610346785,4,0.27760106325149536,0.005992362645955811,4,0.36156972497701645,0.008796089978667989,4,0.3613638470412821,0.04959341257318735,4,0.2380429666697725,0.02538662055149476,4,0.127918614289034,0.03547832879770143,4,0.13242845987646593,0.03585017502983875,4,0.9393678456544876,0.10885933229477662,4,0.27328500151634216,0.01132578641769966,4,0.35761674493551254,0.014919861667365988,4,0.2886655562418856,0.033376329561788896,4,0.22550950260114205,0.03686268199312814,4,0.07081242810911226,0.027788348828787737,4,0.08416328789170006,0.01910111383468945,4,0.9173848181962967,0.10384433867202535,4,25.5,9.1104335791443,4,0.9393678456544876,0.10885933229477662,4,179761.0,0.0,4,179761.0,0.0,4
random_all_per_seed,all_rows,0.15,0.15,False,False,B2_with_RC,,0.0005,0.0001,random,branched_only,1,536,K562,0.25757721066474915,0.011369115967240571,4,0.332357220351696,0.015316745809296314,4,0.46275713528502055,0.032930268787502555,4,0.3962173136932546,0.04335942041846647,4,0.20954450582311016,0.03044411530675369,4,0.21495746820901168,0.030660253252586783,4,0.7889808416366577,0.03038734085353553,4,0.27695856243371964,0.005136564243881865,4,0.36204758286476135,0.009419806622862823,4,0.3607771679680042,0.05031951978973497,4,0.24977235128452258,0.033161218454501366,4,0.12569606208516715,0.034526206149874665,4,0.13205920548091563,0.03600590649383947,4,0.9417152553796768,0.10818801566171656,4,0.2726609706878662,0.012260544912792852,4,0.35631464421749115,0.01634556241255817,4,0.29248353497511326,0.040287686682161046,4,0.2305940765870677,0.042589407845968624,4,0.07774418612793307,0.030600934190364498,4,0.08676394150518828,0.022970828682702563,4,0.9112906605005264,0.1135614715958215,4,22.0,6.683312551921141,4,0.9417152553796768,0.10818801566171656,4,179761.0,0.0,4,179761.0,0.0,4
random_all_per_seed,all_rows,0.15,0.15,False,False,B2_with_RC,,0.0005,0.0001,random,branched_only,1,536,SKNSH,0.2567964307963848,0.01363323429084674,4,0.3304898589849472,0.017657636040612497,4,0.4708585626230464,0.0376924818321298,4,0.4108628715132085,0.030764875319585105,4,0.21866412318215686,0.034895852769748395,4,0.22277332838544034,0.035940764035080654,4,0.7798782289028168,0.0348307603754732,4,0.27884384989738464,0.00432579569083323,4,0.362848699092865,0.007740868722022808,4,0.35457339052209685,0.041561767664527474,4,0.2582376897918076,0.03323904408578152,4,0.12182724713545667,0.029500999745007146,4,0.12701782466488554,0.029353249695602032,4,0.9463540464639664,0.1118378455751901,4,0.2733623534440994,0.011774704242998098,4,0.35756537318229675,0.01526146255268369,4,0.2908597596950089,0.030744893363093807,4,0.22472259279809872,0.04720212695880593,4,0.07117047349347569,0.026207222511493808,4,0.08530833616076931,0.017627783241662243,4,0.917083278298378,0.10427372093011394,4,27.5,9.746794344808963,4,0.9463540464639664,0.1118378455751901,4,179761.0,0.0,4,179761.0,0.0,4
random_all_per_seed,all_rows,0.15,0.15,False,False,B2_with_RC,,0.0005,0.0001,random,branched_only,1,938,HepG2,0.2549297697842121,0.007184861498823734,4,0.33027712255716324,0.007084935104740245,4,0.460499450802748,0.057753651354653025,4,0.3875068792335462,0.07667015202222822,4,0.2099007245060292,0.05323382156466121,4,0.21456135737322868,0.05454551234042733,4,0.7892569601535797,0.05317702673597847,4,0.275992676615715,0.004186690456332075,4,0.3599071651697159,0.0057475928065524005,4,0.3713731860388779,0.05888758824549474,4,0.25647514857819687,0.05009996734876484,4,0.13555963460630635,0.03971625522469823,4,0.14051885434569522,0.043643352062075376,4,0.9377426356077194,0.07151298381908439,4,0.272668220102787,0.013047980320359297,4,0.35655007511377335,0.015939240315335678,4,0.29016211267893627,0.03256172177469604,4,0.21189576679684324,0.04900100663320567,4,0.07657485128142288,0.025790542868867394,4,0.08498925092800323,0.01921819321199708,4,0.9214153587818146,0.10414620935666338,4,22.0,10.16530045465127,4,0.9377426356077194,0.07151298381908439,4,179761.0,0.0,4,179761.0,0.0,4
random_all_per_seed,all_rows,0.15,0.15,False,False,B2_with_RC,,0.0005,0.0001,random,branched_only,1,938,K562,0.25878164172172546,0.0052773921347191105,4,0.3353737071156502,0.007592519157053196,4,0.4359496325404783,0.025210788711919303,4,0.36179220292205083,0.02738260690960425,4,0.18651975326316575,0.023316441507498304,4,0.19052877001278584,0.022519624386131427,4,0.8126130104064941,0.02329152135495913,4,0.275899738073349,0.004092427506098937,4,0.36066098511219025,0.006349023780231228,4,0.3681603287867782,0.0586529533730652,4,0.25201928318632927,0.052116700436337524,4,0.13201680431817955,0.03860682255594863,4,0.13812215439692582,0.04200062412411954,4,0.9411899894475937,0.06317618610249451,4,0.27097420394420624,0.012588502012176695,4,0.355288527905941,0.016593068593873238,4,0.29468923617007065,0.04627270508753631,4,0.2199976751314795,0.04892506037648837,4,0.08305956501668915,0.03234445808614248,4,0.08844761834158826,0.0271437882211514,4,0.915646567940712,0.11446227383812892,4,17.75,5.123475382979799,4,0.9411899894475937,0.06317618610249451,4,179761.0,0.0,4,179761.0,0.0,4
random_all_per_seed,all_rows,0.15,0.15,False,False,B2_with_RC,,0.0005,0.0001,random,branched_only,1,938,SKNSH,0.2583192214369774,0.0027245251095102114,4,0.33498597890138626,0.004662462543882709,4,0.4371322141432587,0.04895151725584073,4,0.3774456022610755,0.04433505716613549,4,0.18773301969175063,0.04007218627996642,4,0.19288176092302445,0.04076253881815737,4,0.8114010542631149,0.04002941465433696,4,0.27707402408123016,0.005725357365633299,4,0.36188802868127823,0.0066876218426224834,4,0.3587809672764159,0.06618417389440015,4,0.2554753277434787,0.05553636803508882,4,0.12596674760645402,0.04315212293498147,4,0.13200904113536377,0.04752011027832066,4,0.9483188390731812,0.077553948263722,4,0.271711103618145,0.011463727196707603,4,0.3557412400841713,0.015512243902697578,4,0.29241650177068773,0.03824004841212676,4,0.22023738017770936,0.03920554508357352,4,0.08072817419385139,0.02329358509252016,4,0.08660413648472798,0.021856112368089018,4,0.9178125411272049,0.1105621367114881,4,21.25,7.455423082115014,4,0.9483188390731812,0.077553948263722,4,179761.0,0.0,4,179761.0,0.0,4
random_all_per_seed,all_rows,0.15,0.15,False,False,B2_with_RC,,0.0005,0.0001,random,branched_only,1,1340,HepG2,0.2606203556060791,0.007066405138408343,4,0.3397384360432625,0.011181502201801497,4,0.43637565846230153,0.015227717112860088,4,0.3638457014181208,0.017329636933613838,4,0.18709028812072925,0.014051438800216169,4,0.19059762782475922,0.013362776246637635,4,0.8123030960559845,0.014040915263902094,4,0.27457045018672943,0.006491952167540713,4,0.3587580621242523,0.007923079137917411,4,0.3795441449445113,0.05924827120759064,4,0.25454507720435865,0.04094763301868154,4,0.14116199482619232,0.041024411810273505,4,0.14668652619247635,0.044449122694256354,4,0.908692792057991,0.07796098937266734,4,0.2698994427919388,0.011176507070779544,4,0.3535923659801483,0.015630947391929276,4,0.30836667954792785,0.036812405775865524,4,0.2235974571756403,0.04819299537034986,4,0.09176114041931874,0.02688993456330549,4,0.09610637396966966,0.02272411687248193,4,0.882665753364563,0.09209545630471147,4,20.25,4.924428900898052,4,0.908692792057991,0.07796098937266734,4,179761.0,0.0,4,179761.0,0.0,4
random_all_per_seed,all_rows,0.15,0.15,False,False,B2_with_RC,,0.0005,0.0001,random,branched_only,1,1340,K562,0.2622695416212082,0.006918440777074338,4,0.3419118598103523,0.011499886380603794,4,0.4248905141924815,0.03144954306054734,4,0.35386609510582967,0.02875274999454703,4,0.17649659227427422,0.02492863006762544,4,0.18127375436978924,0.026411207620966874,4,0.8228888660669327,0.0249100055992418,4,0.2739114612340927,0.00642775608256913,4,0.35851674526929855,0.007906517909199972,4,0.3804492009783822,0.059748002119799436,4,0.2586012984384606,0.047774467476829834,4,0.14222336862925955,0.04348168881116434,4,0.14741896234307011,0.04499538113684169,4,0.9073930233716965,0.0768059199581004,4,0.27032528817653656,0.011944072602801052,4,0.35389863699674606,0.01647420927496274,4,0.3058173812506245,0.043605483966142236,4,0.22467349253796504,0.04244197119584751,4,0.09024170259240039,0.030869587768656007,4,0.09495034934893094,0.026529455240051306,4,0.8843980729579926,0.09676422138577549,4,19.0,7.0710678118654755,4,0.9073930233716965,0.0768059199581004,4,179761.0,0.0,4,179761.0,0.0,4
random_all_per_seed,all_rows,0.15,0.15,False,False,B2_with_RC,,0.0005,0.0001,random,branched_only,1,1340,SKNSH,0.2629787400364876,0.009402499215043568,4,0.3423498049378395,0.014296681406831732,4,0.423214855484614,0.024844652060612947,4,0.3572555388944303,0.019938536609706667,4,0.17485010150421135,0.02044471531006233,4,0.17957375645487242,0.020944222607196496,4,0.824534147977829,0.020429516426191705,4,0.2742653116583824,0.007841050035993584,4,0.35869018733501434,0.008247795907982388,4,0.38008925184618225,0.06501435348165809,4,0.26968359387043267,0.05292299799585545,4,0.14129356653726236,0.04669416929951043,4,0.14763798898796907,0.049383267451877474,4,0.9085804671049118,0.0821061002738571,4,0.26988744735717773,0.010112553952650321,4,0.3532673120498657,0.015331560515897407,4,0.3092240157996523,0.03473481472748634,4,0.2264484088445105,0.0359089981129517,4,0.09347254904443877,0.021971815784891484,4,0.09652437246287823,0.020977721118193394,4,0.8810587227344513,0.09190026432051987,4,21.5,7.724420150837646,4,0.9085804671049118,0.0821061002738571,4,179761.0,0.0,4,179761.0,0.0,4
random_all_per_seed,all_rows,0.15,0.15,False,False,B2_with_RC,,0.0005,0.0001,random,branched_only,1,2011,HepG2,0.2591421827673912,0.003949744411353223,4,0.3366534188389778,0.004216068235435719,4,0.4448700268734853,0.02334909685652023,4,0.3575834371116538,0.019487915682386305,4,0.19581517436690246,0.021645172754091814,4,0.19831822605342694,0.02121165549023107,4,0.8037848919630051,0.021634417726161592,4,0.2734615132212639,0.006433211603773784,4,0.35682447254657745,0.007585451009509226,4,0.3893831798057388,0.04852147955480775,4,0.26226118207313087,0.04255986166431512,4,0.15054363566625042,0.03555350481260412,4,0.153385011199269,0.03775101760430394,4,0.9042778164148331,0.0645074780010889,4,0.27028895914554596,0.01117554656399219,4,0.3538229241967201,0.015429667165629452,4,0.31393205967018384,0.028831262048386937,4,0.23385262146224386,0.042084760998040385,4,0.09061458127624394,0.023284224599628908,4,0.09917676934224094,0.018092135001961752,4,0.8902989476919174,0.09532927624583305,4,21.75,6.2915286960589585,4,0.9042778164148331,0.0645074780010889,4,179761.0,0.0,4,179761.0,0.0,4
random_all_per_seed,all_rows,0.15,0.15,False,False,B2_with_RC,,0.0005,0.0001,random,branched_only,1,2011,K562,0.25977688282728195,0.003094478435445097,4,0.33751149475574493,0.003857126401555319,4,0.4434059058233947,0.030500476857440655,4,0.3649568808453292,0.025599036809960056,4,0.1916660668553448,0.02328459774397117,4,0.19730650663546362,0.026980682202711485,4,0.8079319894313812,0.023273039210005102,4,0.27284207195043564,0.006214562524391092,4,0.35673941671848297,0.0077832839979943376,4,0.38851674553850823,0.050819010134849484,4,0.26435098248937955,0.03730046790358832,4,0.15086228477474387,0.03857624922723277,4,0.15288219040714843,0.03941219301230545,4,0.9037924259901047,0.0638455876150169,4,0.26955243200063705,0.01140124268726384,4,0.3536933735013008,0.015852777907802127,4,0.31160679821215015,0.03412325324906985,4,0.2333129107931448,0.039881827364993704,4,0.09131065694810064,0.025566458146420907,4,0.09797209400125279,0.021297577346760955,4,0.8897282630205154,0.0969703153450262,4,23.25,9.7082439194738,4,0.9037924259901047,0.0638455876150169,4,179761.0,0.0,4,179761.0,0.0,4
random_all_per_seed,all_rows,0.15,0.15,False,False,B2_with_RC,,0.0005,0.0001,random,branched_only,1,2011,SKNSH,0.2605455741286278,0.005545657325918878,4,0.33906520158052444,0.006471474827743202,4,0.4338417175009014,0.029395304882388,4,0.3563743023432928,0.027366166298373594,4,0.18429261938981198,0.025859427159709788,4,0.18886669880597834,0.025993841528082977,4,0.8153017312288284,0.02584659227899622,4,0.2731368616223335,0.006913102426253701,4,0.3570869192481041,0.007935634479502561,4,0.3894396286372732,0.05229944093771183,4,0.27803231722153093,0.04589578771029955,4,0.1492778460738056,0.03694116072513603,4,0.15371464799493517,0.040730471158913054,4,0.9057206064462662,0.06721964806894097,4,0.26969214528799057,0.011057935825852381,4,0.352953165769577,0.01564428347531725,4,0.3178654475546696,0.033743784578025016,4,0.23686259508416863,0.04617754834491411,4,0.09514213509610786,0.022135908621729847,4,0.10189242499736653,0.021564086374832623,4,0.8859507292509079,0.09564989165000523,4,23.5,7.852812659593164,4,0.9057206064462662,0.06721964806894097,4,179761.0,0.0,4,179761.0,0.0,4
random_all_per_seed,all_rows,0.15,0.15,False,False,B2_with_RC,,0.0005,0.0001,random,branched_only,1,2681,HepG2,0.2623625472187996,0.005191703384174139,4,0.3419916555285454,0.007136172897529151,4,0.4317641634745159,0.04689010543018474,4,0.34206444484176385,0.0398073654739806,4,0.18309762993301368,0.040436991043091446,4,0.18806930435128888,0.04171707281894346,4,0.8165976852178574,0.0404218656758915,4,0.2726256400346756,0.006694080045238054,4,0.3563842102885246,0.008872900036544451,4,0.39680656628230293,0.04320410466729405,4,0.28458246591762154,0.026448502527230973,4,0.15282805495464324,0.032703590676059345,4,0.15885539703982854,0.03428696680263923,4,0.8871688991785049,0.05639104940014376,4,0.2690773904323578,0.011473765024551955,4,0.351865254342556,0.015815120960192337,4,0.3210458829763593,0.042367308184679105,4,0.23959139198064083,0.03753827288762875,4,0.10062591572611379,0.027813035035152676,4,0.10441670057818185,0.02682414293765002,4,0.8658684939146042,0.08543528084780695,4,18.75,14.660036380127666,4,0.8871688991785049,0.05639104940014376,4,179761.0,0.0,4,179761.0,0.0,4
random_all_per_seed,all_rows,0.15,0.15,False,False,B2_with_RC,,0.0005,0.0001,random,branched_only,1,2681,K562,0.26326117664575577,0.0016444425045984243,4,0.34340813010931015,0.001790663039687032,4,0.423352106968036,0.012728438039842442,4,0.3360547797406877,0.010007295745462217,4,0.17676428395368263,0.012256579654363815,4,0.17934851632547594,0.010828804944889744,4,0.8229286372661591,0.012252000496322257,4,0.2724282741546631,0.006763423888400326,4,0.3562993034720421,0.008806742612147436,4,0.39534410792635266,0.04860848201168956,4,0.2718100864604048,0.04278321871962632,4,0.1531331214965914,0.0356128059190146,4,0.15806905206469413,0.03846726898943897,4,0.8867676258087158,0.05684008883621773,4,0.26857275515794754,0.012260717393532532,4,0.351639986038208,0.016641603109155183,4,0.32316569096112724,0.042193652795028014,4,0.2430480731052169,0.04690818617468184,4,0.10189486142087739,0.02924220524778815,4,0.10577129206652333,0.027032169846703178,4,0.8649161905050278,0.08900658866304195,4,15.5,5.5677643628300215,4,0.8867676258087158,0.05684008883621773,4,179761.0,0.0,4,179761.0,0.0,4
random_all_per_seed,all_rows,0.15,0.15,False,False,B2_with_RC,,0.0005,0.0001,random,branched_only,1,2681,SKNSH,0.26095712929964066,0.0034171413541043355,4,0.3403756693005562,0.003960824942908276,4,0.4398399666583693,0.022117576088690517,4,0.3551841952834911,0.018351616088215165,4,0.19117981947074245,0.02021959011439322,4,0.19382608664906464,0.019938916571928447,4,0.8085184991359711,0.020212023089890525,4,0.27270369976758957,0.0065106586593693385,4,0.35684481263160706,0.008628138315141932,4,0.3917935861606322,0.047612309751912024,4,0.2787361781785249,0.03566445588261225,4,0.15056167623469757,0.0344750224317729,4,0.1552024131865427,0.03729364414243177,4,0.8894480913877487,0.05582017014895591,4,0.26868998259305954,0.011971173697121636,4,0.3510766923427582,0.016338072212445893,4,0.32817927602428554,0.03537481206430427,4,0.2418355547458981,0.039980567044758726,4,0.10481901500254764,0.024776425951248765,4,0.10864017020826285,0.02333486094116383,4,0.8620556592941284,0.08681659220531755,4,24.25,8.73212459828649,4,0.8894480913877487,0.05582017014895591,4,179761.0,0.0,4,179761.0,0.0,4
random_all_per_seed,all_rows,0.15,0.15,False,False,B2_with_RC,,0.0005,0.0001,random,conv3_plus,1,134,HepG2,0.23978400230407715,0.04927120311223157,4,0.316066462546587,0.05895023094203288,4,0.5373217964639033,0.14492482505929902,4,0.49210174694034653,0.13343677476161886,4,0.27437048511568385,0.16551575243079625,4,0.30446711664404763,0.14515891251926086,4,0.720214381814003,0.1642806072942979,4,0.28677304834127426,0.0053745457172919885,4,0.37237127870321274,0.005651283413745467,4,0.300006548155402,0.04180085528658939,4,0.2223463211792438,0.03244046939769297,4,0.07467857141913781,0.04141835373749929,4,0.09131441256313734,0.024513711637116076,4,1.0340628176927567,0.26001133128998294,4,0.2809985727071762,0.008630103860901378,4,0.3692326918244362,0.01263176811342117,4,0.22751574035174418,0.01526918780605203,4,0.19696896027141425,0.022289259773673405,4,0.009344197226630602,0.0062683191459892065,4,0.051938273179994644,0.0070745228208798205,4,1.006612703204155,0.19873120500800348,4,7.5,6.027713773341708,4,1.0340628176927567,0.26001133128998294,4,179761.0,0.0,4,3063361.0,0.0,4
random_all_per_seed,all_rows,0.15,0.15,False,False,B2_with_RC,,0.0005,0.0001,random,conv3_plus,1,134,K562,0.24469094723463058,0.04253355848857504,4,0.3192032352089882,0.05425774289762538,4,0.5309492546978861,0.10862139791494456,4,0.4831160971935565,0.09111160975770087,4,0.26152253617472765,0.13179814478066368,4,0.2907560671279883,0.11392225350147833,4,0.7329664677381516,0.13081469998222328,4,0.2840382903814316,0.008341833565259034,4,0.37058771401643753,0.01128670867150457,4,0.30936469305620223,0.03937182298561787,4,0.23029866771752908,0.02495462262492806,4,0.08424223912688292,0.03211395555866712,4,0.09686911864366636,0.025416702650819356,4,1.0242640227079391,0.2549068043310196,4,0.27787914872169495,0.012206433797938293,4,0.3631442189216614,0.016833097557013104,4,0.264393469616736,0.047526966518950255,4,0.22495204364592286,0.04048275147331181,4,0.04203596871128709,0.033427813715078455,4,0.07159801618584596,0.023405622635929917,4,0.9734419584274292,0.1914890429223561,4,7.5,5.0,4,1.0242640227079391,0.2549068043310196,4,179761.0,0.0,4,3063361.0,0.0,4
random_all_per_seed,all_rows,0.15,0.15,False,False,B2_with_RC,,0.0005,0.0001,random,conv3_plus,1,134,SKNSH,0.23575902730226517,0.04433658284376846,4,0.30995505303144455,0.05488327208470733,4,0.5703496368514823,0.12132546314161889,4,0.5441959080201612,0.107530092760418,4,0.30248175569358515,0.14476168162748745,4,0.33633860926151404,0.1270043455252237,4,0.6923129707574844,0.14368143665321126,4,0.2902170270681381,0.004458709646832376,4,0.3769601359963417,0.005944923395490745,4,0.2826205784292037,0.03503066192622515,4,0.2231883308732505,0.037750194401964116,4,0.05172474811399075,0.04319294001406816,4,0.08079475180789977,0.019264303699897647,4,1.0595365464687347,0.2664926818709027,4,0.28485724329948425,0.012580882301202178,4,0.37101421505212784,0.01603696967394792,4,0.22896893857069286,0.03484306046427626,4,0.20428637157292964,0.03733980476432042,4,-0.0002897090974612604,0.040891132686875345,4,0.05333730397707763,0.0162357212646703,4,1.0145514160394669,0.1869150862611402,4,8.0,4.96655480858378,4,1.0595365464687347,0.2664926818709027,4,179761.0,0.0,4,3063361.0,0.0,4
random_all_per_seed,all_rows,0.15,0.15,False,False,B2_with_RC,,0.0005,0.0001,random,conv3_plus,1,268,HepG2,0.22381912171840668,0.03743820382479505,4,0.29733020439743996,0.048469026173032344,4,0.6048276781800395,0.10344663509285726,4,0.524207435178444,0.10504884280406199,4,0.3558695450312743,0.12929374483588302,4,0.3738424250266834,0.12807606626672352,4,0.641726940870285,0.12881130687159603,4,0.2825755700469017,0.005008164401028511,4,0.3679233491420746,0.006195578399113054,4,0.32857811235720924,0.056771855477154985,4,0.22983234876844574,0.03366886312042899,4,0.09685367550891011,0.03492029250317041,4,0.11038085860096605,0.03730821113315173,4,1.0001261532306671,0.17836678533378797,4,0.2778468057513237,0.006637807702981782,4,0.3646606281399727,0.009960679814048844,4,0.25182731799114405,0.02387382573817906,4,0.21122499325549435,0.03420085193898204,4,0.03318926204867653,0.0248096787961958,4,0.06384446775314549,0.011991768487955426,4,0.9777792990207672,0.14114090289973974,4,7.75,3.774917217635375,4,1.0001261532306671,0.17836678533378797,4,179761.0,0.0,4,3063361.0,0.0,4
random_all_per_seed,all_rows,0.15,0.15,False,False,B2_with_RC,,0.0005,0.0001,random,conv3_plus,1,268,K562,0.23403328657150269,0.03415496239993918,4,0.3073120564222336,0.0460750755962344,4,0.5677560519359082,0.09397183035885975,4,0.4987741133928002,0.08178291170023942,4,0.31253936937044746,0.11607277966122977,4,0.3289699631855954,0.10725845185429761,4,0.6848954558372498,0.11563970999825023,4,0.28058329969644547,0.006733593940050965,4,0.3672218322753906,0.011070280101879387,4,0.3346240483468213,0.047562165360416894,4,0.23536883692725288,0.020969618170735567,4,0.10076761850653726,0.032338276666091716,4,0.11366987341234454,0.03138070954271437,4,0.9951173365116119,0.16927157479277938,4,0.2753797248005867,0.01021891758034554,4,0.3593624234199524,0.01461192788489946,4,0.28002400398143656,0.038131604442718375,4,0.22705724216259449,0.021162907887594423,4,0.061766398226049984,0.021941610338112226,4,0.07950395724882756,0.020103740676248826,4,0.9480348974466324,0.12774361914684007,4,6.75,2.362907813126304,4,0.9951173365116119,0.16927157479277938,4,179761.0,0.0,4,3063361.0,0.0,4
random_all_per_seed,all_rows,0.15,0.15,False,False,B2_with_RC,,0.0005,0.0001,random,conv3_plus,1,268,SKNSH,0.23278000205755234,0.03159030464537537,4,0.3052796423435211,0.04314734327251519,4,0.579681202870817,0.08350424315873961,4,0.5066254327567228,0.09235938701637704,4,0.32150970770672194,0.1053847473246385,4,0.34126001593089283,0.09674134521302084,4,0.675958588719368,0.10499150930261641,4,0.28501198440790176,0.003297549707313603,4,0.37027065455913544,0.005559673615002442,4,0.30809021388624014,0.060051309941893616,4,0.23343052163549308,0.043185653467944035,4,0.08520534293385837,0.037058680949870734,4,0.09762419976177222,0.03692954131009981,4,1.0128058791160583,0.18017976340788466,4,0.2782629355788231,0.010573054133595071,4,0.3629711866378784,0.013901618972024079,4,0.2545046342215381,0.029926929519027746,4,0.21762592436808428,0.03280167853777427,4,0.04274337647031004,0.01987883519677801,4,0.06544432467306652,0.01477669063694826,4,0.9662891924381256,0.11972833493466226,4,7.0,2.8284271247461903,4,1.0128058791160583,0.18017976340788466,4,179761.0,0.0,4,3063361.0,0.0,4
random_all_per_seed,all_rows,0.15,0.15,False,False,B2_with_RC,,0.0005,0.0001,random,conv3_plus,1,536,HepG2,0.23725049570202827,0.019046444816524396,4,0.309874027967453,0.024339723231662926,4,0.5655325730425621,0.03655861799160215,4,0.4810694313501783,0.017920076853133897,4,0.3143444341671843,0.04134408215307392,4,0.32082949058423277,0.04003756799470383,4,0.6843764036893845,0.0412669597706693,4,0.280317060649395,0.007250701058877258,4,0.3649755045771599,0.008587773189697792,4,0.35215963737473527,0.05629843571355369,4,0.2426876942711998,0.03938854066288874,4,0.11120509249599206,0.04166967204053682,4,0.1263935455937499,0.0387426690685926,4,0.9566781669855118,0.1057737337814702,4,0.275117427110672,0.010545071552544565,4,0.3617195710539818,0.014904527426662711,4,0.27704045380194775,0.012327120305682102,4,0.23198699666381253,0.018871783861303885,4,0.04950528097849932,0.018789798319108045,4,0.07686538146406223,0.006715132955784084,4,0.9386689960956573,0.10803932505702286,4,5.5,0.9999999999999999,4,0.9566781669855118,0.1057737337814702,4,179761.0,0.0,4,3063361.0,0.0,4
random_all_per_seed,all_rows,0.15,0.15,False,False,B2_with_RC,,0.0005,0.0001,random,conv3_plus,1,536,K562,0.24797143414616585,0.026094608903891856,4,0.32203643023967743,0.0321926994628883,4,0.514125332164239,0.08270886707147596,4,0.42430345772922134,0.06480269857377863,4,0.2580370501932553,0.09406234488931425,4,0.2694554246921744,0.08620445577892516,4,0.7405788004398346,0.09388692135260991,4,0.2783428132534027,0.00760071354206326,4,0.36484063416719437,0.011280375829171367,4,0.34556278411063535,0.05918903284240867,4,0.24633575541862407,0.03347836629389755,4,0.11221378927185915,0.03870925714058023,4,0.12204114396890836,0.040874692356640326,4,0.9562095701694489,0.11113171574777361,4,0.27339211106300354,0.012201742631168168,4,0.3571636751294136,0.01667791558920374,4,0.288473148859198,0.04478193345540964,4,0.23698973582213836,0.037963046033135536,4,0.07352625389641745,0.02509410542708169,4,0.08472082378574455,0.025529244071783638,4,0.9151347428560257,0.1092041884442249,4,4.5,1.9148542155126762,4,0.9562095701694489,0.11113171574777361,4,179761.0,0.0,4,3063361.0,0.0,4
random_all_per_seed,all_rows,0.15,0.15,False,False,B2_with_RC,,0.0005,0.0001,random,conv3_plus,1,536,SKNSH,0.23408514261245728,0.021041068596504616,4,0.30535126477479935,0.025552801903770482,4,0.5816483787938727,0.07489568850174949,4,0.5090945311663094,0.10089390770456631,4,0.33135440508833414,0.08668234120338596,4,0.3425218596706537,0.08958724776666102,4,0.6673981696367264,0.08652068538622104,4,0.2826412469148636,0.003502978979591996,4,0.36700884252786636,0.006528478997166476,4,0.3394427374028943,0.0497602921386792,4,0.24576268986140373,0.04489837079298827,4,0.1011698668223101,0.040853134463803016,4,0.11707843698086531,0.033335907099930256,4,0.9671081751585007,0.10191284809440644,4,0.2761843651533127,0.009626931907171047,4,0.3609112799167633,0.014096096228673666,4,0.27830751903984496,0.031142247694399782,4,0.23212580674384395,0.03282946598077386,4,0.0537065754688828,0.012632009106945919,4,0.07818245484770818,0.017334112373823107,4,0.933744877576828,0.09610663394576688,4,5.75,1.707825127659933,4,0.9671081751585007,0.10191284809440644,4,179761.0,0.0,4,3063361.0,0.0,4
random_all_per_seed,all_rows,0.15,0.15,False,False,B2_with_RC,,0.0005,0.0001,random,conv3_plus,1,938,HepG2,0.23494506999850273,0.011307991603560276,4,0.30809473991394043,0.014410117508544507,4,0.5664526290735222,0.043269108745039954,4,0.4770542234977631,0.037701414478854604,4,0.31334955760285965,0.04680624909455872,4,0.32227274281299795,0.048699514185992915,4,0.6859184354543686,0.04675634806140916,4,0.278923362493515,0.005695642391606338,4,0.3630656376481056,0.0074519759156834635,4,0.3568121837052927,0.06070955710506518,4,0.240607805892755,0.05785153414606145,4,0.12033552482452323,0.04308645977177707,4,0.13007917218345943,0.042496914435147824,4,0.9536793828010559,0.06367658140262186,4,0.27211661636829376,0.010053717550431288,4,0.35686296969652176,0.013865196285202995,4,0.3026246652953716,0.014213426783607881,4,0.23520542464531796,0.01830062177027299,4,0.07475572170676589,0.01673646960790529,4,0.09173320417083541,0.00867492077715337,4,0.9229786694049835,0.09988464105460686,4,5.25,0.9574271077563381,4,0.9536793828010559,0.06367658140262186,4,179761.0,0.0,4,3063361.0,0.0,4
random_all_per_seed,all_rows,0.15,0.15,False,False,B2_with_RC,,0.0005,0.0001,random,conv3_plus,1,938,K562,0.24374457821249962,0.014818716771878843,4,0.31792178750038147,0.020452947556925897,4,0.5226293676190776,0.054548029487517996,4,0.42986155073052973,0.0355847567455453,4,0.26961925008754484,0.05621353457555879,4,0.2753730715386453,0.0554594787847661,4,0.7296021282672882,0.05615358138983711,4,0.2772946357727051,0.005727163734443798,4,0.36288370192050934,0.01076471039544697,4,0.3613323150564173,0.05405803932710222,4,0.24499140361863692,0.03730337457580348,4,0.12168449589942981,0.037817223686445266,4,0.13275274561594788,0.037841021434036594,4,0.952210545539856,0.05864725073031429,4,0.27097123116254807,0.012160133449524714,4,0.3544870913028717,0.016181665403422894,4,0.3131040332488194,0.03281557386606271,4,0.24486961173957156,0.030457994777181127,4,0.08725453623165977,0.02669900470147907,4,0.09884178205279709,0.02096180624432078,4,0.9114715754985809,0.11255455923064613,4,4.5,1.2909944487358058,4,0.952210545539856,0.05864725073031429,4,179761.0,0.0,4,3063361.0,0.0,4
random_all_per_seed,all_rows,0.15,0.15,False,False,B2_with_RC,,0.0005,0.0001,random,conv3_plus,1,938,SKNSH,0.2348855510354042,0.0128463922772083,4,0.3071272373199463,0.016153274591172443,4,0.5653902465086332,0.07718481711961575,4,0.48013576731556507,0.07440031153724543,4,0.3149603001502158,0.08796733927019303,4,0.32413425284243447,0.08600730059606447,4,0.6843093484640121,0.08787352479064868,4,0.28055258095264435,0.004185810837234617,4,0.3651334345340729,0.006126383349472876,4,0.346121939452451,0.06011009912483384,4,0.2534124267746038,0.0444617468519886,4,0.11043566637826366,0.03657704685780135,4,0.12251031498292415,0.04052882977824793,4,0.9644850790500641,0.060002899512834135,4,0.2754308879375458,0.010328414062116193,4,0.35896264016628265,0.013618525342426739,4,0.29103564807662974,0.02587097481398358,4,0.21629370958349686,0.0505030968671214,4,0.0635639352674586,0.02943573684833779,4,0.08520372895475319,0.015118878067879994,4,0.9333650916814804,0.09341681194995131,4,5.0,1.1547005383792515,4,0.9644850790500641,0.060002899512834135,4,179761.0,0.0,4,3063361.0,0.0,4
random_all_per_seed,all_rows,0.15,0.15,False,False,B2_with_RC,,0.0005,0.0001,random,conv3_plus,1,1340,HepG2,0.24627575278282166,0.011633718888150976,4,0.32320789992809296,0.01534392483935964,4,0.5221721449424599,0.04907103119972167,4,0.41188696687042314,0.04876291342636913,4,0.2639947758375877,0.0454294738295759,4,0.27446972353106236,0.04938357281640697,4,0.7354560047388077,0.04539561454846547,4,0.2746792659163475,0.006283902086695277,4,0.3598088473081589,0.00976400104447784,4,0.3753329419404301,0.05049760878006252,4,0.2579874132678276,0.0419893003811703,4,0.13635067735929676,0.039142464774465646,4,0.14278732367503646,0.03751239928884706,4,0.9139756411314011,0.08023049283320757,4,0.270039327442646,0.008563202826752516,4,0.35431113094091415,0.013302808929410303,4,0.3084627625879455,0.024100422897674834,4,0.2410147763602462,0.027129755293938084,4,0.08788099644360989,0.015348167775644213,4,0.09558489869127233,0.01485499517357158,4,0.8858874142169952,0.0823323011833872,4,4.25,0.9574271077563382,4,0.9139756411314011,0.08023049283320757,4,179761.0,0.0,4,3063361.0,0.0,4
random_all_per_seed,all_rows,0.15,0.15,False,False,B2_with_RC,,0.0005,0.0001,random,conv3_plus,1,1340,K562,0.24773426353931427,0.009739671074375107,4,0.3242541551589966,0.014191989950104938,4,0.5143890039406103,0.04299320675087023,4,0.40363681012490027,0.05175400786458449,4,0.25919702420958735,0.041701471636785586,4,0.2659823592450555,0.04297421416013617,4,0.7402501702308655,0.041670282239788026,4,0.27512364089488983,0.004639044410675006,4,0.36037544161081314,0.010009809859955405,4,0.37100269800766067,0.05332751257189789,4,0.2501216664531693,0.035314171469746344,4,0.1336046279969296,0.040835664868838745,4,0.1397758696267929,0.03824746212469593,4,0.9164780080318451,0.07527306738039018,4,0.27013958245515823,0.01091818460342225,4,0.3533676788210869,0.014864457384549688,4,0.31973561235797615,0.0257536969562653,4,0.2533643472411957,0.02197352886247683,4,0.09294381894340045,0.018096522448570913,4,0.10272830149011636,0.016519051035205484,4,0.8813367187976837,0.08775474811143504,4,4.25,0.9574271077563382,4,0.9164780080318451,0.07527306738039018,4,179761.0,0.0,4,3063361.0,0.0,4
random_all_per_seed,all_rows,0.15,0.15,False,False,B2_with_RC,,0.0005,0.0001,random,conv3_plus,1,1340,SKNSH,0.2464146539568901,0.012852875648017735,4,0.32194437831640244,0.017095337176054493,4,0.5261389472611049,0.057355675249495155,4,0.43276190105600376,0.04579858198599847,4,0.26969401038472307,0.052110054859250014,4,0.27928944693751784,0.058910603512497925,4,0.7297609895467758,0.0520712009599878,4,0.2777746468782425,0.004813961215943723,4,0.3627859726548195,0.007932538334072104,4,0.35904756697564916,0.04710636976292782,4,0.25737909891801636,0.02633043961906833,4,0.1219931330953076,0.035044376832505476,4,0.1305794129053145,0.03266555498375972,4,0.9290853291749954,0.07733669792438619,4,0.2709590941667557,0.010034738640569845,4,0.35520975291728973,0.013987460576613556,4,0.30682475965969447,0.02955099026748496,4,0.2417131811691608,0.029252874681814443,4,0.08327374111709479,0.020714243889645864,4,0.09479637890957104,0.018138921758332913,4,0.8904596120119095,0.08500826912506804,4,4.25,0.9574271077563382,4,0.9290853291749954,0.07733669792438619,4,179761.0,0.0,4,3063361.0,0.0,4
random_all_per_seed,all_rows,0.15,0.15,False,False,B2_with_RC,,0.0005,0.0001,random,conv3_plus,1,2011,HepG2,0.2459590546786785,0.0030007561522609016,4,0.32168547064065933,0.005009543772838765,4,0.5260111455230715,0.006721206567146109,4,0.4157939025985789,0.004599400622703903,4,0.265980752202164,0.0031573252488679825,4,0.2767216061777826,0.007106756705630864,4,0.7336542308330536,0.0031557625442604547,4,0.2731718420982361,0.004599354797510827,4,0.3573244959115982,0.007573274858720863,4,0.38855074268606693,0.044589404828540846,4,0.27457689979369565,0.03769567576237849,4,0.14821529136634626,0.033831484925069204,4,0.15246284090911683,0.03404697100689186,4,0.9065471589565277,0.05943202088134567,4,0.26885204017162323,0.010336556234761925,4,0.35243694484233856,0.014703491704856292,4,0.32650763654210146,0.023882201654615232,4,0.24664168624034855,0.02238126238508675,4,0.09771332167013563,0.017247772046502075,4,0.1070350063872128,0.015603068881837158,4,0.8829978555440903,0.0885021197364945,4,4.0,0.0,4,0.9065471589565277,0.05943202088134567,4,179761.0,0.0,4,3063361.0,0.0,4
random_all_per_seed,all_rows,0.15,0.15,False,False,B2_with_RC,,0.0005,0.0001,random,conv3_plus,1,2011,K562,0.2498220130801201,0.010727067993524261,4,0.32625754177570343,0.015235384818154363,4,0.49958228835068375,0.05376395826121176,4,0.39245924283775163,0.044143636484014905,4,0.2447755708981875,0.051513315310833724,4,0.2517503852396407,0.050878493246277835,4,0.7548488676548004,0.051487705565860804,4,0.273474782705307,0.0052226338502685925,4,0.358709491789341,0.008977420626002482,4,0.38226965963718895,0.05158424496189515,4,0.2686632208923313,0.03470088912279055,4,0.14165064285655035,0.03601813367692351,4,0.14812579342534887,0.03819658116661839,4,0.9135544747114182,0.06178626963210386,4,0.26868976652622223,0.011686478803296445,4,0.3517928496003151,0.0159526242608857,4,0.32685744718743437,0.029396360477592757,4,0.24604007466030708,0.03390597276528387,4,0.10114331215799213,0.022121497361629463,4,0.1074839002888829,0.01966476769994143,4,0.88015216588974,0.09578424999920344,4,3.5,1.0,4,0.9135544747114182,0.06178626963210386,4,179761.0,0.0,4,3063361.0,0.0,4
random_all_per_seed,all_rows,0.15,0.15,False,False,B2_with_RC,,0.0005,0.0001,random,conv3_plus,1,2011,SKNSH,0.24648676812648773,0.01326658244933652,4,0.32207340747117996,0.01686578497506039,4,0.5196548296951917,0.05595786306085203,4,0.41656409193776894,0.05576032764751414,4,0.26402418502752567,0.055465771749311256,4,0.2723896038542915,0.059393328551226775,4,0.7356098145246506,0.05543814569114096,4,0.2758282497525215,0.004409808589299807,4,0.36075111478567123,0.006627121666126688,4,0.36882645207266845,0.04574533827805266,4,0.2659619327320733,0.03425334408887657,4,0.13187518640220985,0.029182589661256468,4,0.1376024287291425,0.03342162758785701,4,0.9239062368869781,0.056345840579947376,4,0.26898105442523956,0.00999154828005119,4,0.3521248549222946,0.01363729026470037,4,0.3284149172491553,0.017207300646755887,4,0.24455702464607726,0.024347704686897054,4,0.09918459810615479,0.013627319231746348,4,0.1080784262684304,0.011310711329344409,4,0.8813662678003311,0.08595161756011441,4,3.75,0.9574271077563381,4,0.9239062368869781,0.056345840579947376,4,179761.0,0.0,4,3063361.0,0.0,4
random_all_per_seed,all_rows,0.15,0.15,False,False,B2_with_RC,,0.0005,0.0001,random,conv3_plus,1,2681,HepG2,0.2501850910484791,0.007800942898215431,4,0.32729945331811905,0.010102581050064929,4,0.5096502383119493,0.03641540416795042,4,0.40323064976172057,0.03554581592125879,4,0.2519273000030092,0.04089785115929937,4,0.26073792665696316,0.03692123218454465,4,0.747793659567833,0.040882566417247794,4,0.2736589163541794,0.004941633422717447,4,0.3570794239640236,0.007359025839397651,4,0.39245986281024237,0.04193272880450919,4,0.28335008953126134,0.038625881527611275,4,0.1494356835906672,0.03145840212989529,4,0.1553435092257786,0.03233004812072124,4,0.8904124796390533,0.04895000189956431,4,0.26841045171022415,0.010844528402249837,4,0.35216523706912994,0.015050798382491067,4,0.3275934664453878,0.02738634752014657,4,0.2513556938545953,0.032462595967735146,4,0.09902335298687334,0.025336331716689652,4,0.1078799882805761,0.017923508708010787,4,0.8672070801258087,0.08159847912010931,4,3.5,0.5773502691896257,4,0.8904124796390533,0.04895000189956431,4,179761.0,0.0,4,3063361.0,0.0,4
random_all_per_seed,all_rows,0.15,0.15,False,False,B2_with_RC,,0.0005,0.0001,random,conv3_plus,1,2681,K562,0.24989793077111244,0.007666638219667421,4,0.32689836621284485,0.009646216648959923,4,0.5090262067099842,0.037018526215098636,4,0.3981380189161746,0.036234673712718816,4,0.25376366784081944,0.039502955186978495,4,0.26013545757990897,0.03761049870496339,4,0.745958000421524,0.039488170630581305,4,0.27357976138591766,0.0044624651954694216,4,0.3574935644865036,0.007581300877951965,4,0.3911514527557689,0.04282145328576818,4,0.2727300716949663,0.04236396074450456,4,0.14735709478721856,0.03562240632054557,4,0.15437471663907745,0.03255509242650412,4,0.8925211876630783,0.05059189734984426,4,0.2688503786921501,0.012466420925339344,4,0.3524263799190521,0.01666331390584575,4,0.32788167169516563,0.03431598825123455,4,0.24679097370397074,0.042155915086315124,4,0.09793586548628097,0.026849265711639515,4,0.10838958092086051,0.022500315032032793,4,0.8687660098075867,0.08859619215068337,4,3.5,0.5773502691896257,4,0.8925211876630783,0.05059189734984426,4,179761.0,0.0,4,3063361.0,0.0,4
random_all_per_seed,all_rows,0.15,0.15,False,False,B2_with_RC,,0.0005,0.0001,random,conv3_plus,1,2681,SKNSH,0.24895500019192696,0.013993752575364619,4,0.32598497718572617,0.017059363408586624,4,0.5125441417239067,0.060145395438283455,4,0.4121750778193787,0.07590460059766523,4,0.2573459248391884,0.06756813210276845,4,0.26541459865981676,0.0648812468119542,4,0.7423770427703857,0.0675429111666276,4,0.27513930201530457,0.005707383827112082,4,0.3588418513536453,0.007723444999696642,4,0.3805801017508808,0.04116647280121896,4,0.27208638012361297,0.03897940929702717,4,0.14116670875554083,0.02694934751890027,4,0.14611222271088092,0.03090274707663175,4,0.8992345184087753,0.05024890211604573,4,0.2706800401210785,0.013603204410224274,4,0.35421792417764664,0.015981649546138534,4,0.3245977351107713,0.03081123110565083,4,0.2365171136098993,0.05626716642653355,4,0.08805944238952687,0.04613456032648895,4,0.1060756886107268,0.019998392578750267,4,0.8776476085186005,0.08808339118847182,4,3.5,1.0,4,0.8992345184087753,0.05024890211604573,4,179761.0,0.0,4,3063361.0,0.0,4
random_all_per_seed,all_rows,0.15,0.15,False,False,B2_with_RC,,0.0005,0.0001,random,full,1,134,HepG2,0.1984572932124138,0.051362446908190924,4,0.2704636827111244,0.05827329284699113,4,0.7038515674232328,0.16249412081206205,4,0.6788488670893786,0.17919373742225692,4,0.45986559219313317,0.1949969879595756,4,0.5152102834380055,0.20237221520362195,4,0.5361035615205765,0.19354177773081474,4,0.28832871466875076,0.006013915160776967,4,0.37397176772356033,0.0051935053452280755,4,0.2996635492002335,0.037905801489921315,4,0.2278466751304687,0.03914167885736982,4,0.06636727462328285,0.05035253410191248,4,0.09087588005922578,0.022397230784001406,4,1.0414548367261887,0.2533828282781781,4,0.2815375253558159,0.01234208841223101,4,0.3698306307196617,0.017032576584001164,4,0.2298904365806188,0.014698747459664136,4,0.2042977617255618,0.014259474100197428,4,0.006738223561144979,0.018755709892893404,4,0.053011652713889745,0.0068309711533307785,4,1.0067478120326996,0.18133607104943636,4,4.75,2.217355782608345,4,1.0414548367261887,0.2533828282781781,4,179761.0,0.0,4,3747661.0,0.0,4
random_all_per_seed,all_rows,0.15,0.15,False,False,B2_with_RC,,0.0005,0.0001,random,full,1,134,K562,0.2076503448188305,0.04749709363328734,4,0.2832125648856163,0.05642928615477986,4,0.6655395768367621,0.09961705895980924,4,0.6340379536805236,0.10846649597991508,4,0.4176683494072112,0.14256144612674404,4,0.45038559716290794,0.1317192797207595,4,0.5779858976602554,0.1414975671690115,4,0.287638857960701,0.006148398211598167,4,0.3752618879079819,0.00827924227128119,4,0.2997052997085066,0.027092525347182313,4,0.22564525861242835,0.019735122824797648,4,0.06055681020189746,0.03799217639631168,4,0.09037377037063156,0.016097231934893656,4,1.0496349930763245,0.2593080613997917,4,0.28004933148622513,0.013260767563116928,4,0.36633679270744324,0.018479007301308446,4,0.25550011697188735,0.03700039510974411,4,0.22002907936237742,0.03400744917693639,4,0.025474105910417016,0.031543231615366284,4,0.06630708170135599,0.017577447023683867,4,0.9888686537742615,0.1867667492186076,4,4.75,2.5,4,1.0496349930763245,0.2593080613997917,4,179761.0,0.0,4,3747661.0,0.0,4
random_all_per_seed,all_rows,0.15,0.15,False,False,B2_with_RC,,0.0005,0.0001,random,full,1,134,SKNSH,0.2028014175593853,0.03925215891490126,4,0.27375272661447525,0.04804697029466737,4,0.6918465889052641,0.13513345772546462,4,0.6680715856963106,0.14964138405430186,4,0.44440514805122977,0.17064804073254178,4,0.4923474911274794,0.1778217767713327,4,0.5514486581087112,0.16937456022261088,4,0.2933597192168236,0.006312831567101781,4,0.38066140562295914,0.004208433010525218,4,0.27942264546109463,0.03202346028328579,4,0.22254754424907988,0.03476676726061073,4,0.03208964677138437,0.06442179959130263,4,0.078846141302863,0.017931930884656142,4,1.0773704648017883,0.25488931066130244,4,0.28719397634267807,0.015080114284693162,4,0.37323711067438126,0.018090020122536445,4,0.22656941364874347,0.03459398423976375,4,0.2015975867228397,0.03523199341474532,4,-0.012003812978492151,0.04358233302334993,4,0.0522312570103212,0.01615392115977682,4,1.0246712118387222,0.1772036380334129,4,4.25,1.707825127659933,4,1.0773704648017883,0.25488931066130244,4,179761.0,0.0,4,3747661.0,0.0,4
random_all_per_seed,all_rows,0.15,0.15,False,False,B2_with_RC,,0.0005,0.0001,random,full,1,268,HepG2,0.22068528458476067,0.026747298226671847,4,0.2943356782197952,0.036165099617691224,4,0.6331045533698884,0.0834972310468555,4,0.5596293536979028,0.10735263129714065,4,0.36827697078315663,0.08875063967258644,4,0.4060502161920547,0.09893896723049905,4,0.6293658465147018,0.08841946780105728,4,0.284153014421463,0.0047414821905427396,4,0.3703097775578499,0.007508788126874955,4,0.3109700566361966,0.034031269848529624,4,0.2309120763270699,0.03520826433431118,4,0.0853983684840115,0.027125943817823083,4,0.09757097161994689,0.02056426359241788,4,1.0137044340372086,0.1857326302456466,4,0.2758323848247528,0.010782146039699396,4,0.3634500429034233,0.013739827842574626,4,0.24876974829775303,0.010711476541849686,4,0.21935942719199192,0.01601741633526036,4,0.040294847654851335,0.00962218149694816,4,0.06197243946540734,0.005318329001140122,4,0.9694887846708298,0.1273614018608094,4,3.25,0.957427107756338,4,1.0137044340372086,0.1857326302456466,4,179761.0,0.0,4,3747661.0,0.0,4
random_all_per_seed,all_rows,0.15,0.15,False,False,B2_with_RC,,0.0005,0.0001,random,full,1,268,K562,0.20829280093312263,0.02655611119584205,4,0.2805366516113281,0.03704904891688015,4,0.6767886858449566,0.05595377154119339,4,0.5956376717819745,0.0559583122206765,4,0.42569262586185164,0.09438056084887379,4,0.4603910437000063,0.07373490913963567,4,0.5721644535660744,0.09402837948445125,4,0.2820802107453346,0.005634234270357357,4,0.3693588674068451,0.010557548384007095,4,0.3252200712419105,0.02998215882357361,4,0.23855497931739217,0.014297129329750087,4,0.0904479435519649,0.02257148505688421,4,0.10644229212438482,0.0191065368319152,4,1.0081414878368378,0.18175270601983975,4,0.27446166425943375,0.010901872356372149,4,0.3585717901587486,0.0158905581341608,4,0.28328310961559355,0.04182337244068879,4,0.23385687713068543,0.029596110221070497,4,0.06605082766464995,0.0248778008727768,4,0.08156121605521484,0.021974388717282425,4,0.9439666718244553,0.13081802196553474,4,4.0,0.816496580927726,4,1.0081414878368378,0.18175270601983975,4,179761.0,0.0,4,3747661.0,0.0,4
random_all_per_seed,all_rows,0.15,0.15,False,False,B2_with_RC,,0.0005,0.0001,random,full,1,268,SKNSH,0.2138720192015171,0.024210700684088152,4,0.28501907736063004,0.025955441043287605,4,0.6691337267211899,0.05231120837145687,4,0.6081711434993142,0.03833376304348549,4,0.40285845666661146,0.09084717203431296,4,0.44979229112674957,0.0707130132110125,4,0.5949133858084679,0.09050819464040168,4,0.2862526774406433,0.002612223066069145,4,0.372176930308342,0.005052840891671622,4,0.2983983165259203,0.0542889536138561,4,0.232461383266796,0.04022365250796917,4,0.07570120791023677,0.038426637282979625,4,0.09125202316886888,0.03390448336691998,4,1.024134173989296,0.18971039077437074,4,0.27740852534770966,0.012530555269382534,4,0.3627784624695778,0.015442476429430823,4,0.25198286350175236,0.021933173110457237,4,0.21968572254561639,0.0323452776019584,4,0.043994213966025014,0.021116514012009986,4,0.06385616156056272,0.0108132811642653,4,0.9645015001296997,0.11445206717749375,4,3.75,0.9574271077563381,4,1.024134173989296,0.18971039077437074,4,179761.0,0.0,4,3747661.0,0.0,4
random_all_per_seed,all_rows,0.15,0.15,False,False,B2_with_RC,,0.0005,0.0001,random,full,1,536,HepG2,0.23285095393657684,0.02482453302002732,4,0.3062332198023796,0.03023348577604203,4,0.596709565566399,0.051227222676543595,4,0.5149062184132822,0.040052566020482946,4,0.330479688116347,0.06784378428889135,4,0.3580304768958047,0.05864245558772636,4,0.6682712733745575,0.06771728944179377,4,0.28176970034837723,0.0057976767959905424,4,0.36680882424116135,0.007394429035440475,4,0.3318473505454473,0.052971860822378425,4,0.24236921977406195,0.03702055469461748,4,0.10259696564278295,0.027034780351907806,4,0.11222717759327204,0.033746862628450794,4,0.9668368697166443,0.11076115640428362,4,0.2743930220603943,0.010585072423537626,4,0.3610130399465561,0.013221052447607419,4,0.26423398093793904,0.014418615322177085,4,0.23154043692728454,0.024992422255333106,4,0.05306572680462557,0.008586812191944414,4,0.06997551903316782,0.007626681916337773,4,0.9343794286251068,0.09594551333245573,4,2.75,0.49999999999999994,4,0.9668368697166443,0.11076115640428362,4,179761.0,0.0,4,3747661.0,0.0,4
random_all_per_seed,all_rows,0.15,0.15,False,False,B2_with_RC,,0.0005,0.0001,random,full,1,536,K562,0.2152705043554306,0.03729497273423048,4,0.2864881381392479,0.041676670154034264,4,0.6564445242003072,0.08325491017321696,4,0.5674087096273266,0.11344733705499375,4,0.41022581370417466,0.12541443646213155,4,0.4361179484035306,0.11574704060619823,4,0.5886738747358322,0.1251804925624858,4,0.27925877273082733,0.006876987493828849,4,0.3661753982305527,0.010768652248108277,4,0.3447108803503269,0.052262153768200745,4,0.24837524359317098,0.02904303464950799,4,0.10589546733849417,0.030729808425479163,4,0.12087409056926567,0.03634938969444849,4,0.9635991603136063,0.11481194851458101,4,0.2747945860028267,0.008874638180578185,4,0.35846755653619766,0.014562569838994422,4,0.2973786873938639,0.04269222904394163,4,0.25153045885871206,0.03864876877294778,4,0.06631771251581017,0.0271068629345931,4,0.08980105353165271,0.02475326860433755,4,0.9226293712854385,0.11462578711023413,4,3.75,1.5,4,0.9635991603136063,0.11481194851458101,4,179761.0,0.0,4,3747661.0,0.0,4
random_all_per_seed,all_rows,0.15,0.15,False,False,B2_with_RC,,0.0005,0.0001,random,full,1,536,SKNSH,0.2224075086414814,0.015290973869197337,4,0.2933592200279236,0.018821534851230847,4,0.641193066999071,0.0404793735150444,4,0.5795957097251345,0.029194562762348164,4,0.3825559052379366,0.06690071128876816,4,0.4123574839278029,0.052964698360615896,4,0.6162922084331512,0.06677591549392634,4,0.2849975675344467,0.004642709262484174,4,0.36975961923599243,0.0065019355998282855,4,0.3192733002512983,0.048143138875914475,4,0.24533133749413336,0.04559912223935183,4,0.0879477453262438,0.03104804246487082,4,0.10367376161897485,0.031001163679294275,4,0.9825008511543274,0.11252311136785077,4,0.2768777012825012,0.0125197633934341,4,0.3616294115781784,0.01507438262016613,4,0.2722674937999693,0.024090197165315307,4,0.23286031001067803,0.03331824248313889,4,0.04966840894635463,0.03588665235518168,4,0.07456484137971413,0.013107633370563133,4,0.9375263601541519,0.09834600567255886,4,3.25,0.5,4,0.9825008511543274,0.11252311136785077,4,179761.0,0.0,4,3747661.0,0.0,4
random_all_per_seed,all_rows,0.15,0.15,False,False,B2_with_RC,,0.0005,0.0001,random,full,1,938,HepG2,0.21617425605654716,0.014037525100204862,4,0.2876449376344681,0.017796364916493147,4,0.6409411760628088,0.041683828322922244,4,0.5371397898999604,0.05457057720499037,4,0.40098959880255314,0.05872970228007723,4,0.4121087473305175,0.0550790986305032,4,0.5983718037605286,0.05866711088689907,4,0.2793353796005249,0.005784767433837697,4,0.36393819749355316,0.007887308238814165,4,0.35995433881283,0.05182649561199137,4,0.25801118286690217,0.037667595572155516,4,0.11634872664115453,0.03691279847070375,4,0.13158161526574647,0.037010418744182864,4,0.9585337489843369,0.06960539483244241,4,0.2740580141544342,0.0077848264695131964,4,0.3589988872408867,0.012263486606553959,4,0.2969704431218015,0.019888116491903033,4,0.24453595863218258,0.024463453363728117,4,0.06339795037905283,0.016290089892384247,4,0.08848809697115576,0.011532337921567734,4,0.9344703704118729,0.1033799377362745,4,3.25,0.5,4,0.9585337489843369,0.06960539483244241,4,179761.0,0.0,4,3747661.0,0.0,4
random_all_per_seed,all_rows,0.15,0.15,False,False,B2_with_RC,,0.0005,0.0001,random,full,1,938,K562,0.2207799106836319,0.026555736258457346,4,0.29403117299079895,0.03323987086531406,4,0.6189445354977473,0.0900828340676195,4,0.5261426317113801,0.08053208713432912,4,0.37294411870996874,0.11559344700025938,4,0.38917852576776285,0.10746151424537312,4,0.6263873875141144,0.11547023459694672,4,0.27735377103090286,0.006527391156630174,4,0.3641051650047302,0.01082266245858825,4,0.3548250171511423,0.05264535926899317,4,0.25132039612000157,0.03470677490861965,4,0.11586961106051241,0.03469761764192738,4,0.12797944318572943,0.036465289455774354,4,0.9586469382047653,0.05926366877048896,4,0.27297013252973557,0.011104717483247442,4,0.35618049651384354,0.015564024217702623,4,0.3129857641180379,0.031177631295605256,4,0.24893363601484786,0.030750908454642865,4,0.07838709961785112,0.026400582021045765,4,0.09868912206045562,0.019262437058271128,4,0.9208243489265442,0.11983364354520186,4,3.25,0.9574271077563382,4,0.9586469382047653,0.05926366877048896,4,179761.0,0.0,4,3747661.0,0.0,4
random_all_per_seed,all_rows,0.15,0.15,False,False,B2_with_RC,,0.0005,0.0001,random,full,1,938,SKNSH,0.23084739595651627,0.02636800877189971,4,0.304791621863842,0.030198471545088257,4,0.5862082731991713,0.08838500343048174,4,0.494718822249513,0.06766141638061512,4,0.32593775983465617,0.1129043827258383,4,0.349499071190709,0.10468539162566165,4,0.6733436286449432,0.11278399557675674,4,0.2812027484178543,0.0039694218605326285,4,0.36717697978019714,0.006865444422689488,4,0.32779172363957465,0.0487416570123155,4,0.25030261872564863,0.040362758923073845,4,0.10072861420484591,0.02833288851605802,4,0.10922922593283291,0.03103831041961772,4,0.9754275232553482,0.06362889267055924,4,0.2732907608151436,0.011104159085502927,4,0.3579254075884819,0.014520700966479276,4,0.2855297576176317,0.011337061638635336,4,0.23450929613570123,0.02692040895033804,4,0.06927962243499375,0.020707049032604428,4,0.08162363921013217,0.0064173540700452475,4,0.9285200238227844,0.10213051934577604,4,2.75,0.9574271077563381,4,0.9754275232553482,0.06362889267055924,4,179761.0,0.0,4,3747661.0,0.0,4
random_all_per_seed,all_rows,0.15,0.15,False,False,B2_with_RC,,0.0005,0.0001,random,full,1,1340,HepG2,0.217286117374897,0.025692922006502878,4,0.2931310087442398,0.028769816201440302,4,0.6290157403987103,0.08603231253123393,4,0.5118658367995066,0.08898170358771075,4,0.3920619321643967,0.1084876947222229,4,0.40121197076894166,0.1017757938999461,4,0.6074844300746918,0.10840675754655903,4,0.2770640254020691,0.006337499207473085,4,0.3623291105031967,0.008881174711371904,4,0.37395243860262,0.04201759939048511,4,0.2621694298695634,0.03219553934219997,4,0.12414319769336035,0.03918035316082429,4,0.14116453533075074,0.031219428787893046,4,0.9267952740192413,0.07944136679049456,4,0.2726333662867546,0.007984633339358732,4,0.35877515375614166,0.014273313751363937,4,0.3033906323743108,0.024983837526239526,4,0.24674380655789854,0.028078820214032033,4,0.06476623592735514,0.022179707932746425,4,0.09251401991563736,0.015340651087072199,4,0.9088062793016434,0.09329562728835063,4,3.25,0.957427107756338,4,0.9267952740192413,0.07944136679049456,4,179761.0,0.0,4,3747661.0,0.0,4
random_all_per_seed,all_rows,0.15,0.15,False,False,B2_with_RC,,0.0005,0.0001,random,full,1,1340,K562,0.2344963625073433,0.01827491517325296,4,0.3103104382753372,0.024156386286019665,4,0.5796299731308612,0.04570732696494284,4,0.45727460812508414,0.024288663340931858,4,0.3220906949410749,0.06487564910146876,4,0.33753777555539294,0.051181080998049924,4,0.677403450012207,0.06482730200445042,4,0.2758670002222061,0.00799828739483801,4,0.36197562515735626,0.012076642830940603,4,0.3678773532828507,0.055705150271024455,4,0.2555584270279495,0.034712418667367906,4,0.12600496153845447,0.043607870767885255,4,0.1376610448834334,0.04061957810119545,4,0.9251669645309448,0.0873913602878987,4,0.27093786746263504,0.0117169999381659,4,0.3541724309325218,0.016922320213545342,4,0.32014311426512404,0.030820132185571267,4,0.2547716131979299,0.03138442765403712,4,0.0889461320934648,0.02939219763472952,4,0.10320402402232434,0.019650433793084204,4,0.8858934044837952,0.09989608120658283,4,2.75,0.49999999999999994,4,0.9251669645309448,0.0873913602878987,4,179761.0,0.0,4,3747661.0,0.0,4
random_all_per_seed,all_rows,0.15,0.15,False,False,B2_with_RC,,0.0005,0.0001,random,full,1,1340,SKNSH,0.22542304545640945,0.027128051098552756,4,0.29977261275053024,0.032416305245478824,4,0.616130692396416,0.07181671103899318,4,0.5149142486563325,0.05132073541057734,4,0.36670300174438164,0.09725929482945443,4,0.38348526010123074,0.08536427096777177,4,0.6328244060277939,0.0971867664953575,4,0.2796875014901161,0.004921790688854201,4,0.36506207287311554,0.008556892167472855,4,0.35017792169623907,0.045264944924631484,4,0.24999049851537972,0.024646183936700063,4,0.11116215931110549,0.02911516090248204,4,0.1241612632727698,0.030266608739512854,4,0.9408861100673676,0.08042104646276368,4,0.2732783704996109,0.010241601763047989,4,0.3576168492436409,0.014705120754728834,4,0.30356781788738424,0.023691766795561366,4,0.24480020860314392,0.0318740365523834,4,0.07077625474510377,0.02791337503146702,4,0.09257439491732952,0.014596034475736668,4,0.9026641100645065,0.08861287417269434,4,3.0,0.816496580927726,4,0.9408861100673676,0.08042104646276368,4,179761.0,0.0,4,3747661.0,0.0,4
random_all_per_seed,all_rows,0.15,0.15,False,False,B2_with_RC,,0.0005,0.0001,random,full,1,2011,HepG2,0.21439369767904282,0.011079731897168326,4,0.2883318141102791,0.011388016779703245,4,0.6491090881332472,0.032673896888623585,4,0.5330156242470961,0.04212387939412373,4,0.40962818805847956,0.04370150265054058,4,0.42214329595059197,0.043301839516938105,4,0.5900782197713852,0.043679738590861564,4,0.2755760997533798,0.0066229051483674625,4,0.3595288544893265,0.008989165964047327,4,0.38222623153013807,0.04697668987574197,4,0.275672947083618,0.03678346202076153,4,0.13766829488617194,0.03785386852647837,4,0.14775199911349196,0.03550715269398636,4,0.9178275316953659,0.0638739575760473,4,0.2711653411388397,0.007857136362054104,4,0.354499489068985,0.014290615214412683,4,0.3280196805402207,0.024342779720145466,4,0.24586652568323542,0.021483587197269154,4,0.08704250275326139,0.01654924933408184,4,0.10804133901508606,0.015649260894260966,4,0.8935120105743408,0.091605576580813,4,3.25,0.5,4,0.9178275316953659,0.0638739575760473,4,179761.0,0.0,4,3747661.0,0.0,4
random_all_per_seed,all_rows,0.15,0.15,False,False,B2_with_RC,,0.0005,0.0001,random,full,1,2011,K562,0.2276489995419979,0.0147448005891299,4,0.302152544260025,0.018076734145105553,4,0.6073742995062765,0.048301192951952336,4,0.4871245441405017,0.04402183279249892,4,0.35194918428866884,0.061065614471562786,4,0.3706532936311764,0.05641210446435401,4,0.6477285474538803,0.06103524650122923,4,0.2736148536205292,0.0079728239950708,4,0.3593529313802719,0.01126607317957753,4,0.38234916405211755,0.047360952311684856,4,0.2703691660923388,0.03008508265541322,4,0.13881318156752584,0.03523886954424917,4,0.14787317810425538,0.03576246098980325,4,0.9171578735113144,0.07243807640203118,4,0.26970335096120834,0.008896271629365488,4,0.3521181419491768,0.015214350143390527,4,0.33350046757477003,0.03272216559415495,4,0.2551118278384312,0.023854503843024084,4,0.09928837347021205,0.024678143783457698,4,0.11202561696346872,0.021275694287843476,4,0.8819288462400436,0.09754720797629333,4,2.75,0.49999999999999994,4,0.9171578735113144,0.07243807640203118,4,179761.0,0.0,4,3747661.0,0.0,4
random_all_per_seed,all_rows,0.15,0.15,False,False,B2_with_RC,,0.0005,0.0001,random,full,1,2011,SKNSH,0.23154712840914726,0.015742540886607457,4,0.3067675456404686,0.018528778979767353,4,0.5854616330268916,0.06469768765226254,4,0.4761773365842219,0.05464499942996387,4,0.330372400648678,0.08226511297662242,4,0.345904666837177,0.07576322726386012,4,0.6692945808172226,0.08222421288185881,4,0.2769673839211464,0.00549533659209599,4,0.362132228910923,0.00791215069079441,4,0.3682500565069354,0.0450371739240107,4,0.26988960026847697,0.03205555510512559,4,0.12544217292610035,0.023412307142888743,4,0.1371293643936573,0.03281321825158404,4,0.9311230480670929,0.06133423181936601,4,0.2706204578280449,0.009244419323549297,4,0.35279863327741623,0.013576751164430816,4,0.3251116549231303,0.029050460241368568,4,0.24462279224169214,0.0315766547034348,4,0.09568707518899378,0.016452188722174983,4,0.10633053509703307,0.018818947587391627,4,0.8847649395465851,0.086402527645528,4,2.5,0.5773502691896257,4,0.9311230480670929,0.06133423181936601,4,179761.0,0.0,4,3747661.0,0.0,4
random_all_per_seed,all_rows,0.15,0.15,False,False,B2_with_RC,,0.0005,0.0001,random,full,1,2681,HepG2,0.23432288691401482,0.014364349928089385,4,0.3101515397429466,0.015554982126664963,4,0.5859984090578844,0.06186186642971078,4,0.47240706443419267,0.06599716203267336,4,0.32707173147158497,0.0700067057929887,4,0.3462643033069971,0.07258006536715253,4,0.6726772636175156,0.06998063582129416,4,0.27190884202718735,0.005523513921942802,4,0.35720229893922806,0.008311633667883171,4,0.39165917702658837,0.03899461877825352,4,0.2878945526329221,0.024036227369573917,4,0.14905661604734968,0.026208180563285183,4,0.1545373461693905,0.030171814629878488,4,0.8911268562078476,0.05320789818228906,4,0.2666476294398308,0.009296177607080553,4,0.3506089299917221,0.014060072862048564,4,0.33798072005981306,0.02366410609496747,4,0.25920214610066417,0.026770339100706284,4,0.10689307756281852,0.020211333980754198,4,0.1146509595701051,0.015675450931338913,4,0.8592542409896851,0.07569803738686198,4,2.5,0.5773502691896257,4,0.8911268562078476,0.05320789818228906,4,179761.0,0.0,4,3747661.0,0.0,4
random_all_per_seed,all_rows,0.15,0.15,False,False,B2_with_RC,,0.0005,0.0001,random,full,1,2681,K562,0.2208925597369671,0.02177640980131432,4,0.295908585190773,0.0223898125393931,4,0.6302770501561358,0.06544542241251738,4,0.5210801927760854,0.07607142672979628,4,0.38686522175443605,0.08641581235000843,4,0.40046148743958476,0.08101715850019796,4,0.6129060387611389,0.08638357385233394,4,0.27361103147268295,0.007146471626543632,4,0.3580809533596039,0.00902275706324364,4,0.38931895394474464,0.04476182687011098,4,0.276941804401205,0.031288668092497036,4,0.1448113200089998,0.03077105763027119,4,0.15307196375919255,0.0337545742937746,4,0.8956170231103897,0.05736229471896732,4,0.268876850605011,0.011216037301953648,4,0.3519197851419449,0.015502605275328124,4,0.3406100646711109,0.035486142855727376,4,0.2552851384474338,0.037510810131557264,4,0.10009542210181488,0.03561201527908765,4,0.11695966590634116,0.024093486423382948,4,0.8661739081144333,0.0849913646438316,4,3.0,0.816496580927726,4,0.8956170231103897,0.05736229471896732,4,179761.0,0.0,4,3747661.0,0.0,4
random_all_per_seed,all_rows,0.15,0.15,False,False,B2_with_RC,,0.0005,0.0001,random,full,1,2681,SKNSH,0.24871550127863884,0.003567262139795038,4,0.32593321055173874,0.0038856046714644495,4,0.5321323107843043,0.012453255088455718,4,0.41943254033931743,0.013003020829765347,4,0.2584099154654082,0.016123326105320385,4,0.283281108852367,0.013258164256614977,4,0.7413134872913361,0.01611734806959782,4,0.2748415172100067,0.004414520659895625,4,0.3602806255221367,0.008489267414509758,4,0.37755374854851564,0.034424865800818286,4,0.27120822198734235,0.030589843694723784,4,0.13441084847510434,0.023224053374609966,4,0.14343563658208902,0.025496286740330366,4,0.9065228700637817,0.05373000380228317,4,0.2673289030790329,0.01095469650938545,4,0.35004645586013794,0.014939684408615086,4,0.3324350762256754,0.026607739463024346,4,0.250101226830254,0.039588375263682266,4,0.10995213371974244,0.017388405370697926,4,0.11104405875466977,0.017263151551675536,4,0.8566828370094299,0.07954342193467329,4,2.0,0.0,4,0.9065228700637817,0.05373000380228317,4,179761.0,0.0,4,3747661.0,0.0,4
random_all_per_seed,all_rows,0.15,0.15,False,False,B3_with_RC_weighted_bcap_10,10.0,0.0002,1e-05,random,branched_only,1,134,HepG2,0.27093757688999176,0.03319412896677469,4,0.34965796768665314,0.040319783763908566,4,0.3613296511297419,0.06871213131083823,4,0.3218083284060398,0.0782607936798043,4,0.10933873108419132,0.08550908066499388,4,0.1341001345274994,0.0497577268076612,4,0.8840146064758301,0.08487097200470888,4,0.2859835550189018,0.0057788724894446,4,0.37206796556711197,0.005882270003593687,4,0.3004373248613891,0.04139611476410718,4,0.2236147186340876,0.03913640281051332,4,0.07615566153919659,0.04279324953322341,4,0.09154781490804019,0.0239359168987653,4,1.032039389014244,0.25868888038770366,4,0.27931179851293564,0.010825498216683807,4,0.3678657338023186,0.015658518707637917,4,0.2294667795886977,0.0137994835421136,4,0.19935922900315606,0.020664382491245723,4,0.017082607021355667,0.014983898531361851,4,0.05279782224432977,0.006310549836600791,4,0.9958941042423248,0.17668222153531504,4,23.75,19.397164741270824,4,1.032039389014244,0.25868888038770366,4,179761.0,0.0,4,179761.0,0.0,4
random_all_per_seed,all_rows,0.15,0.15,False,False,B3_with_RC_weighted_bcap_10,10.0,0.0002,1e-05,random,branched_only,1,134,K562,0.27579426765441895,0.030793834014425054,4,0.35435692965984344,0.039148615598832925,4,0.3361693030905334,0.03914761493724975,4,0.3028877617426764,0.08260361423790986,4,0.08645112189728843,0.0494482313145528,4,0.11415920215683129,0.025068522273818943,4,0.9067313522100449,0.04907924431514232,4,0.2841757535934448,0.008178098893515028,4,0.3706255331635475,0.012498098360593731,4,0.3102631935110976,0.03291416094727135,4,0.2309612356345121,0.020766220444817372,4,0.08423168455246377,0.03078508145267714,4,0.09707575574085196,0.02043120760767008,4,1.025127425789833,0.26053603295702676,4,0.2761441618204117,0.011985994144536216,4,0.361375629901886,0.01684491570944117,4,0.2708479159179011,0.03546645744930528,4,0.2274024366544283,0.02690958384744318,4,0.05145914645383648,0.029625067706704446,4,0.07430199576007296,0.01820336653319173,4,0.962277427315712,0.1783564152837721,4,24.0,14.165686240583852,4,1.025127425789833,0.26053603295702676,4,179761.0,0.0,4,179761.0,0.0,4
random_all_per_seed,all_rows,0.15,0.15,False,False,B3_with_RC_weighted_bcap_10,10.0,0.0002,1e-05,random,branched_only,1,134,SKNSH,0.2690325602889061,0.02984944352914954,4,0.3484833315014839,0.04023789769688736,4,0.383924082107446,0.04882503086173712,4,0.3450638597266822,0.08626705971494951,4,0.1154772666799978,0.08338551454774815,4,0.1491856135510321,0.03807868458373438,4,0.8779218941926956,0.08276321778120202,4,0.2892664521932602,0.005291626563712226,4,0.3762799799442291,0.0070992434806678925,4,0.2799103635010905,0.03676988691064069,4,0.22515111552455136,0.0388152045016274,4,0.05536607425499851,0.038413774602364704,4,0.0793638300328786,0.0204361269125287,4,1.0568071603775024,0.2724246811159038,4,0.28332141041755676,0.014663870536465975,4,0.36999446898698807,0.017266037427685517,4,0.2338585644662196,0.03164765126131093,4,0.20935679569682047,0.031826805821567064,4,0.005018761161280527,0.053326909446346514,4,0.055441008546969164,0.015107479526591985,4,1.0070862025022507,0.1737550789699984,4,33.0,26.14064523559687,4,1.0568071603775024,0.2724246811159038,4,179761.0,0.0,4,179761.0,0.0,4
random_all_per_seed,all_rows,0.15,0.15,False,False,B3_with_RC_weighted_bcap_10,10.0,0.0002,1e-05,random,branched_only,1,268,HepG2,0.26743579283356667,0.021646667487395545,4,0.34633681923151016,0.031184446379108555,4,0.3706120179426869,0.03740649923165028,4,0.3163794891029399,0.05898504767057641,4,0.12583294946692522,0.04538977737709247,4,0.13840270248212608,0.027518685705719772,4,0.8709052056074142,0.045220447455294965,4,0.2820623889565468,0.008595277369183956,4,0.36706502735614777,0.009659400602565902,4,0.32389699340505895,0.06688887544933413,4,0.2320904133372019,0.042506059849284815,4,0.10094884023133416,0.04588136298893763,4,0.10826485358099419,0.04496831010825799,4,0.9927427470684052,0.15626816052706413,4,0.2753788158297539,0.012260613847716985,4,0.3618176206946373,0.017784454645919243,4,0.2565803661490018,0.03796446582946954,4,0.21987527405815874,0.012599530483934944,4,0.049199630781068676,0.03476665180264032,4,0.06691445979244356,0.02048115482873477,4,0.9578801095485687,0.10148211497435479,4,32.5,26.13426869074396,4,0.9927427470684052,0.15626816052706413,4,179761.0,0.0,4,179761.0,0.0,4
random_all_per_seed,all_rows,0.15,0.15,False,False,B3_with_RC_weighted_bcap_10,10.0,0.0002,1e-05,random,branched_only,1,268,K562,0.26826028898358345,0.023179786855871878,4,0.34622280299663544,0.032605220188240996,4,0.3748219028923614,0.028544653989299836,4,0.31114505440304274,0.05606398548542713,4,0.12737168953538108,0.02990709141605702,4,0.1411025568413774,0.022051661391278794,4,0.8693722635507584,0.029795545933295794,4,0.2807728350162506,0.0086156208020693,4,0.3674449771642685,0.013216596577188666,4,0.32539198496538146,0.05778423489010415,4,0.23968447559307862,0.03668027153171475,4,0.0997531608283321,0.03810092247426153,4,0.10838420723108709,0.03937917632469088,4,0.9957986027002335,0.16692266164372954,4,0.27448052167892456,0.011393875307387277,4,0.35992200672626495,0.015907626955354654,4,0.2744469797907064,0.03354961731591907,4,0.23340473593301678,0.029105180424336855,4,0.058935014629928784,0.028879736717401863,4,0.0761653273327739,0.01772902280734825,4,0.9495020508766174,0.11487151261659818,4,33.0,26.115129714401192,4,0.9957986027002335,0.16692266164372954,4,179761.0,0.0,4,179761.0,0.0,4
random_all_per_seed,all_rows,0.15,0.15,False,False,B3_with_RC_weighted_bcap_10,10.0,0.0002,1e-05,random,branched_only,1,268,SKNSH,0.26491880416870117,0.021616461102551863,4,0.34157032519578934,0.030055498308104334,4,0.40317756395733767,0.030850394346314963,4,0.33570210651441584,0.056484919976313816,4,0.1498435294935369,0.03105188926685733,4,0.16326595820206546,0.02401006531663841,4,0.8469842225313187,0.030936019658973992,4,0.28296858817338943,0.006420057193030426,4,0.36892589181661606,0.00959258898386217,4,0.3153540034224141,0.05095683200719335,4,0.23763017817209803,0.039050249172004795,4,0.09217997511529855,0.035279587447874704,4,0.10139559652070095,0.03178524539485829,4,1.0039989799261093,0.16811513553033888,4,0.2772851139307022,0.01333827266413583,4,0.3625228703022003,0.017509426802909574,4,0.256422232392259,0.050598056179133204,4,0.22157627484986417,0.04496261411011244,4,0.045149631068885615,0.04432180298489114,4,0.06767248373185969,0.025883643459702954,4,0.9622953236103058,0.10823772428548149,4,50.5,30.005555041247497,4,1.0039989799261093,0.16811513553033888,4,179761.0,0.0,4,179761.0,0.0,4
random_all_per_seed,all_rows,0.15,0.15,False,False,B3_with_RC_weighted_bcap_10,10.0,0.0002,1e-05,random,branched_only,1,536,HepG2,0.26804109662771225,0.01839528545531083,4,0.3449251279234886,0.02299770115817112,4,0.4026385431853834,0.0582360438364718,4,0.34265739247167715,0.06343219898437452,4,0.14879967674929473,0.0660441650239536,4,0.16466137405974046,0.043953949484968884,4,0.8496123403310776,0.06592089268787994,4,0.28043513745069504,0.009236377435541341,4,0.36421313881874084,0.011677839567980998,4,0.3415421125470345,0.04738240221686943,4,0.23806875741299693,0.033397312561103835,4,0.11540152728775827,0.035761595108636746,4,0.11833483367297207,0.03370790511398284,4,0.9530548602342606,0.11249400601420909,4,0.27376066893339157,0.010837499362048421,4,0.3596898913383484,0.015343733493735112,4,0.2801043483021025,0.036769462050204885,4,0.23104015360470176,0.025124777586558,4,0.059832118778783305,0.03775771682989211,4,0.07947244094234167,0.02015239433634827,4,0.9274115860462189,0.09687602979032649,4,31.0,20.412414523193153,4,0.9530548602342606,0.11249400601420909,4,179761.0,0.0,4,179761.0,0.0,4
random_all_per_seed,all_rows,0.15,0.15,False,False,B3_with_RC_weighted_bcap_10,10.0,0.0002,1e-05,random,branched_only,1,536,K562,0.26730749756097794,0.016059645652675914,4,0.34411293268203735,0.02091030669346905,4,0.4077956403395556,0.04582088440975178,4,0.33523931318033595,0.0682761131490381,4,0.15275195852091042,0.05704918123240833,4,0.1678719493660171,0.03677639729282297,4,0.8456674218177795,0.05694277156868334,4,0.28072307258844376,0.00910452640995451,4,0.3657703325152397,0.014856410791619196,4,0.3344179215265253,0.05379478151724531,4,0.23686993184226143,0.029377643406035204,4,0.10800296930966724,0.04256964406847761,4,0.11400575512698734,0.037850398028203024,4,0.96143838763237,0.12049527688645456,4,0.2738073319196701,0.01210562565684301,4,0.35895886272192,0.016211055152834334,4,0.2871742326868467,0.03655733406927487,4,0.24160680747551982,0.03119926044163491,4,0.06380036771687872,0.03755039268696681,4,0.08347136892496859,0.020679225240302995,4,0.9242544919252396,0.10653650545381467,4,30.0,23.021728866442675,4,0.96143838763237,0.12049527688645456,4,179761.0,0.0,4,179761.0,0.0,4
random_all_per_seed,all_rows,0.15,0.15,False,False,B3_with_RC_weighted_bcap_10,10.0,0.0002,1e-05,random,branched_only,1,536,SKNSH,0.2645489014685154,0.016400599073246237,4,0.3400377854704857,0.020197834273640428,4,0.42243120360502373,0.060638201333609115,4,0.36290608429941085,0.07575700079674146,4,0.1726917453759313,0.05389708784330283,4,0.1812058653749205,0.04820598921903042,4,0.82576484978199,0.05379652544940377,4,0.28146977722644806,0.007788109038438811,4,0.36594800651073456,0.012349045125914108,4,0.33268191999213015,0.037078004536971125,4,0.23938018156127414,0.02842418262746705,4,0.10722552793066117,0.029023593481465146,4,0.11170834370498282,0.025829426967316788,4,0.962716355919838,0.11962364076517934,4,0.27558206766843796,0.012991154262848087,4,0.35983235388994217,0.016266168216761637,4,0.2742702134917625,0.055874067419950574,4,0.2210739110068192,0.050624134523248245,4,0.058940107779681256,0.04719415744559802,4,0.07756558356635386,0.02938677922086939,4,0.928560420870781,0.10390043239062038,4,45.25,28.312247055529404,4,0.962716355919838,0.11962364076517934,4,179761.0,0.0,4,179761.0,0.0,4
random_all_per_seed,all_rows,0.15,0.15,False,False,B3_with_RC_weighted_bcap_10,10.0,0.0002,1e-05,random,branched_only,1,938,HepG2,0.2580890879034996,0.008953987567443976,4,0.3349759206175804,0.012246528916770793,4,0.4378695266656215,0.023372023830991684,4,0.36334312507221916,0.017114166678025605,4,0.1890174480052934,0.02074409989546016,4,0.19213941100584275,0.020509887815332282,4,0.8101179897785187,0.020721991120520505,4,0.27705128490924835,0.005150543456016317,4,0.3617367744445801,0.007023154599075055,4,0.36277931822313414,0.06302456635020376,4,0.24448986811865445,0.06527201220530267,4,0.12691323046316927,0.03756809993031839,4,0.13458790570316548,0.04541232378853548,4,0.9470710456371307,0.06950366589566492,4,0.27087948471307755,0.011263321432542292,4,0.3554663583636284,0.015213126705154047,4,0.29775373592636234,0.031021761047175998,4,0.22366003881880586,0.04467201190461861,4,0.08211284323312609,0.022815583210884224,4,0.08937904950195699,0.01850644097406678,4,0.916018933057785,0.10500412423918472,4,43.0,14.491376746189438,4,0.9470710456371307,0.06950366589566492,4,179761.0,0.0,4,179761.0,0.0,4
random_all_per_seed,all_rows,0.15,0.15,False,False,B3_with_RC_weighted_bcap_10,10.0,0.0002,1e-05,random,branched_only,1,938,K562,0.2604704722762108,0.003202774681878185,4,0.3379402756690979,0.00506913536475091,4,0.41977237616152757,0.033183261043451706,4,0.3416671682153617,0.03990669408153748,4,0.17374304931286577,0.028096641758294662,4,0.1770346943984034,0.027619817385656477,4,0.825376108288765,0.028066597818586832,4,0.27608682215213776,0.004352808743871657,4,0.3613537475466728,0.007801757924361356,4,0.3672808016901756,0.05673220151177313,4,0.25311248067217446,0.04936028984176423,4,0.12892005027201203,0.03417664046164975,4,0.13730909430645738,0.04089647172471377,4,0.9448291510343552,0.0657297785986004,4,0.2713679224252701,0.011106883999508991,4,0.35556185990571976,0.015162754478317306,4,0.29283180629307703,0.036149168715469415,4,0.22559661388310107,0.03151668304729475,4,0.0816230711971761,0.021789123963749806,4,0.0867305385759808,0.020992002134707078,4,0.9168407768011093,0.10926139957015611,4,39.75,9.810708435174293,4,0.9448291510343552,0.0657297785986004,4,179761.0,0.0,4,179761.0,0.0,4
random_all_per_seed,all_rows,0.15,0.15,False,False,B3_with_RC_weighted_bcap_10,10.0,0.0002,1e-05,random,branched_only,1,938,SKNSH,0.26019152998924255,0.006554930000324017,4,0.33764103055000305,0.009258347346282949,4,0.4225653179886048,0.02543329750245589,4,0.3568150764477738,0.037984273479604064,4,0.17567775187321374,0.02150399855270573,4,0.17904658743319704,0.021276946149011527,4,0.8234434574842453,0.02148105447277263,4,0.27788062393665314,0.005382449621334009,4,0.36273663491010666,0.008869109588931438,4,0.35699493369361956,0.05535579168731613,4,0.25398379533272564,0.04895306458856949,4,0.12236134970238524,0.033199598304635786,4,0.12974358043790896,0.03957057655971107,4,0.952560767531395,0.076730059379358,4,0.271054171025753,0.010687990125506013,4,0.3551788106560707,0.014836216671140668,4,0.29823476522310566,0.028286592010620556,4,0.2300609517760943,0.03453114707031644,4,0.08363058806614818,0.016516092773203227,4,0.08954407365336245,0.01668720599249833,4,0.9147233963012695,0.10647729935136999,4,48.25,7.182153808805082,4,0.952560767531395,0.076730059379358,4,179761.0,0.0,4,179761.0,0.0,4
random_all_per_seed,all_rows,0.15,0.15,False,False,B3_with_RC_weighted_bcap_10,10.0,0.0002,1e-05,random,branched_only,1,1340,HepG2,0.2625357285141945,0.006851259148613197,4,0.34234461188316345,0.01083656732966153,4,0.42092622306197713,0.011073344578439583,4,0.3459125039785879,0.019471971621810764,4,0.17457582599067165,0.009712807608828743,4,0.17727084948133598,0.009327405312602776,4,0.824808195233345,0.009705530469520973,4,0.2746924087405205,0.00623964896238931,4,0.3591254875063896,0.009355646122131803,4,0.3820943541105958,0.059077359097437325,4,0.26139158244371263,0.047451469434901125,4,0.13956932170391423,0.039634719503922125,4,0.14861369621163903,0.04445564507197246,4,0.9106423407793045,0.08130003241069676,4,0.26958587765693665,0.00999005550343029,4,0.35319146513938904,0.014702652164066386,4,0.31177713328316825,0.027595385618366948,4,0.22909296082345657,0.02791300675147838,4,0.09382901599909552,0.01768453428001161,4,0.09777610981884025,0.017151328363457397,4,0.8804278522729874,0.08687302208714723,4,43.25,6.1846584384264895,4,0.9106423407793045,0.08130003241069676,4,179761.0,0.0,4,179761.0,0.0,4
random_all_per_seed,all_rows,0.15,0.15,False,False,B3_with_RC_weighted_bcap_10,10.0,0.0002,1e-05,random,branched_only,1,1340,K562,0.2638056203722954,0.006259715057993901,4,0.34426432847976685,0.010321208991353815,4,0.41069606677428294,0.010657091577885684,4,0.33168481121378923,0.015892863373185132,4,0.16523486057083064,0.008891333448050704,4,0.16875643946454089,0.008727587903559132,4,0.8341422080993652,0.008884681235892734,4,0.2741762474179268,0.00603070105333124,4,0.3587660416960716,0.008777775193210319,4,0.3838502641229597,0.0593265629907582,4,0.2650273096301535,0.05175267428026728,4,0.1412584766829819,0.03910848259617992,4,0.14998075607448824,0.04467524568039822,4,0.908745676279068,0.07920889075714635,4,0.26957814395427704,0.01117709510934144,4,0.35335957258939743,0.01624671793558791,4,0.3093224499721526,0.03648443779346815,4,0.23103989888934673,0.03670527752737884,4,0.0931192007613891,0.02415810238217093,4,0.09667871370760392,0.0224156847968807,4,0.8815467953681946,0.09427790276752986,4,42.25,6.13052471924984,4,0.908745676279068,0.07920889075714635,4,179761.0,0.0,4,179761.0,0.0,4
random_all_per_seed,all_rows,0.15,0.15,False,False,B3_with_RC_weighted_bcap_10,10.0,0.0002,1e-05,random,branched_only,1,1340,SKNSH,0.26371754705905914,0.0059688573161936695,4,0.34416021406650543,0.009738318879898929,4,0.4124022794222049,0.015560099542865477,4,0.3381254030512908,0.02467612928202997,4,0.16568748809498796,0.008338603771516588,4,0.1702572275959683,0.013002778904241343,4,0.8336899131536484,0.008332323356899402,4,0.2757866159081459,0.006797575456428255,4,0.36011237651109695,0.009698839443856877,4,0.3760297079938685,0.058009913409270926,4,0.26112523567224605,0.052552550860157234,4,0.1349439093959556,0.03747484097523751,4,0.1439222038342673,0.04356057793551244,4,0.9160345643758774,0.08731684009802841,4,0.26900944858789444,0.01007471054180435,4,0.35271018743515015,0.015168918499427258,4,0.31544256484187,0.02939298881771197,4,0.23562889066507373,0.033531844219195084,4,0.09636377646112224,0.01837176659433378,4,0.10015197255774597,0.01820990026693205,4,0.8781428188085556,0.08947352663639027,4,51.5,4.725815626252608,4,0.9160345643758774,0.08731684009802841,4,179761.0,0.0,4,179761.0,0.0,4
random_all_per_seed,all_rows,0.15,0.15,False,False,B3_with_RC_weighted_bcap_10,10.0,0.0002,1e-05,random,branched_only,1,2011,HepG2,0.26082783192396164,0.002411481594713893,4,0.3398307114839554,0.004114480703698069,4,0.42661222111627356,0.012226485109082145,4,0.3425379291050945,0.010453366106202138,4,0.1807226289695804,0.011601440108808694,4,0.18211010240935227,0.010343678159118491,4,0.8188699632883072,0.011595633299825539,4,0.2735265865921974,0.006102115527647589,4,0.3574545979499817,0.008287436621297262,4,0.38925970903026347,0.05261364658981224,4,0.2620819767957904,0.0414872134825942,4,0.14758157517048875,0.03601460891625343,4,0.15359926792993361,0.04077263889048666,4,0.9074654877185822,0.06565057275923904,4,0.2701345831155777,0.01015961157740287,4,0.3530140221118927,0.014239556319782383,4,0.31477742712525586,0.022771394949582205,4,0.22847603916386702,0.03328114141000826,4,0.09470539257908739,0.014718285292145623,4,0.09947373094855816,0.014272390813900922,4,0.8859427720308304,0.08913205798918104,4,39.25,8.015609770940697,4,0.9074654877185822,0.06565057275923904,4,179761.0,0.0,4,179761.0,0.0,4
random_all_per_seed,all_rows,0.15,0.15,False,False,B3_with_RC_weighted_bcap_10,10.0,0.0002,1e-05,random,branched_only,1,2011,K562,0.26241619884967804,0.0041719875338542284,4,0.3422582969069481,0.006059304229040208,4,0.4134609622954252,0.014866885186814498,4,0.32851454698579263,0.006863704648861515,4,0.16906640225640435,0.012966065757895865,4,0.1711157355486275,0.012248022225495802,4,0.8305204212665558,0.0129596617527616,4,0.27359507977962494,0.0065842491429274255,4,0.35784095525741577,0.008660644944712009,4,0.3884170225506266,0.0525168622994938,4,0.26495799421683414,0.04444050298079088,4,0.14581238490381307,0.034647582100771825,4,0.152936299026432,0.04063422944039003,4,0.9094478785991669,0.06671171217295131,4,0.2695826217532158,0.010518242536587301,4,0.352986641228199,0.015197957296918066,4,0.3147834136099066,0.03017883219301392,4,0.23673733312559705,0.03625774372700064,4,0.09492330770631713,0.020096410121785247,4,0.09977166891830608,0.018764366758794296,4,0.8861135244369507,0.09526449414670247,4,36.5,5.916079783099615,4,0.9094478785991669,0.06671171217295131,4,179761.0,0.0,4,179761.0,0.0,4
random_all_per_seed,all_rows,0.15,0.15,False,False,B3_with_RC_weighted_bcap_10,10.0,0.0002,1e-05,random,branched_only,1,2011,SKNSH,0.26090671867132187,0.00362193844968983,4,0.34050076454877853,0.004574908777626688,4,0.4234976838250487,0.020855359902641857,4,0.3404729772447422,0.017097232171709564,4,0.17744800457271973,0.016369036370767535,4,0.17967649773268246,0.01800771929614524,4,0.8221429884433746,0.016360923736559917,4,0.27350910007953644,0.006721526565516744,4,0.35758595168590546,0.008901904674943164,4,0.3896951615831356,0.05038369166266191,4,0.2752569224074611,0.04010025121722376,4,0.14707343141915177,0.03393841173614323,4,0.15376620625047482,0.03926720530092325,4,0.908331423997879,0.07014230509079775,4,0.2688792794942856,0.011041953290701784,4,0.35192250460386276,0.015151779073210752,4,0.32219745748142486,0.026068703932290663,4,0.24045491644872807,0.03937670500034667,4,0.10041044276585512,0.017756100169830303,4,0.10432088460102666,0.01675069173499609,4,0.8806556910276413,0.09271767319752505,4,50.75,11.116804097101529,4,0.908331423997879,0.07014230509079775,4,179761.0,0.0,4,179761.0,0.0,4
random_all_per_seed,all_rows,0.15,0.15,False,False,B3_with_RC_weighted_bcap_10,10.0,0.0002,1e-05,random,branched_only,1,2681,HepG2,0.26206735521554947,0.004017255923473326,4,0.3424312397837639,0.005119173570219549,4,0.42844831300391606,0.02393021558746479,4,0.33820044626471607,0.018510030807467503,4,0.18145286460980362,0.01955451544205126,4,0.18399744832944853,0.020612268165243103,4,0.8182418048381805,0.019547269855422194,4,0.2740557938814163,0.006343559494680225,4,0.3569410666823387,0.009047191439378401,4,0.3938507053619899,0.045482586272946005,4,0.2682551475151175,0.040169249174243506,4,0.15024893719299054,0.03067481601997173,4,0.15666987735469395,0.0357663511303756,4,0.8899731040000916,0.05771661640319266,4,0.26886770129203796,0.011344153439810096,4,0.35185784846544266,0.015071844494237291,4,0.323101579021283,0.02713620954183628,4,0.2390733659615939,0.03588279498285141,4,0.10070896474292365,0.0188976071916336,4,0.10494691076727022,0.0173963252838413,4,0.8656173795461655,0.0809251900572037,4,37.25,12.338962679253067,4,0.8899731040000916,0.05771661640319266,4,179761.0,0.0,4,179761.0,0.0,4
random_all_per_seed,all_rows,0.15,0.15,False,False,B3_with_RC_weighted_bcap_10,10.0,0.0002,1e-05,random,branched_only,1,2681,K562,0.26500504463911057,0.0025522296209186707,4,0.34640293568372726,0.0036175098691559977,4,0.40615734340232795,0.006039982794271343,4,0.3190879458943507,0.009152593092048035,4,0.16245093010516043,0.005496620640134035,4,0.16499114864375286,0.004890105378204683,4,0.8372366577386856,0.005494566887499726,4,0.2728660777211189,0.006571589198305232,4,0.3572753816843033,0.008895969058318253,4,0.39205672471346475,0.04913733573964012,4,0.26614645968706885,0.03591116141368316,4,0.14856248524252103,0.033503893830608526,4,0.15551933371574206,0.038388219979834264,4,0.8916323184967041,0.0573658817739415,4,0.2694586366415024,0.0110822577935312,4,0.3527853190898895,0.015536070306840942,4,0.31663306870648833,0.032392884115142184,4,0.23883468823299733,0.03698459996645129,4,0.09600009079012758,0.02101960408530122,4,0.10104347440446051,0.02034132232930796,4,0.8702690452337265,0.083434137317483,4,27.25,10.436314802968846,4,0.8916323184967041,0.0573658817739415,4,179761.0,0.0,4,179761.0,0.0,4
random_all_per_seed,all_rows,0.15,0.15,False,False,B3_with_RC_weighted_bcap_10,10.0,0.0002,1e-05,random,branched_only,1,2681,SKNSH,0.2646603435277939,0.001978626239649369,4,0.3460191339254379,0.001939782639944164,4,0.4076909551875253,0.014079378548242363,4,0.3255489877537091,0.010765541827041715,4,0.1642245009588817,0.010153125469044113,4,0.16636058661694528,0.011381883952016938,4,0.8354637622833252,0.010149321039442676,4,0.273926705121994,0.006375900832731168,4,0.3581259250640869,0.009142546965891821,4,0.38651908090763076,0.0494864250981457,4,0.26964195085563164,0.040139510102294586,4,0.14453248998454862,0.03338686757087889,4,0.1512336796074254,0.03821464892228159,4,0.8959147781133652,0.058676258558737045,4,0.2694757282733917,0.010607124894127472,4,0.3521334007382393,0.014464047471731831,4,0.3222085919935541,0.026719806373019017,4,0.23822710876360045,0.03552435532397983,4,0.09922868242898436,0.01689868520758078,4,0.10435383779392735,0.017165538828307503,4,0.8668618202209473,0.07812577795171625,4,34.0,10.739335795724674,4,0.8959147781133652,0.058676258558737045,4,179761.0,0.0,4,179761.0,0.0,4
random_all_per_seed,all_rows,0.15,0.15,False,False,B3_with_RC_weighted_bcap_10,10.0,0.0002,1e-05,random,conv3_plus,1,134,HepG2,0.26287344843149185,0.03634523585068453,4,0.34078022837638855,0.04414266996404672,4,0.42022043337724746,0.06956130403546422,4,0.3739858657342958,0.07262522660317164,4,0.1554386686204577,0.09500147949711997,4,0.1802142938920974,0.05473906864096751,4,0.8382586389780045,0.09429255854629122,4,0.2863815724849701,0.006375900949977369,4,0.37209951877593994,0.005697153768450377,4,0.3032833072597848,0.044155250108978174,4,0.22538993240863703,0.03991957471764683,4,0.07587840431225315,0.04580918917825347,4,0.09344302904657285,0.02614451480131885,4,1.0314208269119263,0.25331629696325236,4,0.27965211123228073,0.011460720517237184,4,0.36789826303720474,0.016119915559730948,4,0.233606613333195,0.012352404778595774,4,0.19950221435596738,0.021169222730755746,4,0.016961942613422737,0.01741560891561302,4,0.05468648622086558,0.0057673362189218326,4,0.9961876720190048,0.17743891049444493,4,22.5,14.6401275039985,4,1.0314208269119263,0.25331629696325236,4,179761.0,0.0,4,3063361.0,0.0,4
random_all_per_seed,all_rows,0.15,0.15,False,False,B3_with_RC_weighted_bcap_10,10.0,0.0002,1e-05,random,conv3_plus,1,134,K562,0.27292756736278534,0.03494960859485272,4,0.3510364517569542,0.04280749233245761,4,0.36714290219248213,0.03403034656212331,4,0.32795631668134684,0.07105359224449828,4,0.10479691103468289,0.060659985321295594,4,0.13566245899567214,0.02465497326268297,4,0.8885224461555481,0.06020726727390166,4,0.28470034152269363,0.008545166473096128,4,0.3714083954691887,0.011982275470799948,4,0.31067439748275105,0.03471884896948467,4,0.229793668472361,0.022217160542913846,4,0.08027103445331113,0.031744400242208544,4,0.09742263010659478,0.02152050788633333,4,1.0289068073034286,0.2574402227586423,4,0.2779926732182503,0.013304609193767046,4,0.36345209926366806,0.018513351454323174,4,0.2698939036838125,0.03549240108722349,4,0.2241244462870124,0.02762468962253294,4,0.04051284823235382,0.04160712385273625,4,0.07378750214688931,0.01811159475913684,4,0.9732051342725754,0.18023800300120488,4,16.25,9.105858919765158,4,1.0289068073034286,0.2574402227586423,4,179761.0,0.0,4,3063361.0,0.0,4
random_all_per_seed,all_rows,0.15,0.15,False,False,B3_with_RC_weighted_bcap_10,10.0,0.0002,1e-05,random,conv3_plus,1,134,SKNSH,0.26639754325151443,0.03207113601399638,4,0.3438142314553261,0.0400737522296546,4,0.4066759426120885,0.040449779152200785,4,0.3698941621959683,0.06591482987713043,4,0.1398961272563284,0.06874899460744992,4,0.16661246077452707,0.03288867691217505,4,0.853685274720192,0.06823597312486242,4,0.2920414134860039,0.004640188332359576,4,0.3787544071674347,0.004969512446528385,4,0.2750671278537371,0.04266168340265941,4,0.22252543248890083,0.04418890386779939,4,0.042062991711734055,0.05832299161803859,4,0.07702693924876572,0.023074313294307976,4,1.0676192790269852,0.25950588495859106,4,0.28492628782987595,0.015163570716271065,4,0.3714422509074211,0.01794923317922193,4,0.22955527789752458,0.025880022612893072,4,0.20596996892533714,0.02986975446183034,4,-0.0023443244515344297,0.04456064380517075,4,0.053197957288442635,0.011909518369975907,4,1.0138707756996155,0.16872561429489374,4,15.0,8.640987597877148,4,1.0676192790269852,0.25950588495859106,4,179761.0,0.0,4,3063361.0,0.0,4
random_all_per_seed,all_rows,0.15,0.15,False,False,B3_with_RC_weighted_bcap_10,10.0,0.0002,1e-05,random,conv3_plus,1,268,HepG2,0.2498030811548233,0.02613542216963169,4,0.32600709795951843,0.03485259066322838,4,0.47925709804409933,0.050079734927166754,4,0.4109815648736527,0.04508159003041737,4,0.22701982510395666,0.04700245787956141,4,0.2315683509134329,0.048520760914313066,4,0.7700959146022797,0.04682714072053589,4,0.2821749374270439,0.0060660582682145435,4,0.3678436502814293,0.007862874034445105,4,0.32707640291685597,0.06630825319683266,4,0.2382982399467185,0.0511352041739023,4,0.0970061225555428,0.04548562794269345,4,0.11027656167654096,0.04242635505421076,4,0.9973371922969818,0.15962910262227564,4,0.27668696641921997,0.010365055222472419,4,0.36344827711582184,0.015194137464757161,4,0.2490275284371069,0.014350159492994998,4,0.21028760336101437,0.02234430233634332,4,0.040526094172438826,0.011282001834309567,4,0.06216915522759988,0.007021104073586735,4,0.9686663597822189,0.12147316604909701,4,26.0,10.360180178613367,4,0.9973371922969818,0.15962910262227564,4,179761.0,0.0,4,3063361.0,0.0,4
random_all_per_seed,all_rows,0.15,0.15,False,False,B3_with_RC_weighted_bcap_10,10.0,0.0002,1e-05,random,conv3_plus,1,268,K562,0.2578624598681927,0.03455171229069645,4,0.33363597095012665,0.0454012741015638,4,0.44744726059244605,0.09390551764583194,4,0.3890436838315221,0.09973930176489584,4,0.19163573662010933,0.09834319892666615,4,0.20682273569493306,0.09168042481808723,4,0.8053479790687561,0.09797627144351286,4,0.2814546450972557,0.00793351847051122,4,0.36785946786403656,0.012415976652893956,4,0.32316652488706893,0.05157141447431896,4,0.2309439722418091,0.02352682015417782,4,0.09755161004387036,0.04023791043837939,4,0.10643131090074605,0.03428245748695991,4,0.9975909143686295,0.1631564013277982,4,0.27525994926691055,0.011810039032436914,4,0.3610938787460327,0.01703434141125107,4,0.2783932972846509,0.03696280643771328,4,0.23182390661014807,0.02492299235519708,4,0.05283937062735358,0.035089038481974665,4,0.0785275147678339,0.01991248888496156,4,0.9559016078710556,0.11999640438384605,4,23.25,17.114808402861737,4,0.9975909143686295,0.1631564013277982,4,179761.0,0.0,4,3063361.0,0.0,4
random_all_per_seed,all_rows,0.15,0.15,False,False,B3_with_RC_weighted_bcap_10,10.0,0.0002,1e-05,random,conv3_plus,1,268,SKNSH,0.24591431394219398,0.01742392300907917,4,0.320760078728199,0.0262984059857314,4,0.5041895248373482,0.05084610887097996,4,0.43756167454754685,0.08301885966972528,4,0.2491255235794008,0.046124621574883055,4,0.2561460720462007,0.05101260243093408,4,0.7480726540088654,0.04595254277254065,4,0.28448542952537537,0.0043112285951940055,4,0.36978916823863983,0.008109928712516683,4,0.3215677690993001,0.04693229790492193,4,0.24304435566260302,0.04070062228230921,4,0.0876295908740401,0.04085960897705598,4,0.10505781056347806,0.029655124833684307,4,1.008263111114502,0.16465890456616467,4,0.27646898478269577,0.012587699991543818,4,0.36128055304288864,0.01688914001754049,4,0.2674500382495243,0.03975777787780536,4,0.22638473648269603,0.04219357668154287,4,0.05203274018496845,0.02685036238540385,4,0.07271503363600768,0.02125782995991167,4,0.9561628550291061,0.11248310264818874,4,33.75,13.425721582097552,4,1.008263111114502,0.16465890456616467,4,179761.0,0.0,4,3063361.0,0.0,4
random_all_per_seed,all_rows,0.15,0.15,False,False,B3_with_RC_weighted_bcap_10,10.0,0.0002,1e-05,random,conv3_plus,1,536,HepG2,0.24770371243357658,0.014574549878035234,4,0.3221678137779236,0.018757959668655778,4,0.512016983542418,0.020562913208296507,4,0.43615210429068674,0.039171278992309294,4,0.25820281232384523,0.01980736087075539,4,0.2624785164855857,0.02091965159561134,4,0.7404133081436157,0.019770416667154785,4,0.2801402136683464,0.006377063549415672,4,0.36448799818754196,0.009346324853907687,4,0.35443817004439526,0.0541061844689493,4,0.2426135336561836,0.044799743666709066,4,0.11365534353758969,0.04120311382425418,4,0.12782202578276064,0.03808548744958651,4,0.9540258646011353,0.10512561356429026,4,0.2743163928389549,0.00994751198135616,4,0.36074037104845047,0.013923019940176029,4,0.28155225228828273,0.013655443717371242,4,0.22870347093712456,0.021542261395064564,4,0.05460714330092781,0.008152464834719592,4,0.07941152412594352,0.007718038957959793,4,0.9329380542039871,0.0969521438123973,4,22.75,4.031128874149275,4,0.9540258646011353,0.10512561356429026,4,179761.0,0.0,4,3063361.0,0.0,4
random_all_per_seed,all_rows,0.15,0.15,False,False,B3_with_RC_weighted_bcap_10,10.0,0.0002,1e-05,random,conv3_plus,1,536,K562,0.2516208812594414,0.023321292810037333,4,0.32545094937086105,0.029164542505886723,4,0.4940090460320397,0.07373981421297227,4,0.4252409847275598,0.04246277728467046,4,0.24344843790150952,0.06769865622135077,4,0.24812310771160867,0.06826366814040763,4,0.7551401853561401,0.06757243612595736,4,0.2788795083761215,0.007047949197699601,4,0.3645396903157234,0.011150793387946695,4,0.3509972844983147,0.05869315841308671,4,0.24552596526813072,0.03667771957153379,4,0.1135423823137558,0.042264704931506025,4,0.12578275885856866,0.03987012168724561,4,0.954074963927269,0.10485477313067575,4,0.2744259387254715,0.012485003167768148,4,0.3584744408726692,0.017183289735723372,4,0.2910817468085603,0.032936072429889,4,0.22349515318776966,0.040706564573355725,4,0.06669892288092813,0.030146444766372436,4,0.08554217197545298,0.019627035965610214,4,0.9215361922979355,0.10660895119664408,4,20.5,6.60807586719967,4,0.954074963927269,0.10485477313067575,4,179761.0,0.0,4,3063361.0,0.0,4
random_all_per_seed,all_rows,0.15,0.15,False,False,B3_with_RC_weighted_bcap_10,10.0,0.0002,1e-05,random,conv3_plus,1,536,SKNSH,0.24733960255980492,0.02126691457602441,4,0.32046524435281754,0.026710724958114832,4,0.5190342107272219,0.05833612524851042,4,0.4605197023120289,0.04721301264918337,4,0.26622443097259507,0.060119266712183546,4,0.27194883953698756,0.0590612626660562,4,0.7324066460132599,0.06000714820673224,4,0.2818839028477669,0.00465033867752746,4,0.36576664447784424,0.007446309799149119,4,0.3433828906726468,0.05917475783234957,4,0.2502492197558772,0.04735138454991752,4,0.10735509836423301,0.03919445035848411,4,0.12053804858009085,0.03914414668234105,4,0.9604086726903915,0.09994040572728377,4,0.275949127972126,0.010963956790848849,4,0.3599640354514122,0.015058104094080215,4,0.28537959771432525,0.02148254524922244,4,0.22278764849957972,0.040366581472585414,4,0.058748088009951294,0.019452029232427125,4,0.08178763960437878,0.012428769502025375,4,0.9285766780376434,0.09393411189176208,4,24.75,5.315072906367325,4,0.9604086726903915,0.09994040572728377,4,179761.0,0.0,4,3063361.0,0.0,4
random_all_per_seed,all_rows,0.15,0.15,False,False,B3_with_RC_weighted_bcap_10,10.0,0.0002,1e-05,random,conv3_plus,1,938,HepG2,0.2466091886162758,0.003781911830918461,4,0.32230520248413086,0.005085701864437071,4,0.4982230110085013,0.047962014813818565,4,0.41481380081650954,0.048727494525199845,4,0.24751355352938034,0.04967902527912643,4,0.2499514348471279,0.04846019404699112,4,0.751684233546257,0.04962600899036405,4,0.2777835726737976,0.005334217565590705,4,0.36137910187244415,0.007740432078851873,4,0.3647467308342853,0.060745410644403544,4,0.24846783530907945,0.055813308324461845,4,0.1285781530568295,0.0408051428334825,4,0.13580768134006652,0.04402101116979203,4,0.9451732933521271,0.07011563555015503,4,0.27275579422712326,0.009849723943844136,4,0.35768990963697433,0.013669809894855547,4,0.29731560957908165,0.022102730787452604,4,0.22315944524025524,0.024625072491843362,4,0.07033035004581506,0.023056831951265417,4,0.08876296973057787,0.013060840848548493,4,0.9271217733621597,0.09816398497660767,4,20.75,4.645786621588784,4,0.9451732933521271,0.07011563555015503,4,179761.0,0.0,4,3063361.0,0.0,4
random_all_per_seed,all_rows,0.15,0.15,False,False,B3_with_RC_weighted_bcap_10,10.0,0.0002,1e-05,random,conv3_plus,1,938,K562,0.24679658561944962,0.00466688753639413,4,0.321588471531868,0.007128731126806225,4,0.503853851944327,0.04051910879913106,4,0.41867828318022027,0.041584528777148314,4,0.2512654688307351,0.04338024074960904,4,0.25510005275254255,0.042031394197621585,4,0.7479362934827805,0.04333390978942351,4,0.27682626247406006,0.00538619980153373,4,0.36100881546735764,0.00943761124978435,4,0.36866761626213057,0.05369147283688855,4,0.24750837884004595,0.04305690610713263,4,0.13062981502508558,0.036981901101450984,4,0.1380778919719473,0.03827675664956534,4,0.9425317645072937,0.058259324105616024,4,0.27210207283496857,0.011707277834122114,4,0.3560945838689804,0.015912898985283218,4,0.3051287868643219,0.035458570773904456,4,0.22793338642603655,0.042367912457724574,4,0.0788011652104785,0.03125946361428908,4,0.09404655925428879,0.021593079733141916,4,0.9193828850984573,0.10834831586739162,4,21.25,2.9860788111948193,4,0.9425317645072937,0.058259324105616024,4,179761.0,0.0,4,3063361.0,0.0,4
random_all_per_seed,all_rows,0.15,0.15,False,False,B3_with_RC_weighted_bcap_10,10.0,0.0002,1e-05,random,conv3_plus,1,938,SKNSH,0.2504720762372017,0.003363996894396972,4,0.3261565938591957,0.005349288020676764,4,0.48474137051347144,0.04031474468667466,4,0.4068798694209977,0.04242596613021082,4,0.2298902584912038,0.04134974970480624,4,0.23619315526664242,0.038468202169525505,4,0.7692887485027313,0.041305666400930384,4,0.2791307792067528,0.005023329454901133,4,0.36368071287870407,0.007362512278411613,4,0.35037224627947716,0.05854560807968626,4,0.25213091980815333,0.05063965561041819,4,0.11758706570708427,0.036021547427724884,4,0.1253314021319918,0.04062541791720446,4,0.9571197181940079,0.06754043431738063,4,0.27309561520814896,0.011290860765001519,4,0.3569451794028282,0.015222669992662943,4,0.2958503989185959,0.02781939889882578,4,0.22485785932151844,0.0459630287195791,4,0.07450006304208925,0.02019724334051427,4,0.08810789775661133,0.016392847232432946,4,0.9235252290964127,0.1039181656930628,4,19.25,2.9860788111948193,4,0.9571197181940079,0.06754043431738063,4,179761.0,0.0,4,3063361.0,0.0,4
random_all_per_seed,all_rows,0.15,0.15,False,False,B3_with_RC_weighted_bcap_10,10.0,0.0002,1e-05,random,conv3_plus,1,1340,HepG2,0.25161632522940636,0.010604768723617743,4,0.33002232015132904,0.014536274245117409,4,0.4857618323916704,0.0365415310460671,4,0.39926768556182024,0.03764345796530286,4,0.2328233015893518,0.03656299690548378,4,0.23696602042690632,0.03643698916192613,4,0.7666041702032089,0.036535742695072135,4,0.2753736153244972,0.006217154686253882,4,0.3593708351254463,0.009393725366695553,4,0.37793681287718606,0.053173040120879374,4,0.2607631452690623,0.04633616734855504,4,0.13845942089181024,0.03784158131877506,4,0.14495676367453764,0.03963751280895097,4,0.911864623427391,0.08104740059629682,4,0.27012137323617935,0.009540790528123027,4,0.3545245826244354,0.01386547981289159,4,0.31246281726970404,0.020752118696849,4,0.23085660307266015,0.023359227668912987,4,0.08681072314276284,0.019602187442141834,4,0.09795599999892653,0.012962900721025161,4,0.8869088143110275,0.08264539480581881,4,19.0,4.760952285695233,4,0.911864623427391,0.08104740059629682,4,179761.0,0.0,4,3063361.0,0.0,4
random_all_per_seed,all_rows,0.15,0.15,False,False,B3_with_RC_weighted_bcap_10,10.0,0.0002,1e-05,random,conv3_plus,1,1340,K562,0.25431041419506073,0.006508998753805511,4,0.332602895796299,0.010285005964353893,4,0.47433610147050004,0.012124939047198758,4,0.37985924357554374,0.02276724448973608,4,0.22082997817605174,0.011706988191822011,4,0.2251049977684062,0.011503484962014409,4,0.778588593006134,0.011698318910131194,4,0.2750185653567314,0.005977923380706519,4,0.3591591417789459,0.010142951705134828,4,0.3802354610193722,0.05667661232769374,4,0.2569061932948471,0.045652682096924635,4,0.13941816457868003,0.04155464813306686,4,0.14698818460532231,0.04149634458723645,4,0.9104417562484741,0.07723257047884782,4,0.27020156383514404,0.010871798572564364,4,0.3533017486333847,0.01545776360945055,4,0.31842959325969544,0.028021346382085414,4,0.24056174295648675,0.038181047830699984,4,0.09332823190353834,0.021592535192195242,4,0.10198630275333369,0.017810733042940834,4,0.8810618370771408,0.08965936035371735,4,18.25,2.8722813232690143,4,0.9104417562484741,0.07723257047884782,4,179761.0,0.0,4,3063361.0,0.0,4
random_all_per_seed,all_rows,0.15,0.15,False,False,B3_with_RC_weighted_bcap_10,10.0,0.0002,1e-05,random,conv3_plus,1,1340,SKNSH,0.2561495937407017,0.009904721081767329,4,0.33446985483169556,0.014197120052741685,4,0.46461073830482214,0.018848805146758706,4,0.3740180197921207,0.012650002876897392,4,0.2124369870859226,0.019127891729244936,4,0.21612959623974728,0.017286512606479,4,0.7869752943515778,0.019113588670970235,4,0.2772524654865265,0.005643813000968293,4,0.3612828478217125,0.008720700763312123,4,0.366295104971164,0.05205944824655262,4,0.2549347466836772,0.03987166369202444,4,0.1293174476951701,0.03473245510019653,4,0.13620474353963766,0.037355676725271174,4,0.9215883910655975,0.08061088180570677,4,0.2709141820669174,0.010742533994847054,4,0.35421305894851685,0.014501452899971129,4,0.31177878813506227,0.021407939886387766,4,0.23228915591810265,0.03509663889540254,4,0.08856835086656839,0.01574721171083142,4,0.09754973764860245,0.013244446575628642,4,0.8854086697101593,0.08505870774876792,4,17.0,2.943920288775949,4,0.9215883910655975,0.08061088180570677,4,179761.0,0.0,4,3063361.0,0.0,4
random_all_per_seed,all_rows,0.15,0.15,False,False,B3_with_RC_weighted_bcap_10,10.0,0.0002,1e-05,random,conv3_plus,1,2011,HepG2,0.25301841646432877,0.003852333583507618,4,0.33027640730142593,0.0057215964318767,4,0.4772663906204984,0.021697003985236336,4,0.3791659556144332,0.019340559793850316,4,0.22605435501231763,0.02197783190725018,4,0.2281362776023697,0.020832989332179242,4,0.7735607922077179,0.021966953875886517,4,0.27460338175296783,0.005332785340463338,4,0.35742590576410294,0.007846153314628027,4,0.3887509214592482,0.04711081230660788,4,0.27096881662289746,0.04342543582964648,4,0.1477867343964142,0.03264557580211268,4,0.15279185041255589,0.03621303974211699,4,0.9071379601955414,0.06139189453692844,4,0.26949355006217957,0.009897958689794456,4,0.3534943610429764,0.013970004263902472,4,0.3216909275439256,0.022991065009725364,4,0.2385743973463287,0.02594145905870042,4,0.09208924878077016,0.022114413783261996,4,0.10388149466678225,0.014811423051872412,4,0.8883156031370163,0.08790185187970392,4,15.75,1.707825127659933,4,0.9071379601955414,0.06139189453692844,4,179761.0,0.0,4,3063361.0,0.0,4
random_all_per_seed,all_rows,0.15,0.15,False,False,B3_with_RC_weighted_bcap_10,10.0,0.0002,1e-05,random,conv3_plus,1,2011,K562,0.2541997507214546,0.0058165840579617175,4,0.33172041922807693,0.008372075387680778,4,0.46946989267065664,0.032973037655818084,4,0.3714524978518538,0.039573510123624124,4,0.21917695267736778,0.03283645383308445,4,0.2212173960333869,0.031914367790001175,4,0.7804347723722458,0.03282012879953288,4,0.27378927916288376,0.006114640867246079,4,0.3578357473015785,0.009011018393512359,4,0.3868765047642747,0.049517771738055626,4,0.269330604192969,0.04172535189902531,4,0.14584473171879714,0.0353449655653119,4,0.15151243722704852,0.037764575193205294,4,0.909285843372345,0.064887727429914,4,0.27038658410310745,0.011182710195877316,4,0.3537813425064087,0.01523401129420827,4,0.31827161393184794,0.02810935574513216,4,0.2348270963168246,0.04100728634718686,4,0.09076413424660956,0.025037629436469377,4,0.10188942214508807,0.017909023160560773,4,0.8900079280138016,0.09362604457595154,4,14.75,3.593976442141304,4,0.909285843372345,0.064887727429914,4,179761.0,0.0,4,3063361.0,0.0,4
random_all_per_seed,all_rows,0.15,0.15,False,False,B3_with_RC_weighted_bcap_10,10.0,0.0002,1e-05,random,conv3_plus,1,2011,SKNSH,0.2535896897315979,0.004163969070079075,4,0.3312753215432167,0.005987799286229667,4,0.4740000635368171,0.02395869229830573,4,0.37442289919087374,0.025871879373636265,4,0.22135167033711992,0.023446484101625923,4,0.2251065744353903,0.022774703297493815,4,0.7782610952854156,0.023434761858930328,4,0.27591127902269363,0.005782137443826558,4,0.3598276823759079,0.00790937347331298,4,0.3752423663160074,0.04867478327293948,4,0.2651198382264821,0.0423209066718419,4,0.13632500401757552,0.03206546588628867,4,0.1425837593734374,0.03630132615187348,4,0.9194246530532837,0.06325512841746224,4,0.2712273970246315,0.01100646232447495,4,0.35414353758096695,0.014455769241021264,4,0.3181447218212299,0.024389135352851445,4,0.23032447112346854,0.04191689427141257,4,0.08880772622975786,0.023176375538819134,4,0.10166218646515253,0.015475166573456869,4,0.8916502445936203,0.08992696067674902,4,15.5,2.380476142847617,4,0.9194246530532837,0.06325512841746224,4,179761.0,0.0,4,3063361.0,0.0,4
random_all_per_seed,all_rows,0.15,0.15,False,False,B3_with_RC_weighted_bcap_10,10.0,0.0002,1e-05,random,conv3_plus,1,2681,HepG2,0.25817498564720154,0.0050658281290456375,4,0.33758678287267685,0.0062578980558539435,4,0.4546491213719748,0.025549639405038776,4,0.35306464606126964,0.021634601511263365,4,0.20448004101113862,0.021246797719344086,4,0.2071954116196043,0.023258947547359403,4,0.7952232211828232,0.02123886972483031,4,0.27347665280103683,0.005527574913811258,4,0.35657963901758194,0.007895680006313391,4,0.393204398616368,0.04202390104235179,4,0.27715474408420504,0.04239203213791032,4,0.15189169190934754,0.030014037702528598,4,0.1559342052853727,0.032595789315015965,4,0.8879930973052979,0.05156382393945729,4,0.2684158533811569,0.009940865436525208,4,0.3523217663168907,0.014117074715081447,4,0.32683554955392463,0.021600644322322417,4,0.25021813751863853,0.02916454722637862,4,0.09816717610226303,0.019788156447990177,4,0.10717141732857054,0.014130598589947368,4,0.8677692711353302,0.07705437831488485,4,12.0,1.632993161855452,4,0.8879930973052979,0.05156382393945729,4,179761.0,0.0,4,3063361.0,0.0,4
random_all_per_seed,all_rows,0.15,0.15,False,False,B3_with_RC_weighted_bcap_10,10.0,0.0002,1e-05,random,conv3_plus,1,2681,K562,0.2594289928674698,0.005374499576063893,4,0.3392457962036133,0.006979595943641325,4,0.44658387489425877,0.026029462253412756,4,0.3454254342886894,0.0274236830321826,4,0.19667930841379247,0.02201909428095027,4,0.19994530699447233,0.022918355729379083,4,0.803021028637886,0.022010912045271266,4,0.27306362241506577,0.005474204910149887,4,0.3573745861649513,0.008947118056217989,4,0.3899869458286642,0.04306490417504402,4,0.2705265504392484,0.038350677377192124,4,0.14817255576807775,0.030757983518484328,4,0.1534807573954738,0.03310412243721986,4,0.8921083360910416,0.05728435154494342,4,0.26940400153398514,0.01090516592915581,4,0.352867990732193,0.015152754099806707,4,0.3202271162020142,0.027027975472000487,4,0.238486277419015,0.035677663924726384,4,0.0955500290597604,0.018759561013710534,4,0.10309328954464461,0.017211451086198065,4,0.8706057369709015,0.08150354968246551,4,11.25,2.6299556396765835,4,0.8921083360910416,0.05728435154494342,4,179761.0,0.0,4,3063361.0,0.0,4
random_all_per_seed,all_rows,0.15,0.15,False,False,B3_with_RC_weighted_bcap_10,10.0,0.0002,1e-05,random,conv3_plus,1,2681,SKNSH,0.2579937130212784,0.005924351364335672,4,0.33757055550813675,0.00746190986429105,4,0.4539430888227077,0.03097073077471973,4,0.35583842258998155,0.03344223395113456,4,0.2044599897608061,0.02900948743036467,4,0.2067837175134408,0.028152211389705736,4,0.7952432781457901,0.028998604855017585,4,0.27507784962654114,0.005431150092271144,4,0.358965165913105,0.007835561059662825,4,0.3801107272003579,0.04208625737990386,4,0.27023622992629714,0.04227208104732032,4,0.14054748362443115,0.028489614802582646,4,0.14581260472797053,0.03187714119512291,4,0.8998849093914032,0.051202148843102285,4,0.27028292417526245,0.010848337411551367,4,0.35323604196310043,0.014280518762491944,4,0.3215107710604258,0.0280486026236007,4,0.2381032816061487,0.04034523108482917,4,0.09345705768871107,0.02230339440268113,4,0.10395921898972202,0.017904375118063844,4,0.8723173439502716,0.07837156243004814,4,12.5,3.872983346207417,4,0.8998849093914032,0.051202148843102285,4,179761.0,0.0,4,3063361.0,0.0,4
random_all_per_seed,all_rows,0.15,0.15,False,False,B3_with_RC_weighted_bcap_10,10.0,0.0002,1e-05,random,full,1,134,HepG2,0.24648933485150337,0.033499148530098,4,0.3225870504975319,0.03950734312599289,4,0.508811800213786,0.09686477893651067,4,0.45878329371630505,0.10809921161188879,4,0.23902921740074748,0.11709146884533515,4,0.265926537085608,0.09602668645435852,4,0.7552919983863831,0.1162177015216027,4,0.2886163219809532,0.0071480956595238185,4,0.37471451610326767,0.005606295981172307,4,0.2999669658802147,0.04284305326373378,4,0.22610675585050158,0.03970096324145586,4,0.06247477428204415,0.05523630136959439,4,0.09135682602910124,0.025317974848999995,4,1.045012190937996,0.25036317838057826,4,0.2822752296924591,0.013237237367488542,4,0.37087298929691315,0.01795831670092764,4,0.23128720057518967,0.01729126835952046,4,0.2025158317385166,0.018778687180894555,4,0.0012056897067387051,0.024753041922343816,4,0.05371801012101873,0.007963776228817889,4,1.012412816286087,0.18288935405217585,4,14.75,6.020797289396147,4,1.045012190937996,0.25036317838057826,4,179761.0,0.0,4,3747661.0,0.0,4
random_all_per_seed,all_rows,0.15,0.15,False,False,B3_with_RC_weighted_bcap_10,10.0,0.0002,1e-05,random,full,1,134,K562,0.2508256770670414,0.038470114983938236,4,0.32601290196180344,0.04669072024138014,4,0.5046198327518705,0.05226918494950265,4,0.4586397309093684,0.04972461253523545,4,0.22962576768569495,0.0848208376355306,4,0.2566902263779897,0.05068933019322706,4,0.764625146985054,0.08418778626705337,4,0.2868334427475929,0.009701545699472604,4,0.37415821105241776,0.011280542490222614,4,0.3079896989299028,0.0357508256271072,4,0.22801186832913894,0.020859492458116975,4,0.06621358729949633,0.04201297369292638,4,0.09581624579669704,0.02239602029277551,4,1.0424179881811142,0.25001609034778893,4,0.2805549129843712,0.01485698333994931,4,0.36654850095510483,0.02062410849183724,4,0.26592657246258866,0.043226351640184575,4,0.21727303644131676,0.03357877983918466,4,0.02423371449667394,0.05020858018403077,4,0.07211833004879109,0.021269539903322907,4,0.9900498241186142,0.187911530333565,4,16.75,7.719024117939607,4,1.0424179881811142,0.25001609034778893,4,179761.0,0.0,4,3747661.0,0.0,4
random_all_per_seed,all_rows,0.15,0.15,False,False,B3_with_RC_weighted_bcap_10,10.0,0.0002,1e-05,random,full,1,134,SKNSH,0.24869903922080994,0.029119545540339214,4,0.3228965997695923,0.03796433242016449,4,0.5093856505575096,0.06687082134975043,4,0.46176291618357734,0.07703901607549743,4,0.23948856278118938,0.09071007045859428,4,0.26282752105489,0.0669409229256355,4,0.7548359781503677,0.09003314978525938,4,0.2932607904076576,0.006437814836405236,4,0.3805171996355057,0.004639332742756364,4,0.27542074681753437,0.041129708712939764,4,0.22245020154068051,0.043627885741812554,4,0.032680199142188227,0.06794376032442173,4,0.07712532748163684,0.022517366798806924,4,1.0760495215654373,0.25313317204602387,4,0.2865930497646332,0.01593258213408049,4,0.37318501621484756,0.019202072703940688,4,0.22963505519474542,0.026827028952761824,4,0.2050256916267369,0.029465420910154787,4,-0.011573093694749237,0.046091639096072154,4,0.05327202568611801,0.012393366545012455,4,1.022287517786026,0.16374351910678261,4,13.5,4.654746681256314,4,1.0760495215654373,0.25313317204602387,4,179761.0,0.0,4,3747661.0,0.0,4
random_all_per_seed,all_rows,0.15,0.15,False,False,B3_with_RC_weighted_bcap_10,10.0,0.0002,1e-05,random,full,1,268,HepG2,0.24159347265958786,0.023079181157608937,4,0.31667838990688324,0.03171952001136718,4,0.5250481496794391,0.04905659095455612,4,0.44973549827872844,0.05060340436602427,4,0.26964274701996505,0.05095496130803096,4,0.2774804713188647,0.05041573607345564,4,0.727632001042366,0.050764798427193975,4,0.28486429899930954,0.005551715872969209,4,0.3705664202570915,0.00614853319495235,4,0.31144028294283066,0.05444824648046303,4,0.2280229189013017,0.044822155490577824,4,0.08363389945499194,0.041654813074274585,4,0.09921850849810834,0.033264778359701846,4,1.0131555497646332,0.17026658713613657,4,0.2781663164496422,0.010279774178256073,4,0.366362601518631,0.01359268305363613,4,0.24020905952258442,0.015356405809885473,4,0.20918110499056802,0.023829025139700016,4,0.02480776155806047,0.010203802080108402,4,0.05787725667627292,0.00738267386094611,4,0.9847827404737473,0.12616259937981988,4,13.5,4.725815626252608,4,1.0131555497646332,0.17026658713613657,4,179761.0,0.0,4,3747661.0,0.0,4
random_all_per_seed,all_rows,0.15,0.15,False,False,B3_with_RC_weighted_bcap_10,10.0,0.0002,1e-05,random,full,1,268,K562,0.2506629601120949,0.03276687247240727,4,0.32563772797584534,0.0417137657124872,4,0.4882239423124973,0.07651122838463577,4,0.4067787607763411,0.07809843761570837,4,0.22948147368814084,0.08511162966763759,4,0.2427530938988511,0.07915208831509386,4,0.7676434516906738,0.08479402706885095,4,0.28375595808029175,0.007404007442813917,4,0.3707631677389145,0.010821437434198673,4,0.31300047090524896,0.04274769782311367,4,0.22703753111346645,0.021243938654124626,4,0.08326521627971484,0.03430150007440362,4,0.0993398190387898,0.02690912661177065,4,1.0142926424741745,0.17134252929658467,4,0.27771637588739395,0.01235522455177989,4,0.3631409555673599,0.017691263159386822,4,0.2719681375246705,0.04017718791745681,4,0.22484352237803062,0.02710251930392631,4,0.0421741717841598,0.03537512919954548,4,0.07517732265035405,0.02073347982181027,4,0.9671431481838226,0.12675523684923598,4,12.25,6.946221994724902,4,1.0142926424741745,0.17134252929658467,4,179761.0,0.0,4,3747661.0,0.0,4
random_all_per_seed,all_rows,0.15,0.15,False,False,B3_with_RC_weighted_bcap_10,10.0,0.0002,1e-05,random,full,1,268,SKNSH,0.24298687651753426,0.02873005812976365,4,0.3170647919178009,0.038029303300172596,4,0.5215940234472041,0.06736860440780854,4,0.4517781152208291,0.06282288966840481,4,0.26884591321501244,0.07136358176855169,4,0.2754642219407344,0.07040533149827267,4,0.7284258455038071,0.07109733754852067,4,0.2879018932580948,0.003752086754304617,4,0.3735395073890686,0.0055554106440262015,4,0.29419013281414874,0.05814044960687492,4,0.2289071214961626,0.050596445197676754,4,0.06878024616755435,0.04404320554056472,4,0.08908306815557367,0.03315773741591614,4,1.0293949246406555,0.17302606500194107,4,0.2797563970088959,0.013131669538866277,4,0.3648292049765587,0.016354439833385418,4,0.24880904686588762,0.030169323897004188,4,0.21694735651988833,0.03663486847139423,4,0.0331945924758828,0.02738757207991488,4,0.06258858288061321,0.015356867214714822,4,0.9745250046253204,0.1069685453140683,4,14.5,6.191391873668904,4,1.0293949246406555,0.17302606500194107,4,179761.0,0.0,4,3747661.0,0.0,4
random_all_per_seed,all_rows,0.15,0.15,False,False,B3_with_RC_weighted_bcap_10,10.0,0.0002,1e-05,random,full,1,536,HepG2,0.24636830016970634,0.022873714715517444,4,0.32071708887815475,0.027286866148039088,4,0.5163058396097049,0.059168239673201256,4,0.4377546499748037,0.04276088761537264,4,0.2649424612640222,0.0647334412449221,4,0.2691973804546014,0.06249712551229393,4,0.733686238527298,0.06461276645139037,4,0.2832384556531906,0.006547328780842898,4,0.36805370450019836,0.007847970305310635,4,0.3307636693982267,0.058646833802724535,4,0.2354779891166964,0.03951562764327107,4,0.09628734075630555,0.036264877374293264,4,0.1119841933300927,0.03811080938435805,4,0.9729857444763184,0.10756237164524265,4,0.27726683020591736,0.00946489091042252,4,0.3649175092577934,0.012753058053415254,4,0.25690341433690506,0.01771615786280163,4,0.22114004390935987,0.021209571350607012,4,0.03237705107363659,0.009624587486842548,4,0.06623476098502429,0.008948452181825658,4,0.95456862449646,0.09485577637846589,4,10.25,3.403429642777023,4,0.9729857444763184,0.10756237164524265,4,179761.0,0.0,4,3747661.0,0.0,4
random_all_per_seed,all_rows,0.15,0.15,False,False,B3_with_RC_weighted_bcap_10,10.0,0.0002,1e-05,random,full,1,536,K562,0.2548644505441189,0.03376955116117627,4,0.3290253281593323,0.03993160575129097,4,0.47175883240860905,0.12367310814280401,4,0.39421388688353276,0.11939566511763669,4,0.22381801547976027,0.13417344447464744,4,0.23402767421381035,0.12782206117116218,4,0.7747339904308319,0.1339231852551945,4,0.28183265030384064,0.008275424887056381,4,0.3680819198489189,0.012811070509248953,4,0.3234705424456485,0.06387462721946731,4,0.23698176518462702,0.03697020608328355,4,0.09640754273365981,0.043019892157043584,4,0.1076931678319015,0.04373418295212056,4,0.973172515630722,0.11417156225732564,4,0.2759838178753853,0.012303816591983732,4,0.3603440597653389,0.017463716006659944,4,0.2827062060230379,0.05169450648025585,4,0.23792625518853808,0.04000512068951296,4,0.056968475705013205,0.030545921444714543,4,0.08192704042411827,0.029686378496146738,4,0.931480661034584,0.11209644248643984,4,9.0,8.286535263104035,4,0.973172515630722,0.11417156225732564,4,179761.0,0.0,4,3747661.0,0.0,4
random_all_per_seed,all_rows,0.15,0.15,False,False,B3_with_RC_weighted_bcap_10,10.0,0.0002,1e-05,random,full,1,536,SKNSH,0.2423526681959629,0.02527583503588438,4,0.315290242433548,0.03069595595881592,4,0.5418385762849187,0.06489656059426493,4,0.4751906037996779,0.05719958215952537,4,0.2900232169384115,0.07303378985481723,4,0.29674771543319145,0.06954651083759116,4,0.7086523026227951,0.07289758502630195,4,0.2849798798561096,0.004090018273091447,4,0.37024685740470886,0.006963556762128215,4,0.3214902716488818,0.05733922971431048,4,0.23983766798960163,0.049913841445330134,4,0.08551533988127125,0.033439785711991576,4,0.10582183521304463,0.03515179183935924,4,0.9844595789909363,0.10609443349384574,4,0.2782507389783859,0.010142023422135644,4,0.3636901155114174,0.014397047236622197,4,0.26862433519604934,0.02946964646253844,4,0.22874802450595083,0.03573881346486734,4,0.03909550710641238,0.014417237485260338,4,0.07281037850648972,0.01638905071133334,4,0.947889968752861,0.09390267562099115,4,12.75,4.112987559751022,4,0.9844595789909363,0.10609443349384574,4,179761.0,0.0,4,3747661.0,0.0,4
random_all_per_seed,all_rows,0.15,0.15,False,False,B3_with_RC_weighted_bcap_10,10.0,0.0002,1e-05,random,full,1,938,HepG2,0.24244657903909683,0.008581970758070706,4,0.3179505094885826,0.010265143430054031,4,0.5200195381224451,0.046886330651319245,4,0.426088213822367,0.024515220217148595,4,0.2679223850148025,0.05189591578408583,4,0.27206906603053965,0.050331295789957896,4,0.7312971502542496,0.05184054028373681,4,0.2805267870426178,0.00684345824114205,4,0.3647729381918907,0.008469364197581632,4,0.3468784182187841,0.05946540996006325,4,0.24290457114702518,0.05346042267653531,4,0.11225473945884382,0.03952397488604334,4,0.1229767382622545,0.04068081994650432,4,0.9628044068813324,0.06840782950114196,4,0.27462276071310043,0.009569682893985625,4,0.3607020750641823,0.01301402234610263,4,0.2783585426298678,0.014642583237074113,4,0.2245676791797212,0.019771045920882607,4,0.054631487315687205,0.013456124110610966,4,0.07764428218791491,0.007943272564764655,4,0.9428927302360535,0.0995241105309301,4,10.0,2.160246899469287,4,0.9628044068813324,0.06840782950114196,4,179761.0,0.0,4,3747661.0,0.0,4
random_all_per_seed,all_rows,0.15,0.15,False,False,B3_with_RC_weighted_bcap_10,10.0,0.0002,1e-05,random,full,1,938,K562,0.24850517511367798,0.013084521843046523,4,0.32407722622156143,0.019552174033034837,4,0.4905588523737687,0.06708507294050542,4,0.4056965656910194,0.03975752357589258,4,0.24046013187229243,0.06352593270841835,4,0.24402329290084368,0.06240319038112859,4,0.7587301433086395,0.0634581882354342,4,0.2779294550418854,0.00711481381929064,4,0.36437878012657166,0.01234155069714871,4,0.3503360116195133,0.05956038786226137,4,0.24333567341373324,0.03872951766375123,4,0.11449315006755054,0.041303228443161616,4,0.125395900889195,0.04061738608195415,4,0.9599393755197525,0.060142485003773415,4,0.27339690923690796,0.011824542954985922,4,0.3567280247807503,0.016193257307980533,4,0.2993237625335722,0.03466926577770087,4,0.23964683348951196,0.028462533287178425,4,0.07574895900084955,0.02237559765538301,4,0.09049618330942796,0.020921089634181992,4,0.9232574701309204,0.11635890093255867,4,9.25,3.095695936834452,4,0.9599393755197525,0.060142485003773415,4,179761.0,0.0,4,3747661.0,0.0,4
random_all_per_seed,all_rows,0.15,0.15,False,False,B3_with_RC_weighted_bcap_10,10.0,0.0002,1e-05,random,full,1,938,SKNSH,0.2395714595913887,0.013029899613222182,4,0.3138119876384735,0.016320476989152493,4,0.5355320213459174,0.07978295301903388,4,0.4554652105334136,0.07048704494239535,4,0.2854170741741926,0.08460932833166374,4,0.2915685355811721,0.08466947807796164,4,0.7138210982084274,0.08451909286956559,4,0.2825876846909523,0.005303244157432624,4,0.3674357682466507,0.007573095251845552,4,0.3336981705807056,0.05807279587908249,4,0.24219691955282274,0.04019295814234676,4,0.09937592362151748,0.03356934261303434,4,0.11388380626481988,0.03796589288075199,4,0.9767092168331146,0.06328916089716406,4,0.27667810767889023,0.010989454828940827,4,0.36087118089199066,0.01431523474090903,4,0.2800574036383331,0.02848157769721374,4,0.2275084131001926,0.03702827400005426,4,0.05386283981236517,0.020084612836132932,4,0.07904054953373606,0.016244009729509866,4,0.9435280859470367,0.09841556067160703,4,11.0,3.559026084010437,4,0.9767092168331146,0.06328916089716406,4,179761.0,0.0,4,3747661.0,0.0,4
random_all_per_seed,all_rows,0.15,0.15,False,False,B3_with_RC_weighted_bcap_10,10.0,0.0002,1e-05,random,full,1,1340,HepG2,0.2474307343363762,0.011694383114091607,4,0.32515420764684677,0.014700101084365057,4,0.5079712415605575,0.02944245694459427,4,0.39934194717143545,0.011692427806129425,4,0.2555111358996466,0.0308291262688267,4,0.25868492595577497,0.02988746699220883,4,0.7439333349466324,0.030806133808728778,4,0.27801527827978134,0.007113282240538557,4,0.36268533021211624,0.009424699292667982,4,0.3625789274911672,0.056267081386583616,4,0.2565708517021626,0.038010761879231664,4,0.12242058307839801,0.040561770230827576,4,0.1338379669964684,0.040446503312583995,4,0.9286801069974899,0.08137344554056472,4,0.2733595743775368,0.00856102219706159,4,0.3590458706021309,0.012842221349344141,4,0.29144116949990334,0.018269968040051276,4,0.22897304571228702,0.022797058892248367,4,0.06326175994332944,0.014271223144278493,4,0.08518829907860975,0.010519967971521025,4,0.9097020924091339,0.08302154928112784,4,9.0,1.414213562373095,4,0.9286801069974899,0.08137344554056472,4,179761.0,0.0,4,3747661.0,0.0,4
random_all_per_seed,all_rows,0.15,0.15,False,False,B3_with_RC_weighted_bcap_10,10.0,0.0002,1e-05,random,full,1,1340,K562,0.250958863645792,0.014394810871166706,4,0.3281257227063179,0.0199926642578312,4,0.49252774637183305,0.04874512225088438,4,0.38826271595805234,0.026213942245695,4,0.24217842562739822,0.046864230968600595,4,0.24436564615355696,0.04588644603554044,4,0.7572560608386993,0.046829330167580396,4,0.2763074114918709,0.007859014479557698,4,0.36208779364824295,0.012477230905203576,4,0.367040725087652,0.06005405638986765,4,0.2514188717587903,0.03677968869641574,4,0.1253855000470825,0.04693939140727992,4,0.13742376113952737,0.042960508028957456,4,0.9254796057939529,0.08483340776682356,4,0.2722092345356941,0.01214852686146219,4,0.35562118887901306,0.017070479959840373,4,0.31082071653385707,0.032241080527872834,4,0.24125361540953438,0.028274966271341632,4,0.08151558052491545,0.028619954417934478,4,0.09738913328182391,0.020025287916376255,4,0.893116757273674,0.10046731873372887,4,8.75,2.6299556396765835,4,0.9254796057939529,0.08483340776682356,4,179761.0,0.0,4,3747661.0,0.0,4
random_all_per_seed,all_rows,0.15,0.15,False,False,B3_with_RC_weighted_bcap_10,10.0,0.0002,1e-05,random,full,1,1340,SKNSH,0.25193997099995613,0.010058487224901463,4,0.32909734547138214,0.014074242317070183,4,0.4899277699260367,0.0322390423442666,4,0.40246220043196995,0.026498426834409904,4,0.23721575036179357,0.031909951041604705,4,0.24080873663315616,0.031571122523782476,4,0.7622150629758835,0.03188617790748631,4,0.28045015037059784,0.00584192842645653,4,0.36516713351011276,0.008444064569087096,4,0.3454801832076592,0.05026760997477648,4,0.24786970405572334,0.03583630799161454,4,0.1105110075690634,0.03391361086924886,4,0.12125168144862995,0.033933057576901175,4,0.9414989054203033,0.08157176733580838,4,0.27361758798360825,0.011261423760490278,4,0.35781196504831314,0.014892483591231727,4,0.2931258188850887,0.026004888250887443,4,0.23502668372993685,0.03770466527275853,4,0.06991089271873133,0.02180690134636502,4,0.0864299363567597,0.01526436871368848,4,0.9035465717315674,0.08787429762219758,4,8.25,0.9574271077563381,4,0.9414989054203033,0.08157176733580838,4,179761.0,0.0,4,3747661.0,0.0,4
random_all_per_seed,all_rows,0.15,0.15,False,False,B3_with_RC_weighted_bcap_10,10.0,0.0002,1e-05,random,full,1,2011,HepG2,0.25059447437524796,0.004943102004339219,4,0.32792676240205765,0.0075523428853223815,4,0.4893957537960024,0.014498829477181358,4,0.37587412564623096,0.013486585937121433,4,0.237282151850756,0.014811037804818688,4,0.2396658658757137,0.014095847834187943,4,0.7623385787010193,0.014803652911490335,4,0.2756906673312187,0.00632869538731853,4,0.35990260541439056,0.008629689761509957,4,0.37644007233670684,0.048853969102328657,4,0.26715417556659576,0.03731637871773091,4,0.13597390623084787,0.033771848563545044,4,0.14349716078365354,0.03595476221603229,4,0.9197080731391907,0.06269518977436934,4,0.2701850160956383,0.008814410283984553,4,0.35506168752908707,0.013342155518949543,4,0.3145747653434588,0.01968864976718645,4,0.24083675319683495,0.022113925809534005,4,0.08402000427948236,0.014732943391922009,4,0.09924801518813336,0.012186596958573187,4,0.8961329311132431,0.08701419429206544,4,7.0,0.816496580927726,4,0.9197080731391907,0.06269518977436934,4,179761.0,0.0,4,3747661.0,0.0,4
random_all_per_seed,all_rows,0.15,0.15,False,False,B3_with_RC_weighted_bcap_10,10.0,0.0002,1e-05,random,full,1,2011,K562,0.2492225393652916,0.006380825045020058,4,0.325687900185585,0.009418286921504787,4,0.49903503563687407,0.025834012632429126,4,0.38426485777509994,0.024135148292760037,4,0.24762096769093805,0.025253922033780414,4,0.24953651394961554,0.025778738919866914,4,0.7520049214363098,0.02524136397768615,4,0.27501312643289566,0.00650807496900381,4,0.36040081083774567,0.010655042745243551,4,0.37648120388552136,0.051807899739697794,4,0.2579342772161055,0.03356972870161703,4,0.13355401585573576,0.04038942778479641,4,0.14375114073567047,0.03835005485406363,4,0.9223516434431076,0.06878439203565401,4,0.27045734971761703,0.010692125452927432,4,0.35369011759757996,0.01565182225439079,4,0.32374266195389567,0.029437466075569144,4,0.24778019008317048,0.02553126367679383,4,0.09135673338131409,0.021664142436948638,4,0.10545923447570708,0.018709477744233382,4,0.8897707015275955,0.09821490046185284,4,7.5,1.2909944487358058,4,0.9223516434431076,0.06878439203565401,4,179761.0,0.0,4,3747661.0,0.0,4
random_all_per_seed,all_rows,0.15,0.15,False,False,B3_with_RC_weighted_bcap_10,10.0,0.0002,1e-05,random,full,1,2011,SKNSH,0.24791549518704414,0.007715068566296278,4,0.32440898567438126,0.01049250760133905,4,0.5044944576629617,0.037281883377593,4,0.4010168462651173,0.02858648812993955,4,0.2531997519546684,0.03838133632862502,4,0.2555571119337812,0.03777019792840229,4,0.7464288920164108,0.03836219935220112,4,0.27814409881830215,0.005154784215478552,4,0.36298859119415283,0.007773013815263758,4,0.3613423668169341,0.04656212929831823,4,0.2582267059193328,0.03222825547282105,4,0.12116856954265681,0.02886330110786174,4,0.1321943299704587,0.03312487716417499,4,0.9355281442403793,0.061538200305437635,4,0.27178433537483215,0.010186836530394962,4,0.35504311323165894,0.013655942776333254,4,0.31517947035180593,0.02038973288023532,4,0.23988633905952733,0.036599942801600796,4,0.08419997032306129,0.011571171385680373,4,0.09964990443644044,0.01278026572044574,4,0.8959874212741852,0.08656159769661084,4,7.75,1.7078251276599332,4,0.9355281442403793,0.061538200305437635,4,179761.0,0.0,4,3747661.0,0.0,4
random_all_per_seed,all_rows,0.15,0.15,False,False,B3_with_RC_weighted_bcap_10,10.0,0.0002,1e-05,random,full,1,2681,HepG2,0.250355813652277,0.003435746420721437,4,0.32865211367607117,0.0038507452028699435,4,0.4972921357439672,0.026393025311216754,4,0.38033504391919504,0.022663286195145425,4,0.24579646933642454,0.025411223438222465,4,0.24782191211160517,0.026192129823737354,4,0.7539221942424774,0.025401701795065675,4,0.27505748718976974,0.005481252193839627,4,0.35901517421007156,0.008344203270117796,4,0.38398262057625515,0.0407492542819653,4,0.273183659131197,0.03431839602146057,4,0.14034043522556236,0.02877335309596706,4,0.14868802919801052,0.030915456066132465,4,0.9002097696065903,0.05410623353119609,4,0.26974447071552277,0.00863450741424743,4,0.35459084063768387,0.012999244579499159,4,0.3218037310952148,0.02568040426846602,4,0.24520570476155018,0.025934461371356805,4,0.0863375995974803,0.01886681905949266,4,0.1040522537193452,0.016249578122245194,4,0.8786909282207489,0.07172725039841275,4,7.0,1.632993161855452,4,0.9002097696065903,0.05410623353119609,4,179761.0,0.0,4,3747661.0,0.0,4
random_all_per_seed,all_rows,0.15,0.15,False,False,B3_with_RC_weighted_bcap_10,10.0,0.0002,1e-05,random,full,1,2681,K562,0.24920232594013214,0.010085235101930604,4,0.3270488381385803,0.011686760211895738,4,0.5043530493148944,0.041716132404489494,4,0.3912805359546126,0.0421840058530138,4,0.25313101556142437,0.04345946871478011,4,0.25567717513032406,0.042849604776606216,4,0.7465903609991074,0.04344320768579935,4,0.2743803337216377,0.00613602816770271,4,0.35887261480093,0.009383317498840667,4,0.3835795542381733,0.0470814682272913,4,0.2657688367118128,0.03576607128000225,4,0.14092536944827835,0.035391201672890484,4,0.1487957729173838,0.03512638977213395,4,0.8996477276086807,0.05973522835495745,4,0.270271860063076,0.010999608456543146,4,0.35396821051836014,0.015639429354455486,4,0.3259213646365938,0.028563109073957677,4,0.2454999653236301,0.032208125446182,4,0.08985505856829568,0.025541558507315702,4,0.10683662432655766,0.01831439198169288,4,0.8761834353208542,0.08490546333479215,4,7.5,2.516611478423583,4,0.8996477276086807,0.05973522835495745,4,179761.0,0.0,4,3747661.0,0.0,4
random_all_per_seed,all_rows,0.15,0.15,False,False,B3_with_RC_weighted_bcap_10,10.0,0.0002,1e-05,random,full,1,2681,SKNSH,0.2497815154492855,0.006363713381801712,4,0.32773469388484955,0.007082024484959177,4,0.5037499209081076,0.020007052943192265,4,0.39317427323446424,0.02072202425297554,4,0.25026070757557517,0.022104105459291548,4,0.2540641944405284,0.020258126348022345,4,0.7494596242904663,0.022095931007398907,4,0.2770165279507637,0.005527855371081234,4,0.36173805594444275,0.007996198383917656,4,0.36832256013549847,0.04054445241936364,4,0.2601085458039893,0.033359451980459004,4,0.12725215718901353,0.027861969502581036,4,0.13689439777125745,0.029287216666351083,4,0.9138460755348206,0.052405856731915584,4,0.27093710005283356,0.010833206559745118,4,0.3543732464313507,0.014478297526530397,4,0.3215473642077943,0.018332502748782124,4,0.2439665877885206,0.03390126073377637,4,0.08770305440603673,0.01810702455222322,4,0.10364476792175548,0.011567957683843846,4,0.8779047131538391,0.07886360123992876,4,7.25,0.9574271077563381,4,0.9138460755348206,0.052405856731915584,4,179761.0,0.0,4,3747661.0,0.0,4
random_all_per_seed,all_rows,0.15,0.15,False,False,B3_with_RC_weighted_bcap_10,10.0,0.0002,0.0001,random,branched_only,1,134,HepG2,0.27093757688999176,0.03319412896677469,4,0.34965796768665314,0.040319783763908566,4,0.3613296511297419,0.06871213131083823,4,0.3218083284060398,0.0782607936798043,4,0.10933873108419132,0.08550908066499388,4,0.1341001345274994,0.0497577268076612,4,0.8840146064758301,0.08487097200470888,4,0.2859835550189018,0.0057788724894446,4,0.37206796556711197,0.005882270003593687,4,0.3004373248613891,0.04139611476410718,4,0.2236147186340876,0.03913640281051332,4,0.07615566153919659,0.04279324953322341,4,0.09154781490804019,0.0239359168987653,4,1.032039389014244,0.25868888038770366,4,0.27931179851293564,0.010825498216683807,4,0.3678657338023186,0.015658518707637917,4,0.2294667795886977,0.0137994835421136,4,0.19935922900315606,0.020664382491245723,4,0.017082607021355667,0.014983898531361851,4,0.05279782224432977,0.006310549836600791,4,0.9958941042423248,0.17668222153531504,4,23.75,19.397164741270824,4,1.032039389014244,0.25868888038770366,4,179761.0,0.0,4,179761.0,0.0,4
random_all_per_seed,all_rows,0.15,0.15,False,False,B3_with_RC_weighted_bcap_10,10.0,0.0002,0.0001,random,branched_only,1,134,K562,0.27579426765441895,0.030793834014425054,4,0.35435692965984344,0.039148615598832925,4,0.3361693030905334,0.03914761493724975,4,0.3028877617426764,0.08260361423790986,4,0.08645112189728843,0.0494482313145528,4,0.11415920215683129,0.025068522273818943,4,0.9067313522100449,0.04907924431514232,4,0.2841757535934448,0.008178098893515028,4,0.3706255331635475,0.012498098360593731,4,0.3102631935110976,0.03291416094727135,4,0.2309612356345121,0.020766220444817372,4,0.08423168455246377,0.03078508145267714,4,0.09707575574085196,0.02043120760767008,4,1.025127425789833,0.26053603295702676,4,0.2761441618204117,0.011985994144536216,4,0.361375629901886,0.01684491570944117,4,0.2708479159179011,0.03546645744930528,4,0.2274024366544283,0.02690958384744318,4,0.05145914645383648,0.029625067706704446,4,0.07430199576007296,0.01820336653319173,4,0.962277427315712,0.1783564152837721,4,24.0,14.165686240583852,4,1.025127425789833,0.26053603295702676,4,179761.0,0.0,4,179761.0,0.0,4
random_all_per_seed,all_rows,0.15,0.15,False,False,B3_with_RC_weighted_bcap_10,10.0,0.0002,0.0001,random,branched_only,1,134,SKNSH,0.2690325602889061,0.02984944352914954,4,0.3484833315014839,0.04023789769688736,4,0.383924082107446,0.04882503086173712,4,0.3450638597266822,0.08626705971494951,4,0.1154772666799978,0.08338551454774815,4,0.1491856135510321,0.03807868458373438,4,0.8779218941926956,0.08276321778120202,4,0.2892664521932602,0.005291626563712226,4,0.3762799799442291,0.0070992434806678925,4,0.2799103635010905,0.03676988691064069,4,0.22515111552455136,0.0388152045016274,4,0.05536607425499851,0.038413774602364704,4,0.0793638300328786,0.0204361269125287,4,1.0568071603775024,0.2724246811159038,4,0.28332141041755676,0.014663870536465975,4,0.36999446898698807,0.017266037427685517,4,0.2338585644662196,0.03164765126131093,4,0.20935679569682047,0.031826805821567064,4,0.005018761161280527,0.053326909446346514,4,0.055441008546969164,0.015107479526591985,4,1.0070862025022507,0.1737550789699984,4,33.0,26.14064523559687,4,1.0568071603775024,0.2724246811159038,4,179761.0,0.0,4,179761.0,0.0,4
random_all_per_seed,all_rows,0.15,0.15,False,False,B3_with_RC_weighted_bcap_10,10.0,0.0002,0.0001,random,branched_only,1,268,HepG2,0.26743579283356667,0.021646667487395545,4,0.34633681923151016,0.031184446379108555,4,0.3706120179426869,0.03740649923165028,4,0.3163794891029399,0.05898504767057641,4,0.12583294946692522,0.04538977737709247,4,0.13840270248212608,0.027518685705719772,4,0.8709052056074142,0.045220447455294965,4,0.2820623889565468,0.008595277369183956,4,0.36706502735614777,0.009659400602565902,4,0.32389699340505895,0.06688887544933413,4,0.2320904133372019,0.042506059849284815,4,0.10094884023133416,0.04588136298893763,4,0.10826485358099419,0.04496831010825799,4,0.9927427470684052,0.15626816052706413,4,0.2753788158297539,0.012260613847716985,4,0.3618176206946373,0.017784454645919243,4,0.2565803661490018,0.03796446582946954,4,0.21987527405815874,0.012599530483934944,4,0.049199630781068676,0.03476665180264032,4,0.06691445979244356,0.02048115482873477,4,0.9578801095485687,0.10148211497435479,4,32.5,26.13426869074396,4,0.9927427470684052,0.15626816052706413,4,179761.0,0.0,4,179761.0,0.0,4
random_all_per_seed,all_rows,0.15,0.15,False,False,B3_with_RC_weighted_bcap_10,10.0,0.0002,0.0001,random,branched_only,1,268,K562,0.26826028898358345,0.023179786855871878,4,0.34622280299663544,0.032605220188240996,4,0.3748219028923614,0.028544653989299836,4,0.31114505440304274,0.05606398548542713,4,0.12737168953538108,0.02990709141605702,4,0.1411025568413774,0.022051661391278794,4,0.8693722635507584,0.029795545933295794,4,0.2807728350162506,0.0086156208020693,4,0.3674449771642685,0.013216596577188666,4,0.32539198496538146,0.05778423489010415,4,0.23968447559307862,0.03668027153171475,4,0.0997531608283321,0.03810092247426153,4,0.10838420723108709,0.03937917632469088,4,0.9957986027002335,0.16692266164372954,4,0.27448052167892456,0.011393875307387277,4,0.35992200672626495,0.015907626955354654,4,0.2744469797907064,0.03354961731591907,4,0.23340473593301678,0.029105180424336855,4,0.058935014629928784,0.028879736717401863,4,0.0761653273327739,0.01772902280734825,4,0.9495020508766174,0.11487151261659818,4,33.0,26.115129714401192,4,0.9957986027002335,0.16692266164372954,4,179761.0,0.0,4,179761.0,0.0,4
random_all_per_seed,all_rows,0.15,0.15,False,False,B3_with_RC_weighted_bcap_10,10.0,0.0002,0.0001,random,branched_only,1,268,SKNSH,0.26491880416870117,0.021616461102551863,4,0.34157032519578934,0.030055498308104334,4,0.40317756395733767,0.030850394346314963,4,0.33570210651441584,0.056484919976313816,4,0.1498435294935369,0.03105188926685733,4,0.16326595820206546,0.02401006531663841,4,0.8469842225313187,0.030936019658973992,4,0.28296858817338943,0.006420057193030426,4,0.36892589181661606,0.00959258898386217,4,0.3153540034224141,0.05095683200719335,4,0.23763017817209803,0.039050249172004795,4,0.09217997511529855,0.035279587447874704,4,0.10139559652070095,0.03178524539485829,4,1.0039989799261093,0.16811513553033888,4,0.2772851139307022,0.01333827266413583,4,0.3625228703022003,0.017509426802909574,4,0.256422232392259,0.050598056179133204,4,0.22157627484986417,0.04496261411011244,4,0.045149631068885615,0.04432180298489114,4,0.06767248373185969,0.025883643459702954,4,0.9622953236103058,0.10823772428548149,4,50.5,30.005555041247497,4,1.0039989799261093,0.16811513553033888,4,179761.0,0.0,4,179761.0,0.0,4
random_all_per_seed,all_rows,0.15,0.15,False,False,B3_with_RC_weighted_bcap_10,10.0,0.0002,0.0001,random,branched_only,1,536,HepG2,0.26804109662771225,0.01839528545531083,4,0.3449251279234886,0.02299770115817112,4,0.4026385431853834,0.0582360438364718,4,0.34265739247167715,0.06343219898437452,4,0.14879967674929473,0.0660441650239536,4,0.16466137405974046,0.043953949484968884,4,0.8496123403310776,0.06592089268787994,4,0.28043513745069504,0.009236377435541341,4,0.36421313881874084,0.011677839567980998,4,0.3415421125470345,0.04738240221686943,4,0.23806875741299693,0.033397312561103835,4,0.11540152728775827,0.035761595108636746,4,0.11833483367297207,0.03370790511398284,4,0.9530548602342606,0.11249400601420909,4,0.27376066893339157,0.010837499362048421,4,0.3596898913383484,0.015343733493735112,4,0.2801043483021025,0.036769462050204885,4,0.23104015360470176,0.025124777586558,4,0.059832118778783305,0.03775771682989211,4,0.07947244094234167,0.02015239433634827,4,0.9274115860462189,0.09687602979032649,4,31.0,20.412414523193153,4,0.9530548602342606,0.11249400601420909,4,179761.0,0.0,4,179761.0,0.0,4
random_all_per_seed,all_rows,0.15,0.15,False,False,B3_with_RC_weighted_bcap_10,10.0,0.0002,0.0001,random,branched_only,1,536,K562,0.26730749756097794,0.016059645652675914,4,0.34411293268203735,0.02091030669346905,4,0.4077956403395556,0.04582088440975178,4,0.33523931318033595,0.0682761131490381,4,0.15275195852091042,0.05704918123240833,4,0.1678719493660171,0.03677639729282297,4,0.8456674218177795,0.05694277156868334,4,0.28072307258844376,0.00910452640995451,4,0.3657703325152397,0.014856410791619196,4,0.3344179215265253,0.05379478151724531,4,0.23686993184226143,0.029377643406035204,4,0.10800296930966724,0.04256964406847761,4,0.11400575512698734,0.037850398028203024,4,0.96143838763237,0.12049527688645456,4,0.2738073319196701,0.01210562565684301,4,0.35895886272192,0.016211055152834334,4,0.2871742326868467,0.03655733406927487,4,0.24160680747551982,0.03119926044163491,4,0.06380036771687872,0.03755039268696681,4,0.08347136892496859,0.020679225240302995,4,0.9242544919252396,0.10653650545381467,4,30.0,23.021728866442675,4,0.96143838763237,0.12049527688645456,4,179761.0,0.0,4,179761.0,0.0,4
random_all_per_seed,all_rows,0.15,0.15,False,False,B3_with_RC_weighted_bcap_10,10.0,0.0002,0.0001,random,branched_only,1,536,SKNSH,0.2645489014685154,0.016400599073246237,4,0.3400377854704857,0.020197834273640428,4,0.42243120360502373,0.060638201333609115,4,0.36290608429941085,0.07575700079674146,4,0.1726917453759313,0.05389708784330283,4,0.1812058653749205,0.04820598921903042,4,0.82576484978199,0.05379652544940377,4,0.28146977722644806,0.007788109038438811,4,0.36594800651073456,0.012349045125914108,4,0.33268191999213015,0.037078004536971125,4,0.23938018156127414,0.02842418262746705,4,0.10722552793066117,0.029023593481465146,4,0.11170834370498282,0.025829426967316788,4,0.962716355919838,0.11962364076517934,4,0.27558206766843796,0.012991154262848087,4,0.35983235388994217,0.016266168216761637,4,0.2742702134917625,0.055874067419950574,4,0.2210739110068192,0.050624134523248245,4,0.058940107779681256,0.04719415744559802,4,0.07756558356635386,0.02938677922086939,4,0.928560420870781,0.10390043239062038,4,45.25,28.312247055529404,4,0.962716355919838,0.11962364076517934,4,179761.0,0.0,4,179761.0,0.0,4
random_all_per_seed,all_rows,0.15,0.15,False,False,B3_with_RC_weighted_bcap_10,10.0,0.0002,0.0001,random,branched_only,1,938,HepG2,0.2580890879034996,0.008953987567443976,4,0.3349759206175804,0.012246528916770793,4,0.4378695266656215,0.023372023830991684,4,0.36334312507221916,0.017114166678025605,4,0.1890174480052934,0.02074409989546016,4,0.19213941100584275,0.020509887815332282,4,0.8101179897785187,0.020721991120520505,4,0.27705128490924835,0.005150543456016317,4,0.3617367744445801,0.007023154599075055,4,0.36277931822313414,0.06302456635020376,4,0.24448986811865445,0.06527201220530267,4,0.12691323046316927,0.03756809993031839,4,0.13458790570316548,0.04541232378853548,4,0.9470710456371307,0.06950366589566492,4,0.27087948471307755,0.011263321432542292,4,0.3554663583636284,0.015213126705154047,4,0.29775373592636234,0.031021761047175998,4,0.22366003881880586,0.04467201190461861,4,0.08211284323312609,0.022815583210884224,4,0.08937904950195699,0.01850644097406678,4,0.916018933057785,0.10500412423918472,4,43.0,14.491376746189438,4,0.9470710456371307,0.06950366589566492,4,179761.0,0.0,4,179761.0,0.0,4
random_all_per_seed,all_rows,0.15,0.15,False,False,B3_with_RC_weighted_bcap_10,10.0,0.0002,0.0001,random,branched_only,1,938,K562,0.2604704722762108,0.003202774681878185,4,0.3379402756690979,0.00506913536475091,4,0.41977237616152757,0.033183261043451706,4,0.3416671682153617,0.03990669408153748,4,0.17374304931286577,0.028096641758294662,4,0.1770346943984034,0.027619817385656477,4,0.825376108288765,0.028066597818586832,4,0.27608682215213776,0.004352808743871657,4,0.3613537475466728,0.007801757924361356,4,0.3672808016901756,0.05673220151177313,4,0.25311248067217446,0.04936028984176423,4,0.12892005027201203,0.03417664046164975,4,0.13730909430645738,0.04089647172471377,4,0.9448291510343552,0.0657297785986004,4,0.2713679224252701,0.011106883999508991,4,0.35556185990571976,0.015162754478317306,4,0.29283180629307703,0.036149168715469415,4,0.22559661388310107,0.03151668304729475,4,0.0816230711971761,0.021789123963749806,4,0.0867305385759808,0.020992002134707078,4,0.9168407768011093,0.10926139957015611,4,39.75,9.810708435174293,4,0.9448291510343552,0.0657297785986004,4,179761.0,0.0,4,179761.0,0.0,4
random_all_per_seed,all_rows,0.15,0.15,False,False,B3_with_RC_weighted_bcap_10,10.0,0.0002,0.0001,random,branched_only,1,938,SKNSH,0.26019152998924255,0.006554930000324017,4,0.33764103055000305,0.009258347346282949,4,0.4225653179886048,0.02543329750245589,4,0.3568150764477738,0.037984273479604064,4,0.17567775187321374,0.02150399855270573,4,0.17904658743319704,0.021276946149011527,4,0.8234434574842453,0.02148105447277263,4,0.27788062393665314,0.005382449621334009,4,0.36273663491010666,0.008869109588931438,4,0.35699493369361956,0.05535579168731613,4,0.25398379533272564,0.04895306458856949,4,0.12236134970238524,0.033199598304635786,4,0.12974358043790896,0.03957057655971107,4,0.952560767531395,0.076730059379358,4,0.271054171025753,0.010687990125506013,4,0.3551788106560707,0.014836216671140668,4,0.29823476522310566,0.028286592010620556,4,0.2300609517760943,0.03453114707031644,4,0.08363058806614818,0.016516092773203227,4,0.08954407365336245,0.01668720599249833,4,0.9147233963012695,0.10647729935136999,4,48.25,7.182153808805082,4,0.952560767531395,0.076730059379358,4,179761.0,0.0,4,179761.0,0.0,4
random_all_per_seed,all_rows,0.15,0.15,False,False,B3_with_RC_weighted_bcap_10,10.0,0.0002,0.0001,random,branched_only,1,1340,HepG2,0.2625357285141945,0.006851259148613197,4,0.34234461188316345,0.01083656732966153,4,0.42092622306197713,0.011073344578439583,4,0.3459125039785879,0.019471971621810764,4,0.17457582599067165,0.009712807608828743,4,0.17727084948133598,0.009327405312602776,4,0.824808195233345,0.009705530469520973,4,0.2746924087405205,0.00623964896238931,4,0.3591254875063896,0.009355646122131803,4,0.3820943541105958,0.059077359097437325,4,0.26139158244371263,0.047451469434901125,4,0.13956932170391423,0.039634719503922125,4,0.14861369621163903,0.04445564507197246,4,0.9106423407793045,0.08130003241069676,4,0.26958587765693665,0.00999005550343029,4,0.35319146513938904,0.014702652164066386,4,0.31177713328316825,0.027595385618366948,4,0.22909296082345657,0.02791300675147838,4,0.09382901599909552,0.01768453428001161,4,0.09777610981884025,0.017151328363457397,4,0.8804278522729874,0.08687302208714723,4,43.25,6.1846584384264895,4,0.9106423407793045,0.08130003241069676,4,179761.0,0.0,4,179761.0,0.0,4
random_all_per_seed,all_rows,0.15,0.15,False,False,B3_with_RC_weighted_bcap_10,10.0,0.0002,0.0001,random,branched_only,1,1340,K562,0.2638056203722954,0.006259715057993901,4,0.34426432847976685,0.010321208991353815,4,0.41069606677428294,0.010657091577885684,4,0.33168481121378923,0.015892863373185132,4,0.16523486057083064,0.008891333448050704,4,0.16875643946454089,0.008727587903559132,4,0.8341422080993652,0.008884681235892734,4,0.2741762474179268,0.00603070105333124,4,0.3587660416960716,0.008777775193210319,4,0.3838502641229597,0.0593265629907582,4,0.2650273096301535,0.05175267428026728,4,0.1412584766829819,0.03910848259617992,4,0.14998075607448824,0.04467524568039822,4,0.908745676279068,0.07920889075714635,4,0.26957814395427704,0.01117709510934144,4,0.35335957258939743,0.01624671793558791,4,0.3093224499721526,0.03648443779346815,4,0.23103989888934673,0.03670527752737884,4,0.0931192007613891,0.02415810238217093,4,0.09667871370760392,0.0224156847968807,4,0.8815467953681946,0.09427790276752986,4,42.25,6.13052471924984,4,0.908745676279068,0.07920889075714635,4,179761.0,0.0,4,179761.0,0.0,4
random_all_per_seed,all_rows,0.15,0.15,False,False,B3_with_RC_weighted_bcap_10,10.0,0.0002,0.0001,random,branched_only,1,1340,SKNSH,0.26371754705905914,0.0059688573161936695,4,0.34416021406650543,0.009738318879898929,4,0.4124022794222049,0.015560099542865477,4,0.3381254030512908,0.02467612928202997,4,0.16568748809498796,0.008338603771516588,4,0.1702572275959683,0.013002778904241343,4,0.8336899131536484,0.008332323356899402,4,0.2757866159081459,0.006797575456428255,4,0.36011237651109695,0.009698839443856877,4,0.3760297079938685,0.058009913409270926,4,0.26112523567224605,0.052552550860157234,4,0.1349439093959556,0.03747484097523751,4,0.1439222038342673,0.04356057793551244,4,0.9160345643758774,0.08731684009802841,4,0.26900944858789444,0.01007471054180435,4,0.35271018743515015,0.015168918499427258,4,0.31544256484187,0.02939298881771197,4,0.23562889066507373,0.033531844219195084,4,0.09636377646112224,0.01837176659433378,4,0.10015197255774597,0.01820990026693205,4,0.8781428188085556,0.08947352663639027,4,51.5,4.725815626252608,4,0.9160345643758774,0.08731684009802841,4,179761.0,0.0,4,179761.0,0.0,4
random_all_per_seed,all_rows,0.15,0.15,False,False,B3_with_RC_weighted_bcap_10,10.0,0.0002,0.0001,random,branched_only,1,2011,HepG2,0.26082783192396164,0.002411481594713893,4,0.3398307114839554,0.004114480703698069,4,0.42661222111627356,0.012226485109082145,4,0.3425379291050945,0.010453366106202138,4,0.1807226289695804,0.011601440108808694,4,0.18211010240935227,0.010343678159118491,4,0.8188699632883072,0.011595633299825539,4,0.2735265865921974,0.006102115527647589,4,0.3574545979499817,0.008287436621297262,4,0.38925970903026347,0.05261364658981224,4,0.2620819767957904,0.0414872134825942,4,0.14758157517048875,0.03601460891625343,4,0.15359926792993361,0.04077263889048666,4,0.9074654877185822,0.06565057275923904,4,0.2701345831155777,0.01015961157740287,4,0.3530140221118927,0.014239556319782383,4,0.31477742712525586,0.022771394949582205,4,0.22847603916386702,0.03328114141000826,4,0.09470539257908739,0.014718285292145623,4,0.09947373094855816,0.014272390813900922,4,0.8859427720308304,0.08913205798918104,4,39.25,8.015609770940697,4,0.9074654877185822,0.06565057275923904,4,179761.0,0.0,4,179761.0,0.0,4
random_all_per_seed,all_rows,0.15,0.15,False,False,B3_with_RC_weighted_bcap_10,10.0,0.0002,0.0001,random,branched_only,1,2011,K562,0.26241619884967804,0.0041719875338542284,4,0.3422582969069481,0.006059304229040208,4,0.4134609622954252,0.014866885186814498,4,0.32851454698579263,0.006863704648861515,4,0.16906640225640435,0.012966065757895865,4,0.1711157355486275,0.012248022225495802,4,0.8305204212665558,0.0129596617527616,4,0.27359507977962494,0.0065842491429274255,4,0.35784095525741577,0.008660644944712009,4,0.3884170225506266,0.0525168622994938,4,0.26495799421683414,0.04444050298079088,4,0.14581238490381307,0.034647582100771825,4,0.152936299026432,0.04063422944039003,4,0.9094478785991669,0.06671171217295131,4,0.2695826217532158,0.010518242536587301,4,0.352986641228199,0.015197957296918066,4,0.3147834136099066,0.03017883219301392,4,0.23673733312559705,0.03625774372700064,4,0.09492330770631713,0.020096410121785247,4,0.09977166891830608,0.018764366758794296,4,0.8861135244369507,0.09526449414670247,4,36.5,5.916079783099615,4,0.9094478785991669,0.06671171217295131,4,179761.0,0.0,4,179761.0,0.0,4
random_all_per_seed,all_rows,0.15,0.15,False,False,B3_with_RC_weighted_bcap_10,10.0,0.0002,0.0001,random,branched_only,1,2011,SKNSH,0.26090671867132187,0.00362193844968983,4,0.34050076454877853,0.004574908777626688,4,0.4234976838250487,0.020855359902641857,4,0.3404729772447422,0.017097232171709564,4,0.17744800457271973,0.016369036370767535,4,0.17967649773268246,0.01800771929614524,4,0.8221429884433746,0.016360923736559917,4,0.27350910007953644,0.006721526565516744,4,0.35758595168590546,0.008901904674943164,4,0.3896951615831356,0.05038369166266191,4,0.2752569224074611,0.04010025121722376,4,0.14707343141915177,0.03393841173614323,4,0.15376620625047482,0.03926720530092325,4,0.908331423997879,0.07014230509079775,4,0.2688792794942856,0.011041953290701784,4,0.35192250460386276,0.015151779073210752,4,0.32219745748142486,0.026068703932290663,4,0.24045491644872807,0.03937670500034667,4,0.10041044276585512,0.017756100169830303,4,0.10432088460102666,0.01675069173499609,4,0.8806556910276413,0.09271767319752505,4,50.75,11.116804097101529,4,0.908331423997879,0.07014230509079775,4,179761.0,0.0,4,179761.0,0.0,4
random_all_per_seed,all_rows,0.15,0.15,False,False,B3_with_RC_weighted_bcap_10,10.0,0.0002,0.0001,random,branched_only,1,2681,HepG2,0.26206735521554947,0.004017255923473326,4,0.3424312397837639,0.005119173570219549,4,0.42844831300391606,0.02393021558746479,4,0.33820044626471607,0.018510030807467503,4,0.18145286460980362,0.01955451544205126,4,0.18399744832944853,0.020612268165243103,4,0.8182418048381805,0.019547269855422194,4,0.2740557938814163,0.006343559494680225,4,0.3569410666823387,0.009047191439378401,4,0.3938507053619899,0.045482586272946005,4,0.2682551475151175,0.040169249174243506,4,0.15024893719299054,0.03067481601997173,4,0.15666987735469395,0.0357663511303756,4,0.8899731040000916,0.05771661640319266,4,0.26886770129203796,0.011344153439810096,4,0.35185784846544266,0.015071844494237291,4,0.323101579021283,0.02713620954183628,4,0.2390733659615939,0.03588279498285141,4,0.10070896474292365,0.0188976071916336,4,0.10494691076727022,0.0173963252838413,4,0.8656173795461655,0.0809251900572037,4,37.25,12.338962679253067,4,0.8899731040000916,0.05771661640319266,4,179761.0,0.0,4,179761.0,0.0,4
random_all_per_seed,all_rows,0.15,0.15,False,False,B3_with_RC_weighted_bcap_10,10.0,0.0002,0.0001,random,branched_only,1,2681,K562,0.26500504463911057,0.0025522296209186707,4,0.34640293568372726,0.0036175098691559977,4,0.40615734340232795,0.006039982794271343,4,0.3190879458943507,0.009152593092048035,4,0.16245093010516043,0.005496620640134035,4,0.16499114864375286,0.004890105378204683,4,0.8372366577386856,0.005494566887499726,4,0.2728660777211189,0.006571589198305232,4,0.3572753816843033,0.008895969058318253,4,0.39205672471346475,0.04913733573964012,4,0.26614645968706885,0.03591116141368316,4,0.14856248524252103,0.033503893830608526,4,0.15551933371574206,0.038388219979834264,4,0.8916323184967041,0.0573658817739415,4,0.2694586366415024,0.0110822577935312,4,0.3527853190898895,0.015536070306840942,4,0.31663306870648833,0.032392884115142184,4,0.23883468823299733,0.03698459996645129,4,0.09600009079012758,0.02101960408530122,4,0.10104347440446051,0.02034132232930796,4,0.8702690452337265,0.083434137317483,4,27.25,10.436314802968846,4,0.8916323184967041,0.0573658817739415,4,179761.0,0.0,4,179761.0,0.0,4
random_all_per_seed,all_rows,0.15,0.15,False,False,B3_with_RC_weighted_bcap_10,10.0,0.0002,0.0001,random,branched_only,1,2681,SKNSH,0.2646603435277939,0.001978626239649369,4,0.3460191339254379,0.001939782639944164,4,0.4076909551875253,0.014079378548242363,4,0.3255489877537091,0.010765541827041715,4,0.1642245009588817,0.010153125469044113,4,0.16636058661694528,0.011381883952016938,4,0.8354637622833252,0.010149321039442676,4,0.273926705121994,0.006375900832731168,4,0.3581259250640869,0.009142546965891821,4,0.38651908090763076,0.0494864250981457,4,0.26964195085563164,0.040139510102294586,4,0.14453248998454862,0.03338686757087889,4,0.1512336796074254,0.03821464892228159,4,0.8959147781133652,0.058676258558737045,4,0.2694757282733917,0.010607124894127472,4,0.3521334007382393,0.014464047471731831,4,0.3222085919935541,0.026719806373019017,4,0.23822710876360045,0.03552435532397983,4,0.09922868242898436,0.01689868520758078,4,0.10435383779392735,0.017165538828307503,4,0.8668618202209473,0.07812577795171625,4,34.0,10.739335795724674,4,0.8959147781133652,0.058676258558737045,4,179761.0,0.0,4,179761.0,0.0,4
random_all_per_seed,all_rows,0.15,0.15,False,False,B3_with_RC_weighted_bcap_10,10.0,0.0002,0.0001,random,conv3_plus,1,134,HepG2,0.2218138538300991,0.030370386170384123,4,0.2971523180603981,0.03635381654049359,4,0.6230018050465455,0.08911807935739925,4,0.5721372949863294,0.0998845958513373,4,0.35430754551849547,0.09916735797094879,4,0.39408777314251764,0.10817853972249732,4,0.6408738940954208,0.09842731511760835,4,0.2880827933549881,0.006895547840754183,4,0.3740181624889374,0.005388229429844539,4,0.30681904990108566,0.04480089372527737,4,0.2263941875765395,0.043984505718840876,4,0.06581777181348636,0.057836731210712825,4,0.09564326944114261,0.026927080818826693,4,1.0410161167383194,0.24890602946719767,4,0.2821233198046684,0.013099450825974822,4,0.36934852600097656,0.018080022068122426,4,0.24065219651822847,0.015815270571596002,4,0.2058314808704747,0.0189649612608484,4,0.0093783858742372,0.02718010830165007,4,0.05810107177648764,0.007612481651835356,4,1.004977136850357,0.18851778428238608,4,11.75,3.774917217635375,4,1.0410161167383194,0.24890602946719767,4,179761.0,0.0,4,3063361.0,0.0,4
random_all_per_seed,all_rows,0.15,0.15,False,False,B3_with_RC_weighted_bcap_10,10.0,0.0002,0.0001,random,conv3_plus,1,134,K562,0.2272036150097847,0.024422591684819958,4,0.30135802924633026,0.03362560332586753,4,0.6013435120303091,0.06654998473198967,4,0.5522616162723456,0.07530871893604314,4,0.3370032675175437,0.07734639749036405,4,0.36493569481181753,0.08200707622714017,4,0.6580490469932556,0.07676920996524539,4,0.2877386808395386,0.009008533791422439,4,0.37467583268880844,0.010796269299548132,4,0.3133883481558142,0.03725232371684656,4,0.22721931358802888,0.02258152611466726,4,0.06319877330567986,0.05203472737956677,4,0.09925305847655835,0.024064125113041377,4,1.0440222918987274,0.24305068312908257,4,0.2797016277909279,0.015441306611033132,4,0.365299291908741,0.022078697002784548,4,0.27269234880999205,0.04390057288538218,4,0.22363611643627393,0.03583812934011257,4,0.03107309587175061,0.053801396990542386,4,0.07580656232425893,0.022211973630009672,4,0.9829011559486389,0.18787899017145873,4,11.25,4.112987559751022,4,1.0440222918987274,0.24305068312908257,4,179761.0,0.0,4,3063361.0,0.0,4
random_all_per_seed,all_rows,0.15,0.15,False,False,B3_with_RC_weighted_bcap_10,10.0,0.0002,0.0001,random,conv3_plus,1,134,SKNSH,0.22150593623518944,0.02545051332629159,4,0.2953004464507103,0.03345402652496073,4,0.6245727876153891,0.07244422979913626,4,0.5865045170799491,0.0828350274859136,4,0.3626479384763345,0.08386154409808481,4,0.3940272918530505,0.08878176525894801,4,0.6325957775115967,0.08323574772192638,4,0.29342275857925415,0.006428154052957899,4,0.3806157484650612,0.004115396710090574,4,0.2836833770442967,0.03456761464223728,4,0.22455926835896792,0.03626293331753698,4,0.032104977642595706,0.06871191879216941,4,0.08137244839779728,0.019740297475083088,4,1.0765959173440933,0.2522491937316994,4,0.2866146191954613,0.015041109450516567,4,0.3727549538016319,0.018445677788895335,4,0.2334745822676405,0.03316120126038491,4,0.2038152840401981,0.03645876843994641,4,-0.009149636255214366,0.037660814964041785,4,0.05533512951682304,0.016128967877677244,4,1.0215871185064316,0.17493578033433296,4,11.0,2.7080128015453204,4,1.0765959173440933,0.2522491937316994,4,179761.0,0.0,4,3063361.0,0.0,4
random_all_per_seed,all_rows,0.15,0.15,False,False,B3_with_RC_weighted_bcap_10,10.0,0.0002,0.0001,random,conv3_plus,1,268,HepG2,0.2318088822066784,0.01609198028479375,4,0.305697038769722,0.024520578891850896,4,0.5864872806819151,0.017112587737442543,4,0.5057640708931422,0.04475814168449716,4,0.31845502783717905,0.020800352925539167,4,0.34418696089597123,0.019919780836113395,4,0.6790018677711487,0.02072273317457817,4,0.2841992676258087,0.004572776700547418,4,0.36943165212869644,0.00524551904171935,4,0.3170960000732984,0.050671208500429714,4,0.22778455446055604,0.04075295661450426,4,0.0892045561799433,0.040829251945789555,4,0.10247555179065576,0.031798898851836586,4,1.0077529698610306,0.1754305239002318,4,0.2767613157629967,0.010357238350312986,4,0.3636937364935875,0.01392971812571296,4,0.2500056533887497,0.016251560640935404,4,0.21053253895162805,0.017722552095130604,4,0.03901363084628842,0.011869392447440709,4,0.06270091164378516,0.008136965490101932,4,0.970688596367836,0.12702417469739727,4,8.0,0.816496580927726,4,1.0077529698610306,0.1754305239002318,4,179761.0,0.0,4,3063361.0,0.0,4
random_all_per_seed,all_rows,0.15,0.15,False,False,B3_with_RC_weighted_bcap_10,10.0,0.0002,0.0001,random,conv3_plus,1,268,K562,0.2363266982138157,0.02523181414011612,4,0.3094960153102875,0.034992949611336525,4,0.5668616312280095,0.07071877578256706,4,0.4845351507434493,0.08391262364095672,4,0.30235492051290624,0.07438364090051967,4,0.32508296789461855,0.08136191387689634,4,0.6950418651103973,0.07410607812325593,4,0.2833172231912613,0.006080432093382664,4,0.36958327889442444,0.009686563685366053,4,0.3214821150172563,0.042140390463019456,4,0.22905614337794714,0.023749504330378448,4,0.08886665201838198,0.037966922101464164,4,0.10468260965725024,0.027108295062168317,4,1.0075977444648743,0.1676926286959051,4,0.2760283425450325,0.012264264983881515,4,0.3606300428509712,0.017766764136276952,4,0.2816722314458982,0.0388878351836423,4,0.22636188609852897,0.02576216960286237,4,0.05547122801139656,0.03248504282258987,4,0.08047344376166424,0.020680317886880965,4,0.954093262553215,0.12864130179718747,4,7.75,2.9860788111948193,4,1.0075977444648743,0.1676926286959051,4,179761.0,0.0,4,3063361.0,0.0,4
random_all_per_seed,all_rows,0.15,0.15,False,False,B3_with_RC_weighted_bcap_10,10.0,0.0002,0.0001,random,conv3_plus,1,268,SKNSH,0.2219879887998104,0.02462327856121997,4,0.29432836920022964,0.03248932649243353,4,0.6253907217342746,0.06097589237653519,4,0.5653029487434973,0.05038469774228419,4,0.36627524373276277,0.08570857120001064,4,0.39390209941965293,0.07868904267636732,4,0.6313600987195969,0.08538878632247042,4,0.28696127980947495,0.003520180748142563,4,0.37198060750961304,0.004683226384488888,4,0.3052413137256187,0.060557668729070736,4,0.22862472462118563,0.04524410513546343,4,0.07643984420204028,0.04502453096525801,4,0.0959226830363665,0.0371762586299494,4,1.0212450474500656,0.1744630759566463,4,0.28020913898944855,0.01336990957512145,4,0.36424189805984497,0.016154104860882115,4,0.25587242694965157,0.023595716452216604,4,0.21694549081485004,0.039305671033096116,4,0.03620393699871488,0.030492977034852615,4,0.06588826724927484,0.01197952000736712,4,0.9718317240476608,0.11108011436034919,4,9.75,2.0615528128088303,4,1.0212450474500656,0.1744630759566463,4,179761.0,0.0,4,3063361.0,0.0,4
random_all_per_seed,all_rows,0.15,0.15,False,False,B3_with_RC_weighted_bcap_10,10.0,0.0002,0.0001,random,conv3_plus,1,536,HepG2,0.2358500026166439,0.02803817200958102,4,0.3085727319121361,0.033696637128521265,4,0.5733704738205325,0.07846129490591666,4,0.4968556805106009,0.06801234044005385,4,0.31917322012590665,0.09177402510999734,4,0.3333708313479169,0.08994033552873966,4,0.679556667804718,0.0916028773936078,4,0.2821982204914093,0.005518462283368888,4,0.36628977954387665,0.00628875573590135,4,0.33813349941496146,0.06366413177600812,4,0.23371536916250657,0.04066386899807323,4,0.10471845478088629,0.03936795585177753,4,0.11737410468270243,0.041683800907905307,4,0.9634158313274384,0.10238440468453602,4,0.2762296423316002,0.009312975694204268,4,0.3624612092971802,0.013207824879385682,4,0.2687925319379588,0.016817007499616184,4,0.22129504922574994,0.014513464967017227,4,0.045441404711680206,0.008750270975484982,4,0.07246153403155021,0.008992197249555432,4,0.9415190815925598,0.09132304743703787,4,6.5,2.0816659994661326,4,0.9634158313274384,0.10238440468453602,4,179761.0,0.0,4,3063361.0,0.0,4
random_all_per_seed,all_rows,0.15,0.15,False,False,B3_with_RC_weighted_bcap_10,10.0,0.0002,0.0001,random,conv3_plus,1,536,K562,0.2394968941807747,0.024149353426381713,4,0.3123272880911827,0.02814327373110097,4,0.5601196938950487,0.0591630204552652,4,0.4815717967166432,0.05137114665907962,4,0.3024931833743205,0.07316906474628022,4,0.31635926873112563,0.06695003762731336,4,0.6962055563926697,0.073032618773272,4,0.2809791713953018,0.0065120298072726375,4,0.36687347292900085,0.011007964411357908,4,0.33745605058141215,0.053673541970700456,4,0.23456307386606273,0.03065900799480425,4,0.10233402134244884,0.03679561756782211,4,0.11603722290476501,0.03597953352701652,4,0.9668400138616562,0.11122378187402371,4,0.2749892398715019,0.011427772550911297,4,0.3581938147544861,0.016146440232943534,4,0.29141993691388524,0.038810528152340096,4,0.23163679896978348,0.0257330232529673,4,0.06812082199643957,0.02239231195670203,4,0.08605527245249053,0.022165834447561032,4,0.9204113781452179,0.1084431913365367,4,6.5,1.9148542155126762,4,0.9668400138616562,0.11122378187402371,4,179761.0,0.0,4,3063361.0,0.0,4
random_all_per_seed,all_rows,0.15,0.15,False,False,B3_with_RC_weighted_bcap_10,10.0,0.0002,0.0001,random,conv3_plus,1,536,SKNSH,0.23320074751973152,0.019871945395708565,4,0.30507592111825943,0.025437142296009435,4,0.595444808321107,0.0536861091769179,4,0.5334386268195608,0.04768760599885184,4,0.3340740701073982,0.06856440956540795,4,0.3567161684954769,0.06427478252187499,4,0.6646835654973984,0.06843654335521024,4,0.2838589772582054,0.003929428665958254,4,0.3677768185734749,0.00652991609452175,4,0.3320085823604527,0.056327099392391645,4,0.24455023341733906,0.046528842050498904,4,0.09757796463251339,0.035564405790650774,4,0.1126092553554678,0.03675507003019631,4,0.971279039978981,0.10344931686418679,4,0.27722030133008957,0.010809141237126708,4,0.36128151416778564,0.014155056979837276,4,0.273728698096989,0.026215194876611652,4,0.2254255152462461,0.03857539989789388,4,0.05168462391125278,0.02000307394994729,4,0.07544282749368661,0.014443643994964365,4,0.9352156817913055,0.08972047120575433,4,7.25,1.5,4,0.971279039978981,0.10344931686418679,4,179761.0,0.0,4,3063361.0,0.0,4
random_all_per_seed,all_rows,0.15,0.15,False,False,B3_with_RC_weighted_bcap_10,10.0,0.0002,0.0001,random,conv3_plus,1,938,HepG2,0.2345549315214157,0.008246576674615298,4,0.3093739449977875,0.010679974422083906,4,0.5635310906814424,0.03285108881909262,4,0.4773217594701067,0.013173132072357647,4,0.3074252847716623,0.0402019889548976,4,0.318376685692066,0.037493273800588124,4,0.6918363571166992,0.04015906547502501,4,0.2800823897123337,0.006043711619018215,4,0.3641417771577835,0.008037865849956407,4,0.3501195425822673,0.060448924278289386,4,0.2330331795934245,0.04435494981713979,4,0.11528072132520509,0.03972923880978377,4,0.12532424843281784,0.04140199135642555,4,0.9593836665153503,0.06566128161798174,4,0.2727081701159477,0.008976900720376066,4,0.35767950862646103,0.013105672140412227,4,0.2943242652928935,0.010707898484016296,4,0.2287237655967936,0.024342607696905903,4,0.07047985814503141,0.008051865622452227,4,0.08671276745765957,0.006205683032297016,4,0.9272810965776443,0.09971975573723933,4,6.0,0.816496580927726,4,0.9593836665153503,0.06566128161798174,4,179761.0,0.0,4,3063361.0,0.0,4
random_all_per_seed,all_rows,0.15,0.15,False,False,B3_with_RC_weighted_bcap_10,10.0,0.0002,0.0001,random,conv3_plus,1,938,K562,0.24209149181842804,0.012795526231010173,4,0.31707505136728287,0.0185801094820174,4,0.5283942452635346,0.05478869402322539,4,0.4427341181873272,0.04374789635511218,4,0.2729338782456331,0.058008203456825926,4,0.28145182917219824,0.057777198194079164,4,0.7262910008430481,0.05794633426939503,4,0.27852190285921097,0.005645388100696402,4,0.3647204041481018,0.011025965529410502,4,0.34974301571869315,0.05209061363674771,4,0.240314494213549,0.032794605552059444,4,0.11289754198903312,0.034784515084880924,4,0.12435525106579572,0.03551585306224415,4,0.9620437324047089,0.06320869170481473,4,0.27224352955818176,0.010546385561809446,4,0.3550819978117943,0.014465401723773046,4,0.30740670997325376,0.02553960454111605,4,0.2393906231309378,0.018228312442578606,4,0.08407825257765197,0.015674492882847637,4,0.0949880888866676,0.015692305695519927,4,0.9143219292163849,0.10703511859179093,4,5.5,1.2909944487358058,4,0.9620437324047089,0.06320869170481473,4,179761.0,0.0,4,3063361.0,0.0,4
random_all_per_seed,all_rows,0.15,0.15,False,False,B3_with_RC_weighted_bcap_10,10.0,0.0002,0.0001,random,conv3_plus,1,938,SKNSH,0.24203898757696152,0.008462840999148923,4,0.3165751099586487,0.012374012266680334,4,0.5339650598589997,0.05447313576035365,4,0.45957365808006484,0.039912798907688736,4,0.2741960614476828,0.05778808954357799,4,0.28734417703989956,0.058243927559060917,4,0.7250301837921143,0.057726456663426115,4,0.28144848346710205,0.004362853700015171,4,0.366598404943943,0.006622577435809746,4,0.33383436523689847,0.059731448730646064,4,0.24530265952840385,0.04077201796845474,4,0.10339581921415977,0.033976961806377694,4,0.11412126788871929,0.03915302897145917,4,0.972431406378746,0.0651090408453143,4,0.2744849696755409,0.01055236269231756,4,0.35805459320545197,0.01420495522522183,4,0.28330153643427314,0.023835296393173208,4,0.22731348667349396,0.03482981187650409,4,0.06858565580008893,0.018979445356930587,4,0.08068585156163259,0.013773063307781618,4,0.9289485067129135,0.09819268860829367,4,5.25,0.9574271077563381,4,0.972431406378746,0.0651090408453143,4,179761.0,0.0,4,3063361.0,0.0,4
random_all_per_seed,all_rows,0.15,0.15,False,False,B3_with_RC_weighted_bcap_10,10.0,0.0002,0.0001,random,conv3_plus,1,1340,HepG2,0.24434981122612953,0.005062734953840882,4,0.32180624455213547,0.007774464886749604,4,0.5301488846427571,0.017345981754078255,4,0.4277981916201393,0.027854143055530727,4,0.2703488617633014,0.014586378638961506,4,0.2812835022002191,0.01841551939017025,4,0.7291066944599152,0.014575446935151268,4,0.27714354544878006,0.006312547480149791,4,0.3614180386066437,0.008988467135816735,4,0.3654735987883831,0.05356700047322286,4,0.24633950543155736,0.039499769539484246,4,0.12855464857289847,0.038955641793743646,4,0.1357230190661057,0.038357632674851865,4,0.922109067440033,0.07876802671038632,4,0.27088627964258194,0.008435000927953799,4,0.3556898534297943,0.0129254833342331,4,0.3028948374215658,0.014818415440480393,4,0.2303145600792052,0.03314317664282367,4,0.08075328244621455,0.010824775456618623,4,0.0919099716137618,0.008901943874460716,4,0.8926582038402557,0.08007908648482301,4,5.0,0.0,4,0.922109067440033,0.07876802671038632,4,179761.0,0.0,4,3063361.0,0.0,4
random_all_per_seed,all_rows,0.15,0.15,False,False,B3_with_RC_weighted_bcap_10,10.0,0.0002,0.0001,random,conv3_plus,1,1340,K562,0.2515067271888256,0.014822072137221788,4,0.32973844558000565,0.020820408077824728,4,0.4898146059654192,0.04905531841816883,4,0.3892198579241278,0.0372191764607091,4,0.23486223205107254,0.047698530976659353,4,0.2417231664158898,0.04727224858931266,4,0.7645668238401413,0.04766302165522012,4,0.27662070095539093,0.006026504612445163,4,0.3630033954977989,0.012029334624309329,4,0.35937868387829075,0.0537270079434326,4,0.24507103488780824,0.02920455829265564,4,0.12117357965772149,0.03992110252273924,4,0.1313179819630077,0.03737071499643306,4,0.9303265959024429,0.0862279381328669,4,0.27099473774433136,0.01063474611097609,4,0.3536781594157219,0.01478979303924443,4,0.3146428705366764,0.01939976250390042,4,0.2404783802410267,0.01369760121155173,4,0.09139752961908368,0.013160495542338417,4,0.0992823990684655,0.012485386971255591,4,0.8826614022254944,0.08448671986484235,4,4.5,1.2909944487358058,4,0.9303265959024429,0.0862279381328669,4,179761.0,0.0,4,3063361.0,0.0,4
random_all_per_seed,all_rows,0.15,0.15,False,False,B3_with_RC_weighted_bcap_10,10.0,0.0002,0.0001,random,conv3_plus,1,1340,SKNSH,0.2446449138224125,0.0058322356853530875,4,0.3207493722438812,0.008857109174145885,4,0.5351271471339705,0.017640402600151334,4,0.44480796961779834,0.02315968823873068,4,0.2751438264972628,0.019437964764288343,4,0.2865944514526637,0.018572102402808235,4,0.724315270781517,0.01942339507390782,4,0.2791619375348091,0.0037867994537383173,4,0.36380984634160995,0.007475143910687441,4,0.3537906167931736,0.050119371017263166,4,0.25645116692663955,0.03903595756501667,4,0.116992520657103,0.03537584793951044,4,0.12705176404426877,0.03426030445170242,4,0.9342239797115326,0.07536965854993881,4,0.2723364979028702,0.01033123825298709,4,0.35568057000637054,0.014325988051156395,4,0.30158933577751357,0.025471101462603736,4,0.2354634912049104,0.03606348499548322,4,0.08092444142605176,0.019069539487657845,4,0.0914427102120105,0.01546247562145758,4,0.8925111591815948,0.08108023087096075,4,5.0,0.0,4,0.9342239797115326,0.07536965854993881,4,179761.0,0.0,4,3063361.0,0.0,4
random_all_per_seed,all_rows,0.15,0.15,False,False,B3_with_RC_weighted_bcap_10,10.0,0.0002,0.0001,random,conv3_plus,1,2011,HepG2,0.24923740327358246,0.0038996896969931308,4,0.3266309052705765,0.006341122143418742,4,0.5001592287957433,0.006209064607047517,4,0.38876901576204853,0.0027935799355667686,4,0.24330326320261836,0.0059435374936032135,4,0.25018816851202347,0.006184651441208925,4,0.7563204318284988,0.005940550091302827,4,0.27515940368175507,0.005692241311931037,4,0.35944007337093353,0.009206151864991317,4,0.3795962099180421,0.04663531434964251,4,0.2649821487627126,0.03637453026087207,4,0.13828633763849818,0.03218158403626584,4,0.1457244219925098,0.0346166044894904,4,0.9174059480428696,0.0647539181987418,4,0.2690240666270256,0.009004937843712563,4,0.35303473472595215,0.01355987676291081,4,0.32061137958570435,0.01459486010459496,4,0.2419427972556375,0.016162416460133264,4,0.09454064040107041,0.010074505426865873,4,0.10295141417595313,0.009358431418987692,4,0.8858475387096405,0.08507908373971472,4,4.0,0.0,4,0.9174059480428696,0.0647539181987418,4,179761.0,0.0,4,3063361.0,0.0,4
random_all_per_seed,all_rows,0.15,0.15,False,False,B3_with_RC_weighted_bcap_10,10.0,0.0002,0.0001,random,conv3_plus,1,2011,K562,0.2496558502316475,0.003478751162564911,4,0.32644183933734894,0.005681950665945009,4,0.4983144935144692,0.001837403744969412,4,0.38947551216519927,0.0027896482914138774,4,0.2441509931726721,0.002393414631172914,4,0.24831986648597348,0.0018283738264434546,4,0.7554731070995331,0.0023922461735480668,4,0.2751833498477936,0.005178314067960987,4,0.36083192378282547,0.010247761718444786,4,0.3729986603714966,0.046040589564452665,4,0.2523279098613899,0.030735426666406856,4,0.13158201891777277,0.036233899900840014,4,0.14071780255451283,0.0332871193587752,4,0.9244485646486282,0.06603332791349349,4,0.2697597146034241,0.010132524990297384,4,0.35204947739839554,0.014485834612369259,4,0.3270874576425842,0.020487109399794447,4,0.24421449902858575,0.02412875739324561,4,0.09970543323204697,0.013581522939431698,4,0.10730099618575864,0.01344217753221744,4,0.8810718953609467,0.08846357974160887,4,4.0,0.0,4,0.9244485646486282,0.06603332791349349,4,179761.0,0.0,4,3063361.0,0.0,4
random_all_per_seed,all_rows,0.15,0.15,False,False,B3_with_RC_weighted_bcap_10,10.0,0.0002,0.0001,random,conv3_plus,1,2011,SKNSH,0.2400462068617344,0.0076736347248293054,4,0.3155568689107895,0.009443094814777488,4,0.5519590493735127,0.03101072763420371,4,0.44912777441827084,0.028747866479319435,4,0.29352037007203535,0.03134088192089171,4,0.3053800411066139,0.033336674541474064,4,0.70612832903862,0.03132528857139348,4,0.2768452987074852,0.004113063396160126,4,0.361583910882473,0.007714174924947592,4,0.3682552056307032,0.04280676338662205,4,0.26737810330975625,0.03781930019611518,4,0.12797702479437187,0.027784323641782446,4,0.13698621071784017,0.031052214346110583,4,0.9281434416770935,0.057752158388619405,4,0.2713102623820305,0.010603356296783042,4,0.35400697588920593,0.0143476317880889,4,0.31907795576412046,0.023642296279711227,4,0.24007915993364362,0.04431850670220097,4,0.08950797870028243,0.022603427896049876,4,0.10222996048464326,0.014843168660218321,4,0.8907870352268219,0.08690716377200278,4,4.75,0.4999999999999999,4,0.9281434416770935,0.057752158388619405,4,179761.0,0.0,4,3063361.0,0.0,4
random_all_per_seed,all_rows,0.15,0.15,False,False,B3_with_RC_weighted_bcap_10,10.0,0.0002,0.0001,random,conv3_plus,1,2681,HepG2,0.25115063413977623,0.0031942094132717627,4,0.3294210359454155,0.003973300471075847,4,0.49634238663461094,0.019294646320941602,4,0.3805846761950812,0.01600927909538387,4,0.24237264127365837,0.021098029301882478,4,0.24663497730262926,0.018869669227042363,4,0.7573447376489639,0.02109007190194852,4,0.27518029510974884,0.0049805192633851185,4,0.35901989787817,0.008687469633797754,4,0.38549701837285194,0.041154532223908004,4,0.2720660531460427,0.03481466688702374,4,0.14035712421099666,0.028324960073747178,4,0.1498782228162855,0.03131222952600545,4,0.9002769887447357,0.05581885867296183,4,0.2685253322124481,0.008954329333742302,4,0.3524755835533142,0.013272032645748819,4,0.3259048621628795,0.021794431874635006,4,0.2440592605612601,0.02279791775759133,4,0.09734008999209617,0.012468264424995412,4,0.10657022712695909,0.013963892048830001,4,0.8682723343372345,0.07190853276228273,4,3.75,0.5,4,0.9002769887447357,0.05581885867296183,4,179761.0,0.0,4,3063361.0,0.0,4
random_all_per_seed,all_rows,0.15,0.15,False,False,B3_with_RC_weighted_bcap_10,10.0,0.0002,0.0001,random,conv3_plus,1,2681,K562,0.25163761526346207,0.003834053033860304,4,0.32975058257579803,0.004749660299827646,4,0.4953796419792774,0.022220116275446317,4,0.38431459391875555,0.020388481547025782,4,0.24084782586751244,0.023136932469859237,4,0.2457712898629878,0.02178641976830146,4,0.7588689774274826,0.0231283265029137,4,0.2743917182087898,0.0045418829853659725,4,0.3592856079339981,0.009339793355823802,4,0.38203194631996523,0.04093205996617263,4,0.263421558511888,0.036984812984496636,4,0.1390872040054671,0.03044743369346612,4,0.14720498315882657,0.030382231317472398,4,0.9016880691051483,0.05910655885821573,4,0.269455187022686,0.010419917167242533,4,0.35234298557043076,0.014804177679996708,4,0.3259876238699001,0.02629504538124775,4,0.250441560928433,0.02751412824794803,4,0.09822591132852204,0.015722955858845585,4,0.10678650297504486,0.01691351138341387,4,0.8679293692111969,0.07942611974042263,4,3.75,0.5,4,0.9016880691051483,0.05910655885821573,4,179761.0,0.0,4,3063361.0,0.0,4
random_all_per_seed,all_rows,0.15,0.15,False,False,B3_with_RC_weighted_bcap_10,10.0,0.0002,0.0001,random,conv3_plus,1,2681,SKNSH,0.24745894968509674,0.009259362017289038,4,0.32481908798217773,0.010931460481946494,4,0.51999287778809,0.04133960084760237,4,0.41484196825636166,0.04620125837436579,4,0.26311599649138007,0.0450392052663631,4,0.2716743148990189,0.04311526668457687,4,0.7366091758012772,0.04502236079898098,4,0.2761474698781967,0.0052784849650814245,4,0.36025407910346985,0.007942130360100684,4,0.37537810581197595,0.039090949675534455,4,0.26709951080828753,0.0335967176567215,4,0.1344489578461957,0.02538162849672267,4,0.14205479908288837,0.029064436014915422,4,0.9063280671834946,0.051150091141015035,4,0.27033890783786774,0.010951545361802012,4,0.3529784381389618,0.014021005409849624,4,0.32384762994024624,0.025718044749365447,4,0.23975345088267935,0.04443882389925456,4,0.09471923238672983,0.023773598041836475,4,0.10537335078721244,0.01663770077099299,4,0.8710229247808456,0.07704775216478987,4,4.0,0.816496580927726,4,0.9063280671834946,0.051150091141015035,4,179761.0,0.0,4,3063361.0,0.0,4
random_all_per_seed,all_rows,0.15,0.15,False,False,B3_with_RC_weighted_bcap_10,10.0,0.0002,0.0001,random,full,1,134,HepG2,0.14531727507710457,0.031991666597637296,4,0.2127472348511219,0.04096873587217971,4,0.8438305371507738,0.07146652493632301,4,0.8397568514812976,0.10450304053892844,4,0.6628039020498698,0.11918434048870691,4,0.7158805735680192,0.11654022089924285,4,0.3346797339618206,0.11829489293022546,4,0.29131901264190674,0.007168440299700775,4,0.3768702298402786,0.006120170742867687,4,0.30732731252476386,0.04296309313777893,4,0.23022515241566716,0.04262409971912242,4,0.050658446080880964,0.07627411245394751,4,0.095834447552668,0.02603397880891235,4,1.053530514240265,0.23444419960470342,4,0.28413472324609756,0.014949452479936854,4,0.3717848211526871,0.020493356619361636,4,0.243622744720533,0.020269104588520537,4,0.20967897964202303,0.019897487369871493,4,-0.0035816321849243826,0.04047687536832451,4,0.05966016919578128,0.009935939893394872,4,1.0161449611186981,0.18042238856990428,4,10.0,2.449489742783178,4,1.053530514240265,0.23444419960470342,4,179761.0,0.0,4,3747661.0,0.0,4
random_all_per_seed,all_rows,0.15,0.15,False,False,B3_with_RC_weighted_bcap_10,10.0,0.0002,0.0001,random,full,1,134,K562,0.16227741912007332,0.03051138592460425,4,0.23879874125123024,0.04499447731157034,4,0.7970579047164963,0.04584321657449627,4,0.8049059927614225,0.08972660574220406,4,0.5858517077455311,0.09439243979227081,4,0.6368775038504734,0.07284262301048564,4,0.41105762869119644,0.0936880354743858,4,0.29241078346967697,0.012625120420349974,4,0.3801663741469383,0.012310169386663182,4,0.30548664010810284,0.040044269492206026,4,0.22539253496047817,0.022939689244083305,4,0.03468430979897902,0.07382376659309536,4,0.09452474492391084,0.025601553415776634,4,1.0724065601825714,0.23630687283034463,4,0.28385548293590546,0.017718808763121544,4,0.37069442868232727,0.0250122456330784,4,0.2677932070029901,0.045822118762546195,4,0.2254034880451371,0.038604632082383954,4,0.0022517178534466886,0.06974209076546418,4,0.07328795164286298,0.022460416727328594,4,1.0120972841978073,0.1988659643394882,4,10.0,3.366501646120693,4,1.0724065601825714,0.23630687283034463,4,179761.0,0.0,4,3747661.0,0.0,4
random_all_per_seed,all_rows,0.15,0.15,False,False,B3_with_RC_weighted_bcap_10,10.0,0.0002,0.0001,random,full,1,134,SKNSH,0.1352715641260147,0.03794069393931708,4,0.19640060141682625,0.045228021972819915,4,0.8624947157991714,0.08661765003240834,4,0.8635422282076768,0.11575819482718988,4,0.7040670050846752,0.1404494966509475,4,0.749524097754346,0.1454024120679534,4,0.29372455179691315,0.1394013260014236,4,0.2947300598025322,0.007147744749293419,4,0.3813452422618866,0.004524205259797432,4,0.2865633794949096,0.03520294410644225,4,0.22465723517852412,0.03828146471574506,4,0.028385538207773175,0.06929494826803823,4,0.08304800592286456,0.01992539106433425,4,1.0804701447486877,0.25106020779089694,4,0.2885596677660942,0.014853053453540826,4,0.3749963194131851,0.019017745588272572,4,0.23635046358865694,0.026478443198641972,4,0.20543269480559834,0.03118702111803689,4,-0.021216503539645187,0.03770435448213567,4,0.056387372604240836,0.012734806325606298,4,1.0330971330404282,0.17213082320636508,4,11.75,3.2015621187164243,4,1.0804701447486877,0.25106020779089694,4,179761.0,0.0,4,3747661.0,0.0,4
random_all_per_seed,all_rows,0.15,0.15,False,False,B3_with_RC_weighted_bcap_10,10.0,0.0002,0.0001,random,full,1,268,HepG2,0.17916684225201607,0.019086727365488547,4,0.24935701489448547,0.028856581110737307,4,0.7686303526391234,0.04758564865221091,4,0.7225535199679032,0.0699006869271248,4,0.5447035879557531,0.07504364827885691,4,0.5924909144663818,0.073157766109776,4,0.4535975009202957,0.07476360506770682,4,0.2863733395934105,0.0048942615849424526,4,0.37128912657499313,0.0050285679208481315,4,0.32155043015589757,0.040402579126895904,4,0.23331977010912455,0.039811896966146364,4,0.07992987825609235,0.04354147141084342,4,0.10461895543352157,0.025578991178462556,4,1.0178763270378113,0.17679899016393935,4,0.27868495136499405,0.011410000656503367,4,0.36607155948877335,0.01478776620534626,4,0.2587541774196721,0.015755774422543476,4,0.2206456507183241,0.015070950224022446,4,0.026484409800555497,0.015913157270975174,4,0.0671399076528717,0.008092047265583099,4,0.9832653850317001,0.12842402597869565,4,5.75,0.9574271077563381,4,1.0178763270378113,0.17679899016393935,4,179761.0,0.0,4,3747661.0,0.0,4
random_all_per_seed,all_rows,0.15,0.15,False,False,B3_with_RC_weighted_bcap_10,10.0,0.0002,0.0001,random,full,1,268,K562,0.17629121616482735,0.031352719635297566,4,0.251257061958313,0.04112850437187444,4,0.75213041555495,0.05955107312307552,4,0.7100849096170389,0.09160402656614751,4,0.5387274359537846,0.10212207738631718,4,0.5683599097354443,0.08993143136900565,4,0.4595513939857483,0.10174102305190726,4,0.2872993275523186,0.005905120461765358,4,0.3736843019723892,0.007363289004685582,4,0.32162030336135544,0.031792388426256375,4,0.2326758530446927,0.019395620971170424,4,0.06822185745280057,0.042314591627118335,4,0.10419768650563478,0.020248153308355013,4,1.0303598940372467,0.17320858911512202,4,0.2776446267962456,0.011652838921619372,4,0.36332619935274124,0.018857153814161576,4,0.2898911479561065,0.03737974436056502,4,0.23987183018679378,0.022026142498285346,4,0.04141296122927374,0.03561695113477749,4,0.08508481162965512,0.02043635117922105,4,0.9685253947973251,0.13414720855643664,4,6.75,2.0615528128088303,4,1.0303598940372467,0.17320858911512202,4,179761.0,0.0,4,3747661.0,0.0,4
random_all_per_seed,all_rows,0.15,0.15,False,False,B3_with_RC_weighted_bcap_10,10.0,0.0002,0.0001,random,full,1,268,SKNSH,0.1598358489573002,0.02004357980926859,4,0.22649064287543297,0.029661966555673634,4,0.8147060818489053,0.03415569150832915,4,0.7888633127684199,0.043078029825274713,4,0.6253586802581926,0.06414197814004503,4,0.6646209582484043,0.05521383817379096,4,0.3732433617115021,0.06390263444268818,4,0.28975389152765274,0.0029995091874894493,4,0.3750239834189415,0.0026869975665834026,4,0.3053145397250794,0.050252564243339716,4,0.2313101012853278,0.04067486774644827,4,0.06086706411745532,0.05396820925276685,4,0.09511095832731029,0.030780523046386978,4,1.0379551947116852,0.17737871399665797,4,0.28159675002098083,0.01182557510872222,4,0.3663175255060196,0.015551987270909395,4,0.25907906289883526,0.02507486243870309,4,0.22195069577576773,0.037096752528997544,4,0.02528242881247894,0.019005538973003798,4,0.06759352237727856,0.012990133562697702,4,0.9831534624099731,0.11387163184212779,4,7.5,1.2909944487358056,4,1.0379551947116852,0.17737871399665797,4,179761.0,0.0,4,3747661.0,0.0,4
random_all_per_seed,all_rows,0.15,0.15,False,False,B3_with_RC_weighted_bcap_10,10.0,0.0002,0.0001,random,full,1,536,HepG2,0.21864894777536392,0.022456175715277023,4,0.29062656313180923,0.026311159981231513,4,0.659239962505719,0.04553375237777921,4,0.5906014804696982,0.07037889469116569,4,0.3967279071303488,0.0556339938579621,4,0.43615232011874255,0.060040249648967634,4,0.60214664041996,0.055530182783011035,4,0.2836485803127289,0.005046183255572158,4,0.36873313039541245,0.007215185861086713,4,0.3229401025683428,0.046449844935129145,4,0.2361762574739749,0.03549186130554358,4,0.09298295682563032,0.033659688901443066,4,0.10590850091772493,0.028821877195552188,4,0.9764078706502914,0.10525684366058125,4,0.2756536602973938,0.01092302395532744,4,0.36173713207244873,0.014102510284086617,4,0.26380024675820823,0.010217375405083835,4,0.2258826690901135,0.013548705856338435,4,0.049390390568926995,0.008735648920687641,4,0.06966886625981786,0.0053599147605674444,4,0.9378435015678406,0.09430246709380007,4,3.5,0.5773502691896257,4,0.9764078706502914,0.10525684366058125,4,179761.0,0.0,4,3747661.0,0.0,4
random_all_per_seed,all_rows,0.15,0.15,False,False,B3_with_RC_weighted_bcap_10,10.0,0.0002,0.0001,random,full,1,536,K562,0.2137928642332554,0.029112865524195633,4,0.2856055423617363,0.03230263596936888,4,0.670166678733316,0.05334844639117647,4,0.5982486214112412,0.060527264360856356,4,0.41744223717067075,0.07607218375502356,4,0.4512579198337078,0.07053981063171105,4,0.5814709737896919,0.07593030197374087,4,0.28223010152578354,0.006544000390470188,4,0.3685341626405716,0.010732803357666429,4,0.33045052194428537,0.04791495965359252,4,0.2350326630250326,0.027281510870778323,4,0.09429595708638552,0.03233088195058549,4,0.11091942997220466,0.031370906747061916,4,0.9758774638175964,0.11440245611880007,4,0.2740107402205467,0.012366362570096195,4,0.3575548678636551,0.017860820193721486,4,0.29498163047282866,0.04088200153130001,4,0.2384994546359346,0.032414016077926266,4,0.0715475347194619,0.032228423081168175,4,0.08826766585331233,0.02353124924052302,4,0.9177725911140442,0.1197449137822615,4,4.0,0.816496580927726,4,0.9758774638175964,0.11440245611880007,4,179761.0,0.0,4,3747661.0,0.0,4
random_all_per_seed,all_rows,0.15,0.15,False,False,B3_with_RC_weighted_bcap_10,10.0,0.0002,0.0001,random,full,1,536,SKNSH,0.21243438497185707,0.008790670075115114,4,0.2827352434396744,0.012851424799016105,4,0.6891896544807112,0.004909113607032948,4,0.628026468413178,0.030361265912184614,4,0.4281787584820922,0.011311168939637024,4,0.4750004543905472,0.0067825970563657086,4,0.5707544833421707,0.011290097627872638,4,0.2854297012090683,0.003081599556373235,4,0.36992329359054565,0.0066248212176552536,4,0.31720499917766254,0.04236505121896452,4,0.2421810705056102,0.046861097317096194,4,0.08714458552344384,0.031342941668018,4,0.10196510967688999,0.026492180771056244,4,0.9829501956701279,0.10808871004243638,4,0.27676307410001755,0.010400657110775802,4,0.3610866516828537,0.014103522319086143,4,0.27004585144265597,0.024874577502531296,4,0.22779491326468304,0.037411273503501166,4,0.05273467368494364,0.01753719380805992,4,0.07338882033583609,0.013358729931618223,4,0.9342622607946396,0.09042770031158305,4,4.0,0.0,4,0.9829501956701279,0.10808871004243638,4,179761.0,0.0,4,3747661.0,0.0,4
random_all_per_seed,all_rows,0.15,0.15,False,False,B3_with_RC_weighted_bcap_10,10.0,0.0002,0.0001,random,full,1,938,HepG2,0.2185818962752819,0.011694935013226366,4,0.2927496060729027,0.013621154532126324,4,0.6385174740427175,0.03256312973162094,4,0.5569845063284244,0.02895368437115726,4,0.37852733171909025,0.06545060305887511,4,0.4084998327213312,0.04155819404317036,4,0.6208101361989975,0.06538078229624926,4,0.28058531880378723,0.0068724837290990775,4,0.36524342745542526,0.009105101199406556,4,0.3448059596382479,0.05287670792593961,4,0.2484630475917825,0.03698850383697211,4,0.11029010906981443,0.030414593076696885,4,0.12098810948286687,0.03594388148446905,4,0.9652423858642578,0.06820773956408215,4,0.27433814853429794,0.007628058509158199,4,0.35911525040864944,0.011523084568817768,4,0.2847841355774231,0.016855632598158445,4,0.23649197273538444,0.015164383418893475,4,0.06275476725566312,0.011144743085681941,4,0.08131508813929317,0.009357701055704035,4,0.9344599545001984,0.09375726564213906,4,3.5,0.5773502691896257,4,0.9652423858642578,0.06820773956408215,4,179761.0,0.0,4,3747661.0,0.0,4
random_all_per_seed,all_rows,0.15,0.15,False,False,B3_with_RC_weighted_bcap_10,10.0,0.0002,0.0001,random,full,1,938,K562,0.217605609446764,0.01398251914274614,4,0.2925080955028534,0.01800761418582538,4,0.6331327076178601,0.035878722135212905,4,0.545379863240054,0.03170035738068053,4,0.3808641731470563,0.058538964546311065,4,0.40182248748206456,0.04425848210360124,4,0.6184757351875305,0.058476549094596396,4,0.2796064168214798,0.007776235745706822,4,0.3656312823295593,0.011910880341181936,4,0.34724457319121144,0.04802205712388877,4,0.24400807623210982,0.03430577478308295,4,0.10864751192569982,0.03171844703017218,4,0.1223083820885541,0.032676484525110704,4,0.9669976085424423,0.06811119720833002,4,0.2732101082801819,0.010959375943978323,4,0.3558546155691147,0.015178247560664208,4,0.30832031818333383,0.03315779334569093,4,0.24781652125372905,0.028258290932745914,4,0.08009969987691579,0.02208399722996629,4,0.0958859980493389,0.019682473227644146,4,0.9186963587999344,0.11371747139082926,4,3.75,0.49999999999999994,4,0.9669976085424423,0.06811119720833002,4,179761.0,0.0,4,3747661.0,0.0,4
random_all_per_seed,all_rows,0.15,0.15,False,False,B3_with_RC_weighted_bcap_10,10.0,0.0002,0.0001,random,full,1,938,SKNSH,0.21378756314516068,0.021134375815597118,4,0.2874457985162735,0.024551467181139465,4,0.6501022191746859,0.07597258492513209,4,0.5863749730772099,0.0737485448886636,4,0.3979104533586749,0.11131880877987607,4,0.4269617706210061,0.09864472853497418,4,0.6014477089047432,0.11120014678491276,4,0.2836659550666809,0.004960018696164116,4,0.36841268837451935,0.00821598986649545,4,0.32610811649458027,0.0475084039577968,4,0.24590950480480256,0.028548635071420244,4,0.09487090732526665,0.023574434924412396,4,0.10803928997860562,0.030254312764323714,4,0.9819886982440948,0.06571216076282434,4,0.2761789485812187,0.008826055432047205,4,0.3597143366932869,0.012423029270324477,4,0.2823629223207164,0.024455289826936934,4,0.2310400281551237,0.026253770660017935,4,0.059557693864880884,0.02489578261560043,4,0.08017736580188455,0.013977682519894619,4,0.9370203614234924,0.08753444512825774,4,3.75,0.9574271077563381,4,0.9819886982440948,0.06571216076282434,4,179761.0,0.0,4,3747661.0,0.0,4
random_all_per_seed,all_rows,0.15,0.15,False,False,B3_with_RC_weighted_bcap_10,10.0,0.0002,0.0001,random,full,1,1340,HepG2,0.21783516556024551,0.018124772791438697,4,0.2941882610321045,0.021005006478052344,4,0.6364281007330449,0.040194543283876095,4,0.5344627327875167,0.04228704745797271,4,0.39046068500020065,0.055757457676435945,4,0.4062524283850203,0.05091678868288433,4,0.6090844720602036,0.05571583842784682,4,0.2780787944793701,0.005782685044940566,4,0.36337124556303024,0.008242276772249379,4,0.3617112318298781,0.04639914599943107,4,0.2563324281326239,0.03035650482333803,4,0.11920630680297148,0.03429947903554709,4,0.1324496757939952,0.03262851167871342,4,0.9321107268333435,0.07834241963331483,4,0.27321000397205353,0.00692123252426882,4,0.35850606113672256,0.012163460539749213,4,0.2986601684062984,0.014372442552743751,4,0.24095301848254802,0.024339931591282712,4,0.06580806876003928,0.024956744355661257,4,0.08935282152117746,0.008554133985240162,4,0.9072214961051941,0.08555559181481182,4,3.5,0.5773502691896257,4,0.9321107268333435,0.07834241963331483,4,179761.0,0.0,4,3747661.0,0.0,4
random_all_per_seed,all_rows,0.15,0.15,False,False,B3_with_RC_weighted_bcap_10,10.0,0.0002,0.0001,random,full,1,1340,K562,0.234674122184515,0.00503852105119411,4,0.3111236169934273,0.008955486410647695,4,0.5787410250700185,0.013665180325317513,4,0.47089352776236953,0.020662972444253747,4,0.31797614129579743,0.020932564848035407,4,0.33508122696408826,0.015687358243137783,4,0.6815148890018463,0.02091690627797628,4,0.27699968218803406,0.006020703928818227,4,0.3630334138870239,0.011328507926963891,4,0.3602263010687628,0.05022227164340613,4,0.25357920259883293,0.027567994159281337,4,0.12095435815460362,0.0397390245130883,4,0.13165469540845098,0.036128114607129835,4,0.9304879754781723,0.08501630563616044,4,0.26981543004512787,0.011364356579660761,4,0.35260405391454697,0.015591760683130269,4,0.31981828118122496,0.031469872423715614,4,0.25227220194440536,0.028819010547222405,4,0.09697306356540275,0.018817754367133954,4,0.10302649763048677,0.01957169374571701,4,0.8776140362024307,0.09039301875991149,4,3.0,0.0,4,0.9304879754781723,0.08501630563616044,4,179761.0,0.0,4,3747661.0,0.0,4
random_all_per_seed,all_rows,0.15,0.15,False,False,B3_with_RC_weighted_bcap_10,10.0,0.0002,0.0001,random,full,1,1340,SKNSH,0.22655267268419266,0.0297075047812229,4,0.30205073207616806,0.036051993915132,4,0.6088247505883415,0.08790762807838767,4,0.5211624092416622,0.07111347239676293,4,0.3562888771866599,0.11411757207110343,4,0.3764633902347324,0.10367619422375869,4,0.6432307660579681,0.11403243021001634,4,0.2808672785758972,0.004291492499689235,4,0.36645787209272385,0.008301755508940368,4,0.3374786390580118,0.05089844766069312,4,0.25450314538567587,0.03713692800512697,4,0.10440623816315536,0.025981687514770913,4,0.11583482080114903,0.03270216890373248,4,0.9482615739107132,0.08291420872305423,4,0.2731049582362175,0.007176925113906043,4,0.3575485497713089,0.012410520029473127,4,0.29559273142424564,0.019273424849324348,4,0.24184927381207694,0.01887351405890869,4,0.07104032548845288,0.0110416828799097,4,0.08765366154991314,0.011625409281914696,4,0.9018597900867462,0.07706073640765672,4,3.25,0.9574271077563382,4,0.9482615739107132,0.08291420872305423,4,179761.0,0.0,4,3747661.0,0.0,4
random_all_per_seed,all_rows,0.15,0.15,False,False,B3_with_RC_weighted_bcap_10,10.0,0.0002,0.0001,random,full,1,2011,HepG2,0.23139359056949615,0.015276201555419427,4,0.3077787607908249,0.018460443764121835,4,0.582770390075933,0.05453696579307215,4,0.4733078555862648,0.04271385481900043,4,0.3275558506264381,0.0640087584183637,4,0.34185203802769115,0.0606465222557111,4,0.6721097826957703,0.06397693169532183,4,0.275977224111557,0.006882929901656729,4,0.36085209995508194,0.00926897392506932,4,0.37326247729635453,0.05166080002417283,4,0.2682113258690377,0.03347811056215914,4,0.1314377276184693,0.034744290020020704,4,0.1413265056517648,0.03732895696928508,4,0.9246086031198502,0.06500444427430437,4,0.270696759223938,0.007912712811899005,4,0.3543345704674721,0.013511912471967435,4,0.3166294290608296,0.014737594971320562,4,0.24162998893240928,0.02073071156966386,4,0.08780129137345574,0.014004218794429101,4,0.10041709287654092,0.009132662615402794,4,0.8924827724695206,0.08753150955289926,4,2.75,0.49999999999999994,4,0.9246086031198502,0.06500444427430437,4,179761.0,0.0,4,3747661.0,0.0,4
random_all_per_seed,all_rows,0.15,0.15,False,False,B3_with_RC_weighted_bcap_10,10.0,0.0002,0.0001,random,full,1,2011,K562,0.2332969829440117,0.014077090190996913,4,0.30964067578315735,0.017452762475667443,4,0.5765694607053721,0.048332940871777634,4,0.461329175022302,0.04561701162278225,4,0.31951661879864013,0.059623410654307304,4,0.3341843978980697,0.053440988660152504,4,0.6801449656486511,0.05959375930465418,4,0.2740337625145912,0.0073178399092986264,4,0.36047065258026123,0.011810780190935961,4,0.3730163984562286,0.05154117493258385,4,0.26284574765749097,0.02379689160846489,4,0.13336162379348657,0.03979560040718221,4,0.14113360305232928,0.037903684741713815,4,0.9228527396917343,0.07378484087223712,4,0.26994141191244125,0.009757915074325581,4,0.352370984852314,0.015098591853441385,4,0.3274135476408977,0.027181767873367343,4,0.2560385800653636,0.022561417147609363,4,0.09806534855414828,0.019927301378452316,4,0.10775376755733959,0.017531288329690146,4,0.8830307424068451,0.09500896801952027,4,2.75,0.49999999999999994,4,0.9228527396917343,0.07378484087223712,4,179761.0,0.0,4,3747661.0,0.0,4
random_all_per_seed,all_rows,0.15,0.15,False,False,B3_with_RC_weighted_bcap_10,10.0,0.0002,0.0001,random,full,1,2011,SKNSH,0.2236148715019226,0.003272853062604647,4,0.29831092804670334,0.005038317271956784,4,0.617869390649898,0.007787365773495769,4,0.5195009627433655,0.00991393979263224,4,0.36878292753492503,0.005532419864156166,4,0.38180806620134383,0.009623442634257889,4,0.6309031695127487,0.005529684732203852,4,0.2784968316555023,0.004147332860469495,4,0.36305979639291763,0.007338536025802778,4,0.3625728251557366,0.03948981723701896,4,0.2711002295903198,0.03272799154686895,4,0.12088075514390198,0.024993457873078603,4,0.1326286377904722,0.028614838082516428,4,0.935807004570961,0.05871678072660055,4,0.27199559658765793,0.009308681604383315,4,0.35494232922792435,0.01385482758767273,4,0.3150353531800613,0.02189081464570337,4,0.2430857289252814,0.030966198413232345,4,0.08470473335876857,0.01608415241859549,4,0.09960667957767538,0.013829780063969477,4,0.8954895883798599,0.08668864538902887,4,3.0,0.0,4,0.935807004570961,0.05871678072660055,4,179761.0,0.0,4,3747661.0,0.0,4
random_all_per_seed,all_rows,0.15,0.15,False,False,B3_with_RC_weighted_bcap_10,10.0,0.0002,0.0001,random,full,1,2681,HepG2,0.24469901993870735,0.008832350661144331,4,0.32293039560317993,0.009573845710668426,4,0.5398820390761274,0.04505055624799807,4,0.42677805686183135,0.041481733631391356,4,0.27121420783695344,0.049817955602700685,4,0.29299478058068773,0.05048454075231239,4,0.7285139411687851,0.04979934068802801,4,0.27354639768600464,0.006259017980482009,4,0.3589765280485153,0.009131942731802256,4,0.37959256249848317,0.03629588236486266,4,0.2772286434522365,0.024982999085988382,4,0.14068933951396143,0.024640722369747285,4,0.1450785568116478,0.027286929381492735,4,0.9001093208789825,0.057672758121674904,4,0.26851292699575424,0.008334392433976795,4,0.3522116541862488,0.012697239586747556,4,0.32389091326949854,0.01866813878041145,4,0.2513260647279525,0.021309563613414607,4,0.09858990552527877,0.014011684712735567,4,0.10516669825269334,0.011836732220232984,4,0.8668303340673447,0.06851769229078816,4,2.25,0.5,4,0.9001093208789825,0.057672758121674904,4,179761.0,0.0,4,3747661.0,0.0,4
random_all_per_seed,all_rows,0.15,0.15,False,False,B3_with_RC_weighted_bcap_10,10.0,0.0002,0.0001,random,full,1,2681,K562,0.23319676890969276,0.011794091129781453,4,0.310264989733696,0.012775361787068165,4,0.5826872378735719,0.04531495327329234,4,0.4684766706403231,0.039739826598288494,4,0.3274883778885606,0.05110480768764894,4,0.341064500923353,0.05088107374273025,4,0.6722607761621475,0.05108576413454912,4,0.27327707409858704,0.00703724715508572,4,0.3591197654604912,0.010581962760633912,4,0.3840941700817869,0.04724441344982311,4,0.2659224217643228,0.02656758294176808,4,0.13988451751523576,0.03442545908449629,4,0.14920235744248003,0.035325190627306456,4,0.9010675996541977,0.06589029389352409,4,0.26932092756032944,0.010254092777997426,4,0.3513435274362564,0.015295194132536678,4,0.336570709046235,0.029034689380581586,4,0.2651133649515756,0.023307787795461984,4,0.10330853911254284,0.02251065398417249,4,0.1139121020784555,0.019214238957839386,4,0.8631233274936676,0.08209886868987748,4,2.75,0.49999999999999994,4,0.9010675996541977,0.06589029389352409,4,179761.0,0.0,4,3747661.0,0.0,4
random_all_per_seed,all_rows,0.15,0.15,False,False,B3_with_RC_weighted_bcap_10,10.0,0.0002,0.0001,random,full,1,2681,SKNSH,0.2310805469751358,0.013918196075113602,4,0.3072361350059509,0.01484936400178628,4,0.5973621890413088,0.06109759440898346,4,0.48818833667690964,0.049198732958524796,4,0.33944226289516305,0.0723452168632197,4,0.3596412719281478,0.06938969855484134,4,0.660311371088028,0.0723182413860636,4,0.27693552523851395,0.0044590339111865804,4,0.36192475259304047,0.009468302837871121,4,0.36877560834564105,0.029624778407764146,4,0.269755059032622,0.025605916208467448,4,0.1266610115860586,0.018745001770683906,4,0.13665366993247946,0.021401697718781466,4,0.9149055182933807,0.05820707869451403,4,0.2697689160704613,0.00920166229088423,4,0.3534274250268936,0.013476857209015904,4,0.32199392088492834,0.018084267641838847,4,0.253494118468727,0.03393301732517148,4,0.09249907159586776,0.010923840357988674,4,0.10392536563895573,0.011638058001632005,4,0.87297622859478,0.0727768641281575,4,2.75,0.5,4,0.9149055182933807,0.05820707869451403,4,179761.0,0.0,4,3747661.0,0.0,4
random_all_per_seed,all_rows,0.15,0.15,False,False,B3_with_RC_weighted_bcap_10,10.0,0.0005,1e-05,random,branched_only,1,134,HepG2,0.2733530141413212,0.03168168527029943,4,0.3519258126616478,0.03953223228932792,4,0.3503037433036349,0.07288699025294834,4,0.3145240449866295,0.08698551576787948,4,0.09742235619620046,0.08502469114226616,4,0.12669709758363898,0.05355402915090013,4,0.8958419859409332,0.08439014765327066,4,0.28574295341968536,0.006583240019959174,4,0.37157901376485825,0.0073797863892771706,4,0.2962431727427997,0.039032438099209074,4,0.220979115968137,0.03989805950309543,4,0.07904438412412781,0.030003307919354096,4,0.08890266581469672,0.022495030880149543,4,1.0314196348190308,0.2681475205614786,4,0.2787098214030266,0.010653916213002683,4,0.3672216683626175,0.014741728842965957,4,0.22712596375614416,0.01392621808227687,4,0.20185148615134257,0.013916321760616815,4,0.020319192255608465,0.0194392547801121,4,0.051731658074713666,0.0064689706881439785,4,0.9931584745645523,0.1794309112200047,4,8.0,5.354126134736337,4,1.0314196348190308,0.2681475205614786,4,179761.0,0.0,4,179761.0,0.0,4
random_all_per_seed,all_rows,0.15,0.15,False,False,B3_with_RC_weighted_bcap_10,10.0,0.0005,1e-05,random,branched_only,1,134,K562,0.27216965332627296,0.036182960901912406,4,0.34980981796979904,0.046807261935973024,4,0.38150349351073914,0.02889354151867554,4,0.3540891900265817,0.04240896423786029,4,0.11273063318291238,0.07399349717133706,4,0.14617104311701715,0.021462494322165848,4,0.8806479871273041,0.07344130472510163,4,0.28202659636735916,0.009398448668108553,4,0.369114525616169,0.012786685167346325,4,0.32056541326160515,0.04852266470457012,4,0.24091946246195334,0.04026600637878477,4,0.09176685570464171,0.028844867226329538,4,0.10452802092210778,0.032499665429963444,4,1.0171387493610382,0.2597521509004158,4,0.27577026188373566,0.011203474932851051,4,0.36214321851730347,0.015867253773958884,4,0.2689866994435631,0.03528475779105453,4,0.2297036554573938,0.030368906558238186,4,0.04714548386634951,0.03392737747622499,4,0.0732876050768218,0.018315371936673673,4,0.9666672646999359,0.1791322447188077,4,18.0,12.409673645990857,4,1.0171387493610382,0.2597521509004158,4,179761.0,0.0,4,179761.0,0.0,4
random_all_per_seed,all_rows,0.15,0.15,False,False,B3_with_RC_weighted_bcap_10,10.0,0.0005,1e-05,random,branched_only,1,134,SKNSH,0.27149607986211777,0.032673162344743545,4,0.35041429102420807,0.04213047215691069,4,0.3723312218951417,0.03047027633995473,4,0.33023746002880616,0.06796454998010576,4,0.10766204932660986,0.06305752125482192,4,0.13932686710310416,0.022714055126087093,4,0.8856787830591202,0.06258703572532205,4,0.28975076973438263,0.004572180677668935,4,0.376772478222847,0.007221071158262733,4,0.2724309652093414,0.038575876726051436,4,0.21827867458964212,0.041329836233620076,4,0.05285426313566377,0.040046413546757455,4,0.075334704503781,0.02067176938451835,4,1.0597184300422668,0.27472114554860905,4,0.2838800549507141,0.01472592543134173,4,0.37123195827007294,0.017453848231668494,4,0.2230868494632698,0.027294118305671286,4,0.2034094218219866,0.030773016598623505,4,-0.001449972700479113,0.04892514676555939,4,0.05032646907401059,0.012131955246404466,4,1.0129747688770294,0.1695934459581121,4,8.0,6.683312551921141,4,1.0597184300422668,0.27472114554860905,4,179761.0,0.0,4,179761.0,0.0,4
random_all_per_seed,all_rows,0.15,0.15,False,False,B3_with_RC_weighted_bcap_10,10.0,0.0005,1e-05,random,branched_only,1,268,HepG2,0.25768864899873734,0.0248180364100044,4,0.33412424474954605,0.03354220941007295,4,0.43521206997675177,0.06460634132632496,4,0.37995964179859293,0.05346512283628687,4,0.18621896589868986,0.06250162994776703,4,0.19254003035812928,0.058954876724797156,4,0.810744509100914,0.06226838133900171,4,0.2792840003967285,0.005941862713828263,4,0.36493344604969025,0.008352070011480556,4,0.33886493761484826,0.07616733459956354,4,0.24003782529625767,0.0480439368684012,4,0.11113166259902468,0.04858186542920705,4,0.11918054308971643,0.05012917044039851,4,0.9809022694826126,0.15154680532686518,4,0.27548252791166306,0.012548925877822656,4,0.36126741766929626,0.01820178889301615,4,0.264287112069053,0.03595472568620376,4,0.21579735062123617,0.009174238848940468,4,0.05221888231421218,0.03291316383932519,4,0.07081723433017778,0.020104875451640667,4,0.9546154886484146,0.09822717133934905,4,24.5,12.662279942148386,4,0.9809022694826126,0.15154680532686518,4,179761.0,0.0,4,179761.0,0.0,4
random_all_per_seed,all_rows,0.15,0.15,False,False,B3_with_RC_weighted_bcap_10,10.0,0.0005,1e-05,random,branched_only,1,268,K562,0.25951317325234413,0.025631313611874925,4,0.33596116304397583,0.03610719188058492,4,0.42064668344016365,0.07764514003988271,4,0.3730302929703089,0.06944214743064497,4,0.17796493704173819,0.0679476187334626,4,0.181465208118069,0.06649115492095119,4,0.8189677149057388,0.06769405902366987,4,0.2783640846610069,0.006372947542956858,4,0.36505500227212906,0.010618658344509296,4,0.3428274993651147,0.06338743143830777,4,0.24573955173588014,0.03727206639479725,4,0.11103623772595753,0.040717766158012286,4,0.12054416916919736,0.04232043599668977,4,0.9822175204753876,0.15787347246687375,4,0.2742135301232338,0.011821190994803072,4,0.3588613420724869,0.016497072889228335,4,0.2716494583398612,0.035117452141376335,4,0.22356102133077183,0.03162237652789384,4,0.06465863057369103,0.025208973721705368,4,0.0747183548000164,0.0190530674024002,4,0.9437321126461029,0.11403289614821459,4,24.0,15.448840301675292,4,0.9822175204753876,0.15787347246687375,4,179761.0,0.0,4,179761.0,0.0,4
random_all_per_seed,all_rows,0.15,0.15,False,False,B3_with_RC_weighted_bcap_10,10.0,0.0005,1e-05,random,branched_only,1,268,SKNSH,0.2590542770922184,0.02573677783433245,4,0.33530687540769577,0.035299677470532004,4,0.4292125653538205,0.05268668974930916,4,0.37196966548937704,0.05050229098907867,4,0.18215946321743035,0.044920857797526095,4,0.18630534171516264,0.044504710828593065,4,0.8147888630628586,0.04475327451924825,4,0.28192557394504547,0.005124300606453957,4,0.36765873432159424,0.008886595775032582,4,0.3262920374539161,0.07888447393829469,4,0.24870821283674288,0.05804845004434709,4,0.09776621999812035,0.05132694700284123,4,0.1111335638772189,0.04865855930637559,4,0.9951161891222,0.15029168713550936,4,0.2748550623655319,0.012175388769230574,4,0.3595505356788635,0.01746560185416112,4,0.26641301824547126,0.03620382017547432,4,0.21783777092008913,0.03623857059604015,4,0.061240559531131805,0.025063164011843195,4,0.07195893373713537,0.01951491982413915,4,0.9469265043735504,0.11216748488355265,4,25.75,14.84082207965583,4,0.9951161891222,0.15029168713550936,4,179761.0,0.0,4,179761.0,0.0,4
random_all_per_seed,all_rows,0.15,0.15,False,False,B3_with_RC_weighted_bcap_10,10.0,0.0005,1e-05,random,branched_only,1,536,HepG2,0.2526830807328224,0.009385638233368451,4,0.3258811980485916,0.01262193989138978,4,0.4932306290022319,0.03178395373774196,4,0.43167404966881984,0.03684128341817732,4,0.23959667126983641,0.03315046374085067,4,0.2440341181723395,0.031134610229499496,4,0.7589847892522812,0.033088620753731104,4,0.278558187186718,0.004733957717112889,4,0.3622012510895729,0.008400243684679629,4,0.3614540049574973,0.04857976859278419,4,0.23463710585549014,0.02706725573160658,4,0.12481882432716812,0.03614728908973511,4,0.13241899313721084,0.03496941190383357,4,0.9423473626375198,0.10551560375128004,4,0.27337193489074707,0.01117191398786121,4,0.35765647888183594,0.015385707490959816,4,0.29175403759181723,0.029874855491261086,4,0.22554258071887712,0.03736686216837847,4,0.07076726543879105,0.02384649595304235,4,0.08578979869409531,0.01740073570183739,4,0.9172610342502594,0.10103604590684892,4,28.75,6.238322424070967,4,0.9423473626375198,0.10551560375128004,4,179761.0,0.0,4,179761.0,0.0,4
random_all_per_seed,all_rows,0.15,0.15,False,False,B3_with_RC_weighted_bcap_10,10.0,0.0005,1e-05,random,branched_only,1,536,K562,0.2564852237701416,0.012348894859567194,4,0.3311871811747551,0.016406270146734136,4,0.4702641545025258,0.022098126025494737,4,0.40548482287109694,0.019514922747775283,4,0.2154764554983843,0.022736229967757197,4,0.22151462039035444,0.021074256038929682,4,0.7830599844455719,0.022693806617442844,4,0.2778470367193222,0.005178205793531923,4,0.36240284889936447,0.0094312862114016,4,0.3610998711109478,0.05114001356667705,4,0.2535920542714123,0.04170401486154704,4,0.12394449483916875,0.03576078051911704,4,0.13235459265704305,0.03641949293094178,4,0.9432687610387802,0.10519949271163714,4,0.27291887253522873,0.01174429976146786,4,0.3568235710263252,0.015859759065129826,4,0.2944555278051681,0.031618170851129286,4,0.22703632654270717,0.04100234582792501,4,0.07519180705344367,0.02275568430421145,4,0.08745383940099852,0.018429774928385427,4,0.9132238775491714,0.10492192292023005,4,25.25,4.716990566028302,4,0.9432687610387802,0.10519949271163714,4,179761.0,0.0,4,179761.0,0.0,4
random_all_per_seed,all_rows,0.15,0.15,False,False,B3_with_RC_weighted_bcap_10,10.0,0.0005,1e-05,random,branched_only,1,536,SKNSH,0.2571093328297138,0.012432024338312917,4,0.33120161294937134,0.01648414019712088,4,0.46754540747540846,0.039732853205945766,4,0.4075956326663275,0.029545643517592497,4,0.21504020247088013,0.03605681547679192,4,0.21978273276925966,0.03815380496352105,4,0.7834953963756561,0.03598955365440306,4,0.27881184965372086,0.004156944169692148,4,0.3628830090165138,0.007584902585637976,4,0.353986046220072,0.04301501026777029,4,0.25496111102569746,0.038362526172560404,4,0.12159854350242905,0.03144394284851361,4,0.12669383924977126,0.030305978262664256,4,0.9463143050670624,0.1094997347615063,4,0.27297814190387726,0.011207879114409671,4,0.35708291828632355,0.014921456434937884,4,0.2944566653209627,0.02778081063529562,4,0.22727516661160624,0.04309651741958553,4,0.0737268423902332,0.02054602422521241,4,0.08728355783160706,0.01625776479865413,4,0.9142732918262482,0.09918945420908996,4,29.0,10.954451150103322,4,0.9463143050670624,0.1094997347615063,4,179761.0,0.0,4,179761.0,0.0,4
random_all_per_seed,all_rows,0.15,0.15,False,False,B3_with_RC_weighted_bcap_10,10.0,0.0005,1e-05,random,branched_only,1,938,HepG2,0.2575685381889343,0.0032101085444374536,4,0.3343259021639824,0.0041669982648571205,4,0.4417376662950364,0.033082285689165304,4,0.36898877249485323,0.047302889169507485,4,0.19119549644526948,0.030677198496243566,4,0.19595299404359964,0.029077667193501206,4,0.8079422563314438,0.03064450175045908,4,0.276594839990139,0.004548379854305294,4,0.3612569645047188,0.006869770723127771,4,0.36422947028966746,0.061215474066385896,4,0.24318291691638055,0.05500446130857029,4,0.1291994475678261,0.038037735178150026,4,0.13547360772637101,0.04438623145606343,4,0.9446509778499603,0.07084557257889725,4,0.27202097326517105,0.011671413249783878,4,0.3562707304954529,0.015058722611474219,4,0.2923374936273773,0.03234898332808441,4,0.21514480569398137,0.04545925271735327,4,0.07786040789756868,0.026255581337960986,4,0.08624605272210738,0.01894850563635902,4,0.9199113845825195,0.10173642420007732,4,19.25,3.8622100754188224,4,0.9446509778499603,0.07084557257889725,4,179761.0,0.0,4,179761.0,0.0,4
random_all_per_seed,all_rows,0.15,0.15,False,False,B3_with_RC_weighted_bcap_10,10.0,0.0005,1e-05,random,branched_only,1,938,K562,0.25938455015420914,0.003783087078165386,4,0.3367646262049675,0.005842295454765752,4,0.4250221692360468,0.04172931784587154,4,0.3522575960268709,0.04320122553491419,4,0.17922256912843268,0.037584633377360004,4,0.18194984631802613,0.036568738840701234,4,0.8199024498462677,0.03754451461648731,4,0.27595966309309006,0.004345762335613117,4,0.3612106442451477,0.007563579470126166,4,0.3664712098153329,0.05838685948133084,4,0.25111740539956356,0.05406898775912961,4,0.12952589978082,0.036347481924753025,4,0.13685791664358327,0.04170042535610682,4,0.9440108090639114,0.06400866199446319,4,0.2714643254876137,0.0117119523793917,4,0.35596150904893875,0.015866034233542912,4,0.29101596832717536,0.0407262232100315,4,0.22298885615113695,0.039996320940796144,4,0.0795857211811582,0.026522723429775474,4,0.0859342627641185,0.023396899481966136,4,0.9190045744180679,0.11206239167963282,4,18.25,8.616843969807043,4,0.9440108090639114,0.06400866199446319,4,179761.0,0.0,4,179761.0,0.0,4
random_all_per_seed,all_rows,0.15,0.15,False,False,B3_with_RC_weighted_bcap_10,10.0,0.0005,1e-05,random,branched_only,1,938,SKNSH,0.25525204092264175,0.003376711649195831,4,0.3316788449883461,0.001864651257141622,4,0.4544939309380579,0.05890290017196681,4,0.39350039436250195,0.06120734113749508,4,0.2030516362278782,0.05187424525509265,4,0.20916689699602964,0.05284286561087284,4,0.7960987389087677,0.051818951459590895,4,0.2774913012981415,0.0053788037104310765,4,0.36235111206769943,0.008455894800180545,4,0.35711520727760193,0.05849544897707728,4,0.25259401921354024,0.0547051747876722,4,0.12409755818978385,0.03634667607935055,4,0.13009755943219697,0.041857419484626346,4,0.950798287987709,0.08053192325203294,4,0.272733636200428,0.011605945375166977,4,0.35654520988464355,0.015509555307159976,4,0.28759916365469224,0.03218690468758275,4,0.21119970718974815,0.044297679861314526,4,0.07658964187927986,0.022211962627150063,4,0.0834902765599041,0.0186148491113976,4,0.9215741008520126,0.10583378017334294,4,28.5,12.767145334803704,4,0.950798287987709,0.08053192325203294,4,179761.0,0.0,4,179761.0,0.0,4
random_all_per_seed,all_rows,0.15,0.15,False,False,B3_with_RC_weighted_bcap_10,10.0,0.0005,1e-05,random,branched_only,1,1340,HepG2,0.26391006261110306,0.005274162946312168,4,0.344338983297348,0.008837704247932015,4,0.410348102943027,0.021923917765942654,4,0.3335925535515908,0.030619401286026946,4,0.16467696934862752,0.01398053123908647,4,0.1687460592165969,0.018312632033951,4,0.834699735045433,0.01397005463877128,4,0.274889312684536,0.006211486054106153,4,0.35949553549289703,0.009386163288918094,4,0.3795170863119417,0.054724990099323995,4,0.25585120157870567,0.052032589648982504,4,0.13787636676669743,0.03737505125274331,4,0.14627933720873412,0.04100377855368933,4,0.9125849306583405,0.08230361657684174,4,0.2693571075797081,0.010817313183497388,4,0.35354849696159363,0.015174649710664978,4,0.3076399379314922,0.035702632625038144,4,0.2349648960557522,0.041536658916583834,4,0.09196153650662306,0.024485295325414397,4,0.0955983398927612,0.021970437118244642,4,0.8822305649518967,0.08798545074567507,4,16.25,3.774917217635375,4,0.9125849306583405,0.08230361657684174,4,179761.0,0.0,4,179761.0,0.0,4
random_all_per_seed,all_rows,0.15,0.15,False,False,B3_with_RC_weighted_bcap_10,10.0,0.0005,1e-05,random,branched_only,1,1340,K562,0.2627551481127739,0.006876491235598881,4,0.3431282415986061,0.01098259378410697,4,0.41713442673738127,0.022244840803000918,4,0.3439696728751649,0.023396211840564743,4,0.17067614800581032,0.019375272373968678,4,0.17437225467628684,0.018391585352507064,4,0.8287049829959869,0.01936077616179491,4,0.2738807871937752,0.0064928698981750275,4,0.35864659398794174,0.00842773729429048,4,0.3801935343885947,0.06068569124443006,4,0.2627696993288007,0.052942036134879585,4,0.14166677417418785,0.04284699281976667,4,0.14730918843225224,0.045420140188020555,4,0.9080632627010345,0.07771625141184971,4,0.26998597383499146,0.010696417492419657,4,0.3537270352244377,0.01558073845054939,4,0.3069289587691262,0.03393855740635027,4,0.22722077405321725,0.03152580281777166,4,0.09116444038810231,0.021347592920131955,4,0.09506925499021805,0.020576160395295324,4,0.8832763284444809,0.09154702862186548,4,20.0,6.0553007081949835,4,0.9080632627010345,0.07771625141184971,4,179761.0,0.0,4,179761.0,0.0,4
random_all_per_seed,all_rows,0.15,0.15,False,False,B3_with_RC_weighted_bcap_10,10.0,0.0005,1e-05,random,branched_only,1,1340,SKNSH,0.26099514216184616,0.005682992615528501,4,0.34051158279180527,0.009434390669008561,4,0.43455469170206973,0.01616422959614064,4,0.3674263068121475,0.017700249572165237,4,0.183135531678828,0.01841862068989506,4,0.18903374181910843,0.014020526356800284,4,0.8162548691034317,0.018404785489787676,4,0.27487416565418243,0.0064621832475920404,4,0.3591543883085251,0.009200290409735759,4,0.38057852403033815,0.060914314959911536,4,0.26433280849109775,0.056780676308140446,4,0.13935468565047585,0.041413440139897104,4,0.14762292827838713,0.046217142394939716,4,0.9110302031040192,0.08457627396263132,4,0.2701350450515747,0.009538450186259375,4,0.3533180207014084,0.01444405465578592,4,0.31250661658605855,0.026315987524215764,4,0.22503955561336167,0.03499695803822283,4,0.09315543999383408,0.016269103442687675,4,0.09817978380959681,0.01635116133559874,4,0.8810382336378098,0.08612088226512678,4,27.5,5.066228051190222,4,0.9110302031040192,0.08457627396263132,4,179761.0,0.0,4,179761.0,0.0,4
random_all_per_seed,all_rows,0.15,0.15,False,False,B3_with_RC_weighted_bcap_10,10.0,0.0005,1e-05,random,branched_only,1,2011,HepG2,0.2606399431824684,0.004664090040785131,4,0.3396925926208496,0.005819178378553689,4,0.42708186492981565,0.02837807821039606,4,0.3417803021862013,0.022982165446669978,4,0.18127643076372363,0.023881094257759042,4,0.1830029058441158,0.024459784818900505,4,0.8183164000511169,0.023869250258891507,4,0.2742813676595688,0.005802738584843229,4,0.3580773249268532,0.007795010311741641,4,0.38571486853258535,0.050586118569031335,4,0.2606257848035467,0.04388130461549754,4,0.14468085725540425,0.032486545053920235,4,0.15069517635101967,0.038870051740311655,4,0.9105384349822998,0.06324307083821755,4,0.2693479359149933,0.011115616892092256,4,0.35322781652212143,0.015656275275280407,4,0.31478922626054584,0.02400565323627192,4,0.23658933830225284,0.037948494489922165,4,0.09378207832385535,0.019026978178149967,4,0.0995244605101882,0.014978407851513005,4,0.8873248994350433,0.0960476897750105,4,19.75,7.04154339142587,4,0.9105384349822998,0.06324307083821755,4,179761.0,0.0,4,179761.0,0.0,4
random_all_per_seed,all_rows,0.15,0.15,False,False,B3_with_RC_weighted_bcap_10,10.0,0.0005,1e-05,random,branched_only,1,2011,K562,0.2624415457248688,0.002789080973594599,4,0.3418630212545395,0.005079146326543858,4,0.4159244488222915,0.028996362563705417,4,0.3350690238812744,0.03184597071922893,4,0.17077614918502243,0.02236506068159709,4,0.17362373890957142,0.024160624374660506,4,0.8288114219903946,0.02235391507748453,4,0.27306604385375977,0.005835489991056883,4,0.3573670759797096,0.007759359795682445,4,0.38517508046871873,0.05119554967383446,4,0.2648756273630354,0.03801209539910373,4,0.14789798123904546,0.037850791047215664,4,0.1503255808438885,0.03922043047870721,4,0.9069265276193619,0.06305318227818142,4,0.2705509439110756,0.010286941569025466,4,0.35418856889009476,0.014730363601493343,4,0.30950913295659,0.032338422152407016,4,0.23732570548732113,0.03303263864509392,4,0.08864394115821128,0.021375544706441485,4,0.09658023354402057,0.0198282273690281,4,0.8920874297618866,0.09396172333767824,4,17.5,9.539392014169456,4,0.9069265276193619,0.06305318227818142,4,179761.0,0.0,4,179761.0,0.0,4
random_all_per_seed,all_rows,0.15,0.15,False,False,B3_with_RC_weighted_bcap_10,10.0,0.0005,1e-05,random,branched_only,1,2011,SKNSH,0.2599024623632431,0.0033512508301838232,4,0.3389114663004875,0.0033640502223741785,4,0.4316131284712574,0.023276614811609052,4,0.3538023989153243,0.030194499602050857,4,0.18497968208529744,0.02080523378931441,4,0.18669624326656215,0.02033580398874118,4,0.8146150261163712,0.020794913302537615,4,0.27377427369356155,0.0066063671468708,4,0.35765279084444046,0.009014994625821301,4,0.3888207122869295,0.0487561262696659,4,0.27211016221596734,0.03823025754731093,4,0.14680459447767105,0.03257556030842356,4,0.1529644161899329,0.037920908040005,4,0.9086657166481018,0.07021255550604241,4,0.2698589488863945,0.010135608070435571,4,0.35296668857336044,0.014814762914056203,4,0.31540815907099606,0.025762603092196655,4,0.23385788322687434,0.03694406708072037,4,0.09502887742303623,0.01566997192745412,4,0.0999800905971193,0.016095872209285503,4,0.8858181238174438,0.09175071816198324,4,26.0,9.128709291752768,4,0.9086657166481018,0.07021255550604241,4,179761.0,0.0,4,179761.0,0.0,4
random_all_per_seed,all_rows,0.15,0.15,False,False,B3_with_RC_weighted_bcap_10,10.0,0.0005,1e-05,random,branched_only,1,2681,HepG2,0.2641356885433197,0.0030851938415276726,4,0.3448431119322777,0.0034611981158883466,4,0.4138809367138272,0.016355433048251572,4,0.3239046261343384,0.010102231585777628,4,0.16991499318492245,0.012422118335094505,4,0.17149805491776193,0.013532249043382119,4,0.8297753781080246,0.012417517629937341,4,0.2737414091825485,0.0069972731244083005,4,0.35698217153549194,0.009140130546184544,4,0.39300630705614603,0.04573006653693,4,0.27305354477690025,0.03917678239438754,4,0.1500466519248894,0.031240211258562606,4,0.15602238662501378,0.035948177043537796,4,0.8901938199996948,0.05817821965974775,4,0.2690533399581909,0.011220150470668116,4,0.3524922728538513,0.015187435014923166,4,0.3210295506996902,0.03203276472767181,4,0.23978549296986734,0.03996823803514055,4,0.09742329388321974,0.022203538486600213,4,0.10382954593451874,0.020470049049911843,4,0.8687926083803177,0.0821000402172999,4,13.5,2.3804761428476167,4,0.8901938199996948,0.05817821965974775,4,179761.0,0.0,4,179761.0,0.0,4
random_all_per_seed,all_rows,0.15,0.15,False,False,B3_with_RC_weighted_bcap_10,10.0,0.0005,1e-05,random,branched_only,1,2681,K562,0.2640665993094444,0.004452495767647184,4,0.34525901079177856,0.006125320773757263,4,0.4135205208916701,0.02617512025207563,4,0.3289078055647464,0.025506979784765866,4,0.1679264472590456,0.020466969078489473,4,0.17151307388867612,0.021222250726986674,4,0.8317631334066391,0.02045935785435686,4,0.2731714993715286,0.006824040173641855,4,0.35710497945547104,0.008861563324040285,4,0.39181095122663445,0.045764998104665534,4,0.26541504065580457,0.039200902340075464,4,0.14940946577505013,0.03221520937141436,4,0.15508664778976017,0.035836430425942686,4,0.8907705843448639,0.05696326674613659,4,0.2692467197775841,0.011087144162890722,4,0.3527132496237755,0.01513330080181558,4,0.3186668419800498,0.033189248971127426,4,0.2387329108736346,0.038766527220843484,4,0.09627170491967013,0.02270314651172522,4,0.10237470086298864,0.020985505611944483,4,0.8698771595954895,0.08200446143853096,4,15.0,7.788880963698615,4,0.8907705843448639,0.05696326674613659,4,179761.0,0.0,4,179761.0,0.0,4
random_all_per_seed,all_rows,0.15,0.15,False,False,B3_with_RC_weighted_bcap_10,10.0,0.0005,1e-05,random,branched_only,1,2681,SKNSH,0.2636003792285919,0.0022245518671328017,4,0.3445081487298012,0.002263120922913527,4,0.4170096724739641,0.016837332776040395,4,0.33463769017643,0.009885439402945933,4,0.17147475664314313,0.01377688071131345,4,0.17410968876810115,0.013961275151872019,4,0.828216165304184,0.013771688876912012,4,0.2739839032292366,0.00598057710258846,4,0.35781294107437134,0.009314709610633834,4,0.38866403743825056,0.0459497215645913,4,0.26976291975232836,0.03556805560505407,4,0.14608707904608617,0.03178688735416901,4,0.15264326668169945,0.03569817895627946,4,0.8943694680929184,0.05940461906280166,4,0.26902440190315247,0.010944512639041011,4,0.35197874158620834,0.015177612485703419,4,0.32223850782739394,0.026636844828186915,4,0.23402710108057823,0.03256153626840769,4,0.10010865435552019,0.018796295139484928,4,0.1043697970536261,0.017043268310342214,4,0.8662201315164566,0.08136195232181119,4,19.0,5.773502691896258,4,0.8943694680929184,0.05940461906280166,4,179761.0,0.0,4,179761.0,0.0,4
random_all_per_seed,all_rows,0.15,0.15,False,False,B3_with_RC_weighted_bcap_10,10.0,0.0005,1e-05,random,conv3_plus,1,134,HepG2,0.2709583081305027,0.02937051984310348,4,0.3486330583691597,0.036966972001448835,4,0.36795595605529424,0.08739505430500578,4,0.3324629362174969,0.09916938766948355,4,0.1127144578897317,0.0907111028613867,4,0.1411200072342968,0.06906877474538525,4,0.8806640356779099,0.09003413747385026,4,0.28607846796512604,0.006131170723749735,4,0.37172359228134155,0.007076662401520987,4,0.2963040001152253,0.03874101977684187,4,0.22083492407082264,0.04231711538518631,4,0.07826181491925799,0.03179313839342857,4,0.08892171044429566,0.022480750620412437,4,1.031953677535057,0.2669529706817755,4,0.27843858301639557,0.011234464422879934,4,0.3671691343188286,0.015171728057272824,4,0.22755522064330913,0.015863083350097527,4,0.20322725929286722,0.01390681006160765,4,0.020703873255189575,0.01689514805363544,4,0.051970106502054206,0.007376980423322264,4,0.9927101135253906,0.17888547857644707,4,6.25,4.031128874149275,4,1.031953677535057,0.2669529706817755,4,179761.0,0.0,4,3063361.0,0.0,4
random_all_per_seed,all_rows,0.15,0.15,False,False,B3_with_RC_weighted_bcap_10,10.0,0.0005,1e-05,random,conv3_plus,1,134,K562,0.263344943523407,0.040650410386894334,4,0.34027356654405594,0.051398457307041,4,0.430314581133441,0.07351445152822843,4,0.39602540757757737,0.0719455862702109,4,0.16167431931140383,0.10177630011708462,4,0.18922391967367097,0.06404809412391098,4,0.832069531083107,0.10101673354660136,4,0.28301403671503067,0.008760414226934696,4,0.3686913475394249,0.01273405990613903,4,0.31935563320155747,0.046367490889437216,4,0.24290758755059727,0.037326249402435736,4,0.09359890215323144,0.0374084692184141,4,0.10360047861610423,0.031164558124419466,4,1.0128068327903748,0.2474539148881704,4,0.2757614552974701,0.012363939238615864,4,0.36205220222473145,0.016573483390488346,4,0.2696638312015441,0.03658459712687797,4,0.23139577005851864,0.031103413529858497,4,0.04778635018184815,0.03239679615170681,4,0.07372240641849682,0.019002219001716798,4,0.9660380631685257,0.17917552897056982,4,20.0,19.6468827043885,4,1.0128068327903748,0.2474539148881704,4,179761.0,0.0,4,3063361.0,0.0,4
random_all_per_seed,all_rows,0.15,0.15,False,False,B3_with_RC_weighted_bcap_10,10.0,0.0005,1e-05,random,conv3_plus,1,134,SKNSH,0.26817888766527176,0.032279086784236875,4,0.3462878465652466,0.04090612002209172,4,0.39078904227663946,0.03871393595894323,4,0.35339192164223093,0.06656970355630634,4,0.12811529109956055,0.06387969787888767,4,0.15384015219156796,0.03027030449376575,4,0.8653781861066818,0.0634029636841975,4,0.28981246799230576,0.004451056884420694,4,0.37690243124961853,0.006814835780095265,4,0.2735507937430077,0.038425000477766716,4,0.22005144548571015,0.041014071627020435,4,0.05202554523549119,0.044649202457828975,4,0.07593739725371682,0.020623954647853045,4,1.0596550554037094,0.27089609189866637,4,0.2836422473192215,0.014633088494783798,4,0.37071263790130615,0.01755290371584384,4,0.22349255743989843,0.02880254720614317,4,0.203077770710216,0.031639989488286294,4,0.0014541926748274647,0.046420328764167136,4,0.05057111327519788,0.012924247615748887,4,1.0102045387029648,0.169728463116928,4,6.25,4.349329450233296,4,1.0596550554037094,0.27089609189866637,4,179761.0,0.0,4,3063361.0,0.0,4
random_all_per_seed,all_rows,0.15,0.15,False,False,B3_with_RC_weighted_bcap_10,10.0,0.0005,1e-05,random,conv3_plus,1,268,HepG2,0.24721918627619743,0.016304557717932953,4,0.32281147688627243,0.023326289819513152,4,0.4944285064682289,0.025817156163156784,4,0.42597966172193846,0.04155612189993174,4,0.23924350307410058,0.023472810598277632,4,0.2449594421726681,0.025331177765009948,4,0.7579178065061569,0.023385189119141097,4,0.280214361846447,0.00617290831102379,4,0.3657728135585785,0.00884466623241492,4,0.34538216172387803,0.056568743802244956,4,0.24741312987111433,0.057649454750642974,4,0.10727772085845355,0.04351764461124309,4,0.12168885471858205,0.03872670702539382,4,0.9861336499452591,0.1579213824333651,4,0.27600090205669403,0.010822980834137115,4,0.36243028938770294,0.016335005700151298,4,0.26770274723996446,0.01963956544737755,4,0.2253852682027811,0.011673107420370046,4,0.046007620680446226,0.019627045382467217,4,0.07195404527804565,0.01036103719356387,4,0.9623747915029526,0.11341810467892816,4,18.5,4.123105625617661,4,0.9861336499452591,0.1579213824333651,4,179761.0,0.0,4,3063361.0,0.0,4
random_all_per_seed,all_rows,0.15,0.15,False,False,B3_with_RC_weighted_bcap_10,10.0,0.0005,1e-05,random,conv3_plus,1,268,K562,0.2542652003467083,0.027162260030117902,4,0.32989682257175446,0.03783801914842061,4,0.45028713783407065,0.09698454742278013,4,0.3811919336867203,0.08343050759379218,4,0.20670113832746423,0.08912896285135193,4,0.20981300832790045,0.08727776024905443,4,0.7903387546539307,0.08879639938415637,4,0.2791646048426628,0.007280007650659268,4,0.3652190715074539,0.01078606115102574,4,0.3426684342215603,0.06056461184526576,4,0.24696213071417925,0.03829418564949297,4,0.11020644516482697,0.0420625268547735,4,0.12017270996783157,0.040996739395723736,4,0.982963040471077,0.15687654737819473,4,0.27536139637231827,0.012250088869976947,4,0.35933948308229446,0.016706609023512873,4,0.276472445546462,0.03924244586462343,4,0.22589186686535362,0.03352130641291219,4,0.062130645649806,0.028535829080275164,4,0.07759199031451983,0.02096599462709545,4,0.946307048201561,0.11521323987534482,4,15.25,9.17877987534291,4,0.982963040471077,0.15687654737819473,4,179761.0,0.0,4,3063361.0,0.0,4
random_all_per_seed,all_rows,0.15,0.15,False,False,B3_with_RC_weighted_bcap_10,10.0,0.0005,1e-05,random,conv3_plus,1,268,SKNSH,0.24774866551160812,0.02998383178282735,4,0.3228803351521492,0.03946899853179911,4,0.49332323526558663,0.07360306623775696,4,0.4353781470907895,0.05875997918478385,4,0.24184942724617378,0.07376647999702714,4,0.24743087297260505,0.0701734903352359,4,0.755321592092514,0.0734912161747811,4,0.2823650985956192,0.00407665645636415,4,0.367330864071846,0.00761243308732535,4,0.3285489834965553,0.07358547653392644,4,0.25169260885466727,0.05987386931452091,4,0.09941175499131949,0.04791210155139531,4,0.11200555132416357,0.045558235967175884,4,0.9940427541732788,0.1554011742835347,4,0.2767338827252388,0.012158011525818628,4,0.3616579920053482,0.017210997002817904,4,0.26940437314208165,0.03039024686347812,4,0.21809295992027378,0.03865788421499917,4,0.050094160988064296,0.02747790320192284,4,0.07327139159639534,0.01637604547963402,4,0.9582960903644562,0.11499505050412681,4,20.0,9.797958971132712,4,0.9940427541732788,0.1554011742835347,4,179761.0,0.0,4,3063361.0,0.0,4
random_all_per_seed,all_rows,0.15,0.15,False,False,B3_with_RC_weighted_bcap_10,10.0,0.0005,1e-05,random,conv3_plus,1,536,HepG2,0.2508142217993736,0.011842715609172202,4,0.32512979209423065,0.01542539722145523,4,0.49935156271767966,0.017708170333455724,4,0.4227123123318379,0.02202429031496292,4,0.2438492128093248,0.01975326178162881,4,0.24958716766100775,0.017873898461988467,4,0.7547401338815689,0.019716481514674464,4,0.27811507135629654,0.005683011951074801,4,0.36259156465530396,0.009286253259255419,4,0.3614892545122329,0.051684346826416074,4,0.24484305467591166,0.04439069642730277,4,0.12292894525330333,0.03856940687804817,4,0.13267793490796484,0.03727513602046171,4,0.9442847967147827,0.1057027961743236,4,0.2729753106832504,0.009893727972688098,4,0.3584028631448746,0.014282553850031594,4,0.2920037388209956,0.019501104112790036,4,0.23114186815780857,0.020064679610003973,4,0.06687504514877946,0.010720323977804118,4,0.08555140328165364,0.01139125985905015,4,0.9206888228654861,0.09382564921435038,4,14.0,0.816496580927726,4,0.9442847967147827,0.1057027961743236,4,179761.0,0.0,4,3063361.0,0.0,4
random_all_per_seed,all_rows,0.15,0.15,False,False,B3_with_RC_weighted_bcap_10,10.0,0.0005,1e-05,random,conv3_plus,1,536,K562,0.2544906511902809,0.012334122302398083,4,0.32936055958271027,0.016980307242219005,4,0.4766939732184479,0.017334620438850184,4,0.39648947651658717,0.021643219908718363,4,0.22432583310987728,0.017202720706352433,4,0.2274625109021096,0.016693904873118136,4,0.7742271274328232,0.017170648032540457,4,0.2775236517190933,0.005955411516929238,4,0.3627825230360031,0.010375400498315817,4,0.36119144239911344,0.05052714576231407,4,0.2511312725681681,0.040057765871733535,4,0.12209135048813125,0.03905140310656479,4,0.1323740024065167,0.036170522597042266,4,0.9451050311326981,0.10509031374847179,4,0.272354818880558,0.011626140570002299,4,0.35613081604242325,0.015708537432868406,4,0.30075651603559705,0.031144121302508047,4,0.24014124336935685,0.03369882485591857,4,0.0787604152676585,0.02262346468957131,4,0.09118194915664934,0.01858078708119881,4,0.9096003025770187,0.10316057416960883,4,12.25,0.5,4,0.9451050311326981,0.10509031374847179,4,179761.0,0.0,4,3063361.0,0.0,4
random_all_per_seed,all_rows,0.15,0.15,False,False,B3_with_RC_weighted_bcap_10,10.0,0.0005,1e-05,random,conv3_plus,1,536,SKNSH,0.2529052346944809,0.015953255746126077,4,0.3267100304365158,0.020328287885941234,4,0.4915059079319337,0.03742821861305468,4,0.4224080366678265,0.015782181473560614,4,0.2368034089822695,0.03888103736497047,4,0.24262871119340443,0.0373109405033999,4,0.7617727667093277,0.03880851841738051,4,0.2806762307882309,0.005437454415126504,4,0.36469120532274246,0.009021448025544877,4,0.3496906218891283,0.047789185540577026,4,0.2546033110200751,0.04557590994361557,4,0.11290750399501259,0.03274805749564094,4,0.12399638572817909,0.032856749719677836,4,0.955291137099266,0.10665910959986771,4,0.27467872202396393,0.011504433137403002,4,0.3585102781653404,0.014984522296877075,4,0.28895834366661743,0.023108191052864272,4,0.222372662552974,0.04493132667312962,4,0.06632075466232809,0.020024260510669578,4,0.08389741574485673,0.013292131301646267,4,0.9213466793298721,0.09664905478275694,4,14.25,2.6299556396765835,4,0.955291137099266,0.10665910959986771,4,179761.0,0.0,4,3063361.0,0.0,4
random_all_per_seed,all_rows,0.15,0.15,False,False,B3_with_RC_weighted_bcap_10,10.0,0.0005,1e-05,random,conv3_plus,1,938,HepG2,0.24767609685659409,0.008147138694533899,4,0.32306351512670517,0.01120852423218667,4,0.4980927527398181,0.047793553731461054,4,0.4186737448809052,0.03854398241999809,4,0.24440096693525326,0.05130187676192797,4,0.24980955816564113,0.049104966520374285,4,0.7547934949398041,0.051247194734092505,4,0.27729277312755585,0.005148999299344683,4,0.36082179844379425,0.007484812073563684,4,0.36695564380908186,0.06082891852285428,4,0.23847548001247226,0.057210244836479254,4,0.1313064786300109,0.03893605432163187,4,0.1374315625198328,0.04411317973101346,4,0.9421426653862,0.06717825337695374,4,0.27235788106918335,0.011902655720344994,4,0.3570845276117325,0.015795770721433563,4,0.3005484264351116,0.032339633634488926,4,0.22265104227380197,0.044404596428400146,4,0.07337871287399111,0.04114832641909787,4,0.0911137455603314,0.019311501876952145,4,0.9237368106842041,0.09828764907829843,4,14.0,4.163331998932265,4,0.9421426653862,0.06717825337695374,4,179761.0,0.0,4,3063361.0,0.0,4
random_all_per_seed,all_rows,0.15,0.15,False,False,B3_with_RC_weighted_bcap_10,10.0,0.0005,1e-05,random,conv3_plus,1,938,K562,0.252266276627779,0.0057176803537373295,4,0.32814062386751175,0.008227845398834706,4,0.47153978687674347,0.03549360543511991,4,0.38784966762527245,0.029192429745920068,4,0.2209138100680064,0.03550583611007206,4,0.22329461762785263,0.03469350694808486,4,0.7782556265592575,0.035467971952336586,4,0.27605796605348587,0.004324643145375088,4,0.36008305102586746,0.007525435416677022,4,0.37042181024349763,0.05443255776448829,4,0.25061795484265253,0.05194813341630614,4,0.1349374417793384,0.036613926176817815,4,0.13943449501265803,0.038891267216229604,4,0.9378961324691772,0.05870159827088804,4,0.27163024991750717,0.012199330876094898,4,0.35594021528959274,0.016297950327697673,4,0.30167056896364547,0.03690786499696509,4,0.2262284880742309,0.04091607040988381,4,0.07966105201968099,0.03151448275906082,4,0.09202677505282524,0.02213489145171777,4,0.9187596291303635,0.11116314852132919,4,12.25,2.9860788111948193,4,0.9378961324691772,0.05870159827088804,4,179761.0,0.0,4,3063361.0,0.0,4
random_all_per_seed,all_rows,0.15,0.15,False,False,B3_with_RC_weighted_bcap_10,10.0,0.0005,1e-05,random,conv3_plus,1,938,SKNSH,0.24693244695663452,0.0032943872215346207,4,0.321830078959465,0.004429592451699782,4,0.5030759813502399,0.052998779780534,4,0.43273264414658896,0.0569476767135813,4,0.2494512944622753,0.05432063006872164,4,0.25519209600517606,0.05356207643890825,4,0.7497485280036926,0.05426262143276452,4,0.27865054458379745,0.005210512230409608,4,0.3623022064566612,0.007706059783213624,4,0.35828046775745054,0.05889944123701749,4,0.25499315036971143,0.05609042391673181,4,0.12424055866813066,0.03735860812781107,4,0.1309667517100222,0.0422742467907623,4,0.9503054916858673,0.07555917348625996,4,0.27314697206020355,0.011682793003122968,4,0.35729631781578064,0.01561367552677772,4,0.29768914982310807,0.031972059212992635,4,0.2149649652621783,0.05486785606949479,4,0.07252828654356872,0.031025774267517767,4,0.0893854893501442,0.0190099096200406,4,0.9251925647258759,0.10297393657919325,4,15.25,4.031128874149275,4,0.9503054916858673,0.07555917348625996,4,179761.0,0.0,4,3063361.0,0.0,4
random_all_per_seed,all_rows,0.15,0.15,False,False,B3_with_RC_weighted_bcap_10,10.0,0.0005,1e-05,random,conv3_plus,1,1340,HepG2,0.25485363602638245,0.0074290781384151565,4,0.33339570462703705,0.011549413589307868,4,0.4735479181069001,0.0129645067991127,4,0.39488669282698696,0.02053269511748445,4,0.2172857890828758,0.0090205806608641,4,0.22437368957078757,0.012165394170411068,4,0.7821301519870758,0.00901385039437113,4,0.27464575320482254,0.00590165114688022,4,0.358040414750576,0.008028463966175443,4,0.38242932737492163,0.05519334564167418,4,0.2577241950528002,0.0520912573500109,4,0.14466548075516217,0.03912175646831085,4,0.14853691948877595,0.041540304121638394,4,0.9049928486347198,0.07668507441513171,4,0.270006962120533,0.009590939607210702,4,0.3542362153530121,0.014454610424932075,4,0.31700144404598407,0.027305422677662946,4,0.2391732141657273,0.028507457437801947,4,0.08830826399331237,0.02428207334749986,4,0.10104910510794356,0.017282689317191725,4,0.8855853378772736,0.08544471537060774,4,12.5,1.9148542155126762,4,0.9049928486347198,0.07668507441513171,4,179761.0,0.0,4,3063361.0,0.0,4
random_all_per_seed,all_rows,0.15,0.15,False,False,B3_with_RC_weighted_bcap_10,10.0,0.0005,1e-05,random,conv3_plus,1,1340,K562,0.25702906027436256,0.009359433248869781,4,0.33606497943401337,0.013448877726914622,4,0.4561984057730288,0.035382986782793294,4,0.3693658543829385,0.03391886476435964,4,0.20446837113980013,0.032514539124043486,4,0.2090559522451065,0.032541510753839625,4,0.7949380427598953,0.03249034735598353,4,0.2743840217590332,0.0062991711668870885,4,0.3585927486419678,0.00896179992891601,4,0.3814924455045288,0.05735503268196963,4,0.26256276895948505,0.052014666610419896,4,0.1420656665345129,0.04022325542826858,4,0.14800368580748824,0.04261948221214727,4,0.9076635092496872,0.07640910786669568,4,0.27010323852300644,0.01077037310337544,4,0.35376056283712387,0.015690732971452803,4,0.3123266750046142,0.031464632615993984,4,0.2341749467515729,0.042252296208925066,4,0.09096781943364829,0.023714704471369336,4,0.09829046924868251,0.01949824010001764,4,0.8835370987653732,0.09302031412666313,4,11.5,4.041451884327381,4,0.9076635092496872,0.07640910786669568,4,179761.0,0.0,4,3063361.0,0.0,4
random_all_per_seed,all_rows,0.15,0.15,False,False,B3_with_RC_weighted_bcap_10,10.0,0.0005,1e-05,random,conv3_plus,1,1340,SKNSH,0.2550598122179508,0.00893988391860895,4,0.33347757160663605,0.013291840522778896,4,0.47102767539602053,0.026613524829122694,4,0.39275078489463755,0.027241551210332293,4,0.21676098754849601,0.028302481289555804,4,0.2223982807668516,0.025429576786323013,4,0.7826545238494873,0.028281366655301135,4,0.2758006080985069,0.006409833185583957,4,0.3595331236720085,0.008602107981169707,4,0.3757835263435087,0.05412117103094799,4,0.26412191397124135,0.049544485771374554,4,0.13765709720944214,0.036538439506656376,4,0.14341008453648335,0.04037808045294564,4,0.9128568172454834,0.08231565511215834,4,0.2713063061237335,0.009959696469467328,4,0.3542870581150055,0.013607489200200504,4,0.3142642882063226,0.024981312898446108,4,0.22609441999849852,0.039286860955757556,4,0.08796100433792314,0.021564541496313778,4,0.09923009233742415,0.015663795730233132,4,0.8858296424150467,0.08363016730701406,4,13.25,2.5,4,0.9128568172454834,0.08231565511215834,4,179761.0,0.0,4,3063361.0,0.0,4
random_all_per_seed,all_rows,0.15,0.15,False,False,B3_with_RC_weighted_bcap_10,10.0,0.0005,1e-05,random,conv3_plus,1,2011,HepG2,0.2603308707475662,0.002162475626282223,4,0.33954329043626785,0.004306982387543599,4,0.4308109740271282,0.01985378751881607,4,0.33836450968611365,0.019382695459386586,4,0.18202850558890848,0.018017794472511825,4,0.18589372500133464,0.017150123924414295,4,0.8175647407770157,0.01800885251203929,4,0.2733096480369568,0.006049312867508759,4,0.3576960042119026,0.008336680131598067,4,0.38776430134080087,0.05020312701318701,4,0.2707411444177862,0.04068878098617143,4,0.1464850841000679,0.0343929017653176,4,0.15225141886574606,0.038567036941892535,4,0.9086117744445801,0.06429442434359312,4,0.26894358545541763,0.010443866423080974,4,0.3527759909629822,0.014768430325440049,4,0.32009502733806194,0.025177736250072153,4,0.24223735439914942,0.03376089067324499,4,0.09597339022505275,0.0176257573738885,4,0.10293626532856327,0.0160230625641949,4,0.8849028199911118,0.09215084028095735,4,7.5,2.516611478423583,4,0.9086117744445801,0.06429442434359312,4,179761.0,0.0,4,3063361.0,0.0,4
random_all_per_seed,all_rows,0.15,0.15,False,False,B3_with_RC_weighted_bcap_10,10.0,0.0005,1e-05,random,conv3_plus,1,2011,K562,0.2555985748767853,0.004089061661325551,4,0.333503358066082,0.0060654443121358655,4,0.46079504807533606,0.04192087325892487,4,0.37419206283580875,0.04606947005040343,4,0.21047770067340815,0.03679649707987148,4,0.21365009604184437,0.03830585714873061,4,0.7891296595335007,0.03677824250183924,4,0.2734248861670494,0.005587273735199474,4,0.35744380205869675,0.008375905103292218,4,0.38661853818537645,0.05001020545014755,4,0.26631123016603897,0.04731940760175393,4,0.14762237930051533,0.036550749288624174,4,0.15134965955547186,0.038383048607466504,4,0.9073096215724945,0.06392983802450651,4,0.27059274166822433,0.010954003903738912,4,0.3541114032268524,0.015481311087155412,4,0.31248426956081515,0.032035084897675356,4,0.22811728468453707,0.04199209909107471,4,0.08914791576931538,0.022744553457076915,4,0.09841610372125714,0.020035773630848554,4,0.8917603343725204,0.0957263167006148,4,10.25,3.774917217635375,4,0.9073096215724945,0.06392983802450651,4,179761.0,0.0,4,3063361.0,0.0,4
random_all_per_seed,all_rows,0.15,0.15,False,False,B3_with_RC_weighted_bcap_10,10.0,0.0005,1e-05,random,conv3_plus,1,2011,SKNSH,0.25200390815734863,0.004742002839724817,4,0.32933951914310455,0.006097564899508698,4,0.48459016932316884,0.026659179113024144,4,0.3983597995254469,0.022642873189889556,4,0.23037996681553555,0.025497189647393594,4,0.23536066607789266,0.025698432709734983,4,0.7692373394966125,0.02548451945560846,4,0.2754097878932953,0.005607595616920537,4,0.3586098551750183,0.007555190471001999,4,0.38167305788445743,0.04994744176285058,4,0.27078286015846453,0.05156184901276457,4,0.14205921820468895,0.034515652643684565,4,0.1475453833188624,0.03804679511104977,4,0.9132446199655533,0.0630152805158126,4,0.27102040499448776,0.010850930790035514,4,0.35443175584077835,0.014999683814643582,4,0.31789633813996926,0.022115833949356366,4,0.22977277840276933,0.03809804844186799,4,0.08745701663353633,0.020473532742580097,4,0.1014249143862583,0.013978202347571198,4,0.8932144939899445,0.09276720059673159,4,13.25,1.707825127659933,4,0.9132446199655533,0.0630152805158126,4,179761.0,0.0,4,3063361.0,0.0,4
random_all_per_seed,all_rows,0.15,0.15,False,False,B3_with_RC_weighted_bcap_10,10.0,0.0005,1e-05,random,conv3_plus,1,2681,HepG2,0.25434860587120056,0.007204487634067126,4,0.33250556141138077,0.0092112671766403,4,0.47994290391844574,0.03684794948967989,4,0.3823248830605583,0.0388822659674758,4,0.2281500812303932,0.03338596068187898,4,0.23136351955786594,0.03633075126949914,4,0.77156201004982,0.03337354819912154,4,0.27429453283548355,0.006759976173344643,4,0.3566020429134369,0.00848600247122407,4,0.3948819847478331,0.04573234665049283,4,0.27379737354234535,0.037114355569065095,4,0.15175257485369087,0.032820612544647486,4,0.1575003675260085,0.03586108582606961,4,0.8882127404212952,0.055081430779983405,4,0.2699180319905281,0.011189762892546097,4,0.3535209521651268,0.015528478727747116,4,0.3225696644978274,0.031015177829077457,4,0.23730113424677898,0.0409233692400171,4,0.09210256565098729,0.027314859477610615,4,0.10477264439606794,0.020008906579872608,4,0.8739842772483826,0.08445710679910669,4,11.25,2.217355782608345,4,0.8882127404212952,0.055081430779983405,4,179761.0,0.0,4,3063361.0,0.0,4
random_all_per_seed,all_rows,0.15,0.15,False,False,B3_with_RC_weighted_bcap_10,10.0,0.0005,1e-05,random,conv3_plus,1,2681,K562,0.25779907405376434,0.005902258064044083,4,0.3371441885828972,0.008029555662964528,4,0.458072504451348,0.02899045860038708,4,0.3645599687466645,0.03608456749030873,4,0.20654627580068333,0.027612753789904108,4,0.2104607543517258,0.027060526958516403,4,0.7931577265262604,0.027602463172346978,4,0.27347293496131897,0.006460329979617372,4,0.3569696471095085,0.008746119524361818,4,0.39095037530656834,0.045627405338765775,4,0.2691159860027013,0.044232913582870965,4,0.1500106610320194,0.033315393823353974,4,0.1544035910408077,0.03551681453355842,4,0.8900828957557678,0.05654374593774886,4,0.26974988728761673,0.010971282710528387,4,0.3532305732369423,0.015044193993354656,4,0.31920254236469764,0.030827631397745654,4,0.2339671170513469,0.043855662956307134,4,0.09355604249048813,0.025263287270075124,4,0.10260302019528303,0.01967120621616868,4,0.8724507093429565,0.08202519632581635,4,9.75,2.8722813232690143,4,0.8900828957557678,0.05654374593774886,4,179761.0,0.0,4,3063361.0,0.0,4
random_all_per_seed,all_rows,0.15,0.15,False,False,B3_with_RC_weighted_bcap_10,10.0,0.0005,1e-05,random,conv3_plus,1,2681,SKNSH,0.2562135085463524,0.0034381705826560588,4,0.33533377945423126,0.004646007917904862,4,0.467224933608683,0.010782556045815047,4,0.37612440631689087,0.015610182049411716,4,0.2151239081030297,0.01122928305377932,4,0.2183863362217991,0.009994508117911562,4,0.7845833152532578,0.011225125393821232,4,0.2745037227869034,0.006159732916838128,4,0.35798265784978867,0.008138294654324097,4,0.3855856244962498,0.04593273802036384,4,0.2712753558211136,0.04520869443186075,4,0.14516610528348473,0.03225525304821612,4,0.15025863613469845,0.035314588642752553,4,0.8950397819280624,0.053214712906334206,4,0.2703286483883858,0.010323677178302909,4,0.35341380536556244,0.014347243808581874,4,0.3229332635098345,0.024764383618132765,4,0.23104289707680742,0.03639917661265086,4,0.09255344581127067,0.022420627464214478,4,0.10474584870310173,0.01595056498567153,4,0.8732093870639801,0.07870799526150392,4,11.25,1.2583057392117918,4,0.8950397819280624,0.053214712906334206,4,179761.0,0.0,4,3063361.0,0.0,4
random_all_per_seed,all_rows,0.15,0.15,False,False,B3_with_RC_weighted_bcap_10,10.0,0.0005,1e-05,random,full,1,134,HepG2,0.25310178846120834,0.0385208998983282,4,0.3294786736369133,0.047258332276381716,4,0.47317703571710024,0.1311246977101303,4,0.4242872453233845,0.11967551282725092,4,0.20777134185312657,0.14124992139737189,4,0.23679177189220174,0.11919428712646181,4,0.786316528916359,0.14019580796285136,4,0.2868090644478798,0.00587776729516509,4,0.3720882013440132,0.006464222745759077,4,0.3022381935632489,0.0444646725283919,4,0.22252377914590762,0.03998831324152125,4,0.07595798297726217,0.04638195642635964,4,0.09283075597566876,0.02641547640912438,4,1.0307864397764206,0.24964849813401455,4,0.28022250533103943,0.01117897224405151,4,0.3690873235464096,0.015587138146059477,4,0.23097814737482442,0.015668402310042153,4,0.2012160188590393,0.015851351486453183,4,0.01053435391394078,0.013937136376243832,4,0.05353502868791811,0.0072892543851209475,4,1.002699464559555,0.17905682088832142,4,10.0,7.483314773547883,4,1.0307864397764206,0.24964849813401455,4,179761.0,0.0,4,3747661.0,0.0,4
random_all_per_seed,all_rows,0.15,0.15,False,False,B3_with_RC_weighted_bcap_10,10.0,0.0005,1e-05,random,full,1,134,K562,0.2617400772869587,0.03722428980133043,4,0.33769580721855164,0.047388017718501756,4,0.44670744138993745,0.05950138934542193,4,0.40435885580071884,0.05346465950668964,4,0.17315813330176846,0.08851596217501333,4,0.20220284969367103,0.051103176049229274,4,0.820671409368515,0.08785539330400745,4,0.2841683700680733,0.008925382201308592,4,0.3706173226237297,0.011448706162957673,4,0.31116319459417957,0.04315996657947742,4,0.2341813460163986,0.025611439562777696,4,0.08390512406412365,0.03915112217194711,4,0.09821962070641145,0.028081525619902282,4,1.0228726863861084,0.24730496065792573,4,0.2776859849691391,0.013413989762336403,4,0.36360353231430054,0.018439755733854812,4,0.26570652992478133,0.0426936360020379,4,0.22405308239797067,0.033026037697671574,4,0.039860202169761605,0.036261259987893,4,0.0719670199609746,0.02148634833287381,4,0.9732730388641357,0.17597196011791286,4,9.25,5.737304826019502,4,1.0228726863861084,0.24730496065792573,4,179761.0,0.0,4,3747661.0,0.0,4
random_all_per_seed,all_rows,0.15,0.15,False,False,B3_with_RC_weighted_bcap_10,10.0,0.0005,1e-05,random,full,1,134,SKNSH,0.24975533410906792,0.0474065874045925,4,0.3265523836016655,0.05843950596404973,4,0.49577185104509147,0.11056767981447119,4,0.4589510147600182,0.0978784865855933,4,0.22872360497151617,0.13944541389304566,4,0.25495863715334294,0.11157845679688393,4,0.7655205875635147,0.13840476449292088,4,0.2900075986981392,0.0055008771173740145,4,0.37667950987815857,0.006722328045606144,4,0.28448042389936934,0.0421379184816449,4,0.21958576612967626,0.03962941193988995,4,0.05285598951179757,0.05224511891850312,4,0.08226081471243918,0.022831678588066825,4,1.0558383166790009,0.2548419004590933,4,0.2851578891277313,0.013481776381421952,4,0.37203746289014816,0.01705136789235208,4,0.22768403139171217,0.03179690102597629,4,0.20342978385591057,0.03218322061042981,4,-0.0056473054101991715,0.04177713415268925,4,0.052598300336923975,0.014328096753050064,4,1.0178106725215912,0.1733410154014164,4,11.75,11.324751652906125,4,1.0558383166790009,0.2548419004590933,4,179761.0,0.0,4,3747661.0,0.0,4
random_all_per_seed,all_rows,0.15,0.15,False,False,B3_with_RC_weighted_bcap_10,10.0,0.0005,1e-05,random,full,1,268,HepG2,0.24651135131716728,0.02956508480444849,4,0.32275785505771637,0.03899253663634513,4,0.4948090267891002,0.07431450688677461,4,0.42083365953856167,0.06864068836646468,4,0.2426465471259411,0.07431602453997689,4,0.24897795744234483,0.07558497845198447,4,0.7545274645090103,0.07403872697682491,4,0.28243154287338257,0.0058422406820005926,4,0.3680737540125847,0.00747765586756605,4,0.324169733315112,0.05910850917158315,4,0.23532450181815673,0.04169709637991586,4,0.09607347699964336,0.03910729349363884,4,0.10770637788995618,0.037663932370664815,4,0.9994866698980331,0.16705755449515564,4,0.2773128151893616,0.009088303675867092,4,0.36480386555194855,0.0127148799988466,4,0.244272904782116,0.014837953032157477,4,0.2134812468212652,0.02464957058735397,4,0.03299080880454977,0.007334770931107445,4,0.0598343756483311,0.007035083308311844,4,0.9766783118247986,0.12633062495037617,4,9.0,5.477225575051661,4,0.9994866698980331,0.16705755449515564,4,179761.0,0.0,4,3747661.0,0.0,4
random_all_per_seed,all_rows,0.15,0.15,False,False,B3_with_RC_weighted_bcap_10,10.0,0.0005,1e-05,random,full,1,268,K562,0.2573145851492882,0.03570246981362339,4,0.3340774402022362,0.04632219917019512,4,0.44841779015101063,0.1008354458866572,4,0.3743289332520348,0.10888299018456837,4,0.18847480648761678,0.11487627058503776,4,0.20870435488428657,0.09790189953364774,4,0.8084970861673355,0.11444756354952326,4,0.2812350392341614,0.0086624980494533,4,0.3675463944673538,0.012797662780816912,4,0.32096566080761924,0.05185892030493092,4,0.2341014860437742,0.023941963376268503,4,0.09918832612299122,0.03855964177402008,4,0.10503596612906657,0.03457519377773004,4,0.9961910843849182,0.16543531341660747,4,0.27571819722652435,0.011886467383691934,4,0.3612945154309273,0.01671893540995185,4,0.2735427784165818,0.040908036103514796,4,0.23336364138004576,0.028751578937870285,4,0.05160390443600485,0.039616962838045784,4,0.07608075218724801,0.022004516963554977,4,0.9566526710987091,0.11557059461717432,4,7.75,6.701989754294367,4,0.9961910843849182,0.16543531341660747,4,179761.0,0.0,4,3747661.0,0.0,4
random_all_per_seed,all_rows,0.15,0.15,False,False,B3_with_RC_weighted_bcap_10,10.0,0.0005,1e-05,random,full,1,268,SKNSH,0.2504825033247471,0.029189032730610083,4,0.32610896974802017,0.03901263079794444,4,0.48200302092104164,0.07009705754055558,4,0.41158185545259063,0.07220256006593552,4,0.22672820582359768,0.07274302295971645,4,0.23601211028389307,0.06809626817006796,4,0.7703863829374313,0.07247157526714029,4,0.2846146896481514,0.00461801941268885,4,0.370378777384758,0.007719342872731381,4,0.30857978246353623,0.06357323429910772,4,0.23939061273359935,0.05432967894537976,4,0.08471897522339836,0.040064473645278834,4,0.09825264923468027,0.037920290224994636,4,1.0116905719041824,0.16692041719625028,4,0.2767990902066231,0.013003595486896686,4,0.36233313381671906,0.017195089158397507,4,0.25485768308723566,0.03676765593577734,4,0.22421906883440493,0.032862951954392934,4,0.04653747034973002,0.02770946607685149,4,0.06596633402085261,0.01916911448668971,4,0.9610060751438141,0.1052698810666758,4,8.75,4.9916597106239795,4,1.0116905719041824,0.16692041719625028,4,179761.0,0.0,4,3747661.0,0.0,4
random_all_per_seed,all_rows,0.15,0.15,False,False,B3_with_RC_weighted_bcap_10,10.0,0.0005,1e-05,random,full,1,536,HepG2,0.24491214752197266,0.014512369208283749,4,0.3193194419145584,0.018356063023075592,4,0.5221756178505607,0.03340245514612091,4,0.43389198477737223,0.018335089203608542,4,0.2706744703298283,0.0368989973215487,4,0.2735041688849562,0.03502927722961912,4,0.7279649525880814,0.03683022354212838,4,0.2806341126561165,0.00657520858461668,4,0.3649939149618149,0.008779586851846242,4,0.3519916601174097,0.05162101789002676,4,0.24904728777334553,0.04285439778017334,4,0.11119459846741686,0.039848099847345546,4,0.1258966759082119,0.03618455661659408,4,0.9567185342311859,0.10519637458360696,4,0.2756659686565399,0.01089184969654532,4,0.3624967709183693,0.01479669039600537,4,0.27529675837204726,0.019071426060305232,4,0.22945820198120218,0.01922667132498664,4,0.04550116929442258,0.009728893622206346,4,0.07606109463913766,0.010242086816806538,4,0.9417613595724106,0.09577953450568229,4,8.25,1.5,4,0.9567185342311859,0.10519637458360696,4,179761.0,0.0,4,3747661.0,0.0,4
random_all_per_seed,all_rows,0.15,0.15,False,False,B3_with_RC_weighted_bcap_10,10.0,0.0005,1e-05,random,full,1,536,K562,0.2518869414925575,0.024445768723706133,4,0.3262881189584732,0.029903385973791264,4,0.48695978503243487,0.08661410206440207,4,0.4031078775855438,0.057434159899665105,4,0.23817621382919216,0.08849770846348368,4,0.2427563342461522,0.08385089604150586,4,0.7604025304317474,0.08833264633808566,4,0.2792838290333748,0.008516537597406133,4,0.3651088997721672,0.012256611326995848,4,0.34589365135032263,0.06364921773705083,4,0.2488628776161225,0.04024101388447882,4,0.11077140970642965,0.04551655183197288,4,0.12268083523336243,0.044175249871313604,4,0.9572372287511826,0.10891029077768467,4,0.27502621710300446,0.013038541887950264,4,0.3587513417005539,0.01727981984245903,4,0.28635412623755013,0.04628901086855857,4,0.23165110942104908,0.03979838367786239,4,0.06527007215883077,0.030273251586769134,4,0.08360569000866296,0.026420747390569495,4,0.922973707318306,0.10716294048873908,4,7.25,3.774917217635375,4,0.9572372287511826,0.10891029077768467,4,179761.0,0.0,4,3747661.0,0.0,4
random_all_per_seed,all_rows,0.15,0.15,False,False,B3_with_RC_weighted_bcap_10,10.0,0.0005,1e-05,random,full,1,536,SKNSH,0.24516389146447182,0.020683065575360884,4,0.3180989399552345,0.026018895289817687,4,0.5313516115167695,0.051514337633312104,4,0.4543690895258933,0.03176026511723353,4,0.277207814533296,0.053751300400623744,4,0.2843248302978171,0.052903896385659094,4,0.7214437872171402,0.0536510317326654,4,0.2823570594191551,0.005368001432619297,4,0.367193266749382,0.008837242807350307,4,0.33926921848592373,0.053041362187023836,4,0.25134808595601027,0.05059730550843417,4,0.10056747735374405,0.03681982580354147,4,0.11721364218904073,0.034896624653600494,4,0.9681147485971451,0.10429905318809134,4,0.27642814069986343,0.011809294929542502,4,0.36100154370069504,0.01608021027343776,4,0.2815146788287325,0.026418618377847206,4,0.2306169457932643,0.03298013704703836,4,0.053478087142692005,0.019769997117007103,4,0.07977397194379016,0.015181166482122387,4,0.9339583367109299,0.09736373153869475,4,9.0,2.1602468994692865,4,0.9681147485971451,0.10429905318809134,4,179761.0,0.0,4,3747661.0,0.0,4
random_all_per_seed,all_rows,0.15,0.15,False,False,B3_with_RC_weighted_bcap_10,10.0,0.0005,1e-05,random,full,1,938,HepG2,0.24482158571481705,0.00733763900604224,4,0.3204899951815605,0.01027648084247224,4,0.5097786694162021,0.04611364160043984,4,0.4179998917620549,0.0358022574501363,4,0.25645801291885134,0.04839936340794804,4,0.26146914274799377,0.046762457219754486,4,0.7427493035793304,0.04834771050840289,4,0.2773302122950554,0.00622017454724511,4,0.36184293776750565,0.008950985631767923,4,0.361641758267453,0.06335919557891596,4,0.2474947270257922,0.05597248613572104,4,0.1263854669202665,0.04225814463662609,4,0.13379555207108038,0.045615701397619494,4,0.9475709795951843,0.07167016821489522,4,0.27276385575532913,0.010131025840504211,4,0.3577979579567909,0.014140279842111894,4,0.29258935962142113,0.02397146804221416,4,0.2302507579651873,0.019221622330533986,4,0.0699468392606522,0.016045206420985805,4,0.08603950682374747,0.013904309483681378,4,0.9279800951480865,0.102966008550964,4,7.75,2.0615528128088303,4,0.9475709795951843,0.07167016821489522,4,179761.0,0.0,4,3747661.0,0.0,4
random_all_per_seed,all_rows,0.15,0.15,False,False,B3_with_RC_weighted_bcap_10,10.0,0.0005,1e-05,random,full,1,938,K562,0.24620848894119263,0.009417062398276875,4,0.3212248533964157,0.01447047839421744,4,0.5071963809616276,0.038175253769197524,4,0.414883116464612,0.014323774976784612,4,0.25398966407875917,0.040157071337603774,4,0.25834118136082945,0.037509579895229676,4,0.7452150285243988,0.04011424518852162,4,0.2767750918865204,0.006280165287685753,4,0.36167871952056885,0.010923113061812635,4,0.36555895847234066,0.05761791345893594,4,0.25167426345788074,0.043336503264474316,4,0.12741818643679784,0.04079148876240583,4,0.13612322008290356,0.04090320432227437,4,0.9458509087562561,0.057835298537299865,4,0.27279435843229294,0.012395453163481696,4,0.3566598743200302,0.016977524924886227,4,0.30251918704878983,0.03970454891199293,4,0.23613329045001777,0.034217885314759,4,0.0760576380778458,0.03134631118269863,4,0.09270019693588931,0.02391339757693934,4,0.9229044616222382,0.11797865940344875,4,7.75,1.8929694486000914,4,0.9458509087562561,0.057835298537299865,4,179761.0,0.0,4,3747661.0,0.0,4
random_all_per_seed,all_rows,0.15,0.15,False,False,B3_with_RC_weighted_bcap_10,10.0,0.0005,1e-05,random,full,1,938,SKNSH,0.2405516617000103,0.011634782324399384,4,0.3149791732430458,0.013315815494444579,4,0.5293851130195757,0.08624775698457622,4,0.4432417394786476,0.07496173817281636,4,0.27956351193253215,0.08629507346711189,4,0.28582760457540185,0.08819847626823119,4,0.7196684330701828,0.08620302432855684,4,0.28066571801900864,0.0052836007162340775,4,0.36512409150600433,0.007918051755416964,4,0.3470102911867572,0.05710712731277732,4,0.25115602444415097,0.046033578352246945,4,0.11064507598666776,0.035063765437571524,4,0.1228620601819563,0.03938631011671655,4,0.9647631496191025,0.0694196762683385,4,0.274623841047287,0.010638543298205388,4,0.35852301865816116,0.01468123773357172,4,0.29158405246429375,0.029297339536429535,4,0.2236145844177945,0.04241132768828767,4,0.06625491080858162,0.016423443650502207,4,0.08566501022943462,0.016840736559903882,4,0.9316015392541885,0.10224949834034988,4,8.75,3.304037933599835,4,0.9647631496191025,0.0694196762683385,4,179761.0,0.0,4,3747661.0,0.0,4
random_all_per_seed,all_rows,0.15,0.15,False,False,B3_with_RC_weighted_bcap_10,10.0,0.0005,1e-05,random,full,1,1340,HepG2,0.24765826389193535,0.012828861951043997,4,0.32548418641090393,0.01682820045033907,4,0.508827745396168,0.04161135875716351,4,0.4131183125396687,0.028487456650486017,4,0.2540793936242203,0.03842849322389391,4,0.2602043033681606,0.042744610012913194,4,0.7453640103340149,0.03839977916796563,4,0.2750679776072502,0.008465152624752531,4,0.3591398000717163,0.009925349116394266,4,0.3801576197965947,0.05749712768378921,4,0.26479404387362854,0.042286072534514156,4,0.1394494006579237,0.042473071337122685,4,0.14699925565832672,0.04355084610084541,4,0.9106845408678055,0.08188183191619308,4,0.27195221185684204,0.008890243095027315,4,0.35676759481430054,0.013925351188873936,4,0.30781393062218637,0.02502810149334784,4,0.2326735201953592,0.02323827675637044,4,0.0750678189202833,0.0275121458021139,4,0.09521922028335116,0.015410678655943769,4,0.8984338939189911,0.0873971716442019,4,7.75,2.0615528128088303,4,0.9106845408678055,0.08188183191619308,4,179761.0,0.0,4,3747661.0,0.0,4
random_all_per_seed,all_rows,0.15,0.15,False,False,B3_with_RC_weighted_bcap_10,10.0,0.0005,1e-05,random,full,1,1340,K562,0.2508835308253765,0.013702977395846909,4,0.3284502550959587,0.01940065483757768,4,0.4928906505800305,0.042555720031716475,4,0.3906532959069182,0.023785086971202168,4,0.2407352649953439,0.04288291389973944,4,0.24429943540976912,0.0410476489947156,4,0.7586981505155563,0.04285092202320143,4,0.27479030936956406,0.007477543523649775,4,0.35947205126285553,0.011278122284331704,4,0.3785346302196962,0.06035456194869503,4,0.25933036134863074,0.04576293779390476,4,0.13789363748441855,0.04518431429713239,4,0.1460204711365763,0.04474341781266304,4,0.9121218025684357,0.08091173130551914,4,0.2705702409148216,0.011257686587638748,4,0.3541722819209099,0.01651554148376462,4,0.31688510392418245,0.03181852602232737,4,0.24471010620130623,0.03299678699819999,4,0.08896709421516008,0.025134989922017528,4,0.10117548303771505,0.020334782595074114,4,0.8856537193059921,0.0958890204810799,4,7.25,2.362907813126304,4,0.9121218025684357,0.08091173130551914,4,179761.0,0.0,4,3747661.0,0.0,4
random_all_per_seed,all_rows,0.15,0.15,False,False,B3_with_RC_weighted_bcap_10,10.0,0.0005,1e-05,random,full,1,1340,SKNSH,0.24731244891881943,0.0170111864159347,4,0.3242870271205902,0.021736235196202505,4,0.5146282188580924,0.06665159184747473,4,0.4227610491262693,0.06233256093757269,4,0.25948065543513205,0.060632183252121975,4,0.2681740296669044,0.06882801885948722,4,0.7399667352437973,0.06058698422072159,4,0.2777402848005295,0.0064964954871971235,4,0.3618968799710274,0.0094535116540439,4,0.36486278577637254,0.05057989949327302,4,0.25967091425545774,0.03660011283544626,4,0.12635574266313146,0.03679850826859802,4,0.1350435971190573,0.036633991631479956,4,0.9248597472906113,0.08395585853676034,4,0.27151092141866684,0.010853156433471196,4,0.3561403825879097,0.01610087842344756,4,0.3077183888531099,0.029022684983215398,4,0.23344889072863337,0.03960800928268746,4,0.07867357543831546,0.027354756992915175,4,0.09532234402107997,0.017680122534644217,4,0.8958153873682022,0.09992751147202028,4,8.25,3.5939764421413045,4,0.9248597472906113,0.08395585853676034,4,179761.0,0.0,4,3747661.0,0.0,4
random_all_per_seed,all_rows,0.15,0.15,False,False,B3_with_RC_weighted_bcap_10,10.0,0.0005,1e-05,random,full,1,2011,HepG2,0.25054358690977097,0.0028702222226497974,4,0.3276483565568924,0.003877484049032565,4,0.4915163471785854,0.023380231337070432,4,0.3841400672417098,0.01635161999653358,4,0.23816490921719244,0.024626962285404064,4,0.24199829595681094,0.022914665607078083,4,0.7614562660455704,0.02461473088550829,4,0.2740932106971741,0.005086708796621828,4,0.3576786145567894,0.007937616111717226,4,0.3888098268575449,0.04882900837970383,4,0.2747219485235597,0.040632331756013426,4,0.14653272914197132,0.03455695564022452,4,0.15296128550550295,0.037417512435610596,4,0.9083713591098785,0.0607006254997124,4,0.26923058927059174,0.01050990263062375,4,0.3531123399734497,0.01484261402879576,4,0.32449318579998926,0.023136249044983067,4,0.24259236948833668,0.030006569205504,4,0.09424692913028002,0.018466975977138565,4,0.10569729214552995,0.014847751032754672,4,0.8866133689880371,0.09271806759905145,4,6.25,0.9574271077563381,4,0.9083713591098785,0.0607006254997124,4,179761.0,0.0,4,3747661.0,0.0,4
random_all_per_seed,all_rows,0.15,0.15,False,False,B3_with_RC_weighted_bcap_10,10.0,0.0005,1e-05,random,full,1,2011,K562,0.24459705874323845,0.01708856496485051,4,0.32072895020246506,0.020181507863313658,4,0.5188570805835426,0.07887691559389193,4,0.423808291232587,0.09487864363644119,4,0.26846151564258636,0.0847811015028206,4,0.2738788459318814,0.0873559122906981,4,0.7311747074127197,0.08473892805610823,4,0.2746413126587868,0.00640385119443059,4,0.3584050238132477,0.009046771680794876,4,0.383709749741469,0.05086536518033365,4,0.27084867188667106,0.04109011453035977,4,0.14302833809561957,0.03850381330285225,4,0.14917363607785727,0.038443296502307836,4,0.9121136218309402,0.06392865788490346,4,0.27164582908153534,0.01279400957703207,4,0.3547559306025505,0.01675724687166209,4,0.31853383789663947,0.03832691004120138,4,0.23345988751938107,0.048094915149431504,4,0.08564719130391049,0.039259830957602194,4,0.10256551991014236,0.024448030787098667,4,0.8953876197338104,0.10262134568077183,4,7.75,4.193248541803041,4,0.9121136218309402,0.06392865788490346,4,179761.0,0.0,4,3747661.0,0.0,4
random_all_per_seed,all_rows,0.15,0.15,False,False,B3_with_RC_weighted_bcap_10,10.0,0.0005,1e-05,random,full,1,2011,SKNSH,0.23975825309753418,0.018937771664183423,4,0.31597527861595154,0.02101071693143786,4,0.538686926332728,0.08744772302082766,4,0.44774679777766535,0.09916067525714041,4,0.2889155497940905,0.09621182304488926,4,0.29591893279794745,0.09833386940493082,4,0.7107308506965637,0.09616401741619703,4,0.27706143260002136,0.005463181379490866,4,0.36074068397283554,0.008302585597467514,4,0.3739252541178086,0.04528168455091364,4,0.27163122679012913,0.04118043634146997,4,0.1319668308283507,0.03218385703801697,4,0.14135791888389404,0.0336961357105571,4,0.9240683317184448,0.06368623746059172,4,0.27332253009080887,0.01295240799610787,4,0.35664165765047073,0.015337008416544423,4,0.3133352426815174,0.03242282974809353,4,0.22251009705440356,0.05694758667700493,4,0.07562216692731294,0.04036702127003654,4,0.0989674042229408,0.02029739611903589,4,0.9043283015489578,0.09267553019961126,4,8.75,4.5,4,0.9240683317184448,0.06368623746059172,4,179761.0,0.0,4,3747661.0,0.0,4
random_all_per_seed,all_rows,0.15,0.15,False,False,B3_with_RC_weighted_bcap_10,10.0,0.0005,1e-05,random,full,1,2681,HepG2,0.2557455264031887,0.009010925157442905,4,0.3350038006901741,0.011203523647034409,4,0.46898916498650844,0.04398975960034664,4,0.3648391719983629,0.04120485512201447,4,0.21626944029189493,0.04559157685711053,4,0.22140216108701463,0.04214803050455628,4,0.7834382653236389,0.0455745205893695,4,0.27380499243736267,0.005764823268217203,4,0.3572835698723793,0.007932386958122624,4,0.3906379154921419,0.04466702478707017,4,0.28097550390879644,0.03566816384725587,4,0.14849330143266215,0.03188083663338287,4,0.15409433834754238,0.03441219056133243,4,0.8915190398693085,0.052170996645192355,4,0.26893534511327744,0.010939722116740326,4,0.35301026701927185,0.01470700183762758,4,0.32197559803905296,0.02939979959252867,4,0.2437845529656516,0.035056769891946976,4,0.09463405113513687,0.025095537891194696,4,0.10431654689466643,0.018853708941344752,4,0.871306523680687,0.08050282468704249,4,5.0,2.160246899469287,4,0.8915190398693085,0.052170996645192355,4,179761.0,0.0,4,3747661.0,0.0,4
random_all_per_seed,all_rows,0.15,0.15,False,False,B3_with_RC_weighted_bcap_10,10.0,0.0005,1e-05,random,full,1,2681,K562,0.25480950623750687,0.006731033487029875,4,0.3336605429649353,0.007568975924901155,4,0.4761240830152105,0.037653490990915965,4,0.37216453985379955,0.03618719373018325,4,0.22270797087134755,0.031315142428480686,4,0.22775748146492727,0.03664788860311005,4,0.7770020961761475,0.031303526511138616,4,0.2729058116674423,0.006152434097320901,4,0.35721555352211,0.009154501539329646,4,0.38955405573201274,0.04471170523519637,4,0.2688127766236281,0.03545044689602548,4,0.14885300731244597,0.03404295729304983,4,0.15325171477603938,0.034550763485494566,4,0.8913604468107224,0.0586359737301018,4,0.2683986872434616,0.010920165769964936,4,0.35213013738393784,0.015985426840505627,4,0.3274151965412467,0.03287406374942517,4,0.25090083015703646,0.035232366094477004,4,0.09932042855393672,0.02669328204602654,4,0.10801123897669415,0.021136182290735984,4,0.8671508729457855,0.08596281283242237,4,5.25,1.2583057392117918,4,0.8913604468107224,0.0586359737301018,4,179761.0,0.0,4,3747661.0,0.0,4
random_all_per_seed,all_rows,0.15,0.15,False,False,B3_with_RC_weighted_bcap_10,10.0,0.0005,1e-05,random,full,1,2681,SKNSH,0.2535596825182438,0.007301164573466883,4,0.3324286565184593,0.009305349271458496,4,0.48286071409841214,0.04062084380543597,4,0.38514185088069625,0.037902224979903386,4,0.22825095014229713,0.04127257836417493,4,0.23439200893322776,0.038461929922219196,4,0.7714612185955048,0.041257176063959906,4,0.27545587718486786,0.005452615973502371,4,0.35925355553627014,0.007325779562182786,4,0.3771076209499009,0.04354655931610557,4,0.2689484596097511,0.040646080402394584,4,0.13906919953418118,0.03079271113321601,4,0.14363238489969746,0.032658228881916794,4,0.9012726545333862,0.048872911698292255,4,0.27056627720594406,0.01095012720593395,4,0.35346902161836624,0.014181487633417722,4,0.3265240878649762,0.027436519398390955,4,0.23975042470503174,0.040772312165198395,4,0.09223681022176478,0.022840021396059316,4,0.10718255190357844,0.017445120656613248,4,0.8734609633684158,0.07801393827648352,4,5.75,2.0615528128088303,4,0.9012726545333862,0.048872911698292255,4,179761.0,0.0,4,3747661.0,0.0,4
random_all_per_seed,all_rows,0.15,0.15,False,False,B3_with_RC_weighted_bcap_10,10.0,0.0005,0.0001,random,branched_only,1,134,HepG2,0.2733530141413212,0.03168168527029943,4,0.3519258126616478,0.03953223228932792,4,0.3503037433036349,0.07288699025294834,4,0.3145240449866295,0.08698551576787948,4,0.09742235619620046,0.08502469114226616,4,0.12669709758363898,0.05355402915090013,4,0.8958419859409332,0.08439014765327066,4,0.28574295341968536,0.006583240019959174,4,0.37157901376485825,0.0073797863892771706,4,0.2962431727427997,0.039032438099209074,4,0.220979115968137,0.03989805950309543,4,0.07904438412412781,0.030003307919354096,4,0.08890266581469672,0.022495030880149543,4,1.0314196348190308,0.2681475205614786,4,0.2787098214030266,0.010653916213002683,4,0.3672216683626175,0.014741728842965957,4,0.22712596375614416,0.01392621808227687,4,0.20185148615134257,0.013916321760616815,4,0.020319192255608465,0.0194392547801121,4,0.051731658074713666,0.0064689706881439785,4,0.9931584745645523,0.1794309112200047,4,8.0,5.354126134736337,4,1.0314196348190308,0.2681475205614786,4,179761.0,0.0,4,179761.0,0.0,4
random_all_per_seed,all_rows,0.15,0.15,False,False,B3_with_RC_weighted_bcap_10,10.0,0.0005,0.0001,random,branched_only,1,134,K562,0.27216965332627296,0.036182960901912406,4,0.34980981796979904,0.046807261935973024,4,0.38150349351073914,0.02889354151867554,4,0.3540891900265817,0.04240896423786029,4,0.11273063318291238,0.07399349717133706,4,0.14617104311701715,0.021462494322165848,4,0.8806479871273041,0.07344130472510163,4,0.28202659636735916,0.009398448668108553,4,0.369114525616169,0.012786685167346325,4,0.32056541326160515,0.04852266470457012,4,0.24091946246195334,0.04026600637878477,4,0.09176685570464171,0.028844867226329538,4,0.10452802092210778,0.032499665429963444,4,1.0171387493610382,0.2597521509004158,4,0.27577026188373566,0.011203474932851051,4,0.36214321851730347,0.015867253773958884,4,0.2689866994435631,0.03528475779105453,4,0.2297036554573938,0.030368906558238186,4,0.04714548386634951,0.03392737747622499,4,0.0732876050768218,0.018315371936673673,4,0.9666672646999359,0.1791322447188077,4,18.0,12.409673645990857,4,1.0171387493610382,0.2597521509004158,4,179761.0,0.0,4,179761.0,0.0,4
random_all_per_seed,all_rows,0.15,0.15,False,False,B3_with_RC_weighted_bcap_10,10.0,0.0005,0.0001,random,branched_only,1,134,SKNSH,0.27149607986211777,0.032673162344743545,4,0.35041429102420807,0.04213047215691069,4,0.3723312218951417,0.03047027633995473,4,0.33023746002880616,0.06796454998010576,4,0.10766204932660986,0.06305752125482192,4,0.13932686710310416,0.022714055126087093,4,0.8856787830591202,0.06258703572532205,4,0.28975076973438263,0.004572180677668935,4,0.376772478222847,0.007221071158262733,4,0.2724309652093414,0.038575876726051436,4,0.21827867458964212,0.041329836233620076,4,0.05285426313566377,0.040046413546757455,4,0.075334704503781,0.02067176938451835,4,1.0597184300422668,0.27472114554860905,4,0.2838800549507141,0.01472592543134173,4,0.37123195827007294,0.017453848231668494,4,0.2230868494632698,0.027294118305671286,4,0.2034094218219866,0.030773016598623505,4,-0.001449972700479113,0.04892514676555939,4,0.05032646907401059,0.012131955246404466,4,1.0129747688770294,0.1695934459581121,4,8.0,6.683312551921141,4,1.0597184300422668,0.27472114554860905,4,179761.0,0.0,4,179761.0,0.0,4
random_all_per_seed,all_rows,0.15,0.15,False,False,B3_with_RC_weighted_bcap_10,10.0,0.0005,0.0001,random,branched_only,1,268,HepG2,0.25768864899873734,0.0248180364100044,4,0.33412424474954605,0.03354220941007295,4,0.43521206997675177,0.06460634132632496,4,0.37995964179859293,0.05346512283628687,4,0.18621896589868986,0.06250162994776703,4,0.19254003035812928,0.058954876724797156,4,0.810744509100914,0.06226838133900171,4,0.2792840003967285,0.005941862713828263,4,0.36493344604969025,0.008352070011480556,4,0.33886493761484826,0.07616733459956354,4,0.24003782529625767,0.0480439368684012,4,0.11113166259902468,0.04858186542920705,4,0.11918054308971643,0.05012917044039851,4,0.9809022694826126,0.15154680532686518,4,0.27548252791166306,0.012548925877822656,4,0.36126741766929626,0.01820178889301615,4,0.264287112069053,0.03595472568620376,4,0.21579735062123617,0.009174238848940468,4,0.05221888231421218,0.03291316383932519,4,0.07081723433017778,0.020104875451640667,4,0.9546154886484146,0.09822717133934905,4,24.5,12.662279942148386,4,0.9809022694826126,0.15154680532686518,4,179761.0,0.0,4,179761.0,0.0,4
random_all_per_seed,all_rows,0.15,0.15,False,False,B3_with_RC_weighted_bcap_10,10.0,0.0005,0.0001,random,branched_only,1,268,K562,0.25951317325234413,0.025631313611874925,4,0.33596116304397583,0.03610719188058492,4,0.42064668344016365,0.07764514003988271,4,0.3730302929703089,0.06944214743064497,4,0.17796493704173819,0.0679476187334626,4,0.181465208118069,0.06649115492095119,4,0.8189677149057388,0.06769405902366987,4,0.2783640846610069,0.006372947542956858,4,0.36505500227212906,0.010618658344509296,4,0.3428274993651147,0.06338743143830777,4,0.24573955173588014,0.03727206639479725,4,0.11103623772595753,0.040717766158012286,4,0.12054416916919736,0.04232043599668977,4,0.9822175204753876,0.15787347246687375,4,0.2742135301232338,0.011821190994803072,4,0.3588613420724869,0.016497072889228335,4,0.2716494583398612,0.035117452141376335,4,0.22356102133077183,0.03162237652789384,4,0.06465863057369103,0.025208973721705368,4,0.0747183548000164,0.0190530674024002,4,0.9437321126461029,0.11403289614821459,4,24.0,15.448840301675292,4,0.9822175204753876,0.15787347246687375,4,179761.0,0.0,4,179761.0,0.0,4
random_all_per_seed,all_rows,0.15,0.15,False,False,B3_with_RC_weighted_bcap_10,10.0,0.0005,0.0001,random,branched_only,1,268,SKNSH,0.2590542770922184,0.02573677783433245,4,0.33530687540769577,0.035299677470532004,4,0.4292125653538205,0.05268668974930916,4,0.37196966548937704,0.05050229098907867,4,0.18215946321743035,0.044920857797526095,4,0.18630534171516264,0.044504710828593065,4,0.8147888630628586,0.04475327451924825,4,0.28192557394504547,0.005124300606453957,4,0.36765873432159424,0.008886595775032582,4,0.3262920374539161,0.07888447393829469,4,0.24870821283674288,0.05804845004434709,4,0.09776621999812035,0.05132694700284123,4,0.1111335638772189,0.04865855930637559,4,0.9951161891222,0.15029168713550936,4,0.2748550623655319,0.012175388769230574,4,0.3595505356788635,0.01746560185416112,4,0.26641301824547126,0.03620382017547432,4,0.21783777092008913,0.03623857059604015,4,0.061240559531131805,0.025063164011843195,4,0.07195893373713537,0.01951491982413915,4,0.9469265043735504,0.11216748488355265,4,25.75,14.84082207965583,4,0.9951161891222,0.15029168713550936,4,179761.0,0.0,4,179761.0,0.0,4
random_all_per_seed,all_rows,0.15,0.15,False,False,B3_with_RC_weighted_bcap_10,10.0,0.0005,0.0001,random,branched_only,1,536,HepG2,0.2526830807328224,0.009385638233368451,4,0.3258811980485916,0.01262193989138978,4,0.4932306290022319,0.03178395373774196,4,0.43167404966881984,0.03684128341817732,4,0.23959667126983641,0.03315046374085067,4,0.2440341181723395,0.031134610229499496,4,0.7589847892522812,0.033088620753731104,4,0.278558187186718,0.004733957717112889,4,0.3622012510895729,0.008400243684679629,4,0.3614540049574973,0.04857976859278419,4,0.23463710585549014,0.02706725573160658,4,0.12481882432716812,0.03614728908973511,4,0.13241899313721084,0.03496941190383357,4,0.9423473626375198,0.10551560375128004,4,0.27337193489074707,0.01117191398786121,4,0.35765647888183594,0.015385707490959816,4,0.29175403759181723,0.029874855491261086,4,0.22554258071887712,0.03736686216837847,4,0.07076726543879105,0.02384649595304235,4,0.08578979869409531,0.01740073570183739,4,0.9172610342502594,0.10103604590684892,4,28.75,6.238322424070967,4,0.9423473626375198,0.10551560375128004,4,179761.0,0.0,4,179761.0,0.0,4
random_all_per_seed,all_rows,0.15,0.15,False,False,B3_with_RC_weighted_bcap_10,10.0,0.0005,0.0001,random,branched_only,1,536,K562,0.2564852237701416,0.012348894859567194,4,0.3311871811747551,0.016406270146734136,4,0.4702641545025258,0.022098126025494737,4,0.40548482287109694,0.019514922747775283,4,0.2154764554983843,0.022736229967757197,4,0.22151462039035444,0.021074256038929682,4,0.7830599844455719,0.022693806617442844,4,0.2778470367193222,0.005178205793531923,4,0.36240284889936447,0.0094312862114016,4,0.3610998711109478,0.05114001356667705,4,0.2535920542714123,0.04170401486154704,4,0.12394449483916875,0.03576078051911704,4,0.13235459265704305,0.03641949293094178,4,0.9432687610387802,0.10519949271163714,4,0.27291887253522873,0.01174429976146786,4,0.3568235710263252,0.015859759065129826,4,0.2944555278051681,0.031618170851129286,4,0.22703632654270717,0.04100234582792501,4,0.07519180705344367,0.02275568430421145,4,0.08745383940099852,0.018429774928385427,4,0.9132238775491714,0.10492192292023005,4,25.25,4.716990566028302,4,0.9432687610387802,0.10519949271163714,4,179761.0,0.0,4,179761.0,0.0,4
random_all_per_seed,all_rows,0.15,0.15,False,False,B3_with_RC_weighted_bcap_10,10.0,0.0005,0.0001,random,branched_only,1,536,SKNSH,0.2571093328297138,0.012432024338312917,4,0.33120161294937134,0.01648414019712088,4,0.46754540747540846,0.039732853205945766,4,0.4075956326663275,0.029545643517592497,4,0.21504020247088013,0.03605681547679192,4,0.21978273276925966,0.03815380496352105,4,0.7834953963756561,0.03598955365440306,4,0.27881184965372086,0.004156944169692148,4,0.3628830090165138,0.007584902585637976,4,0.353986046220072,0.04301501026777029,4,0.25496111102569746,0.038362526172560404,4,0.12159854350242905,0.03144394284851361,4,0.12669383924977126,0.030305978262664256,4,0.9463143050670624,0.1094997347615063,4,0.27297814190387726,0.011207879114409671,4,0.35708291828632355,0.014921456434937884,4,0.2944566653209627,0.02778081063529562,4,0.22727516661160624,0.04309651741958553,4,0.0737268423902332,0.02054602422521241,4,0.08728355783160706,0.01625776479865413,4,0.9142732918262482,0.09918945420908996,4,29.0,10.954451150103322,4,0.9463143050670624,0.1094997347615063,4,179761.0,0.0,4,179761.0,0.0,4
random_all_per_seed,all_rows,0.15,0.15,False,False,B3_with_RC_weighted_bcap_10,10.0,0.0005,0.0001,random,branched_only,1,938,HepG2,0.2575685381889343,0.0032101085444374536,4,0.3343259021639824,0.0041669982648571205,4,0.4417376662950364,0.033082285689165304,4,0.36898877249485323,0.047302889169507485,4,0.19119549644526948,0.030677198496243566,4,0.19595299404359964,0.029077667193501206,4,0.8079422563314438,0.03064450175045908,4,0.276594839990139,0.004548379854305294,4,0.3612569645047188,0.006869770723127771,4,0.36422947028966746,0.061215474066385896,4,0.24318291691638055,0.05500446130857029,4,0.1291994475678261,0.038037735178150026,4,0.13547360772637101,0.04438623145606343,4,0.9446509778499603,0.07084557257889725,4,0.27202097326517105,0.011671413249783878,4,0.3562707304954529,0.015058722611474219,4,0.2923374936273773,0.03234898332808441,4,0.21514480569398137,0.04545925271735327,4,0.07786040789756868,0.026255581337960986,4,0.08624605272210738,0.01894850563635902,4,0.9199113845825195,0.10173642420007732,4,19.25,3.8622100754188224,4,0.9446509778499603,0.07084557257889725,4,179761.0,0.0,4,179761.0,0.0,4
random_all_per_seed,all_rows,0.15,0.15,False,False,B3_with_RC_weighted_bcap_10,10.0,0.0005,0.0001,random,branched_only,1,938,K562,0.25938455015420914,0.003783087078165386,4,0.3367646262049675,0.005842295454765752,4,0.4250221692360468,0.04172931784587154,4,0.3522575960268709,0.04320122553491419,4,0.17922256912843268,0.037584633377360004,4,0.18194984631802613,0.036568738840701234,4,0.8199024498462677,0.03754451461648731,4,0.27595966309309006,0.004345762335613117,4,0.3612106442451477,0.007563579470126166,4,0.3664712098153329,0.05838685948133084,4,0.25111740539956356,0.05406898775912961,4,0.12952589978082,0.036347481924753025,4,0.13685791664358327,0.04170042535610682,4,0.9440108090639114,0.06400866199446319,4,0.2714643254876137,0.0117119523793917,4,0.35596150904893875,0.015866034233542912,4,0.29101596832717536,0.0407262232100315,4,0.22298885615113695,0.039996320940796144,4,0.0795857211811582,0.026522723429775474,4,0.0859342627641185,0.023396899481966136,4,0.9190045744180679,0.11206239167963282,4,18.25,8.616843969807043,4,0.9440108090639114,0.06400866199446319,4,179761.0,0.0,4,179761.0,0.0,4
random_all_per_seed,all_rows,0.15,0.15,False,False,B3_with_RC_weighted_bcap_10,10.0,0.0005,0.0001,random,branched_only,1,938,SKNSH,0.25525204092264175,0.003376711649195831,4,0.3316788449883461,0.001864651257141622,4,0.4544939309380579,0.05890290017196681,4,0.39350039436250195,0.06120734113749508,4,0.2030516362278782,0.05187424525509265,4,0.20916689699602964,0.05284286561087284,4,0.7960987389087677,0.051818951459590895,4,0.2774913012981415,0.0053788037104310765,4,0.36235111206769943,0.008455894800180545,4,0.35711520727760193,0.05849544897707728,4,0.25259401921354024,0.0547051747876722,4,0.12409755818978385,0.03634667607935055,4,0.13009755943219697,0.041857419484626346,4,0.950798287987709,0.08053192325203294,4,0.272733636200428,0.011605945375166977,4,0.35654520988464355,0.015509555307159976,4,0.28759916365469224,0.03218690468758275,4,0.21119970718974815,0.044297679861314526,4,0.07658964187927986,0.022211962627150063,4,0.0834902765599041,0.0186148491113976,4,0.9215741008520126,0.10583378017334294,4,28.5,12.767145334803704,4,0.950798287987709,0.08053192325203294,4,179761.0,0.0,4,179761.0,0.0,4
random_all_per_seed,all_rows,0.15,0.15,False,False,B3_with_RC_weighted_bcap_10,10.0,0.0005,0.0001,random,branched_only,1,1340,HepG2,0.26391006261110306,0.005274162946312168,4,0.344338983297348,0.008837704247932015,4,0.410348102943027,0.021923917765942654,4,0.3335925535515908,0.030619401286026946,4,0.16467696934862752,0.01398053123908647,4,0.1687460592165969,0.018312632033951,4,0.834699735045433,0.01397005463877128,4,0.274889312684536,0.006211486054106153,4,0.35949553549289703,0.009386163288918094,4,0.3795170863119417,0.054724990099323995,4,0.25585120157870567,0.052032589648982504,4,0.13787636676669743,0.03737505125274331,4,0.14627933720873412,0.04100377855368933,4,0.9125849306583405,0.08230361657684174,4,0.2693571075797081,0.010817313183497388,4,0.35354849696159363,0.015174649710664978,4,0.3076399379314922,0.035702632625038144,4,0.2349648960557522,0.041536658916583834,4,0.09196153650662306,0.024485295325414397,4,0.0955983398927612,0.021970437118244642,4,0.8822305649518967,0.08798545074567507,4,16.25,3.774917217635375,4,0.9125849306583405,0.08230361657684174,4,179761.0,0.0,4,179761.0,0.0,4
random_all_per_seed,all_rows,0.15,0.15,False,False,B3_with_RC_weighted_bcap_10,10.0,0.0005,0.0001,random,branched_only,1,1340,K562,0.2627551481127739,0.006876491235598881,4,0.3431282415986061,0.01098259378410697,4,0.41713442673738127,0.022244840803000918,4,0.3439696728751649,0.023396211840564743,4,0.17067614800581032,0.019375272373968678,4,0.17437225467628684,0.018391585352507064,4,0.8287049829959869,0.01936077616179491,4,0.2738807871937752,0.0064928698981750275,4,0.35864659398794174,0.00842773729429048,4,0.3801935343885947,0.06068569124443006,4,0.2627696993288007,0.052942036134879585,4,0.14166677417418785,0.04284699281976667,4,0.14730918843225224,0.045420140188020555,4,0.9080632627010345,0.07771625141184971,4,0.26998597383499146,0.010696417492419657,4,0.3537270352244377,0.01558073845054939,4,0.3069289587691262,0.03393855740635027,4,0.22722077405321725,0.03152580281777166,4,0.09116444038810231,0.021347592920131955,4,0.09506925499021805,0.020576160395295324,4,0.8832763284444809,0.09154702862186548,4,20.0,6.0553007081949835,4,0.9080632627010345,0.07771625141184971,4,179761.0,0.0,4,179761.0,0.0,4
random_all_per_seed,all_rows,0.15,0.15,False,False,B3_with_RC_weighted_bcap_10,10.0,0.0005,0.0001,random,branched_only,1,1340,SKNSH,0.26099514216184616,0.005682992615528501,4,0.34051158279180527,0.009434390669008561,4,0.43455469170206973,0.01616422959614064,4,0.3674263068121475,0.017700249572165237,4,0.183135531678828,0.01841862068989506,4,0.18903374181910843,0.014020526356800284,4,0.8162548691034317,0.018404785489787676,4,0.27487416565418243,0.0064621832475920404,4,0.3591543883085251,0.009200290409735759,4,0.38057852403033815,0.060914314959911536,4,0.26433280849109775,0.056780676308140446,4,0.13935468565047585,0.041413440139897104,4,0.14762292827838713,0.046217142394939716,4,0.9110302031040192,0.08457627396263132,4,0.2701350450515747,0.009538450186259375,4,0.3533180207014084,0.01444405465578592,4,0.31250661658605855,0.026315987524215764,4,0.22503955561336167,0.03499695803822283,4,0.09315543999383408,0.016269103442687675,4,0.09817978380959681,0.01635116133559874,4,0.8810382336378098,0.08612088226512678,4,27.5,5.066228051190222,4,0.9110302031040192,0.08457627396263132,4,179761.0,0.0,4,179761.0,0.0,4
random_all_per_seed,all_rows,0.15,0.15,False,False,B3_with_RC_weighted_bcap_10,10.0,0.0005,0.0001,random,branched_only,1,2011,HepG2,0.2606399431824684,0.004664090040785131,4,0.3396925926208496,0.005819178378553689,4,0.42708186492981565,0.02837807821039606,4,0.3417803021862013,0.022982165446669978,4,0.18127643076372363,0.023881094257759042,4,0.1830029058441158,0.024459784818900505,4,0.8183164000511169,0.023869250258891507,4,0.2742813676595688,0.005802738584843229,4,0.3580773249268532,0.007795010311741641,4,0.38571486853258535,0.050586118569031335,4,0.2606257848035467,0.04388130461549754,4,0.14468085725540425,0.032486545053920235,4,0.15069517635101967,0.038870051740311655,4,0.9105384349822998,0.06324307083821755,4,0.2693479359149933,0.011115616892092256,4,0.35322781652212143,0.015656275275280407,4,0.31478922626054584,0.02400565323627192,4,0.23658933830225284,0.037948494489922165,4,0.09378207832385535,0.019026978178149967,4,0.0995244605101882,0.014978407851513005,4,0.8873248994350433,0.0960476897750105,4,19.75,7.04154339142587,4,0.9105384349822998,0.06324307083821755,4,179761.0,0.0,4,179761.0,0.0,4
random_all_per_seed,all_rows,0.15,0.15,False,False,B3_with_RC_weighted_bcap_10,10.0,0.0005,0.0001,random,branched_only,1,2011,K562,0.2624415457248688,0.002789080973594599,4,0.3418630212545395,0.005079146326543858,4,0.4159244488222915,0.028996362563705417,4,0.3350690238812744,0.03184597071922893,4,0.17077614918502243,0.02236506068159709,4,0.17362373890957142,0.024160624374660506,4,0.8288114219903946,0.02235391507748453,4,0.27306604385375977,0.005835489991056883,4,0.3573670759797096,0.007759359795682445,4,0.38517508046871873,0.05119554967383446,4,0.2648756273630354,0.03801209539910373,4,0.14789798123904546,0.037850791047215664,4,0.1503255808438885,0.03922043047870721,4,0.9069265276193619,0.06305318227818142,4,0.2705509439110756,0.010286941569025466,4,0.35418856889009476,0.014730363601493343,4,0.30950913295659,0.032338422152407016,4,0.23732570548732113,0.03303263864509392,4,0.08864394115821128,0.021375544706441485,4,0.09658023354402057,0.0198282273690281,4,0.8920874297618866,0.09396172333767824,4,17.5,9.539392014169456,4,0.9069265276193619,0.06305318227818142,4,179761.0,0.0,4,179761.0,0.0,4
random_all_per_seed,all_rows,0.15,0.15,False,False,B3_with_RC_weighted_bcap_10,10.0,0.0005,0.0001,random,branched_only,1,2011,SKNSH,0.2599024623632431,0.0033512508301838232,4,0.3389114663004875,0.0033640502223741785,4,0.4316131284712574,0.023276614811609052,4,0.3538023989153243,0.030194499602050857,4,0.18497968208529744,0.02080523378931441,4,0.18669624326656215,0.02033580398874118,4,0.8146150261163712,0.020794913302537615,4,0.27377427369356155,0.0066063671468708,4,0.35765279084444046,0.009014994625821301,4,0.3888207122869295,0.0487561262696659,4,0.27211016221596734,0.03823025754731093,4,0.14680459447767105,0.03257556030842356,4,0.1529644161899329,0.037920908040005,4,0.9086657166481018,0.07021255550604241,4,0.2698589488863945,0.010135608070435571,4,0.35296668857336044,0.014814762914056203,4,0.31540815907099606,0.025762603092196655,4,0.23385788322687434,0.03694406708072037,4,0.09502887742303623,0.01566997192745412,4,0.0999800905971193,0.016095872209285503,4,0.8858181238174438,0.09175071816198324,4,26.0,9.128709291752768,4,0.9086657166481018,0.07021255550604241,4,179761.0,0.0,4,179761.0,0.0,4
random_all_per_seed,all_rows,0.15,0.15,False,False,B3_with_RC_weighted_bcap_10,10.0,0.0005,0.0001,random,branched_only,1,2681,HepG2,0.2641356885433197,0.0030851938415276726,4,0.3448431119322777,0.0034611981158883466,4,0.4138809367138272,0.016355433048251572,4,0.3239046261343384,0.010102231585777628,4,0.16991499318492245,0.012422118335094505,4,0.17149805491776193,0.013532249043382119,4,0.8297753781080246,0.012417517629937341,4,0.2737414091825485,0.0069972731244083005,4,0.35698217153549194,0.009140130546184544,4,0.39300630705614603,0.04573006653693,4,0.27305354477690025,0.03917678239438754,4,0.1500466519248894,0.031240211258562606,4,0.15602238662501378,0.035948177043537796,4,0.8901938199996948,0.05817821965974775,4,0.2690533399581909,0.011220150470668116,4,0.3524922728538513,0.015187435014923166,4,0.3210295506996902,0.03203276472767181,4,0.23978549296986734,0.03996823803514055,4,0.09742329388321974,0.022203538486600213,4,0.10382954593451874,0.020470049049911843,4,0.8687926083803177,0.0821000402172999,4,13.5,2.3804761428476167,4,0.8901938199996948,0.05817821965974775,4,179761.0,0.0,4,179761.0,0.0,4
random_all_per_seed,all_rows,0.15,0.15,False,False,B3_with_RC_weighted_bcap_10,10.0,0.0005,0.0001,random,branched_only,1,2681,K562,0.2640665993094444,0.004452495767647184,4,0.34525901079177856,0.006125320773757263,4,0.4135205208916701,0.02617512025207563,4,0.3289078055647464,0.025506979784765866,4,0.1679264472590456,0.020466969078489473,4,0.17151307388867612,0.021222250726986674,4,0.8317631334066391,0.02045935785435686,4,0.2731714993715286,0.006824040173641855,4,0.35710497945547104,0.008861563324040285,4,0.39181095122663445,0.045764998104665534,4,0.26541504065580457,0.039200902340075464,4,0.14940946577505013,0.03221520937141436,4,0.15508664778976017,0.035836430425942686,4,0.8907705843448639,0.05696326674613659,4,0.2692467197775841,0.011087144162890722,4,0.3527132496237755,0.01513330080181558,4,0.3186668419800498,0.033189248971127426,4,0.2387329108736346,0.038766527220843484,4,0.09627170491967013,0.02270314651172522,4,0.10237470086298864,0.020985505611944483,4,0.8698771595954895,0.08200446143853096,4,15.0,7.788880963698615,4,0.8907705843448639,0.05696326674613659,4,179761.0,0.0,4,179761.0,0.0,4
random_all_per_seed,all_rows,0.15,0.15,False,False,B3_with_RC_weighted_bcap_10,10.0,0.0005,0.0001,random,branched_only,1,2681,SKNSH,0.2636003792285919,0.0022245518671328017,4,0.3445081487298012,0.002263120922913527,4,0.4170096724739641,0.016837332776040395,4,0.33463769017643,0.009885439402945933,4,0.17147475664314313,0.01377688071131345,4,0.17410968876810115,0.013961275151872019,4,0.828216165304184,0.013771688876912012,4,0.2739839032292366,0.00598057710258846,4,0.35781294107437134,0.009314709610633834,4,0.38866403743825056,0.0459497215645913,4,0.26976291975232836,0.03556805560505407,4,0.14608707904608617,0.03178688735416901,4,0.15264326668169945,0.03569817895627946,4,0.8943694680929184,0.05940461906280166,4,0.26902440190315247,0.010944512639041011,4,0.35197874158620834,0.015177612485703419,4,0.32223850782739394,0.026636844828186915,4,0.23402710108057823,0.03256153626840769,4,0.10010865435552019,0.018796295139484928,4,0.1043697970536261,0.017043268310342214,4,0.8662201315164566,0.08136195232181119,4,19.0,5.773502691896258,4,0.8943694680929184,0.05940461906280166,4,179761.0,0.0,4,179761.0,0.0,4
random_all_per_seed,all_rows,0.15,0.15,False,False,B3_with_RC_weighted_bcap_10,10.0,0.0005,0.0001,random,conv3_plus,1,134,HepG2,0.24076903983950615,0.04722024732462307,4,0.31791766732931137,0.05627834850939732,4,0.5267349094776224,0.13749574076899573,4,0.47985164583000645,0.12442142912158408,4,0.2655055162577063,0.1569051873343581,4,0.29162847390961016,0.13411929944957043,4,0.7290132790803909,0.15573431294903992,4,0.2867833897471428,0.00532123315638123,4,0.3723146840929985,0.005773969439672049,4,0.3050076249565704,0.044074798691263115,4,0.22259458772740862,0.033887476654336515,4,0.07476866471552071,0.04711453911718732,4,0.09448659219140444,0.026287974185136325,4,1.032298669219017,0.25199520851284857,4,0.2814169377088547,0.008806220598117257,4,0.36939413100481033,0.013398123252639902,4,0.23243164568458963,0.0123791708921459,4,0.19902546484369268,0.020488733695209333,4,0.008601406869481187,0.0021218756567479044,4,0.05413940281962932,0.005847300194102719,4,1.0065006166696548,0.19294274453377133,4,7.5,6.027713773341708,4,1.032298669219017,0.25199520851284857,4,179761.0,0.0,4,3063361.0,0.0,4
random_all_per_seed,all_rows,0.15,0.15,False,False,B3_with_RC_weighted_bcap_10,10.0,0.0005,0.0001,random,conv3_plus,1,134,K562,0.24850080907344818,0.04059625800225486,4,0.32360149174928665,0.05145070040935111,4,0.5098317057282986,0.08981934635017402,4,0.4688900659013612,0.07698691810860787,4,0.24152913046719504,0.11178331062771914,4,0.26597900439990585,0.0904355749675601,4,0.7528107017278671,0.11094907786785684,4,0.28429995477199554,0.008201506743643923,4,0.37089625746011734,0.010866781191576457,4,0.3110976319158946,0.044046766510726955,4,0.23100420133379962,0.026600970510082495,4,0.08241342652747896,0.04070502317449003,4,0.09823682481371535,0.028579369278650284,4,1.024086445569992,0.24570048529696206,4,0.27846989035606384,0.012904873243739522,4,0.36391689628362656,0.01799691642547746,4,0.26455700338831556,0.04534622727617318,4,0.2229508476967726,0.03946554468404088,4,0.03823867601903727,0.03124611586151754,4,0.07153261828794198,0.022563757537345627,4,0.9755759239196777,0.18086003007938806,4,7.25,4.9916597106239795,4,1.024086445569992,0.24570048529696206,4,179761.0,0.0,4,3063361.0,0.0,4
random_all_per_seed,all_rows,0.15,0.15,False,False,B3_with_RC_weighted_bcap_10,10.0,0.0005,0.0001,random,conv3_plus,1,134,SKNSH,0.2363133579492569,0.042715706267732814,4,0.31231554970145226,0.052419450741328366,4,0.5586266449136404,0.11567107722602508,4,0.5335651711475925,0.10535565446305271,4,0.29139848141434266,0.13697094764379436,4,0.3220985769874424,0.11927079953128007,4,0.7033134996891022,0.13594877912874206,4,0.2902398630976677,0.005425979588653076,4,0.3775181621313095,0.005738662947311495,4,0.2872397921686224,0.03369696408646969,4,0.22420357060515958,0.037446628566933836,4,0.048611550106284956,0.051487996616897486,4,0.08335831224655701,0.01867952134130469,4,1.0612113028764725,0.25991487343404923,4,0.28569797426462173,0.01268749138234455,4,0.37241149693727493,0.01656288565713849,4,0.22921302914736358,0.03531873638322807,4,0.20414671185677447,0.03673565790771268,4,-0.007617814452509503,0.03651129729806477,4,0.05347417258569111,0.01656560043409877,4,1.0208842307329178,0.18048976261472266,4,8.0,4.96655480858378,4,1.0612113028764725,0.25991487343404923,4,179761.0,0.0,4,3063361.0,0.0,4
random_all_per_seed,all_rows,0.15,0.15,False,False,B3_with_RC_weighted_bcap_10,10.0,0.0005,0.0001,random,conv3_plus,1,268,HepG2,0.24088649079203606,0.02244361226023494,4,0.31661147624254227,0.031010485358788496,4,0.5247258143401909,0.060034623284120014,4,0.43960416794392077,0.0499672844914758,4,0.2684678477661945,0.06827633600898432,4,0.2780402972296261,0.06266591480810159,4,0.7288025319576263,0.06802157131416085,4,0.2826297879219055,0.0049479797887369845,4,0.367928609251976,0.006061028996513957,4,0.324502397804648,0.05940172951732961,4,0.23444074446095411,0.041777296973107954,4,0.09674698685430477,0.03740482430076858,4,0.10794823028320351,0.03831699994423439,4,0.9995506703853607,0.17378191450703057,4,0.27642903476953506,0.009751910523023861,4,0.3632226586341858,0.013304875890850523,4,0.25128706749387825,0.018399199657283868,4,0.21678184362679012,0.019446678607352615,4,0.041463039797353135,0.004371289954548371,4,0.06339908820069437,0.009029514583340571,4,0.9679336696863174,0.12298483680060925,4,5.5,1.7320508075688772,4,0.9995506703853607,0.17378191450703057,4,179761.0,0.0,4,3063361.0,0.0,4
random_all_per_seed,all_rows,0.15,0.15,False,False,B3_with_RC_weighted_bcap_10,10.0,0.0005,0.0001,random,conv3_plus,1,268,K562,0.2414800114929676,0.03803325135171365,4,0.31633635610342026,0.05008291148258851,4,0.5290173481855214,0.10656620080183196,4,0.46408505832380686,0.10571291034363069,4,0.2734198548841163,0.11892164856879278,4,0.2883766210462435,0.12043769139092449,4,0.7238689810037613,0.11847792571071984,4,0.2806897833943367,0.006736676841508423,4,0.3677196204662323,0.01235155766504695,4,0.3288588471710273,0.05183221068959623,4,0.2324609915601321,0.02023583591807142,4,0.09836350908235603,0.036116690472222525,4,0.11016307491138512,0.03396768192021501,4,0.9973945617675781,0.16739936946779804,4,0.27457697689533234,0.010574838612228868,4,0.35903400182724,0.014973534175541554,4,0.2769539505580768,0.036665980380594876,4,0.2279067872939889,0.02468867292517002,4,0.0635902904902477,0.01864994310601651,4,0.07771178631767829,0.019480798768779256,4,0.9463340044021606,0.1289983980956638,4,6.0,3.366501646120693,4,0.9973945617675781,0.16739936946779804,4,179761.0,0.0,4,3063361.0,0.0,4
random_all_per_seed,all_rows,0.15,0.15,False,False,B3_with_RC_weighted_bcap_10,10.0,0.0005,0.0001,random,conv3_plus,1,268,SKNSH,0.23670108243823051,0.028988686566786614,4,0.3108561486005783,0.03938502600197967,4,0.5591690251974409,0.0663072158326788,4,0.485683707432573,0.07797302071794715,4,0.2970782044745749,0.08301920412367576,4,0.3159674838938674,0.0747178381211087,4,0.700298935174942,0.08270938792455783,4,0.2841823250055313,0.003969788114190734,4,0.36975107342004776,0.006687515353944542,4,0.3136945905282721,0.058378282509663745,4,0.23635354929850838,0.04533869323527161,4,0.08779843886848587,0.03834865631664352,4,0.1009603140282839,0.03606656971330835,4,1.0088810175657272,0.17110648516077148,4,0.2776419445872307,0.01127998125517227,4,0.3625115156173706,0.015638724274831272,4,0.2566478066153769,0.03356318369985147,4,0.2218724864365801,0.03394387152367508,4,0.04541911194009951,0.022200533329878282,4,0.06671296211553639,0.01711021576816188,4,0.9628560990095139,0.11217166137145053,4,6.75,2.8722813232690143,4,1.0088810175657272,0.17110648516077148,4,179761.0,0.0,4,3063361.0,0.0,4
random_all_per_seed,all_rows,0.15,0.15,False,False,B3_with_RC_weighted_bcap_10,10.0,0.0005,0.0001,random,conv3_plus,1,536,HepG2,0.24427913129329681,0.0227110674143575,4,0.31936510652303696,0.027422267634198676,4,0.5226999877065596,0.06636059884442094,4,0.4416133375853504,0.041638777080662014,4,0.27084474571260453,0.06925098009422172,4,0.2765180739576801,0.06857640516404653,4,0.7277949452400208,0.06912181644808553,4,0.2804407998919487,0.007215822439302385,4,0.3650524988770485,0.00865133768920506,4,0.3456344717750168,0.063704476650045,4,0.24039143926283218,0.03702005759677084,4,0.11082074105871056,0.04210715901350879,4,0.122506883338137,0.04319592065879643,4,0.956904947757721,0.10385011518400988,4,0.27485282719135284,0.009703689014119117,4,0.360945925116539,0.013588379023745179,4,0.27128181576134247,0.017060497626262668,4,0.22772267486421266,0.02404843334520115,4,0.053491771081756734,0.005804921299433907,4,0.07381211899721277,0.009068485640443205,4,0.933845266699791,0.09407635321454323,4,4.75,1.5,4,0.956904947757721,0.10385011518400988,4,179761.0,0.0,4,3063361.0,0.0,4
random_all_per_seed,all_rows,0.15,0.15,False,False,B3_with_RC_weighted_bcap_10,10.0,0.0005,0.0001,random,conv3_plus,1,536,K562,0.24754544347524643,0.025477566302900913,4,0.3216850161552429,0.031124899085734358,4,0.5158154107181817,0.0730935489798325,4,0.42729206954134574,0.051064359759721074,4,0.26051545187978076,0.08037528180712766,4,0.27007253811121684,0.07431608091482393,4,0.7381050139665604,0.08022539296736805,4,0.2787226438522339,0.007883564884362388,4,0.3653980791568756,0.012463411663484095,4,0.34562971923308516,0.061513864839961914,4,0.24315245547040976,0.035028850159331264,4,0.10944545784302462,0.04405308603477989,4,0.12229786949280311,0.04209983595512006,4,0.9587908387184143,0.10966482042963917,4,0.27411484718322754,0.012189662719044569,4,0.357904352247715,0.01722774851726382,4,0.291329486909219,0.03950049190569486,4,0.24040632469185982,0.038286618594114766,4,0.06977405831737515,0.02549482455635511,4,0.08604308658838272,0.023422494213624783,4,0.9185418337583542,0.10602508312807644,4,4.75,1.7078251276599332,4,0.9587908387184143,0.10966482042963917,4,179761.0,0.0,4,3063361.0,0.0,4
random_all_per_seed,all_rows,0.15,0.15,False,False,B3_with_RC_weighted_bcap_10,10.0,0.0005,0.0001,random,conv3_plus,1,536,SKNSH,0.24383246526122093,0.02938010779659907,4,0.31744958460330963,0.03561653502332998,4,0.5322221505684027,0.09289552905927742,4,0.4606998743372203,0.093220764176134,4,0.27939531287906866,0.1000621135959145,4,0.2897326020450578,0.10298533046675948,4,0.7192603647708893,0.09987549463312631,4,0.28179656714200974,0.004616996931062974,4,0.36628812551498413,0.00728430730598729,4,0.333227914685754,0.06524661152373434,4,0.2448084403989739,0.04869426415108901,4,0.10473068642397163,0.041178434485872974,4,0.11423368336231299,0.04195902611559079,4,0.9632570445537567,0.10150326767914764,4,0.2755792811512947,0.009686933712899857,4,0.360190711915493,0.014510675256901766,4,0.27424891163924797,0.025725103834788782,4,0.230844718181929,0.027062466181845574,4,0.05752636060305877,0.01514811543450137,4,0.07570880126079504,0.014473395521390936,4,0.9298774302005768,0.09468864207121398,4,5.0,2.160246899469287,4,0.9632570445537567,0.10150326767914764,4,179761.0,0.0,4,3063361.0,0.0,4
random_all_per_seed,all_rows,0.15,0.15,False,False,B3_with_RC_weighted_bcap_10,10.0,0.0005,0.0001,random,conv3_plus,1,938,HepG2,0.23109932988882065,0.006163117519647066,4,0.30603835731744766,0.007983343800676359,4,0.5764327314977943,0.03392711766938948,4,0.4873430383081764,0.04916665099079217,4,0.32227052267107414,0.03420594728404968,4,0.3331379809270227,0.03836727959341062,4,0.6770069748163223,0.03416946634849177,4,0.27902185916900635,0.00592565552831705,4,0.36297183483839035,0.008163686105696198,4,0.35845943036273986,0.05839395749831925,4,0.23567437007692033,0.06326720308507154,4,0.12093843661474199,0.0403449257814713,4,0.13105055392021658,0.041310314879178904,4,0.9532159864902496,0.06527583071035419,4,0.27274487912654877,0.009465951816337963,4,0.3575936630368233,0.013842202507615921,4,0.30066770685743305,0.011427896339314769,4,0.23595045708515908,0.01591592034985511,4,0.07103247565398485,0.00906161042024858,4,0.09049901755796387,0.006829129977918795,4,0.9267880767583847,0.10029819274368665,4,5.75,0.4999999999999999,4,0.9532159864902496,0.06527583071035419,4,179761.0,0.0,4,3063361.0,0.0,4
random_all_per_seed,all_rows,0.15,0.15,False,False,B3_with_RC_weighted_bcap_10,10.0,0.0005,0.0001,random,conv3_plus,1,938,K562,0.24504724517464638,0.014122201565374621,4,0.3204454332590103,0.019656086111954938,4,0.5111025975512001,0.05439253646537368,4,0.4188817299900613,0.032518616881873574,4,0.2579986628288041,0.05287644477260947,4,0.2634447762409368,0.053955467558261756,4,0.7412103563547134,0.05282008802735634,4,0.2772088423371315,0.006650962638928317,4,0.3629576563835144,0.011683637683989898,4,0.36060195598520467,0.05597529017470485,4,0.24648918769470715,0.038516634642456554,4,0.12137610676959301,0.03927025558254078,4,0.1323836954929623,0.03897199133770094,4,0.9525454491376877,0.05977124544076843,4,0.27168888598680496,0.01157079813133749,4,0.35480551421642303,0.015944034487462875,4,0.3122413307256986,0.029598389517645554,4,0.24558965228963134,0.02722084284055512,4,0.08561906762397939,0.024328369777871395,4,0.0981516971098838,0.01876736780008307,4,0.9130431711673737,0.11142951108818402,4,4.5,1.2909944487358058,4,0.9525454491376877,0.05977124544076843,4,179761.0,0.0,4,3063361.0,0.0,4
random_all_per_seed,all_rows,0.15,0.15,False,False,B3_with_RC_weighted_bcap_10,10.0,0.0005,0.0001,random,conv3_plus,1,938,SKNSH,0.23694055527448654,0.011732759543043182,4,0.3108268976211548,0.014303221026238658,4,0.5516514541029549,0.07010997133805856,4,0.46118502382484,0.06471376409335886,4,0.29906324653987615,0.07807171144953565,4,0.3080058828746721,0.07658262820104127,4,0.7001895010471344,0.07798846266363049,4,0.2804507091641426,0.005028727447208079,4,0.3649141862988472,0.007401915199916026,4,0.34764829470170094,0.05892543152383067,4,0.2504106905432842,0.04069152762715605,4,0.11168695777746313,0.03305463708650884,4,0.12346349166920295,0.04057391331150799,4,0.9635296612977982,0.06596959753597127,4,0.27479830384254456,0.00942232167461264,4,0.3582240790128708,0.013506801918412019,4,0.2933308683442904,0.02271617978502783,4,0.22358941971217036,0.03667566127538649,4,0.06757835601768658,0.020021380354753482,4,0.08643001694163471,0.013281086569295691,4,0.9297401160001755,0.09584706340006115,4,5.0,1.1547005383792515,4,0.9635296612977982,0.06596959753597127,4,179761.0,0.0,4,3063361.0,0.0,4
random_all_per_seed,all_rows,0.15,0.15,False,False,B3_with_RC_weighted_bcap_10,10.0,0.0005,0.0001,random,conv3_plus,1,1340,HepG2,0.24296608567237854,0.009426465700871483,4,0.32049523293972015,0.012634252423781488,4,0.5348198663018832,0.013660190481654315,4,0.4285085319756888,0.011399156345080609,4,0.27675029479321134,0.016970506724931986,4,0.2861722399941605,0.01457241796499324,4,0.7227099686861038,0.01695790492093591,4,0.2756354361772537,0.007914862960806847,4,0.36000965535640717,0.010907514596450611,4,0.3765868113230006,0.048981862787996926,4,0.25446061469644105,0.03727117880872379,4,0.13559541418055387,0.03619332801812997,4,0.14361704362406186,0.03666496558944141,4,0.9152867347002029,0.08608529281826194,4,0.27092840522527695,0.007753491209582877,4,0.3550308421254158,0.012809640992570695,4,0.3141569472846387,0.017451924669233194,4,0.23135736796699907,0.023336075406749413,4,0.08406947646798338,0.017413219935543366,4,0.09892301478319873,0.010971003488885285,4,0.8894869685173035,0.08143825083651622,4,4.75,0.5,4,0.9152867347002029,0.08608529281826194,4,179761.0,0.0,4,3063361.0,0.0,4
random_all_per_seed,all_rows,0.15,0.15,False,False,B3_with_RC_weighted_bcap_10,10.0,0.0005,0.0001,random,conv3_plus,1,1340,K562,0.248765729367733,0.00996579637200381,4,0.32628848403692245,0.014375450066463803,4,0.5052580872245807,0.0407301702658765,4,0.3977818471396277,0.05134309376684581,4,0.2500247316017268,0.038630334233878086,4,0.2565299447832574,0.039971623810355086,4,0.7494156062602997,0.03860153399970922,4,0.2755536586046219,0.005294814392564026,4,0.3607063740491867,0.011584536627311404,4,0.372463362285071,0.05244526741449342,4,0.2535790436584474,0.037809659968696806,4,0.13222382137812272,0.039339543672050184,4,0.14079183580033333,0.03808475692025817,4,0.9184752404689789,0.0828578854800851,4,0.27049047499895096,0.010457732460894157,4,0.3534669727087021,0.014923968122960842,4,0.32079444881960323,0.02470940970330083,4,0.25341609964532635,0.02229240326456112,4,0.09246106802380621,0.016644022630169043,4,0.10336699458938722,0.015922487610355716,4,0.8818449229001999,0.08827376932894176,4,4.25,0.9574271077563382,4,0.9184752404689789,0.0828578854800851,4,179761.0,0.0,4,3063361.0,0.0,4
random_all_per_seed,all_rows,0.15,0.15,False,False,B3_with_RC_weighted_bcap_10,10.0,0.0005,0.0001,random,conv3_plus,1,1340,SKNSH,0.2505865693092346,0.01118672469229695,4,0.32786720246076584,0.01482927033142704,4,0.49919466842068305,0.05748721917354382,4,0.4057827838493025,0.05401304333507811,4,0.24223591214212195,0.05144691412495769,4,0.251673902255866,0.05811142387140159,4,0.7571986317634583,0.05140849443452845,4,0.27780570834875107,0.00575603887235647,4,0.3624337166547775,0.009231798637974636,4,0.3609226395795044,0.04990610662598096,4,0.2602542678936316,0.026511257627928705,4,0.12380819709067198,0.03479365029730815,4,0.13213311636995967,0.03529705348527233,4,0.9274192452430725,0.08110480870938266,4,0.2714531496167183,0.009492785315761315,4,0.35540173947811127,0.013484495734756794,4,0.30401355650809203,0.029842401051462804,4,0.23797998651069868,0.028256309104200336,4,0.08225408275153676,0.01745951109101986,4,0.09309216921608612,0.01816635032088339,4,0.8913117945194244,0.08241233941997803,4,4.0,0.8164965809277259,4,0.9274192452430725,0.08110480870938266,4,179761.0,0.0,4,3063361.0,0.0,4
random_all_per_seed,all_rows,0.15,0.15,False,False,B3_with_RC_weighted_bcap_10,10.0,0.0005,0.0001,random,conv3_plus,1,2011,HepG2,0.24650989845395088,0.0033508681052827833,4,0.3235158398747444,0.005956668011134688,4,0.5155645320461838,0.006209374198558928,4,0.4045852867051125,0.0033788720542248982,4,0.2576552916150557,0.003946657970292746,4,0.26583570394995376,0.00641735762355947,4,0.7419755458831787,0.003944679383565004,4,0.2736391946673393,0.004685004934315004,4,0.35776015371084213,0.008149126721837721,4,0.3884584190391988,0.042483504783694434,4,0.2745343688419438,0.033179012699309604,4,0.14624098906415386,0.03181458586633715,4,0.15225357945646342,0.03232298746989517,4,0.908743605017662,0.060207311335344516,4,0.26921065896749496,0.009155614331057957,4,0.35292308032512665,0.014010810861516105,4,0.32610768748032215,0.01982099997455858,4,0.24613794884257267,0.01703461366287648,4,0.0951743632332529,0.011339660832096114,4,0.10664087786375706,0.012928316356582498,4,0.8853218257427216,0.08614152359014617,4,4.0,0.0,4,0.908743605017662,0.060207311335344516,4,179761.0,0.0,4,3063361.0,0.0,4
random_all_per_seed,all_rows,0.15,0.15,False,False,B3_with_RC_weighted_bcap_10,10.0,0.0005,0.0001,random,conv3_plus,1,2011,K562,0.2506747655570507,0.010672127433525996,4,0.3281800150871277,0.01483353372694257,4,0.49221781428629274,0.05295602893635682,4,0.38879966976777125,0.04368121471743772,4,0.23590222616450013,0.049398558434074216,4,0.24438163245130654,0.049345451979293034,4,0.7637178301811218,0.04937392967441918,4,0.2739279270172119,0.006210436409548614,4,0.35907164961099625,0.010320570803678382,4,0.38183850019746857,0.051674677690633455,4,0.2663067271843639,0.036358782062952795,4,0.14003226920942816,0.036285380985959,4,0.14780334446887533,0.03806803806400584,4,0.91551373898983,0.0667822395809486,4,0.26933158189058304,0.010969484455647894,4,0.35199765861034393,0.015722899445701988,4,0.32604685467657357,0.023724981314598624,4,0.24585475209224197,0.02929434813058841,4,0.10012703076174284,0.01758284063114877,4,0.10672870749827025,0.015841630174324203,4,0.8810357004404068,0.0936795811049482,4,3.5,1.0,4,0.91551373898983,0.0667822395809486,4,179761.0,0.0,4,3063361.0,0.0,4
random_all_per_seed,all_rows,0.15,0.15,False,False,B3_with_RC_weighted_bcap_10,10.0,0.0005,0.0001,random,conv3_plus,1,2011,SKNSH,0.2525707259774208,0.005692477729699619,4,0.33013588935136795,0.00796748237516731,4,0.48140768695902353,0.028739677375389357,4,0.3792886528603555,0.02593974917347982,4,0.22668299775278716,0.029308964488583066,4,0.23237283785496832,0.028491757852481016,4,0.7729324698448181,0.0292943313182312,4,0.27602317929267883,0.005057203872200469,4,0.3610266074538231,0.007859810064600093,4,0.3701668401148479,0.04533169796802062,4,0.2649693080249832,0.03514833765280266,4,0.1307071276460887,0.026284932103070244,4,0.13856471165110923,0.032944949711503156,4,0.9254089444875717,0.06035094281563939,4,0.2697484940290451,0.00980381937403714,4,0.3526657298207283,0.013960285583201447,4,0.3218919562558781,0.02234085029480522,4,0.23887679860492564,0.032442383241479085,4,0.09646720873805323,0.012805477094935208,4,0.10398876669615731,0.014180314161707109,4,0.8841582983732224,0.08821931338812779,4,3.25,0.5,4,0.9254089444875717,0.06035094281563939,4,179761.0,0.0,4,3063361.0,0.0,4
random_all_per_seed,all_rows,0.15,0.15,False,False,B3_with_RC_weighted_bcap_10,10.0,0.0005,0.0001,random,conv3_plus,1,2681,HepG2,0.2535902298986912,0.006644855473489294,4,0.3323945924639702,0.008259078668964135,4,0.4862376457533618,0.024496737874944864,4,0.38265056019912125,0.027730653869595865,4,0.22872307173896445,0.02872251495395141,4,0.23687711577265708,0.024055544256276585,4,0.7709892690181732,0.028711773401906667,4,0.2735614702105522,0.005951069353887791,4,0.3571957051753998,0.008102781663307657,4,0.3918121224461345,0.042279940312425095,4,0.28316736304774565,0.03565935866685249,4,0.148998649321588,0.029172645717068856,4,0.15485743431036136,0.03245898199470605,4,0.8910786807537079,0.05253319402307785,4,0.2685163989663124,0.009534395908237465,4,0.35215965658426285,0.013897472788891148,4,0.3283217713062585,0.02153524553571813,4,0.25002717261592183,0.02518188535172007,4,0.09893964213385403,0.02128189837200266,4,0.10814301061389188,0.01414273269850967,4,0.866952508687973,0.0761954471562518,4,3.25,0.5,4,0.8910786807537079,0.05253319402307785,4,179761.0,0.0,4,3063361.0,0.0,4
random_all_per_seed,all_rows,0.15,0.15,False,False,B3_with_RC_weighted_bcap_10,10.0,0.0005,0.0001,random,conv3_plus,1,2681,K562,0.25292015075683594,0.006372229658571685,4,0.3315343111753464,0.007756600740869747,4,0.48667160275778665,0.024730279571817088,4,0.38170949596814696,0.029334231284605352,4,0.23274863052738215,0.02564037455172272,4,0.23730793897660807,0.024391518533149942,4,0.7669651806354523,0.025630779680079516,4,0.2733040526509285,0.005002772762732833,4,0.35756925493478775,0.008872063820473303,4,0.39063523870209677,0.04113437368886953,4,0.2718473334754784,0.0378403728843529,4,0.14721963220391987,0.03147460623817636,4,0.1538649172399258,0.03132558460471619,4,0.8930535167455673,0.056741716575529726,4,0.2690001502633095,0.01043696678144195,4,0.3522425815463066,0.015075083519215025,4,0.32718236236951675,0.026471945019344974,4,0.24684164323737512,0.03696101908824425,4,0.09877656637621182,0.01654788684272276,4,0.1075738711505282,0.017247983669761973,4,0.8674926608800888,0.08062569823944729,4,3.25,0.5,4,0.8930535167455673,0.056741716575529726,4,179761.0,0.0,4,3063361.0,0.0,4
random_all_per_seed,all_rows,0.15,0.15,False,False,B3_with_RC_weighted_bcap_10,10.0,0.0005,0.0001,random,conv3_plus,1,2681,SKNSH,0.25316959992051125,0.005842929048894865,4,0.3318197801709175,0.007175639927588671,4,0.4878280763883873,0.025007430748775605,4,0.3835009857375013,0.02884850314606686,4,0.2314474152135502,0.022903955441277907,4,0.2384452608072854,0.02469816808108047,4,0.7682659327983856,0.02289534360296966,4,0.2750827446579933,0.005124387860359071,4,0.3591848462820053,0.00841994193941773,4,0.38176205044961675,0.04082145574254618,4,0.2717081242891113,0.03651265782473504,4,0.1396225271389316,0.025051553840879617,4,0.1469920566002012,0.030911313280574563,4,0.90104179084301,0.053824604234337124,4,0.26912153512239456,0.010612179740287575,4,0.35178374499082565,0.013899478524816586,4,0.3281786173666345,0.019219098444712587,4,0.23893835490619109,0.03941136476043413,4,0.10098515163426058,0.01235641503139474,4,0.10797823520544657,0.0125932335473131,4,0.8650170713663101,0.0749315773381601,4,3.25,0.5,4,0.90104179084301,0.053824604234337124,4,179761.0,0.0,4,3063361.0,0.0,4
random_all_per_seed,all_rows,0.15,0.15,False,False,B3_with_RC_weighted_bcap_10,10.0,0.0005,0.0001,random,full,1,134,HepG2,0.20288072898983955,0.04724784851285215,4,0.27879711240530014,0.05242218685607646,4,0.6723519547530679,0.14847192363886935,4,0.6589087163498653,0.17042058432871923,4,0.427018377067237,0.17776426954910812,4,0.4685900851420411,0.17947086356804345,4,0.568705677986145,0.17643772376345981,4,0.28862497210502625,0.005639661971312983,4,0.37420109659433365,0.005194003526807202,4,0.3016279270722117,0.03860427867355082,4,0.22776500669507393,0.03839864830294749,4,0.06501801365855803,0.05545876456183641,4,0.09209712413880833,0.022882653523700093,4,1.041608065366745,0.2479072216413971,4,0.281757652759552,0.01232264916261177,4,0.36999503523111343,0.017284501332072523,4,0.23108126400338716,0.012621324400061602,4,0.2053213794591197,0.013776408342656598,4,0.005883515532567718,0.01993956627572272,4,0.0535180239456118,0.005905846187189683,4,1.0070144534111023,0.17767691117634452,4,4.75,2.217355782608345,4,1.041608065366745,0.2479072216413971,4,179761.0,0.0,4,3747661.0,0.0,4
random_all_per_seed,all_rows,0.15,0.15,False,False,B3_with_RC_weighted_bcap_10,10.0,0.0005,0.0001,random,full,1,134,K562,0.21095510944724083,0.04531022979542041,4,0.28686463087797165,0.05336521445812078,4,0.6509544950002685,0.0954258095436133,4,0.6158751728518191,0.09725862671602199,4,0.4023412802109197,0.13427749922415697,4,0.43057131840634505,0.12254271907188999,4,0.593198649585247,0.13327543810223194,4,0.28803518414497375,0.006556666348025826,4,0.37557709217071533,0.008361804566187325,4,0.2994320492421919,0.02836375901741469,4,0.22582902222791384,0.019420178370202323,4,0.05883677069855245,0.04264710246608296,4,0.09026292923257694,0.016868508672951834,4,1.0503987520933151,0.2541654399007983,4,0.2804481014609337,0.01386980341924415,4,0.36674510687589645,0.019554761032185584,4,0.25693305894321483,0.03690013226855215,4,0.21944885687850396,0.03446459588597103,4,0.02344106495436052,0.034951740004947,4,0.067035811598995,0.017740376573066943,4,0.9897393435239792,0.1792925518578822,4,4.75,2.5,4,1.0503987520933151,0.2541654399007983,4,179761.0,0.0,4,3747661.0,0.0,4
random_all_per_seed,all_rows,0.15,0.15,False,False,B3_with_RC_weighted_bcap_10,10.0,0.0005,0.0001,random,full,1,134,SKNSH,0.18771624937653542,0.05209685865137212,4,0.2579158991575241,0.05971752581130937,4,0.7236361758746366,0.15264856568372798,4,0.7198963372496342,0.17626451038510876,4,0.5055523766310948,0.19966984649408137,4,0.5411255034884425,0.19986293232932467,4,0.4907577484846115,0.19817980029479987,4,0.2935073971748352,0.006798691370377937,4,0.3808082491159439,0.004648971984550398,4,0.2856530014119184,0.030649410087216084,4,0.22429751624118602,0.03518638049457854,4,0.031393488700915156,0.06375055993867919,4,0.08230217696965822,0.017045351254609323,4,1.0780391246080399,0.25359979355394385,4,0.2880931943655014,0.014877550219847765,4,0.37468426674604416,0.01852654736941105,4,0.229149316569491,0.034461224874992695,4,0.20128725587621113,0.03554194495409476,4,-0.019727776988605894,0.04156976481727537,4,0.053400091299178415,0.016153912350595434,4,1.032944679260254,0.18153761758511275,4,5.75,2.8722813232690143,4,1.0780391246080399,0.25359979355394385,4,179761.0,0.0,4,3747661.0,0.0,4
random_all_per_seed,all_rows,0.15,0.15,False,False,B3_with_RC_weighted_bcap_10,10.0,0.0005,0.0001,random,full,1,268,HepG2,0.21099655702710152,0.018349739555349007,4,0.2837545797228813,0.027074405580490492,4,0.6692804944938948,0.016405332738240137,4,0.5922786153977384,0.02118019389351892,4,0.41377017560711693,0.022722671352405806,4,0.4481382315166816,0.022114481896184052,4,0.58404241502285,0.022637891449332544,4,0.2839815765619278,0.004777980103570689,4,0.36998308449983597,0.0071587520214009106,4,0.3193865294838286,0.045254430898575726,4,0.23307475673577013,0.03709521440014396,4,0.08690088978306948,0.030713282461045533,4,0.10354372785269,0.028412273800356807,4,1.0112904608249664,0.1804408448637411,4,0.2759668529033661,0.011028768582774346,4,0.36320263147354126,0.014669723089478818,4,0.2549333946940976,0.011284684150775168,4,0.22337563630004867,0.01762360835858583,4,0.041716286161134514,0.012957078941679651,4,0.06508654380254363,0.00568133477142828,4,0.9678878635168076,0.12604022561155795,4,3.75,0.49999999999999994,4,1.0112904608249664,0.1804408448637411,4,179761.0,0.0,4,3747661.0,0.0,4
random_all_per_seed,all_rows,0.15,0.15,False,False,B3_with_RC_weighted_bcap_10,10.0,0.0005,0.0001,random,full,1,268,K562,0.21674832701683044,0.03424723755732526,4,0.28994041308760643,0.044273656039971104,4,0.6389525630706757,0.06773493952702642,4,0.5611677880589206,0.053535222853619675,4,0.38809960010345995,0.10618703554963754,4,0.4117013943791333,0.08700925874922372,4,0.6096171662211418,0.10579081261321643,4,0.28262804448604584,0.005801811055567323,4,0.36991036683321,0.011076913972173948,4,0.3216239447250303,0.037117209887504866,4,0.23724817323168093,0.018381351451442533,4,0.0877232469614393,0.025555036919276332,4,0.10447522727286418,0.022996473385769812,4,1.0106881260871887,0.17936983012284372,4,0.27504362910985947,0.011029914658360333,4,0.3590421602129936,0.016137200853249628,4,0.27992714708194444,0.040290825641759585,4,0.23217856163424022,0.029402097312183236,4,0.06368816533124466,0.022407752167531755,4,0.07957672064660758,0.021189316758531293,4,0.9460052996873856,0.12749058959001827,4,3.75,0.9574271077563381,4,1.0106881260871887,0.17936983012284372,4,179761.0,0.0,4,3747661.0,0.0,4
random_all_per_seed,all_rows,0.15,0.15,False,False,B3_with_RC_weighted_bcap_10,10.0,0.0005,0.0001,random,full,1,268,SKNSH,0.2107563391327858,0.02439343664703064,4,0.28305672109127045,0.029941557241907564,4,0.6705124053322608,0.03905590354140995,4,0.6122428241201062,0.008969327773159386,4,0.4140753546433288,0.07241039625900274,4,0.4507309084055309,0.053740424643168555,4,0.5837383195757866,0.07214022017019668,4,0.286633625626564,0.0023175478755074626,4,0.37208832800388336,0.005218280464601272,4,0.3035414771253856,0.05472471378780759,4,0.23487448610852113,0.04140605231632907,4,0.07614358497094528,0.03877874352254697,4,0.0943835240598291,0.03411510129200651,4,1.0229091793298721,0.18400588110731886,4,0.27755264937877655,0.01324686983725351,4,0.3631894737482071,0.01615950320716843,4,0.25553922877806473,0.025260438095288034,4,0.22332339841171955,0.03584349011123473,4,0.041882891971635,0.02507737893644303,4,0.06577886474406251,0.012764573669771908,4,0.9661473035812378,0.11004629565551173,4,4.0,0.816496580927726,4,1.0229091793298721,0.18400588110731886,4,179761.0,0.0,4,3747661.0,0.0,4
random_all_per_seed,all_rows,0.15,0.15,False,False,B3_with_RC_weighted_bcap_10,10.0,0.0005,0.0001,random,full,1,536,HepG2,0.23273076489567757,0.025088400192928302,4,0.30734334886074066,0.030111418404478042,4,0.5852804234915596,0.05401808190706199,4,0.5050833136658384,0.03743701601355644,4,0.3255519706993605,0.06811602380841372,4,0.3447416390021479,0.060489622550185536,4,0.6731898039579391,0.067988994664063,4,0.28242862969636917,0.0056411990373642605,4,0.3672640323638916,0.007570248441428692,4,0.33124232997823505,0.05714663794009119,4,0.24135461967039568,0.038371377650584786,4,0.10032403072201282,0.029515322967115346,4,0.11217078484030187,0.03629885801987439,4,0.968932494521141,0.10788154817950867,4,0.2751709148287773,0.010040539254752213,4,0.3619271516799927,0.01304777014066559,4,0.26271412087635926,0.013755565513994426,4,0.23016300663433054,0.02583983251389278,4,0.04825615059655833,0.004533239967288595,4,0.06916062099479565,0.007301322902826529,4,0.9386785179376602,0.08970730257891249,4,2.75,0.49999999999999994,4,0.968932494521141,0.10788154817950867,4,179761.0,0.0,4,3747661.0,0.0,4
random_all_per_seed,all_rows,0.15,0.15,False,False,B3_with_RC_weighted_bcap_10,10.0,0.0005,0.0001,random,full,1,536,K562,0.2264210246503353,0.0373119427096049,4,0.29902298748493195,0.042877766102152694,4,0.6075185408373729,0.0983095500466877,4,0.513395570634042,0.10018710070400844,4,0.3594210321042127,0.12623183581470587,4,0.3763273531839574,0.11939440216326841,4,0.639383926987648,0.12599635571436,4,0.2792879268527031,0.0064472111663769465,4,0.36596521735191345,0.011227226584590046,4,0.343579304784723,0.05541987506030793,4,0.24496966863023978,0.030319380452504593,4,0.10689953834212876,0.03329715022196731,4,0.12035026059012868,0.038107372248002355,4,0.9621048271656036,0.11129845017971,4,0.27403203397989273,0.00991645898112172,4,0.35740824043750763,0.015801851245689058,4,0.2964888611146771,0.04433228667029374,4,0.24673221590258207,0.03995773271592592,4,0.07218733169752609,0.019930983841585696,4,0.08937965849614112,0.02682943062112942,4,0.9163200855255127,0.10663914121098411,4,3.25,1.2583057392117916,4,0.9621048271656036,0.11129845017971,4,179761.0,0.0,4,3747661.0,0.0,4
random_all_per_seed,all_rows,0.15,0.15,False,False,B3_with_RC_weighted_bcap_10,10.0,0.0005,0.0001,random,full,1,536,SKNSH,0.21225909888744354,0.026987950184910726,4,0.28271837532520294,0.033187962250258815,4,0.6656053322308588,0.06358934575777474,4,0.5977583374178917,0.06347893098770378,4,0.4260911838568379,0.10415571910515391,4,0.4460631619645784,0.08581928963194249,4,0.5728381499648094,0.10396145954420812,4,0.2846886217594147,0.004481002236398804,4,0.3687273934483528,0.00679228472906361,4,0.331799704873184,0.05232585776826468,4,0.24861077974636686,0.045763400792655916,4,0.0930741438736003,0.03010042079121084,4,0.11214454069732048,0.034134699087573016,4,0.9768226742744446,0.10985768419547434,4,0.27872563153505325,0.008351417868774361,4,0.3630164861679077,0.01199789510572653,4,0.27698341246973207,0.02802753275771954,4,0.2365921069371421,0.03602721103637892,4,0.04211957877066286,0.026269975209002115,4,0.07730896772774151,0.01571548476544536,4,0.9443453252315521,0.08696987605906747,4,3.75,0.9574271077563381,4,0.9768226742744446,0.10985768419547434,4,179761.0,0.0,4,3747661.0,0.0,4
random_all_per_seed,all_rows,0.15,0.15,False,False,B3_with_RC_weighted_bcap_10,10.0,0.0005,0.0001,random,full,1,938,HepG2,0.21915628015995026,0.012892821697933274,4,0.2935696393251419,0.015782233762780082,4,0.6202826671104632,0.03693171435446044,4,0.5158442773088812,0.049458908205442874,4,0.37639837238948404,0.05033002338844187,4,0.3857735507615393,0.04707614065300686,4,0.6229368299245834,0.050276369683006764,4,0.27985721081495285,0.006104422463954819,4,0.36413952708244324,0.008790703890653942,4,0.3574777203742073,0.052032692751719484,4,0.2560844356097661,0.03687108165247294,4,0.11559914506942223,0.03160501213078369,4,0.12982087140018606,0.03694648108590998,4,0.9594758599996567,0.06853783003481073,4,0.27417632937431335,0.006753839372792448,4,0.35906634479761124,0.011303679803145629,4,0.29582725189369646,0.016304524351748603,4,0.24603298542685287,0.0244530095459598,4,0.06294559608426151,0.014522723813958426,4,0.08771314109872912,0.009461370770002312,4,0.9344031661748886,0.09615630669839356,4,3.25,0.5,4,0.9594758599996567,0.06853783003481073,4,179761.0,0.0,4,3747661.0,0.0,4
random_all_per_seed,all_rows,0.15,0.15,False,False,B3_with_RC_weighted_bcap_10,10.0,0.0005,0.0001,random,full,1,938,K562,0.2229863479733467,0.024724749830950493,4,0.29813745617866516,0.030931792433516063,4,0.6029577120508548,0.08796606604380476,4,0.5142649912726015,0.07347970165417916,4,0.35596543152214727,0.10585337596024727,4,0.3693615241030188,0.10221456155941155,4,0.6433479636907578,0.10574051205322141,4,0.2783617153763771,0.0077659700276512655,4,0.3647116348147392,0.01235671330201428,4,0.35448119918697696,0.054859745230297,4,0.25048035301295446,0.03662179083835817,4,0.11305339046694235,0.0359995627193379,4,0.12791411431208705,0.03787805055880637,4,0.9618138819932938,0.06254790519662698,4,0.2739231139421463,0.010818378313393136,4,0.3567042201757431,0.015703575211595152,4,0.3123320175574148,0.03253834969174053,4,0.25007204827366136,0.03296576505969041,4,0.07567328372495355,0.027513645825920002,4,0.09834534734198176,0.02018167193440754,4,0.9235263168811798,0.12039336329983215,4,3.25,0.9574271077563382,4,0.9618138819932938,0.06254790519662698,4,179761.0,0.0,4,3747661.0,0.0,4
random_all_per_seed,all_rows,0.15,0.15,False,False,B3_with_RC_weighted_bcap_10,10.0,0.0005,0.0001,random,full,1,938,SKNSH,0.21957409754395485,0.026107811429218655,4,0.2931235581636429,0.0310735083494265,4,0.6220896272869525,0.08083343392656193,4,0.526732960477123,0.06391229492828343,4,0.37724031683309445,0.1060574976279819,4,0.3918960374082893,0.09646430139659873,4,0.6220957636833191,0.10594441355697135,4,0.2819123938679695,0.005138792701005263,4,0.36735662817955017,0.008069955937803118,4,0.33468919576187567,0.053307631767277326,4,0.24879426085801568,0.04110110023756273,4,0.09999696260469595,0.02565006131632835,4,0.11414813546320784,0.03450084988800117,4,0.9764979630708694,0.06790843990610175,4,0.27507398277521133,0.007901323520156484,4,0.3589646890759468,0.012951976489430066,4,0.2913381337934082,0.020744488480207934,4,0.23980065898230485,0.020628640857910784,4,0.06371343696778767,0.013511129326638583,4,0.08520065855395494,0.012433752112662056,4,0.9339213818311691,0.09983004777840075,4,3.25,0.9574271077563382,4,0.9764979630708694,0.06790843990610175,4,179761.0,0.0,4,3747661.0,0.0,4
random_all_per_seed,all_rows,0.15,0.15,False,False,B3_with_RC_weighted_bcap_10,10.0,0.0005,0.0001,random,full,1,1340,HepG2,0.2288122959434986,0.03213628592097255,4,0.3070511370897293,0.036770229037878,4,0.5829843600200686,0.09884050572672827,4,0.47346224144117843,0.08485766015526285,4,0.3341363173390599,0.12256651383798242,4,0.3471978482072455,0.115208892084928,4,0.6653667986392975,0.12247505830349434,4,0.277048796415329,0.006162440802875554,4,0.36281417310237885,0.009229513336765317,4,0.36463712646461693,0.05298677310602167,4,0.261049843423465,0.03106320321706028,4,0.12198131587855329,0.03436274828741716,4,0.13506593258951483,0.0373893172865285,4,0.9294152110815048,0.08192453962471712,4,0.2729954570531845,0.007521538741116384,4,0.35852767527103424,0.012841177897815899,4,0.29469083551177544,0.013800938492313248,4,0.2424680027439492,0.02444894456466457,4,0.06582654294406559,0.022995048009542808,4,0.08698553796207975,0.008137186393663022,4,0.9074646979570389,0.08890081604866194,4,3.0,1.1547005383792515,4,0.9294152110815048,0.08192453962471712,4,179761.0,0.0,4,3747661.0,0.0,4
random_all_per_seed,all_rows,0.15,0.15,False,False,B3_with_RC_weighted_bcap_10,10.0,0.0005,0.0001,random,full,1,1340,K562,0.2365250550210476,0.017389053192875342,4,0.31372252851724625,0.023082413918156408,4,0.5644810409623835,0.04509110353089353,4,0.4490095012676878,0.028191043536795225,4,0.3072008696873033,0.05981912853798925,4,0.3201637513192014,0.04915631392293481,4,0.6922821551561356,0.05977451998146388,4,0.27563830465078354,0.00887348679891533,4,0.36171145737171173,0.013351389756917676,4,0.3688233930942625,0.057937322039557065,4,0.255676149849255,0.03592793598267575,4,0.12733273069024212,0.04615439721198446,4,0.1385482452574014,0.042444871030759786,4,0.9239298850297928,0.09133794840614728,4,0.27133144438266754,0.01113540156269389,4,0.35387326031923294,0.01655157111071507,4,0.3209544518257874,0.028389972035841288,4,0.25429780180364175,0.03077206936205487,4,0.09050201702258301,0.025601385424880656,4,0.10361625303093859,0.01834646375378919,4,0.8842263370752335,0.09680075072290639,4,2.75,0.49999999999999994,4,0.9239298850297928,0.09133794840614728,4,179761.0,0.0,4,3747661.0,0.0,4
random_all_per_seed,all_rows,0.15,0.15,False,False,B3_with_RC_weighted_bcap_10,10.0,0.0005,0.0001,random,full,1,1340,SKNSH,0.22792436927556992,0.025638076192032722,4,0.30380018800497055,0.030810621913094596,4,0.6007597821673828,0.07005612700490993,4,0.502142549573793,0.04895387376872462,4,0.34985448988723294,0.0907456914094575,4,0.36459321156799723,0.08152959343115272,4,0.6496603637933731,0.09067798196725999,4,0.27994734048843384,0.006017953401117513,4,0.365133635699749,0.009596299553369214,4,0.34947447072556503,0.046205823394369426,4,0.2527546598180168,0.02602900009039751,4,0.11099173538459933,0.025277977788397434,4,0.12373363927557757,0.031183116398662468,4,0.9415683448314667,0.08625936822735115,4,0.2736441045999527,0.009802041436544581,4,0.357657752931118,0.014455940719892783,4,0.30308500605388805,0.024365217228656123,4,0.24312879364406642,0.030410178072228965,4,0.07058706277987364,0.02482096725578608,4,0.09230576875263505,0.015141069367009324,4,0.9027900397777557,0.08701834449639986,4,3.0,0.816496580927726,4,0.9415683448314667,0.08625936822735115,4,179761.0,0.0,4,3747661.0,0.0,4
random_all_per_seed,all_rows,0.15,0.15,False,False,B3_with_RC_weighted_bcap_10,10.0,0.0005,0.0001,random,full,1,2011,HepG2,0.22425737604498863,0.019890535348580173,4,0.300144761800766,0.02232169172759774,4,0.6065341749793659,0.06922936114028484,4,0.4960162718768436,0.07179502989605376,4,0.3594853896820609,0.08311630500420493,4,0.371478233750819,0.08195201087594194,4,0.6401960849761963,0.0830749654392376,4,0.27526184171438217,0.0069658858701989535,4,0.3597918078303337,0.0090796430272977,4,0.3789652788327398,0.04820347300802531,4,0.2778389043029482,0.031403338536042956,4,0.13655126226568617,0.033509660074060636,4,0.14535736366830276,0.035662928551833256,4,0.9191531538963318,0.06373024843693695,4,0.27091919630765915,0.007202255786605097,4,0.3543010950088501,0.013151561771023725,4,0.326019332070419,0.019132155924273545,4,0.24470060974714783,0.019285838725615123,4,0.08780900281120155,0.02149395067779284,4,0.10656313442637518,0.01222438807333453,4,0.8924399465322495,0.08879762110448233,4,3.0,0.816496580927726,4,0.9191531538963318,0.06373024843693695,4,179761.0,0.0,4,3747661.0,0.0,4
random_all_per_seed,all_rows,0.15,0.15,False,False,B3_with_RC_weighted_bcap_10,10.0,0.0005,0.0001,random,full,1,2011,K562,0.22966115549206734,0.01415113798153644,4,0.30549256503582,0.01728218963482931,4,0.5938467140088804,0.04581181154903734,4,0.48101149921929953,0.043236729415454485,4,0.33764284729676597,0.057966978834115244,4,0.35422796129719847,0.0523598716998604,4,0.6620277762413025,0.057938118791931795,4,0.2745062783360481,0.008175918432843984,4,0.360066719353199,0.012250215044899034,4,0.3811273057402193,0.046743433288050806,4,0.2686215601542624,0.0325149526925999,4,0.13551819663745635,0.03470246952121263,4,0.14689673459746444,0.03516294823303586,4,0.9209185242652893,0.07665602777708835,4,0.27052396535873413,0.008676299259362315,4,0.3528023883700371,0.01481254122371488,4,0.3333865589367986,0.029055816990757755,4,0.2571527621988761,0.022473825021129983,4,0.09575708514191816,0.02248237790816486,4,0.11177977805546979,0.018952233172948307,4,0.8852348476648331,0.0955227278832951,4,2.75,0.49999999999999994,4,0.9209185242652893,0.07665602777708835,4,179761.0,0.0,4,3747661.0,0.0,4
random_all_per_seed,all_rows,0.15,0.15,False,False,B3_with_RC_weighted_bcap_10,10.0,0.0005,0.0001,random,full,1,2011,SKNSH,0.23381880298256874,0.015154077284874208,4,0.31030140072107315,0.017672210702814984,4,0.5710836019990495,0.06404478767582132,4,0.4618730177717403,0.0554502869034206,4,0.31521962379546276,0.07773648025889646,4,0.32921278159353956,0.07314157010338844,4,0.6844398826360703,0.07769782054023573,4,0.27723030000925064,0.005598031038400327,4,0.36217907071113586,0.00858204531089142,4,0.36720437013338225,0.04462964817226378,4,0.2698551704242675,0.02794797455247564,4,0.12530253866399288,0.02174322201443405,4,0.136332903567039,0.03230624812083591,4,0.9313798099756241,0.06287509239483187,4,0.2708727493882179,0.009069001435585172,4,0.3530690297484398,0.013378903197140938,4,0.3239931370402689,0.023023482372584076,4,0.2415232043347074,0.03009380540027381,4,0.09431988939052005,0.012233786348900566,4,0.10536911340461495,0.014932394281790745,4,0.8859810829162598,0.0840283841162432,4,2.5,0.5773502691896257,4,0.9313798099756241,0.06287509239483187,4,179761.0,0.0,4,3747661.0,0.0,4
random_all_per_seed,all_rows,0.15,0.15,False,False,B3_with_RC_weighted_bcap_10,10.0,0.0005,0.0001,random,full,1,2681,HepG2,0.2370620109140873,0.013203693144560031,4,0.3143032342195511,0.014225303508607588,4,0.5703096766407822,0.059823874865124436,4,0.4582184907768295,0.06152874473073359,4,0.30924587951251636,0.06437620566852463,4,0.3279372992730221,0.06840179392661905,4,0.6904964447021484,0.06435221472802685,4,0.2721930593252182,0.005554781169591284,4,0.35736748576164246,0.009239103555982698,4,0.39174162862954,0.03894426678137382,4,0.28796260643030175,0.023539435139926568,4,0.14835498671660968,0.02589491776433491,4,0.15459899553767853,0.030089637643390982,4,0.8920852392911911,0.05812985972919617,4,0.2673819065093994,0.009472150728003054,4,0.3510916158556938,0.014322555817653028,4,0.33574200125543313,0.02098288528603513,4,0.2580969855217119,0.025231654415927274,4,0.10447733749761418,0.019828909878599525,4,0.11305290251319845,0.013782015028212111,4,0.8616325557231903,0.0766420204025661,4,2.5,0.5773502691896257,4,0.8920852392911911,0.05812985972919617,4,179761.0,0.0,4,3747661.0,0.0,4
random_all_per_seed,all_rows,0.15,0.15,False,False,B3_with_RC_weighted_bcap_10,10.0,0.0005,0.0001,random,full,1,2681,K562,0.22387519478797913,0.020407278207166212,4,0.30019158124923706,0.021649400019512037,4,0.6149444132799823,0.06584119028864605,4,0.5121762267328456,0.07679027584087528,4,0.36923413088368007,0.0839665184837902,4,0.381407928178231,0.07967507971887083,4,0.6305305510759354,0.08393514325206627,4,0.2735427916049957,0.007414941099771959,4,0.3577805459499359,0.009480916482973327,4,0.39098995963469996,0.04365033124670645,4,0.27596516034043145,0.030597473778706696,4,0.14630167972753647,0.03012893136788689,4,0.1543021620986047,0.03333419930840434,4,0.8941929489374161,0.05980518428056552,4,0.26959504187107086,0.01015017502594804,4,0.35224149376153946,0.014876915987625115,4,0.3405217636927812,0.03327844323041452,4,0.25813580456316876,0.03311947860722276,4,0.09852589499541373,0.028474558922668935,4,0.11678566263632228,0.02243284800525408,4,0.867575615644455,0.08157185129819834,4,3.0,0.816496580927726,4,0.8941929489374161,0.05980518428056552,4,179761.0,0.0,4,3747661.0,0.0,4
random_all_per_seed,all_rows,0.15,0.15,False,False,B3_with_RC_weighted_bcap_10,10.0,0.0005,0.0001,random,full,1,2681,SKNSH,0.23463675379753113,0.027711020294966755,4,0.31238948553800583,0.028833828811528937,4,0.5698471197090396,0.08994512990990981,4,0.46224157419611756,0.10024076755126145,4,0.3154473039090269,0.1136264469454455,4,0.33079333463657146,0.11040504751534401,4,0.6842973232269287,0.1135840276118766,4,0.2757149860262871,0.006240459906431395,4,0.35967911034822464,0.008772169707815494,4,0.38079175122414,0.03597461530997627,4,0.272240079158506,0.028011221293933134,4,0.13729078236612557,0.024698811063550322,4,0.1459729875103729,0.026919080611135744,4,0.9035544395446777,0.055512314546820776,4,0.27072323858737946,0.011791800129956124,4,0.3529185429215431,0.01495135786308686,4,0.32578410695592463,0.029113953321492927,4,0.24127162370899802,0.047322464493642,4,0.0950040806737015,0.03154485194210731,4,0.1067710010535739,0.01897284382244263,4,0.870952382683754,0.08204378514497312,4,2.5,1.0,4,0.9035544395446777,0.055512314546820776,4,179761.0,0.0,4,3747661.0,0.0,4
random_all_per_seed,all_rows,0.15,0.15,False,False,B3_with_RC_weighted_bcap_8,8.0,0.0002,1e-05,random,branched_only,1,134,HepG2,0.27094996720552444,0.033212054903121936,4,0.34966782480478287,0.04032990791710585,4,0.3613083977677517,0.06869279676461973,4,0.32180396259864963,0.07810850446413042,4,0.10929413017911763,0.08548307730634645,4,0.13408278354300887,0.049735431541328735,4,0.8840588927268982,0.08484511241727587,4,0.28602948039770126,0.005747647565302824,4,0.3721141144633293,0.005842729650577107,4,0.30035676048071325,0.04146440960584829,4,0.22368489902531968,0.03913873902942902,4,0.07591034201357505,0.043213980066071196,4,0.0915036565144397,0.023962480544374283,4,1.0322328507900238,0.25844879162051765,4,0.2793705016374588,0.010878049015700404,4,0.3679419606924057,0.015724991275394555,4,0.22943036596817062,0.013743063758302311,4,0.1993298440535783,0.020592794853295217,4,0.01668292512071337,0.01525637818658909,4,0.052779946679387284,0.006281797402752891,4,0.9962364137172699,0.17635401443993615,4,23.75,19.397164741270824,4,1.0322328507900238,0.25844879162051765,4,179761.0,0.0,4,179761.0,0.0,4
random_all_per_seed,all_rows,0.15,0.15,False,False,B3_with_RC_weighted_bcap_8,8.0,0.0002,1e-05,random,branched_only,1,134,K562,0.27581409737467766,0.03079800846064904,4,0.354370653629303,0.03916014621191884,4,0.3362235936980855,0.039093631773779405,4,0.3029089584372546,0.08233665097616438,4,0.08638216636492177,0.049528105546712414,4,0.11419253899320321,0.025040447705231686,4,0.9067998230457306,0.049158547739375856,4,0.28417596966028214,0.00818644149948072,4,0.3706196919083595,0.012510405857445419,4,0.31025121369621156,0.032890397444061234,4,0.23106695754956053,0.02062543319491506,4,0.08426381188099591,0.030718161200430402,4,0.09706714928299355,0.020412798326115172,4,1.0251134037971497,0.2606253798923288,4,0.27616237848997116,0.011986093970302638,4,0.36139462143182755,0.016844528043018902,4,0.2708360240542544,0.03543323863077096,4,0.22740620413678886,0.026924586886070426,4,0.051358994136876,0.029641271961610864,4,0.07429378772541553,0.018186197478939514,4,0.9623746275901794,0.17834325557062786,4,24.0,14.165686240583852,4,1.0251134037971497,0.2606253798923288,4,179761.0,0.0,4,179761.0,0.0,4
random_all_per_seed,all_rows,0.15,0.15,False,False,B3_with_RC_weighted_bcap_8,8.0,0.0002,1e-05,random,branched_only,1,134,SKNSH,0.26902880519628525,0.02983941120698712,4,0.34848641604185104,0.04022963704707827,4,0.38397660597212363,0.04889365229938163,4,0.3450071220605718,0.08647647808706309,4,0.1154586649811053,0.08336717057184269,4,0.1492309758602511,0.03814246992261716,4,0.8779402822256088,0.08274504737832562,4,0.289269357919693,0.0052875359544533335,4,0.3762795776128769,0.007100458853404463,4,0.27991473984329873,0.03676392305958694,4,0.22523628938106421,0.038738556338283804,4,0.0553681966972375,0.038412246823424326,4,0.07936595111059003,0.020433734710906683,4,1.0568041503429413,0.272418895626358,4,0.28333306312561035,0.014665038741257842,4,0.3700186386704445,0.017277454854379082,4,0.23385054475997272,0.03162825522083225,4,0.20940483022260045,0.031903075287973225,4,0.00489321293085429,0.053270383267465346,4,0.05543633718077158,0.015097464709844135,4,1.0071952044963837,0.1736408319903794,4,33.0,26.14064523559687,4,1.0568041503429413,0.272418895626358,4,179761.0,0.0,4,179761.0,0.0,4
random_all_per_seed,all_rows,0.15,0.15,False,False,B3_with_RC_weighted_bcap_8,8.0,0.0002,1e-05,random,branched_only,1,268,HepG2,0.26748932152986526,0.021629534912912977,4,0.3463938906788826,0.031189165020690413,4,0.3701288713423685,0.037954532546551845,4,0.3165094827478567,0.059280600474243265,4,0.12554018413732665,0.04557695831094302,4,0.138075791306796,0.027928675063880845,4,0.8711968660354614,0.045406917436435074,4,0.2820928990840912,0.008624030640386034,4,0.36708707362413406,0.00967486399826376,4,0.323753967111769,0.06698860588119644,4,0.231822935343583,0.042857606892657066,4,0.10083439834902555,0.04608812017799692,4,0.10818223620903812,0.04504802276246582,4,0.9928472191095352,0.1561593875125637,4,0.27540820091962814,0.0123017775112558,4,0.3618435636162758,0.017834983239579497,4,0.25651823531573353,0.038343219141088306,4,0.2196890187936764,0.01336023328341961,4,0.04906882327901821,0.03492325316510778,4,0.06690425689007419,0.02067558027083235,4,0.9580063074827194,0.10149605015253212,4,32.5,26.13426869074396,4,0.9928472191095352,0.1561593875125637,4,179761.0,0.0,4,179761.0,0.0,4
random_all_per_seed,all_rows,0.15,0.15,False,False,B3_with_RC_weighted_bcap_8,8.0,0.0002,1e-05,random,branched_only,1,268,K562,0.26825401186943054,0.023189184836057242,4,0.34620867669582367,0.03259765385830805,4,0.37485845139577934,0.028427898652237122,4,0.3109727359471182,0.056145762645970446,4,0.1274399676598224,0.02993420578490789,4,0.14112496764917826,0.02195903686393426,4,0.8693041950464249,0.02982253281898595,4,0.28076641261577606,0.008634567288909536,4,0.3674389347434044,0.013223962773446547,4,0.3254072687897295,0.057918147519900404,4,0.23977109862491192,0.03658047379951054,4,0.09977562108103516,0.038349195956386986,4,0.10840577444029396,0.03947817124762667,4,0.9957311600446701,0.16665390849839068,4,0.2744842618703842,0.011410229408690992,4,0.35992858558893204,0.015941696250050586,4,0.27455128980794696,0.033616162837014504,4,0.23365599810029156,0.029088001283420727,4,0.05890499742360475,0.028954534233413955,4,0.07622594553812079,0.01778005337772988,4,0.9495181441307068,0.11474764356319339,4,33.0,26.115129714401192,4,0.9957311600446701,0.16665390849839068,4,179761.0,0.0,4,179761.0,0.0,4
random_all_per_seed,all_rows,0.15,0.15,False,False,B3_with_RC_weighted_bcap_8,8.0,0.0002,1e-05,random,branched_only,1,268,SKNSH,0.26488636434078217,0.021643348372154522,4,0.34153594076633453,0.030063959139968822,4,0.40327491329675436,0.030873194907090732,4,0.33603153308362044,0.05644908139995296,4,0.15001472073339414,0.031176697286513896,4,0.16334552131733315,0.024032661500493775,4,0.8468137085437775,0.031060432917417616,4,0.2829730436205864,0.006430418273803552,4,0.36893151700496674,0.00958548337688906,4,0.3153698006442831,0.051113252230407,4,0.2376146123929354,0.0389659883598752,4,0.0921468941328614,0.03544552761483007,4,0.10141753457359179,0.03188393338514731,4,1.0040072053670883,0.1679351659713041,4,0.27729588747024536,0.013360819197915806,4,0.36254093050956726,0.017545234799160543,4,0.25646552184749716,0.050655118044359806,4,0.22131193264994725,0.04500023933321518,4,0.04505878272698938,0.044397556998466134,4,0.06769901963457506,0.02592630877577875,4,0.9623826891183853,0.10824117867008387,4,50.5,30.005555041247497,4,1.0040072053670883,0.1679351659713041,4,179761.0,0.0,4,179761.0,0.0,4
random_all_per_seed,all_rows,0.15,0.15,False,False,B3_with_RC_weighted_bcap_8,8.0,0.0002,1e-05,random,branched_only,1,536,HepG2,0.26803188771009445,0.018400152312031542,4,0.34490224719047546,0.0230205774882554,4,0.40279843353709854,0.05835662794655497,4,0.3428180348320783,0.06361496485058257,4,0.14891307444658236,0.0661377974311119,4,0.1648007000789099,0.04406737741822883,4,0.8494991511106491,0.06601443004949108,4,0.2804213613271713,0.009258213667792859,4,0.3641887903213501,0.011698705431498558,4,0.3416857655311045,0.04767760479406702,4,0.23829576510090242,0.033874182435932015,4,0.11551463788091368,0.035999771168222505,4,0.11845402786575136,0.03394402129876708,4,0.9529198855161667,0.11244157670393508,4,0.2737572267651558,0.010838793667015543,4,0.3596808761358261,0.015363412204871564,4,0.2802605225099082,0.036911121649344354,4,0.23105436628918036,0.02523252294743909,4,0.059880635260555454,0.03782604257126389,4,0.07956778365358626,0.02024474135747679,4,0.9273648858070374,0.09691314559071029,4,31.0,20.412414523193153,4,0.9529198855161667,0.11244157670393508,4,179761.0,0.0,4,179761.0,0.0,4
random_all_per_seed,all_rows,0.15,0.15,False,False,B3_with_RC_weighted_bcap_8,8.0,0.0002,1e-05,random,branched_only,1,536,K562,0.26734595745801926,0.0159819801208771,4,0.3441063389182091,0.02088388730876955,4,0.40788526160929217,0.045307291293792636,4,0.3355313547056094,0.06777846632449412,4,0.15279754464656367,0.05667964596892174,4,0.16790994962136613,0.036274053283131505,4,0.8456219434738159,0.05657394792527958,4,0.28062936663627625,0.009182895529001023,4,0.36574936658143997,0.014874129856193867,4,0.3342796760378731,0.05389630479605263,4,0.23734345574221138,0.03044930542457959,4,0.10809923517205419,0.04279984072450759,4,0.11392151056498714,0.03792018069543222,4,0.9613182246685028,0.12043080021230242,4,0.2738332897424698,0.011952684363182947,4,0.359028697013855,0.016150947110228905,4,0.28740907667662635,0.036318921311664344,4,0.2416412958564026,0.030448853707433277,4,0.06343170877854482,0.037311243381144756,4,0.08359327539004305,0.02057411806971816,4,0.924628496170044,0.1066174282541371,4,30.0,22.553639765383032,4,0.9613182246685028,0.12043080021230242,4,179761.0,0.0,4,179761.0,0.0,4
random_all_per_seed,all_rows,0.15,0.15,False,False,B3_with_RC_weighted_bcap_8,8.0,0.0002,1e-05,random,branched_only,1,536,SKNSH,0.2648354209959507,0.016136295679894597,4,0.3403891548514366,0.019880973918511617,4,0.42077847478475244,0.06008229653479106,4,0.360685234914923,0.07552315394701156,4,0.17093084697660763,0.05346913599920139,4,0.17976193660985348,0.04778178545403042,4,0.8275225013494492,0.05336941313530775,4,0.2814390957355499,0.007851471950742758,4,0.3658931255340576,0.012386661801011986,4,0.3329138814078703,0.037356351605,4,0.24009293585398,0.02890314646507095,4,0.10749334937437002,0.029199576234989255,4,0.11187827518798082,0.026065004752803378,4,0.9624333828687668,0.11970181019197622,4,0.2754431813955307,0.012953724417132731,4,0.3596923276782036,0.016210757339425425,4,0.27444176844744683,0.05597841684113309,4,0.22149684880584247,0.050763852505142565,4,0.0596597526078958,0.04729582548208105,4,0.07766847163259175,0.02945563891345338,4,0.9277614802122116,0.10273447388920776,4,44.0,27.784887978899608,4,0.9624333828687668,0.11970181019197622,4,179761.0,0.0,4,179761.0,0.0,4
random_all_per_seed,all_rows,0.15,0.15,False,False,B3_with_RC_weighted_bcap_8,8.0,0.0002,1e-05,random,branched_only,1,938,HepG2,0.2580435015261173,0.008963692223050585,4,0.3348870202898979,0.012295679317918664,4,0.4383783210935237,0.023677545993750323,4,0.36394191508690654,0.01774856453581382,4,0.18945008743858077,0.020992128951206526,4,0.19259602204299117,0.02080859935349172,4,0.8096858114004135,0.02096974036990827,4,0.27701303362846375,0.005131722308539715,4,0.36167268455028534,0.006922927386579878,4,0.3628963721043798,0.06347124012487772,4,0.2445182559361605,0.06504941841461111,4,0.12719804224692394,0.038103757498546574,4,0.1347152256287629,0.04573719063539108,4,0.9467438757419586,0.0695308073078276,4,0.27092181146144867,0.011319700909514301,4,0.3554711565375328,0.01523047491498149,4,0.29777574958262354,0.03136755146384638,4,0.2228689383644476,0.045321417065773174,4,0.0820864908644702,0.023068104203332697,4,0.0894083395031211,0.018714709556326103,4,0.9160353690385818,0.10493028818887026,4,43.0,14.491376746189438,4,0.9467438757419586,0.0695308073078276,4,179761.0,0.0,4,179761.0,0.0,4
random_all_per_seed,all_rows,0.15,0.15,False,False,B3_with_RC_weighted_bcap_8,8.0,0.0002,1e-05,random,branched_only,1,938,K562,0.2604648172855377,0.0031963824646230616,4,0.33792993426322937,0.005051743243518086,4,0.4198305821707138,0.03314006455141286,4,0.34170798214006476,0.03992226479469894,4,0.17379165859218001,0.028139378727442464,4,0.17708141563465435,0.027569668352184284,4,0.825327530503273,0.028109327968264614,4,0.27609318494796753,0.0043900338495837165,4,0.36135223507881165,0.007829050748605083,4,0.3672608292270672,0.056944114763652076,4,0.25290036083618617,0.04965293911683123,4,0.12892264512386276,0.034401839442678654,4,0.137312490839215,0.0410360798595886,4,0.9448175728321075,0.0657095239424189,4,0.2713802754878998,0.011116560971963431,4,0.3555603176355362,0.015184186989333154,4,0.29299646408613755,0.03638728102129776,4,0.22567636001285374,0.03149315078159592,4,0.08163094249845307,0.022015262911052467,4,0.08683995363207145,0.021154977562943822,4,0.9168232679367065,0.10918179184398094,4,39.75,9.810708435174293,4,0.9448175728321075,0.0657095239424189,4,179761.0,0.0,4,179761.0,0.0,4
random_all_per_seed,all_rows,0.15,0.15,False,False,B3_with_RC_weighted_bcap_8,8.0,0.0002,1e-05,random,branched_only,1,938,SKNSH,0.26011908799409866,0.006515185037871905,4,0.3375376909971237,0.009182286961111438,4,0.42314415871992184,0.025351603384215327,4,0.3573334016062488,0.038090544612661405,4,0.17617641718217925,0.021423226244913652,4,0.17953300690440332,0.021213030790945123,4,0.8229453265666962,0.021400344907441072,4,0.27782100439071655,0.005386233395787067,4,0.3626299351453781,0.008798117301808843,4,0.35746718519983944,0.05592954911810069,4,0.25414496114965335,0.049234042771498725,4,0.12285554864840814,0.03374134690895072,4,0.13012887434311182,0.04002899309821298,4,0.9520043283700943,0.07668528099094095,4,0.27107344567775726,0.010706960512781926,4,0.35518328845500946,0.01486847824551885,4,0.29831708592052053,0.02822527888685322,4,0.22985414588946157,0.03446596873014862,4,0.08361194080606982,0.016596401354738527,4,0.08959058352829172,0.01665646712386094,4,0.9147423058748245,0.10648015602422807,4,48.25,7.182153808805082,4,0.9520043283700943,0.07668528099094095,4,179761.0,0.0,4,179761.0,0.0,4
random_all_per_seed,all_rows,0.15,0.15,False,False,B3_with_RC_weighted_bcap_8,8.0,0.0002,1e-05,random,branched_only,1,1340,HepG2,0.2624679431319237,0.006893268330708231,4,0.3422543779015541,0.010874146959365763,4,0.42157461623850145,0.012083194437767803,4,0.3454173528364092,0.020752187312531253,4,0.1750088963161773,0.010457816840932188,4,0.17783465974750542,0.010212084727846934,4,0.8243754804134369,0.010449991857214687,4,0.27463196218013763,0.006254342157581204,4,0.35905924439430237,0.009244060532051932,4,0.3823300884564973,0.059588589059222756,4,0.2619371071778367,0.0482617258893472,4,0.1398659391718597,0.039941195322675954,4,0.14883939649870473,0.044842270834023,4,0.9102863371372223,0.08083631614305256,4,0.2695149704813957,0.010049634372804504,4,0.35311049222946167,0.014799011550892206,4,0.31210931215988535,0.028075992177799238,4,0.22885403214060823,0.028005889269457226,4,0.09425577605923544,0.01801779364679589,4,0.09800341873949264,0.017467577844184932,4,0.8800403326749802,0.08728688151195677,4,43.25,6.1846584384264895,4,0.9102863371372223,0.08083631614305256,4,179761.0,0.0,4,179761.0,0.0,4
random_all_per_seed,all_rows,0.15,0.15,False,False,B3_with_RC_weighted_bcap_8,8.0,0.0002,1e-05,random,branched_only,1,1340,K562,0.26360539346933365,0.005921006037961397,4,0.34398526698350906,0.009877578649970187,4,0.41179221943810956,0.011327109654247982,4,0.33221217320269936,0.017307027806744056,4,0.16653993525594027,0.009198363786032785,4,0.1696690595496037,0.009298653623145227,4,0.8328381329774857,0.009191477102671064,4,0.2742321044206619,0.006012221246547913,4,0.35874442011117935,0.008821192477752687,4,0.38409964911943306,0.05921723894432477,4,0.2644714887398305,0.052049494135951585,4,0.14136822168992574,0.03902679302809083,4,0.15016255149481356,0.04463209458348583,4,0.9086431711912155,0.07936144056384141,4,0.26953644305467606,0.011177703058989949,4,0.35324347019195557,0.016195532328805762,4,0.3103691725447122,0.03670830687476668,4,0.23191567094106705,0.035801273144440746,4,0.09370485510553175,0.024220812792882473,4,0.09733964811129836,0.022568444910752317,4,0.8809892684221268,0.09442460754485452,4,42.75,5.5,4,0.9086431711912155,0.07936144056384141,4,179761.0,0.0,4,179761.0,0.0,4
random_all_per_seed,all_rows,0.15,0.15,False,False,B3_with_RC_weighted_bcap_8,8.0,0.0002,1e-05,random,branched_only,1,1340,SKNSH,0.2648442015051842,0.004843207102419623,4,0.3454523831605911,0.008423221719711767,4,0.40403547315842014,0.02563942870920087,4,0.33243887206748673,0.02957473893126627,4,0.15916788405232937,0.01810255431467957,4,0.1637376987987491,0.02068948352789829,4,0.8402046859264374,0.018089013848822746,4,0.2757253348827362,0.006746854675947242,4,0.36023642867803574,0.00981458435828158,4,0.3754125050778071,0.05896407086711648,4,0.2619932308588264,0.05185757494220956,4,0.13433149312175224,0.03831713405192201,4,0.14354212020871127,0.04424271211630259,4,0.9167105555534363,0.08817261502562343,4,0.2693472355604172,0.010457002312327789,4,0.3529205322265625,0.015421126928308158,4,0.3135090495116146,0.0321725783007588,4,0.23495786196557222,0.0338241618841273,4,0.09530506509174652,0.019752432587776855,4,0.09906423022156488,0.01968942715497323,4,0.8792631179094315,0.09115615633200268,4,47.0,5.033222956847167,4,0.9167105555534363,0.08817261502562343,4,179761.0,0.0,4,179761.0,0.0,4
random_all_per_seed,all_rows,0.15,0.15,False,False,B3_with_RC_weighted_bcap_8,8.0,0.0002,1e-05,random,branched_only,1,2011,HepG2,0.260929137468338,0.0024818682615393994,4,0.33994390070438385,0.004308088793866313,4,0.4270799207311801,0.012096202366205048,4,0.34278622993408336,0.010332458434001233,4,0.18019348624137602,0.010817397033205872,4,0.18250699727551423,0.01024102196701566,4,0.819398820400238,0.010812038952305331,4,0.27340514957904816,0.006243211894134612,4,0.35747504979372025,0.008387532622884919,4,0.3895262895012899,0.05222143085522438,4,0.2615590287028692,0.041598858125704186,4,0.14749202424534716,0.03601338519131319,4,0.15377603859306796,0.04051311502161486,4,0.9075790196657181,0.0659959935983233,4,0.27017536014318466,0.01020490291273108,4,0.3529503345489502,0.014240135264447245,4,0.3156654859845905,0.02387835824890838,4,0.2300765881541389,0.03311876664334261,4,0.09502932888732576,0.014948705011069605,4,0.10007233103638509,0.01500674741134621,4,0.8856342285871506,0.08928450341655346,4,39.0,7.788880963698615,4,0.9075790196657181,0.0659959935983233,4,179761.0,0.0,4,179761.0,0.0,4
random_all_per_seed,all_rows,0.15,0.15,False,False,B3_with_RC_weighted_bcap_8,8.0,0.0002,1e-05,random,branched_only,1,2011,K562,0.26241541653871536,0.004163838696624766,4,0.34224046766757965,0.006059715354170306,4,0.41361614799818985,0.014877752969995476,4,0.32833029876654846,0.00696007213542212,4,0.1691520302590958,0.013047052307174501,4,0.17124432853493765,0.012264508517633234,4,0.8304348587989807,0.013040543730514982,4,0.27359631657600403,0.006551956483599367,4,0.357843279838562,0.008642181671504585,4,0.38845824230976744,0.05260354088396391,4,0.2647878811404604,0.0442371090640383,4,0.14579973117941578,0.03464820950739232,4,0.15297515540354217,0.04069026008150051,4,0.9094506800174713,0.06652080814292735,4,0.269601933658123,0.010517466471020765,4,0.3529829755425453,0.015180095908535722,4,0.3149287679964883,0.0301172797121581,4,0.23741931652281137,0.03576766747942386,4,0.09493979328123933,0.020056086980515687,4,0.09986041681473122,0.018742627596954886,4,0.8860909193754196,0.09517142355886224,4,36.5,5.916079783099615,4,0.9094506800174713,0.06652080814292735,4,179761.0,0.0,4,179761.0,0.0,4
random_all_per_seed,all_rows,0.15,0.15,False,False,B3_with_RC_weighted_bcap_8,8.0,0.0002,1e-05,random,branched_only,1,2011,SKNSH,0.2607993260025978,0.003705852409653904,4,0.3403126448392868,0.0045538448888407445,4,0.4234680318375602,0.02015450351566104,4,0.3400681427200874,0.015165069949348742,4,0.17833634668095028,0.01757446260310252,4,0.17962982699734903,0.017388569327482235,4,0.8212550431489944,0.017565723454282756,4,0.27370985597372055,0.006415695254170172,4,0.3575863093137741,0.008914786117664325,4,0.389120633734621,0.051110600965805976,4,0.2727040960765512,0.041725891691493315,4,0.14707072250056102,0.034012200565500784,4,0.15337408774634748,0.03977968898631865,4,0.9083373546600342,0.07023664165286468,4,0.26877059042453766,0.01100484971371567,4,0.3516947254538536,0.015062656642611121,4,0.3232342367198794,0.026873693733441225,4,0.2432149003133982,0.039686203286351196,4,0.10154929850584371,0.0184888625567734,4,0.10502201834904214,0.017290785060599452,4,0.8795401602983475,0.09284148775224077,4,51.25,12.093386622447824,4,0.9083373546600342,0.07023664165286468,4,179761.0,0.0,4,179761.0,0.0,4
random_all_per_seed,all_rows,0.15,0.15,False,False,B3_with_RC_weighted_bcap_8,8.0,0.0002,1e-05,random,branched_only,1,2681,HepG2,0.26319341361522675,0.0033050387309443417,4,0.343883752822876,0.004342436199088666,4,0.420587057764468,0.0134412759508176,4,0.33046549069572884,0.012236192103120542,4,0.17459025638317008,0.009701763473285578,4,0.17702897408336146,0.011144302568819825,4,0.825101837515831,0.009698131008712089,4,0.27380257844924927,0.006581877051062544,4,0.35711272805929184,0.008801222260694243,4,0.39251328137901,0.0469009876212518,4,0.2658291750975761,0.040980897873291816,4,0.14938265766816575,0.03166549135514626,4,0.1557164530388045,0.036675941970197024,4,0.8907971829175949,0.05663771961916221,4,0.26874755322933197,0.011188938071662467,4,0.3518800884485245,0.01500931746656727,4,0.32300707634550185,0.027291425684179176,4,0.24076154513590933,0.03676284687214142,4,0.10058151273204022,0.019147576702582193,4,0.10489218780617518,0.017543440140184913,4,0.8657239377498627,0.08071406140010452,4,31.5,6.557438524302,4,0.8907971829175949,0.05663771961916221,4,179761.0,0.0,4,179761.0,0.0,4
random_all_per_seed,all_rows,0.15,0.15,False,False,B3_with_RC_weighted_bcap_8,8.0,0.0002,1e-05,random,branched_only,1,2681,K562,0.26451873779296875,0.0031517282384586867,4,0.3457205593585968,0.004711779913920712,4,0.4104664689844415,0.013054879310796602,4,0.32344332374549956,0.01672499305751316,4,0.1657503885116167,0.01140580543392496,4,0.16861054456592006,0.010825350921862062,4,0.8339383751153946,0.011401509141641506,4,0.2726088613271713,0.0064576375298671974,4,0.35663269460201263,0.00791399110391154,4,0.3920049177254973,0.04899834859751673,4,0.26515348611536704,0.0356017826241179,4,0.15148337248698257,0.035420001163173266,4,0.1554684841449367,0.038286318916439875,4,0.8882957398891449,0.05232643926625872,4,0.26971447467803955,0.011127355410757161,4,0.35329315066337585,0.015551677904057083,4,0.3150450932697779,0.03365835219268056,4,0.2357732439142674,0.039141416312388745,4,0.09335723270081622,0.023294807963124553,4,0.10010307429760797,0.021141545542922923,4,0.8728149831295013,0.0839939662575466,4,30.5,15.631165450257807,4,0.8882957398891449,0.05232643926625872,4,179761.0,0.0,4,179761.0,0.0,4
random_all_per_seed,all_rows,0.15,0.15,False,False,B3_with_RC_weighted_bcap_8,8.0,0.0002,1e-05,random,branched_only,1,2681,SKNSH,0.2646372839808464,0.001983399769166933,4,0.3459598645567894,0.0019435155534221896,4,0.4079401087626071,0.014092115213885875,4,0.3259592573182113,0.011020930144597964,4,0.1645104172190541,0.010203303640806693,4,0.1665640731206488,0.011394519777826009,4,0.8351779580116272,0.010199522635948767,4,0.2739245519042015,0.0063906144532034186,4,0.3580842837691307,0.00913487936473472,4,0.38671635508992547,0.04944248712768334,4,0.26965882000807717,0.039674156832973304,4,0.14472984625323912,0.033415066513863924,4,0.15138295894406567,0.038201840893982396,4,0.8957055658102036,0.058627363969288165,4,0.2694291025400162,0.010666710314200627,4,0.3520824909210205,0.01448301614548405,4,0.3224803484497692,0.026771797255319817,4,0.23840180391170465,0.03564783575398318,4,0.09949014104226997,0.017079114139546,4,0.10453112198249452,0.017224057083332026,4,0.8666174858808517,0.07822194946763496,4,34.0,10.739335795724674,4,0.8957055658102036,0.058627363969288165,4,179761.0,0.0,4,179761.0,0.0,4
random_all_per_seed,all_rows,0.15,0.15,False,False,B3_with_RC_weighted_bcap_8,8.0,0.0002,1e-05,random,conv3_plus,1,134,HepG2,0.26286857575178146,0.03636338859321001,4,0.34076037257909775,0.04416122312195189,4,0.4202862061025875,0.06954549316150666,4,0.37424212841971294,0.07279889726039769,4,0.15554127323724273,0.095080049861188,4,0.18026792675441455,0.054717709578680856,4,0.8381568491458893,0.09437055210021773,4,0.2864217609167099,0.0063510064442167755,4,0.37213393300771713,0.005671303746508088,4,0.30321389366163043,0.044213785281065295,4,0.22530099666971384,0.03993183589428146,4,0.07569593062554927,0.0460968312715314,4,0.09340480941610663,0.02616904718427735,4,1.0315663367509842,0.2531364569818266,4,0.2796953395009041,0.011491922575430375,4,0.3679596930742264,0.01616461076128683,4,0.23354648298821978,0.012303401148236944,4,0.19971740704383564,0.02092258810564952,4,0.01664009318702614,0.017490199512597997,4,0.05465748997602766,0.005743160176346791,4,0.9964646995067596,0.1771783660408507,4,22.5,14.6401275039985,4,1.0315663367509842,0.2531364569818266,4,179761.0,0.0,4,3063361.0,0.0,4
random_all_per_seed,all_rows,0.15,0.15,False,False,B3_with_RC_weighted_bcap_8,8.0,0.0002,1e-05,random,conv3_plus,1,134,K562,0.2729205824434757,0.03495542325385262,4,0.351023830473423,0.042817179391856364,4,0.3672469470523787,0.033929699565063726,4,0.32847818662728756,0.07089139071853659,4,0.10486680239822191,0.060663620857545925,4,0.13573373850372428,0.024595048165435653,4,0.8884531557559967,0.06021092783294542,4,0.2847168520092964,0.008531976186578671,4,0.37142062932252884,0.011974349309174136,4,0.3106136352850436,0.03471299969015892,4,0.2297306701986398,0.02231802546508087,4,0.08020915416809529,0.03176004938019858,4,0.09738457468560682,0.021507011570428912,4,1.0289702713489532,0.2574412260831995,4,0.27801425755023956,0.013300467806975419,4,0.36347704380750656,0.018514109861131275,4,0.26984446937336204,0.03546767909750843,4,0.22411735982744946,0.027624573009989238,4,0.04038321766615646,0.04154579769359798,4,0.07375950484681419,0.01809383236840641,4,0.9733301401138306,0.18021447561557552,4,16.25,9.105858919765158,4,1.0289702713489532,0.2574412260831995,4,179761.0,0.0,4,3063361.0,0.0,4
random_all_per_seed,all_rows,0.15,0.15,False,False,B3_with_RC_weighted_bcap_8,8.0,0.0002,1e-05,random,conv3_plus,1,134,SKNSH,0.2663898915052414,0.0320489150969439,4,0.34380603581666946,0.04005196497688787,4,0.4067121980192612,0.04045560413663708,4,0.369796273620794,0.06622098580998739,4,0.13992875245219574,0.06872261385762471,4,0.16664230394720392,0.03289704424670973,4,0.8536527901887894,0.06820978961604243,4,0.29203810542821884,0.004631910856291331,4,0.3787474036216736,0.004973212590395286,4,0.27505143215418837,0.04268890626510556,4,0.22249494654328322,0.044134633832841344,4,0.04210270909534106,0.05822591188993963,4,0.07702004736865331,0.02308422523547292,4,1.0675908774137497,0.2595457050844505,4,0.28492769598960876,0.01515876496368946,4,0.37144725024700165,0.017949300442263484,4,0.22953634768526643,0.025861058503343793,4,0.20599133707760303,0.029902963228051124,4,-0.002370453004520129,0.044533901018710485,4,0.053188530668876535,0.011899326543441608,4,1.013897493481636,0.16872762593381788,4,15.0,8.640987597877148,4,1.0675908774137497,0.2595457050844505,4,179761.0,0.0,4,3063361.0,0.0,4
random_all_per_seed,all_rows,0.15,0.15,False,False,B3_with_RC_weighted_bcap_8,8.0,0.0002,1e-05,random,conv3_plus,1,268,HepG2,0.24980101734399796,0.026118435137249492,4,0.3259889483451843,0.03485065476673278,4,0.4792258703100891,0.050506852359870194,4,0.4105559062329484,0.046302297238065206,4,0.22709348922257952,0.04730889647057805,4,0.23157064137593864,0.04892463440326708,4,0.7700224965810776,0.04713240681456615,4,0.28219112008810043,0.006099189197388674,4,0.3678565248847008,0.007860033705967783,4,0.32709779054562144,0.0663739090235655,4,0.23828303967395228,0.05102449479744637,4,0.09693758000133537,0.045622031714891036,4,0.11029708642912864,0.04248829214135777,4,0.9973991811275482,0.1595690477170155,4,0.27670683711767197,0.01040089749609056,4,0.36345939338207245,0.015244733233812884,4,0.24917339062332364,0.014738124468350667,4,0.21063078002827612,0.022171615474154322,4,0.04047351919383141,0.011546101073115158,4,0.062250287829356876,0.00721074327608974,4,0.9687142074108124,0.12145068500210748,4,26.0,10.360180178613367,4,0.9973991811275482,0.1595690477170155,4,179761.0,0.0,4,3063361.0,0.0,4
random_all_per_seed,all_rows,0.15,0.15,False,False,B3_with_RC_weighted_bcap_8,8.0,0.0002,1e-05,random,conv3_plus,1,268,K562,0.259123045951128,0.033278080323856686,4,0.3351307064294815,0.043874602188445876,4,0.4410631075160808,0.08697618217323246,4,0.38293980495462254,0.09227559577935139,4,0.1843956357257624,0.08882510352748128,4,0.20021030701081535,0.08301410854366933,4,0.8125610053539276,0.08849369278588005,4,0.28140076994895935,0.008029882663079142,4,0.3678803890943527,0.012409865978377023,4,0.32238696729811844,0.05228532623223236,4,0.23124639454561824,0.02394272189432696,4,0.09744769442607576,0.04025354955751521,4,0.10598367318808632,0.034580965318661824,4,0.9977025240659714,0.16314934470036688,4,0.2753836438059807,0.01188289618278429,4,0.36118918657302856,0.017226293462577362,4,0.27693098059051596,0.03565889017241656,4,0.23079070700927629,0.02420761461471273,4,0.05237899409762509,0.03499011238315951,4,0.07764443534707108,0.019134511916275906,4,0.9562412649393082,0.11881814582393035,4,22.5,16.380883167074153,4,0.9977025240659714,0.16314934470036688,4,179761.0,0.0,4,3063361.0,0.0,4
random_all_per_seed,all_rows,0.15,0.15,False,False,B3_with_RC_weighted_bcap_8,8.0,0.0002,1e-05,random,conv3_plus,1,268,SKNSH,0.25351616367697716,0.028812314813093022,4,0.32894889265298843,0.03794106603575258,4,0.46323179149154914,0.05931149617203791,4,0.40126567430802934,0.05839665131235532,4,0.21382148316801983,0.05308150518551699,4,0.21722208283209427,0.05501477801423864,4,0.7832450270652771,0.05288344367546341,4,0.28499504178762436,0.004076859714006518,4,0.37057220190763474,0.007523981133634191,4,0.31093312773407356,0.06531707622513307,4,0.23654274452072177,0.05224781618940401,4,0.08346552569908319,0.0481306551529377,4,0.09987915025744361,0.03833328309029824,4,1.011714592576027,0.1589067627151872,4,0.2768573686480522,0.012900096499302988,4,0.3618006929755211,0.01730325485440656,4,0.25833219043373157,0.033615295475421796,4,0.2219363844504436,0.039407914897912184,4,0.04938122895948152,0.026633993432266738,4,0.06758301168171468,0.01799023352083065,4,0.9584902077913284,0.10900740234345223,4,27.5,15.7797338380595,4,1.011714592576027,0.1589067627151872,4,179761.0,0.0,4,3063361.0,0.0,4
random_all_per_seed,all_rows,0.15,0.15,False,False,B3_with_RC_weighted_bcap_8,8.0,0.0002,1e-05,random,conv3_plus,1,536,HepG2,0.24772490933537483,0.014507355803594779,4,0.32216039299964905,0.018693335511880137,4,0.5120323487125729,0.020304146277148084,4,0.4355417801282633,0.03874038655543893,4,0.2582295113030598,0.019548643475908328,4,0.2624863198951467,0.02065096424126768,4,0.7403866499662399,0.01951222579622486,4,0.2801399752497673,0.006395471768057478,4,0.3644779101014137,0.009349248262759655,4,0.35457885060454075,0.05405246869540326,4,0.24252154699296458,0.04503569735967252,4,0.11370666618119474,0.04114352228818956,4,0.1279174133250879,0.038064322565804234,4,0.9539788365364075,0.10518565281260114,4,0.2743208035826683,0.00992262889257937,4,0.3607485890388489,0.013897987118216626,4,0.28176656662417343,0.013546297644498008,4,0.22879179976139796,0.021361379507604437,4,0.05456045319799127,0.008103721415544447,4,0.07953002470207976,0.007663348065373794,4,0.9329805225133896,0.09689967444997744,4,22.75,4.031128874149275,4,0.9539788365364075,0.10518565281260114,4,179761.0,0.0,4,3063361.0,0.0,4
random_all_per_seed,all_rows,0.15,0.15,False,False,B3_with_RC_weighted_bcap_8,8.0,0.0002,1e-05,random,conv3_plus,1,536,K562,0.25153231993317604,0.023396123223589263,4,0.32533201575279236,0.029262765113178317,4,0.4944433518472626,0.07409536162876079,4,0.4258136492219684,0.043450751179051485,4,0.24400401260532964,0.06811943875449053,4,0.2485918201471286,0.06866376255629422,4,0.7545856386423111,0.0679923773388855,4,0.27887243777513504,0.007104816734328378,4,0.36453579366207123,0.011195840257873981,4,0.35112590472113964,0.0589916685939032,4,0.24555416097359284,0.03675987275926794,4,0.11355512864055195,0.04256035600693135,4,0.12589941368885854,0.040126624149955076,4,0.9540555775165558,0.10494390708995922,4,0.2744784504175186,0.012463450415302677,4,0.35851752012968063,0.017215188831195837,4,0.2911520825419016,0.033180794827372476,4,0.22353779488699674,0.04069411728622807,4,0.06647631174820257,0.030310959919206185,4,0.08559525902751845,0.019782417578434883,4,0.9217781126499176,0.10696138168895743,4,20.5,6.60807586719967,4,0.9540555775165558,0.10494390708995922,4,179761.0,0.0,4,3063361.0,0.0,4
random_all_per_seed,all_rows,0.15,0.15,False,False,B3_with_RC_weighted_bcap_8,8.0,0.0002,1e-05,random,conv3_plus,1,536,SKNSH,0.2473062425851822,0.02124554459565596,4,0.3204243555665016,0.026692353290557178,4,0.5191985124883631,0.058094636991149126,4,0.46090906829767775,0.04662118855886429,4,0.26641471296481967,0.059985240134246186,4,0.272098335505479,0.058836246126499805,4,0.7322167605161667,0.05987335108986559,4,0.28186212480068207,0.004678389286190429,4,0.36574769765138626,0.007475318773961984,4,0.34351745990806715,0.05938443981183919,4,0.25028842383503536,0.047708493484886795,4,0.10744497135793385,0.03933340908683513,4,0.12064912903051497,0.03928893030539781,4,0.9603047221899033,0.09991189648682972,4,0.27594441175460815,0.011007517664100706,4,0.3599632605910301,0.015096637054614772,4,0.2855668172679784,0.021564139258720777,4,0.2227413265908794,0.04044716556997193,4,0.058755570943919866,0.019652443108508177,4,0.08189716620104008,0.012492970221352616,4,0.9285732358694077,0.09403144364474636,4,24.75,5.315072906367325,4,0.9603047221899033,0.09991189648682972,4,179761.0,0.0,4,3063361.0,0.0,4
random_all_per_seed,all_rows,0.15,0.15,False,False,B3_with_RC_weighted_bcap_8,8.0,0.0002,1e-05,random,conv3_plus,1,938,HepG2,0.24647876247763634,0.00391150079989559,4,0.3221318870782852,0.005199242998937977,4,0.4990383768795494,0.0485096940766523,4,0.41605801524770103,0.0496634275592924,4,0.2482898118481112,0.05037336999449487,4,0.25080419441313295,0.04914348758345775,4,0.7509087771177292,0.050319610003554414,4,0.2777572125196457,0.005317365824228372,4,0.361342154443264,0.007724838737077231,4,0.36499045264917857,0.06087569378717035,4,0.24810468033746735,0.056028060193587845,4,0.12875155353448464,0.040901441418414806,4,0.13599741809560426,0.04412728627356966,4,0.9449657201766968,0.06981382042213027,4,0.2727878838777542,0.009850711725036529,4,0.35772034525871277,0.013662045688049716,4,0.29729197168187915,0.02210326618854611,4,0.22287364189061817,0.025824657953100585,4,0.07016450552820638,0.023416473314354688,4,0.08874893220865054,0.013077532313387465,4,0.9272557646036148,0.09783253450569937,4,20.75,4.645786621588784,4,0.9449657201766968,0.06981382042213027,4,179761.0,0.0,4,3063361.0,0.0,4
random_all_per_seed,all_rows,0.15,0.15,False,False,B3_with_RC_weighted_bcap_8,8.0,0.0002,1e-05,random,conv3_plus,1,938,K562,0.24651997908949852,0.005011223890346173,4,0.3212345018982887,0.007347904473572351,4,0.5052450666232897,0.04257104031153229,4,0.42047044115637494,0.043613289749245415,4,0.25281455740723935,0.04573909099012665,4,0.256631797452077,0.04438076821546591,4,0.7463888823986053,0.04569025800919077,4,0.2768733352422714,0.005433584356325506,4,0.3610105365514755,0.009455073058780144,4,0.36860636488942466,0.05373619435725328,4,0.2471597979401942,0.04298618425172957,4,0.1306199944172577,0.03708158328862859,4,0.13803633617499603,0.03829537376976754,4,0.942532479763031,0.058117112024120635,4,0.2721524015069008,0.011743470032065667,4,0.3561406284570694,0.01593579502412229,4,0.3052999902039134,0.03546282387963206,4,0.22724394967092001,0.04354298801689274,4,0.07855500500549298,0.03174750081692544,4,0.09415129292664798,0.02161699682695229,4,0.9195976555347443,0.10811754770802237,4,21.25,2.9860788111948193,4,0.942532479763031,0.058117112024120635,4,179761.0,0.0,4,3063361.0,0.0,4
random_all_per_seed,all_rows,0.15,0.15,False,False,B3_with_RC_weighted_bcap_8,8.0,0.0002,1e-05,random,conv3_plus,1,938,SKNSH,0.24996140971779823,0.0039552984940196476,4,0.3255476579070091,0.006055644362175963,4,0.4876202112507072,0.04160603692848559,4,0.4100075552754833,0.043845009433761704,4,0.23275130761273072,0.04268980052224736,4,0.2390717671518552,0.039710053877540716,4,0.7664307206869125,0.042644220297917014,4,0.2791662886738777,0.004992520842216767,4,0.36366672068834305,0.007384748940269087,4,0.3506003507680742,0.05888982927148999,4,0.25274657210624635,0.050835048744262167,4,0.11765006989107041,0.03623160273359277,4,0.1255216149524156,0.04087071422370237,4,0.9570367634296417,0.06739973125303853,4,0.27315811067819595,0.01115418437474414,4,0.35694578289985657,0.015215985088526614,4,0.2957395744968763,0.027650733305290002,4,0.22515324187644112,0.04509941165767464,4,0.07449721546468613,0.020104693751336382,4,0.08803531821283367,0.0162824242899034,4,0.923530176281929,0.10392942341292212,4,19.5,3.1091263510296048,4,0.9570367634296417,0.06739973125303853,4,179761.0,0.0,4,3063361.0,0.0,4
random_all_per_seed,all_rows,0.15,0.15,False,False,B3_with_RC_weighted_bcap_8,8.0,0.0002,1e-05,random,conv3_plus,1,1340,HepG2,0.2515593692660332,0.010571225908908854,4,0.3299405574798584,0.014490829862752328,4,0.48615637082975777,0.036225898678632844,4,0.3996606770673576,0.03717437405218319,4,0.23320534869926254,0.03631639973119581,4,0.23733225369966687,0.036159764084220745,4,0.7662224322557449,0.03628935336738952,4,0.2753796726465225,0.006217480737034088,4,0.3593636825680733,0.009415584633418303,4,0.3780518327881569,0.05327021419918654,4,0.2608109348033273,0.046514854200453225,4,0.13849275643606088,0.037928300583003685,4,0.145051475065105,0.03972469968074124,4,0.9118305891752243,0.08111577134224093,4,0.2701253369450569,0.009566801909170196,4,0.35452384501695633,0.013902810189781938,4,0.3126560930104545,0.02095353631678417,4,0.23088053285406082,0.0232174628209575,4,0.08681797067801889,0.01974394942161988,4,0.09808312050969605,0.013098026809764773,4,0.8869191706180573,0.08294345227088873,4,19.0,4.760952285695233,4,0.9118305891752243,0.08111577134224093,4,179761.0,0.0,4,3063361.0,0.0,4
random_all_per_seed,all_rows,0.15,0.15,False,False,B3_with_RC_weighted_bcap_8,8.0,0.0002,1e-05,random,conv3_plus,1,1340,K562,0.25427036359906197,0.006484095706365759,4,0.3325379267334938,0.010236471737765792,4,0.47466181579306704,0.012127613361199104,4,0.38016484860899963,0.023254104812504183,4,0.22113009746780724,0.01164653288799814,4,0.22541414862635056,0.011509195329653416,4,0.7782886624336243,0.01163783216148072,4,0.27504824101924896,0.005990684103530828,4,0.3591749519109726,0.010178682124772371,4,0.38019057772112613,0.056784680497674406,4,0.2569381411653418,0.0455330820182205,4,0.13934053804747928,0.041703011087221194,4,0.14696325034234087,0.04156997633465543,4,0.9105194211006165,0.07727007881602055,4,0.2702019140124321,0.010855657934871156,4,0.3533070832490921,0.015444024096399478,4,0.318448450355651,0.02798931489442229,4,0.2406995011928086,0.038125194942486236,4,0.09329915434121391,0.021551332627828896,4,0.10199696684510987,0.017791625046732356,4,0.881088525056839,0.08963362934896578,4,18.25,2.8722813232690143,4,0.9105194211006165,0.07727007881602055,4,179761.0,0.0,4,3063361.0,0.0,4
random_all_per_seed,all_rows,0.15,0.15,False,False,B3_with_RC_weighted_bcap_8,8.0,0.0002,1e-05,random,conv3_plus,1,1340,SKNSH,0.25613781437277794,0.009907126451861481,4,0.33441752940416336,0.014219119598911579,4,0.4648852878497459,0.01897476061162074,4,0.37431138602282304,0.012783459378544432,4,0.21268379949631847,0.019288851521657355,4,0.2163883620143424,0.017413783788458453,4,0.7867286950349808,0.019274445677454916,4,0.2772630304098129,0.005662349531540316,4,0.36127593368291855,0.00872794375990899,4,0.3662883109674673,0.05235563596034462,4,0.2549716933006476,0.03961287232916683,4,0.12934366370735015,0.034987216439286796,4,0.1362229612140091,0.03756836838652655,4,0.9215463250875473,0.08053313376746891,4,0.2709107920527458,0.010774767182760138,4,0.3542215898633003,0.014525926080363743,4,0.3118023433737833,0.021571256245869752,4,0.23261361743586265,0.03540725701514976,4,0.08852661540233708,0.015883844868044967,4,0.09756969065540141,0.01334822388605633,4,0.8854562193155289,0.08518740593349686,4,17.0,2.943920288775949,4,0.9215463250875473,0.08053313376746891,4,179761.0,0.0,4,3063361.0,0.0,4
random_all_per_seed,all_rows,0.15,0.15,False,False,B3_with_RC_weighted_bcap_8,8.0,0.0002,1e-05,random,conv3_plus,1,2011,HepG2,0.2529609687626362,0.003828510334043099,4,0.33017784357070923,0.00571357191723801,4,0.47776703930804554,0.021528605205502677,4,0.3797942492157538,0.019266535378477032,4,0.2265179170742972,0.02186488944462135,4,0.22860895448074633,0.020696366766578548,4,0.7730974555015564,0.02185403349415726,4,0.2746332958340645,0.005309810769540556,4,0.35744160413742065,0.00783065768354979,4,0.3886620873381578,0.04725582951561225,4,0.27111276829852293,0.04329385414036736,4,0.14770726345702614,0.03276854966875051,4,0.1527330532014603,0.036314282937546426,4,0.9072155505418777,0.06133480301835266,4,0.2695113942027092,0.009866840736154129,4,0.3535192161798477,0.013945131458379492,4,0.32167857259914634,0.022773168327983675,4,0.2385353822633402,0.025505835725096456,4,0.0919605310755417,0.02195460512902442,4,0.1038660669661953,0.014671176441455288,4,0.8884309530258179,0.08772705424520763,4,15.75,1.707825127659933,4,0.9072155505418777,0.06133480301835266,4,179761.0,0.0,4,3063361.0,0.0,4
random_all_per_seed,all_rows,0.15,0.15,False,False,B3_with_RC_weighted_bcap_8,8.0,0.0002,1e-05,random,conv3_plus,1,2011,K562,0.25418980047106743,0.005813276207071961,4,0.33167098462581635,0.008389920610299717,4,0.4697565570760957,0.033042494477737216,4,0.37170693401419175,0.03978990094303683,4,0.21940765856590813,0.0329389985209994,4,0.22149007774697063,0.0320014954969564,4,0.780204176902771,0.0329226184365018,4,0.27375297993421555,0.006072392740465284,4,0.3578142523765564,0.008960088344809429,4,0.38691808082959644,0.04977661477178031,4,0.26967382253064176,0.04210313510758051,4,0.14593771255725005,0.03551321286585243,4,0.15156388480646182,0.03795833748652517,4,0.9091712683439255,0.06469197244937556,4,0.2704056352376938,0.011197628531188445,4,0.3537972792983055,0.015263204149933483,4,0.31827815594441755,0.028238631838424347,4,0.23520617129030477,0.04114226408054257,4,0.09068486592534422,0.02514924022633514,4,0.10189904979745854,0.017996073587714188,4,0.8900931179523468,0.09374616936683423,4,14.75,3.593976442141304,4,0.9091712683439255,0.06469197244937556,4,179761.0,0.0,4,3063361.0,0.0,4
random_all_per_seed,all_rows,0.15,0.15,False,False,B3_with_RC_weighted_bcap_8,8.0,0.0002,1e-05,random,conv3_plus,1,2011,SKNSH,0.2543860897421837,0.0032462580673294885,4,0.3322369456291199,0.004767493796021194,4,0.46963500972306155,0.018337161767379394,4,0.3691877610155275,0.02042703405643505,4,0.21689082492546746,0.016519533328900892,4,0.2208092309838424,0.017243792119693815,4,0.7827197909355164,0.016511325911607495,4,0.2756413221359253,0.005491547843333927,4,0.35981594026088715,0.007892622997810237,4,0.3752967834113572,0.048824854938404945,4,0.26516204152248735,0.04216990347269683,4,0.13637634819625086,0.03219628497534412,4,0.14263557548372838,0.03642436557754173,4,0.9193665981292725,0.06326406869598461,4,0.27053454518318176,0.010724155049665354,4,0.3533596396446228,0.01442423762086314,4,0.31955429038523026,0.023460900306115508,4,0.23268448767594235,0.03883683847884428,4,0.09292754094566352,0.017326665399432763,4,0.1025277548859882,0.014891777132996315,4,0.8877111822366714,0.08989961017622299,4,15.0,1.8257418583505538,4,0.9193665981292725,0.06326406869598461,4,179761.0,0.0,4,3063361.0,0.0,4
random_all_per_seed,all_rows,0.15,0.15,False,False,B3_with_RC_weighted_bcap_8,8.0,0.0002,1e-05,random,conv3_plus,1,2681,HepG2,0.25815387815237045,0.0050938960522935025,4,0.3375427946448326,0.006295739289965249,4,0.45484831320338803,0.02567188151058357,4,0.35313876401822974,0.021810380335979127,4,0.20468553670757414,0.021457259834355896,4,0.20738127214918747,0.023383609350073397,4,0.7950178384780884,0.02144924385999664,4,0.2734847590327263,0.005518321200194818,4,0.3565616235136986,0.007834563027653944,4,0.3932469475514945,0.04218123251241892,4,0.27736416755600557,0.04252074478408525,4,0.15196802452405675,0.03019061582304696,4,0.15597760404076788,0.0327202081077515,4,0.8878959715366364,0.05126454292539759,4,0.2684410512447357,0.009958984922549978,4,0.3523263782262802,0.014118873083782657,4,0.326901755085485,0.021657265693342607,4,0.25021287835618833,0.029128589166002878,4,0.09814117860465701,0.019959367584921877,4,0.10721653534595445,0.01417041241221549,4,0.8677941858768463,0.07708266382600515,4,12.0,1.632993161855452,4,0.8878959715366364,0.05126454292539759,4,179761.0,0.0,4,3063361.0,0.0,4
random_all_per_seed,all_rows,0.15,0.15,False,False,B3_with_RC_weighted_bcap_8,8.0,0.0002,1e-05,random,conv3_plus,1,2681,K562,0.2593969404697418,0.0053868873468162805,4,0.33918721973896027,0.006999815981374392,4,0.44686007397657923,0.02604631011889025,4,0.345591122877403,0.027321663275501916,4,0.19695638785707392,0.02210287950901691,4,0.2001927334174609,0.022948617665554324,4,0.8027440756559372,0.022094621216103966,4,0.27306345105171204,0.005486708000130163,4,0.35734987258911133,0.008927560529645327,4,0.3901639949154727,0.04307184903311233,4,0.27029069103699754,0.03819013775433151,4,0.14828932731893105,0.03073381536105782,4,0.15361933106274944,0.033125595639801254,4,0.8919822424650192,0.05717930936137853,4,0.2694246172904968,0.010955092158285043,4,0.3528794050216675,0.015199226393887114,4,0.320280337193448,0.02726195666733022,4,0.2384252302635432,0.03586703885365802,4,0.09549448311184547,0.01908468886644408,4,0.10313690510374729,0.017368284363518262,4,0.8706732988357544,0.08174915381692519,4,11.25,2.6299556396765835,4,0.8919822424650192,0.05717930936137853,4,179761.0,0.0,4,3063361.0,0.0,4
random_all_per_seed,all_rows,0.15,0.15,False,False,B3_with_RC_weighted_bcap_8,8.0,0.0002,1e-05,random,conv3_plus,1,2681,SKNSH,0.25796131789684296,0.0059512737986322515,4,0.3375150188803673,0.0075028056312289575,4,0.45429987134938715,0.031079255840104337,4,0.3562409943433029,0.03367189277742057,4,0.20471924461919921,0.029211353127083638,4,0.2071128132157507,0.028273975348642608,4,0.7949840873479843,0.02920047393118069,4,0.27508287876844406,0.005403188094709855,4,0.3589567244052887,0.007770139056147874,4,0.380048706630402,0.042131856260931695,4,0.2699134387221262,0.04266153705561963,4,0.14058107889825266,0.028564319859862006,4,0.14576833939543526,0.03189960807692096,4,0.8998332023620605,0.05085242958858944,4,0.2703268453478813,0.010862135562024727,4,0.35326459258794785,0.014287888464600777,4,0.3214944566725836,0.02806102825942461,4,0.23775268384885853,0.040164813971703794,4,0.09330881322862536,0.02246495241384813,4,0.10394925165143189,0.01790997903108107,4,0.8724615126848221,0.07843084742194795,4,12.5,3.872983346207417,4,0.8998332023620605,0.05085242958858944,4,179761.0,0.0,4,3063361.0,0.0,4
random_all_per_seed,all_rows,0.15,0.15,False,False,B3_with_RC_weighted_bcap_8,8.0,0.0002,1e-05,random,full,1,134,HepG2,0.2464071922004223,0.03345937890046659,4,0.3224914073944092,0.03948755867685903,4,0.5090302127388154,0.09667007899224242,4,0.4594142781169843,0.10752962715708715,4,0.2394945473090576,0.1168671357509716,4,0.26612058561019847,0.09583139209033258,4,0.7548300921916962,0.11599508533846957,4,0.28865566849708557,0.007127389704851596,4,0.3747641369700432,0.005564523972540325,4,0.29987503809674,0.0429236068049618,4,0.22618867836099893,0.03961127328296943,4,0.062208463666117014,0.055611628818326264,4,0.09130686548938147,0.02535807602951591,4,1.0452441573143005,0.25021630521759397,4,0.2823247089982033,0.013275367777271644,4,0.3709292784333229,0.01800642857777573,4,0.23121169271127812,0.0172392407499996,4,0.20256075401242496,0.018756375851016586,4,0.0009100187477175947,0.024830654336037334,4,0.05368174041264183,0.0079372466083333,4,1.0126629620790482,0.18265364713017823,4,14.75,6.020797289396147,4,1.0452441573143005,0.25021630521759397,4,179761.0,0.0,4,3747661.0,0.0,4
random_all_per_seed,all_rows,0.15,0.15,False,False,B3_with_RC_weighted_bcap_8,8.0,0.0002,1e-05,random,full,1,134,K562,0.25079968199133873,0.038505652524465826,4,0.3259768560528755,0.04672869162690405,4,0.5048141566946953,0.0523826251720671,4,0.45880995087955384,0.04956315396805731,4,0.22978785988628397,0.08525776398001082,4,0.2568952873643144,0.05083050201983215,4,0.7644642889499664,0.08462152449206659,4,0.2868572324514389,0.009695424978042507,4,0.3741660416126251,0.011285787407729486,4,0.30797477424132685,0.03579509684083166,4,0.22803197939620665,0.021011839044385566,4,0.06617394618053826,0.04204715317900337,4,0.09580942828737965,0.02242314046570276,4,1.0424475371837616,0.24996117103781854,4,0.2805919349193573,0.014837416514002225,4,0.3665962964296341,0.020604423097667877,4,0.26590600814954973,0.043143635685717545,4,0.21730378760772098,0.03354817983728387,4,0.023979134568835603,0.0500924773385227,4,0.07210203514516485,0.021233100293245235,4,0.9902908653020859,0.18780303689165262,4,16.75,7.719024117939607,4,1.0424475371837616,0.24996117103781854,4,179761.0,0.0,4,3747661.0,0.0,4
random_all_per_seed,all_rows,0.15,0.15,False,False,B3_with_RC_weighted_bcap_8,8.0,0.0002,1e-05,random,full,1,134,SKNSH,0.2486884519457817,0.029086067901145582,4,0.32286445051431656,0.037925235066623535,4,0.5094494424203307,0.0668691406606023,4,0.4618545736464964,0.07725828030756256,4,0.23963244207014767,0.09059177442514904,4,0.26289234586190147,0.06696693653934006,4,0.7546932250261307,0.08991567374811867,4,0.2932670935988426,0.006437886273379139,4,0.38052015751600266,0.0046435928076421955,4,0.27543895567796406,0.041185002906688625,4,0.22251985135540273,0.04368833397456771,4,0.03266603238099447,0.06793070261030944,4,0.07713877165328542,0.022552144568991593,4,1.076064258813858,0.25311864325769073,4,0.28658293187618256,0.01592629697035452,4,0.3731844052672386,0.019202266709912538,4,0.22967159102346277,0.026777629122328356,4,0.20507802605228106,0.029342551215100987,4,-0.011566721425216475,0.04599716304412342,4,0.05328682078930847,0.012373051403440128,4,1.022270068526268,0.16365312233627305,4,13.5,4.654746681256314,4,1.076064258813858,0.25311864325769073,4,179761.0,0.0,4,3747661.0,0.0,4
random_all_per_seed,all_rows,0.15,0.15,False,False,B3_with_RC_weighted_bcap_8,8.0,0.0002,1e-05,random,full,1,268,HepG2,0.24081432819366455,0.0230570904691468,4,0.3157898113131523,0.03151917500633714,4,0.5296695882535639,0.041499159089715555,4,0.4536884296722546,0.045725241043235894,4,0.27397227254976725,0.04425529388627574,4,0.2818415078745651,0.04348810693775056,4,0.7233186811208725,0.044090176831566213,4,0.2848806753754616,0.00553043137757018,4,0.3705932945013046,0.00611617949081804,4,0.3123339020533481,0.05404080264893951,4,0.22904339146352276,0.04384309202989244,4,0.08349154878524717,0.04188404210792622,4,0.09974277263507668,0.03299714566474689,4,1.0132806450128555,0.17012260802878584,4,0.27826879918575287,0.01040117312718261,4,0.3665505573153496,0.01381418514729271,4,0.2406151668945114,0.015008423882168479,4,0.2094708555002977,0.023551702516265868,4,0.023835448526344172,0.010660768677334561,4,0.05806459813024371,0.007234109797835607,4,0.9858241528272629,0.12692905132731575,4,13.75,4.5,4,1.0132806450128555,0.17012260802878584,4,179761.0,0.0,4,3747661.0,0.0,4
random_all_per_seed,all_rows,0.15,0.15,False,False,B3_with_RC_weighted_bcap_8,8.0,0.0002,1e-05,random,full,1,268,K562,0.25057853013277054,0.032825968055419825,4,0.32553666085004807,0.041771580726222377,4,0.4886528121619963,0.07680032521717597,4,0.40744204390831107,0.07831488624953173,4,0.229956653826847,0.08550889740021564,4,0.24320528829892524,0.07952867434742125,4,0.7671699821949005,0.08518983304847139,4,0.28376587480306625,0.007421805420298108,4,0.3707725703716278,0.010815819190882908,4,0.3131105662050601,0.042835798674322884,4,0.22725977471845518,0.02117204349354536,4,0.08321594221379242,0.034376886213840004,4,0.09941440590530368,0.026985413979297806,4,1.014337196946144,0.17128904236404835,4,0.2777419537305832,0.012346883697483829,4,0.3631749525666237,0.017688423886215422,4,0.27203463127203364,0.04027634580507584,4,0.22489967656310988,0.027274117467195106,4,0.04199326403879791,0.03540041451790593,4,0.07521947863486883,0.020789836650565746,4,0.9673407524824142,0.1269334847273478,4,12.25,6.946221994724902,4,1.014337196946144,0.17128904236404835,4,179761.0,0.0,4,3747661.0,0.0,4
random_all_per_seed,all_rows,0.15,0.15,False,False,B3_with_RC_weighted_bcap_8,8.0,0.0002,1e-05,random,full,1,268,SKNSH,0.2429150640964508,0.028704081605849984,4,0.31697147339582443,0.03801238728932911,4,0.5220181861184127,0.06720374291570357,4,0.45187350496555395,0.06285176164731966,4,0.26927780695381226,0.07127219782126978,4,0.2758902439347677,0.070291921635806,4,0.7279955595731735,0.07100624836646807,4,0.28791771829128265,0.0037436765520973427,4,0.37354785203933716,0.005546301568700577,4,0.2942485816949765,0.05819167980242475,4,0.2290448757298098,0.050453117339469104,4,0.06873610666877819,0.04410368863869093,4,0.0891219315281762,0.03318847409091833,4,1.0294362902641296,0.17300118056972436,4,0.2797648683190346,0.013140556378650293,4,0.3648427873849869,0.016364354371201772,4,0.2489033054642981,0.03018349838616068,4,0.21706118117319462,0.03665285325373152,4,0.03312365173888626,0.027420921661319368,4,0.06263613815217421,0.015370837446760155,4,0.9745946377515793,0.10696376134723906,4,14.5,6.191391873668904,4,1.0294362902641296,0.17300118056972436,4,179761.0,0.0,4,3747661.0,0.0,4
random_all_per_seed,all_rows,0.15,0.15,False,False,B3_with_RC_weighted_bcap_8,8.0,0.0002,1e-05,random,full,1,536,HepG2,0.24634545668959618,0.022878399657373302,4,0.3206642046570778,0.027305566909440516,4,0.5165090137875499,0.05919087756650376,4,0.4378108880477286,0.04275364994083111,4,0.2651833769602164,0.06483146029849862,4,0.269409231314107,0.0625500412180899,4,0.7334457635879517,0.0647105691558604,4,0.28323549032211304,0.00654066216540629,4,0.36804933845996857,0.007839110679401157,4,0.330827158996966,0.05862728114920555,4,0.23570061006191942,0.039702250749948736,4,0.09631133673843889,0.03615915527574017,4,0.11202447770121482,0.038098915301162384,4,0.9729641526937485,0.10756276680802138,4,0.27728839218616486,0.009428460807125245,4,0.36493952572345734,0.012725839351855957,4,0.25701242341120134,0.0177570152075981,4,0.2214671738547524,0.02107064723143332,4,0.03225543025126054,0.009751410845283373,4,0.06629186947951078,0.008976348510704717,4,0.9546902030706406,0.09489501359937927,4,10.25,3.403429642777023,4,0.9729641526937485,0.10756276680802138,4,179761.0,0.0,4,3747661.0,0.0,4
random_all_per_seed,all_rows,0.15,0.15,False,False,B3_with_RC_weighted_bcap_8,8.0,0.0002,1e-05,random,full,1,536,K562,0.25480013713240623,0.033836512104572426,4,0.32892482727766037,0.04003516852879761,4,0.472049613097535,0.12399887299422704,4,0.39472107338726037,0.12002310991533414,4,0.22426981451199984,0.13457869181173948,4,0.23436262760341137,0.12828444240704348,4,0.7742830216884613,0.13432765469833347,4,0.28185953199863434,0.008253360402605858,4,0.3681013435125351,0.012806775264852199,4,0.32351655804786417,0.06397485398616218,4,0.2372694353034797,0.03717029917845406,4,0.09631422344070306,0.04295020597488509,4,0.10773254978805012,0.043820891056452975,4,0.9732841402292252,0.11426526796670433,4,0.2760302647948265,0.012257758253065021,4,0.36038678139448166,0.017435849491491195,4,0.2826838696190823,0.051695035618113096,4,0.23800415188000046,0.0400523293852051,4,0.056743440288035546,0.03035644121195575,4,0.0819144526734868,0.029682793795756356,4,0.9317135810852051,0.11220845604794655,4,9.0,8.286535263104035,4,0.9732841402292252,0.11426526796670433,4,179761.0,0.0,4,3747661.0,0.0,4
random_all_per_seed,all_rows,0.15,0.15,False,False,B3_with_RC_weighted_bcap_8,8.0,0.0002,1e-05,random,full,1,536,SKNSH,0.24228666350245476,0.02528637944535425,4,0.31519749015569687,0.030703986898497113,4,0.542228755805884,0.06478468140539913,4,0.47536194204088794,0.05713368423297324,4,0.2904423372731224,0.07304315720402287,4,0.2971598148313963,0.06948140972366539,4,0.7082339227199554,0.07290691116244852,4,0.2849954515695572,0.00408968907253206,4,0.37025971710681915,0.006973805127663193,4,0.32160531430364875,0.05743939880302657,4,0.23996042810215396,0.05013851328675469,4,0.08545374043692527,0.033396850263642384,4,0.10590444158948853,0.035219946204241404,4,0.9845302999019623,0.10613583648281011,4,0.2782582938671112,0.010152523283479481,4,0.36370113492012024,0.014397278235923967,4,0.26874998180076226,0.029522287648650787,4,0.22887810343852133,0.035749741855899034,4,0.03903742930092252,0.014397366909618544,4,0.07288022681891732,0.01643374622388598,4,0.9479473531246185,0.09390701471529712,4,12.75,4.112987559751022,4,0.9845302999019623,0.10613583648281011,4,179761.0,0.0,4,3747661.0,0.0,4
random_all_per_seed,all_rows,0.15,0.15,False,False,B3_with_RC_weighted_bcap_8,8.0,0.0002,1e-05,random,full,1,938,HepG2,0.24240496382117271,0.008611671938745095,4,0.3178815096616745,0.010288352484338159,4,0.5202596636548934,0.04698748649372462,4,0.42655769827321266,0.024973387029984175,4,0.26823629690579054,0.05198754637238194,4,0.27232598554155124,0.050465890516458695,4,0.7309835404157639,0.05193213202138846,4,0.28053068369627,0.0068401014496967645,4,0.36476198583841324,0.008465786689683005,4,0.347019250190691,0.05949681984136415,4,0.24339249017546144,0.05330612881883337,4,0.11230465929010172,0.0396140240343056,4,0.12307726368133623,0.04070348005700885,4,0.9627394676208496,0.06826209268386083,4,0.27463534474372864,0.00956601241574756,4,0.360721655189991,0.01302984422506828,4,0.2784408882484282,0.014540586175835942,4,0.22475210389252323,0.01962669668746094,4,0.054528922425898685,0.013662349600525557,4,0.07768789973332639,0.007892779131687172,4,0.9429937303066254,0.09954797070745436,4,10.0,2.160246899469287,4,0.9627394676208496,0.06826209268386083,4,179761.0,0.0,4,3747661.0,0.0,4
random_all_per_seed,all_rows,0.15,0.15,False,False,B3_with_RC_weighted_bcap_8,8.0,0.0002,1e-05,random,full,1,938,K562,0.24845616146922112,0.013114112433061372,4,0.3240051195025444,0.019586734752428215,4,0.4908817402639301,0.0671462571117225,4,0.40603144734444807,0.03973986556452308,4,0.24079822396237388,0.06363100960872729,4,0.2443463478076297,0.06250493570978709,4,0.7583923786878586,0.06356314343643155,4,0.2779431566596031,0.007130582942772626,4,0.36439722776412964,0.012361932067837578,4,0.35032947603631287,0.05964779304861878,4,0.24335855915237037,0.038744758846715535,4,0.11440412094395924,0.0413537411319041,4,0.12539913619155563,0.04069412064522219,4,0.9600384533405304,0.060244036772900925,4,0.27341724932193756,0.011822359681509067,4,0.3567477837204933,0.016198373736288275,4,0.29940016889921417,0.0348122413394837,4,0.23976739979396602,0.028564586844052886,4,0.07564600049973225,0.022448392117112134,4,0.09054938024718683,0.0210181360931994,4,0.9233665466308594,0.116464002670736,4,9.25,3.095695936834452,4,0.9600384533405304,0.060244036772900925,4,179761.0,0.0,4,3747661.0,0.0,4
random_all_per_seed,all_rows,0.15,0.15,False,False,B3_with_RC_weighted_bcap_8,8.0,0.0002,1e-05,random,full,1,938,SKNSH,0.2395203672349453,0.01305923390913509,4,0.31372150778770447,0.016349201948765473,4,0.5358459043822715,0.0798254835380017,4,0.4558866379214853,0.0700201919948409,4,0.28582130650209003,0.0847178764859725,4,0.29190991410981126,0.0847602635892934,4,0.7134173065423965,0.08462756616589431,4,0.2826203480362892,0.005303657645674782,4,0.3674639165401459,0.007582573452369121,4,0.33375434391671277,0.058132732003637604,4,0.24192883579290153,0.04018182818445204,4,0.09923986522554185,0.03353234338030601,4,0.11392652298093044,0.03800838616408015,4,0.9768545627593994,0.06322008526580454,4,0.2766963541507721,0.010960546693849044,4,0.36088843643665314,0.014290587816794828,4,0.28020927941292995,0.028455411744066843,4,0.2274033104372095,0.037253735023518926,4,0.05377156787807286,0.01986868216035443,4,0.07912452311225675,0.016239135505267975,4,0.9436165690422058,0.09834962504718153,4,11.0,3.559026084010437,4,0.9768545627593994,0.06322008526580454,4,179761.0,0.0,4,3747661.0,0.0,4
random_all_per_seed,all_rows,0.15,0.15,False,False,B3_with_RC_weighted_bcap_8,8.0,0.0002,1e-05,random,full,1,1340,HepG2,0.2473967745900154,0.011686704965017523,4,0.3250972256064415,0.014678829108650465,4,0.5082323024940887,0.029407329287110727,4,0.3998812029058966,0.012054316940391843,4,0.25577105129671496,0.030760337406435204,4,0.25894866656029325,0.02986846315492407,4,0.7436735481023788,0.030737367726699487,4,0.27801308780908585,0.007133004870533721,4,0.36267463117837906,0.00945620432389563,4,0.3627096164399146,0.056221750045623374,4,0.256643761482964,0.03838863471082644,4,0.12247200980959805,0.040649237094020754,4,0.1339289297416344,0.04044206027655102,4,0.928625762462616,0.08142848959010353,4,0.27336349338293076,0.008585996789069012,4,0.3590535968542099,0.012882172716443898,4,0.2915029517256662,0.018436389363297823,4,0.2292522522351488,0.022754860014967866,4,0.06322663742406578,0.014318906483923886,4,0.0852288962043424,0.010623288207642098,4,0.9097454100847244,0.08317017986108509,4,9.0,1.414213562373095,4,0.928625762462616,0.08142848959010353,4,179761.0,0.0,4,3747661.0,0.0,4
random_all_per_seed,all_rows,0.15,0.15,False,False,B3_with_RC_weighted_bcap_8,8.0,0.0002,1e-05,random,full,1,1340,K562,0.2509278655052185,0.014374083168198585,4,0.3280690163373947,0.019982459962123358,4,0.4927802784060059,0.048621230917609275,4,0.3888975923812398,0.026273359047050963,4,0.24243929257428404,0.046838448785022316,4,0.24460542085785827,0.04580738771152114,4,0.7569953948259354,0.04680353263738597,4,0.27633336931467056,0.007923072874781046,4,0.36212341487407684,0.012540240693740053,4,0.3669586826746981,0.06000171811100225,4,0.251192506346809,0.03676684863522829,4,0.1252197670737657,0.046965061278950546,4,0.13735882942255392,0.04295295113215253,4,0.9256783872842789,0.08520618796800104,4,0.2722415402531624,0.012146693337442113,4,0.3556493818759918,0.017076549696458575,4,0.31087469674575696,0.03226354343274544,4,0.24140444809973288,0.028606733072860976,4,0.08136742935086394,0.028769915410758514,4,0.09742377925289383,0.02004047910153591,4,0.8932681381702423,0.10061994114864288,4,8.75,2.6299556396765835,4,0.9256783872842789,0.08520618796800104,4,179761.0,0.0,4,3747661.0,0.0,4
random_all_per_seed,all_rows,0.15,0.15,False,False,B3_with_RC_weighted_bcap_8,8.0,0.0002,1e-05,random,full,1,1340,SKNSH,0.251063447445631,0.010404168756037623,4,0.32801974564790726,0.014580751667970493,4,0.4957328551085459,0.02654602479107527,4,0.40747484415203905,0.018602416927919557,4,0.24241367772325392,0.027184890735686848,4,0.24627958220822688,0.02621800602236147,4,0.75702103972435,0.027164637716055425,4,0.28044282644987106,0.005825990694889826,4,0.36519166827201843,0.008459717095469853,4,0.3456201032307441,0.050285769635672495,4,0.2475298788429172,0.03624598502182911,4,0.11039204058169438,0.033938336355981924,4,0.12134974972811914,0.03391808223010307,4,0.9416298270225525,0.08166781808170584,4,0.2736208587884903,0.011253092123386798,4,0.35796359181404114,0.015058571921949525,4,0.293287610850584,0.025565659922135976,4,0.2342403877243294,0.03860121432343053,4,0.06913983480679872,0.022325146911953437,4,0.08650782490388434,0.015040710183821752,4,0.9043586701154709,0.08899378304646942,4,8.5,1.0,4,0.9416298270225525,0.08166781808170584,4,179761.0,0.0,4,3747661.0,0.0,4
random_all_per_seed,all_rows,0.15,0.15,False,False,B3_with_RC_weighted_bcap_8,8.0,0.0002,1e-05,random,full,1,2011,HepG2,0.25058069080114365,0.0049438540537363905,4,0.3278879225254059,0.007558979634984007,4,0.4895995837190402,0.014585563384490168,4,0.3764489118237917,0.013733312617777172,4,0.23746141696698553,0.014941004929960559,4,0.23986730637228967,0.014187149233750244,4,0.7621593922376633,0.014933581795041003,4,0.27570873498916626,0.006342199615538117,4,0.35990267992019653,0.008629251966258461,4,0.37641892773572433,0.04887983114731242,4,0.26702329756312426,0.037814033692735914,4,0.13597393948935613,0.033756700140574886,4,0.1434831375774548,0.03598174656089843,4,0.9197109192609787,0.06274046890810245,4,0.2702074274420738,0.008807189764383399,4,0.3550962880253792,0.013334701131557353,4,0.314488800087494,0.01974858440550284,4,0.240906060123967,0.02173767181445029,4,0.083839675608223,0.014776125827350746,4,0.09919571031998772,0.012220826167263131,4,0.8963068872690201,0.08700600743234622,4,7.0,0.816496580927726,4,0.9197109192609787,0.06274046890810245,4,179761.0,0.0,4,3747661.0,0.0,4
random_all_per_seed,all_rows,0.15,0.15,False,False,B3_with_RC_weighted_bcap_8,8.0,0.0002,1e-05,random,full,1,2011,K562,0.24919325858354568,0.006390131888586414,4,0.3256262466311455,0.009442827672846805,4,0.4992936313388802,0.025870060500128165,4,0.3845439049955044,0.02418298677074432,4,0.24790710107463926,0.025301312764659672,4,0.24979607531827583,0.025825642470141515,4,0.7517189085483551,0.025288724016405358,4,0.2750297635793686,0.0065443565945055675,4,0.3604034259915352,0.010669715708007815,4,0.3765088933518631,0.05178677535779021,4,0.25797245031711835,0.03328107382241024,4,0.1335421588520474,0.040408797846940306,4,0.14377034934951333,0.03835061087373552,4,0.9223694801330566,0.06889459569670069,4,0.27047139406204224,0.010691050814818023,4,0.3537057042121887,0.01566438109830209,4,0.32386414318984785,0.02937165055690588,4,0.24790708926546023,0.025599829158875598,4,0.09127775751143008,0.021725380576633996,4,0.10553500363642201,0.01867977143768063,4,0.8898520469665527,0.09828179830703831,4,7.5,1.2909944487358058,4,0.9223694801330566,0.06889459569670069,4,179761.0,0.0,4,3747661.0,0.0,4
random_all_per_seed,all_rows,0.15,0.15,False,False,B3_with_RC_weighted_bcap_8,8.0,0.0002,1e-05,random,full,1,2011,SKNSH,0.2478807345032692,0.007717283310577389,4,0.3243444189429283,0.01050077658223456,4,0.5047779278991759,0.03728814458518443,4,0.40150725515746555,0.02895800552136563,4,0.2534948083037081,0.03844992057892613,4,0.2558435607891398,0.03780209229113536,4,0.7461339682340622,0.03843075478464971,4,0.2781730219721794,0.005147671427061377,4,0.3630072921514511,0.0077662041301138586,4,0.36129182226796414,0.04653692277663035,4,0.25821598293610837,0.03235851909216434,4,0.12107906644919672,0.02880453484602382,4,0.13215604472384473,0.033103066553784935,4,0.9356239587068558,0.06151757142318447,4,0.2718256860971451,0.010156875855434695,4,0.3551006093621254,0.01362327107087807,4,0.3150156733194913,0.02034366330077462,4,0.23992703959838477,0.036553690779059525,4,0.08389836396194181,0.011542518957204482,4,0.09954527291430393,0.012747293719509082,4,0.8962706178426743,0.08642101145765575,4,7.75,1.7078251276599332,4,0.9356239587068558,0.06151757142318447,4,179761.0,0.0,4,3747661.0,0.0,4
random_all_per_seed,all_rows,0.15,0.15,False,False,B3_with_RC_weighted_bcap_8,8.0,0.0002,1e-05,random,full,1,2681,HepG2,0.25034501031041145,0.0034468682012858934,4,0.32862161099910736,0.003860726660699628,4,0.49745834540517136,0.02649120020435146,4,0.3803503099568929,0.02247400010331022,4,0.24593497784874221,0.02547770275911228,4,0.24799114317945103,0.02630137437028286,4,0.7537837326526642,0.025468186628743235,4,0.275058388710022,0.005496182334395713,4,0.3589920252561569,0.008357921827979373,4,0.3840820014943699,0.04056190576728124,4,0.2732976588737305,0.033943789967846326,4,0.14045750776895544,0.02856934942247114,4,0.14875293502152648,0.0307843609885435,4,0.9000946879386902,0.054146444614141816,4,0.2697664871811867,0.00864504313335845,4,0.35462815314531326,0.013009399179669126,4,0.32170862894316377,0.025684893847836093,4,0.24541898959608766,0.025959658623612814,4,0.08614614535384471,0.018908308415916668,4,0.10399122726547116,0.016254651672373308,4,0.8788798600435257,0.07181743750339929,4,7.0,1.632993161855452,4,0.9000946879386902,0.054146444614141816,4,179761.0,0.0,4,3747661.0,0.0,4
random_all_per_seed,all_rows,0.15,0.15,False,False,B3_with_RC_weighted_bcap_8,8.0,0.0002,1e-05,random,full,1,2681,K562,0.24919139966368675,0.01011318305900704,4,0.32700732350349426,0.011725747088580646,4,0.5046013885904058,0.041843188607761254,4,0.3915807993844606,0.042462928591532285,4,0.25331702923218424,0.04363821757858647,4,0.25593570069201427,0.04300155027392207,4,0.7464044541120529,0.04362198432348387,4,0.2743832990527153,0.006131349410244972,4,0.358874149620533,0.009401384093914247,4,0.3835405307492013,0.04702959675181889,4,0.265936522503535,0.03604857366800895,4,0.140921886840332,0.03531932106760413,4,0.14876217595535804,0.035082727143332056,4,0.899657353758812,0.05981554086713737,4,0.27027764916419983,0.01101771579815835,4,0.35397031158208847,0.015660498467186923,4,0.3259604960744986,0.028602871180140748,4,0.24565685591772626,0.03250128753817167,4,0.0898446995012771,0.025705345273973973,4,0.10686383818094403,0.018351721539945538,4,0.8761996030807495,0.08501683856137883,4,7.5,2.516611478423583,4,0.899657353758812,0.05981554086713737,4,179761.0,0.0,4,3747661.0,0.0,4
random_all_per_seed,all_rows,0.15,0.15,False,False,B3_with_RC_weighted_bcap_8,8.0,0.0002,1e-05,random,full,1,2681,SKNSH,0.2497459352016449,0.006381548892024022,4,0.327678844332695,0.00709898198533834,4,0.5040539042071206,0.020028942041622307,4,0.3935810857646711,0.020919186857147398,4,0.25051561402012346,0.022186522980899962,4,0.25437120723592116,0.020292465303035995,4,0.7492048442363739,0.022178276113316433,4,0.2770305871963501,0.0055338015388978305,4,0.361754909157753,0.007987690622474142,4,0.36822946397914597,0.04064737509759915,4,0.2598951422762559,0.032995828984905204,4,0.12716879836092068,0.027920022831564074,4,0.13683209496911283,0.02935982086204394,4,0.9139305055141449,0.05237291335841291,4,0.2709492817521095,0.010820986792138493,4,0.3543735668063164,0.014465132368658783,4,0.3215582482931995,0.018215055150530124,4,0.24387741922369002,0.03410958121008315,4,0.08770020948297597,0.01804799281685474,4,0.10364854822099358,0.01149781800801234,4,0.8779037147760391,0.07879814173196661,4,7.25,0.9574271077563381,4,0.9139305055141449,0.05237291335841291,4,179761.0,0.0,4,3747661.0,0.0,4
random_all_per_seed,all_rows,0.15,0.15,False,False,B3_with_RC_weighted_bcap_8,8.0,0.0002,0.0001,random,branched_only,1,134,HepG2,0.27094996720552444,0.033212054903121936,4,0.34966782480478287,0.04032990791710585,4,0.3613083977677517,0.06869279676461973,4,0.32180396259864963,0.07810850446413042,4,0.10929413017911763,0.08548307730634645,4,0.13408278354300887,0.049735431541328735,4,0.8840588927268982,0.08484511241727587,4,0.28602948039770126,0.005747647565302824,4,0.3721141144633293,0.005842729650577107,4,0.30035676048071325,0.04146440960584829,4,0.22368489902531968,0.03913873902942902,4,0.07591034201357505,0.043213980066071196,4,0.0915036565144397,0.023962480544374283,4,1.0322328507900238,0.25844879162051765,4,0.2793705016374588,0.010878049015700404,4,0.3679419606924057,0.015724991275394555,4,0.22943036596817062,0.013743063758302311,4,0.1993298440535783,0.020592794853295217,4,0.01668292512071337,0.01525637818658909,4,0.052779946679387284,0.006281797402752891,4,0.9962364137172699,0.17635401443993615,4,23.75,19.397164741270824,4,1.0322328507900238,0.25844879162051765,4,179761.0,0.0,4,179761.0,0.0,4
random_all_per_seed,all_rows,0.15,0.15,False,False,B3_with_RC_weighted_bcap_8,8.0,0.0002,0.0001,random,branched_only,1,134,K562,0.27581409737467766,0.03079800846064904,4,0.354370653629303,0.03916014621191884,4,0.3362235936980855,0.039093631773779405,4,0.3029089584372546,0.08233665097616438,4,0.08638216636492177,0.049528105546712414,4,0.11419253899320321,0.025040447705231686,4,0.9067998230457306,0.049158547739375856,4,0.28417596966028214,0.00818644149948072,4,0.3706196919083595,0.012510405857445419,4,0.31025121369621156,0.032890397444061234,4,0.23106695754956053,0.02062543319491506,4,0.08426381188099591,0.030718161200430402,4,0.09706714928299355,0.020412798326115172,4,1.0251134037971497,0.2606253798923288,4,0.27616237848997116,0.011986093970302638,4,0.36139462143182755,0.016844528043018902,4,0.2708360240542544,0.03543323863077096,4,0.22740620413678886,0.026924586886070426,4,0.051358994136876,0.029641271961610864,4,0.07429378772541553,0.018186197478939514,4,0.9623746275901794,0.17834325557062786,4,24.0,14.165686240583852,4,1.0251134037971497,0.2606253798923288,4,179761.0,0.0,4,179761.0,0.0,4
random_all_per_seed,all_rows,0.15,0.15,False,False,B3_with_RC_weighted_bcap_8,8.0,0.0002,0.0001,random,branched_only,1,134,SKNSH,0.26902880519628525,0.02983941120698712,4,0.34848641604185104,0.04022963704707827,4,0.38397660597212363,0.04889365229938163,4,0.3450071220605718,0.08647647808706309,4,0.1154586649811053,0.08336717057184269,4,0.1492309758602511,0.03814246992261716,4,0.8779402822256088,0.08274504737832562,4,0.289269357919693,0.0052875359544533335,4,0.3762795776128769,0.007100458853404463,4,0.27991473984329873,0.03676392305958694,4,0.22523628938106421,0.038738556338283804,4,0.0553681966972375,0.038412246823424326,4,0.07936595111059003,0.020433734710906683,4,1.0568041503429413,0.272418895626358,4,0.28333306312561035,0.014665038741257842,4,0.3700186386704445,0.017277454854379082,4,0.23385054475997272,0.03162825522083225,4,0.20940483022260045,0.031903075287973225,4,0.00489321293085429,0.053270383267465346,4,0.05543633718077158,0.015097464709844135,4,1.0071952044963837,0.1736408319903794,4,33.0,26.14064523559687,4,1.0568041503429413,0.272418895626358,4,179761.0,0.0,4,179761.0,0.0,4
random_all_per_seed,all_rows,0.15,0.15,False,False,B3_with_RC_weighted_bcap_8,8.0,0.0002,0.0001,random,branched_only,1,268,HepG2,0.26748932152986526,0.021629534912912977,4,0.3463938906788826,0.031189165020690413,4,0.3701288713423685,0.037954532546551845,4,0.3165094827478567,0.059280600474243265,4,0.12554018413732665,0.04557695831094302,4,0.138075791306796,0.027928675063880845,4,0.8711968660354614,0.045406917436435074,4,0.2820928990840912,0.008624030640386034,4,0.36708707362413406,0.00967486399826376,4,0.323753967111769,0.06698860588119644,4,0.231822935343583,0.042857606892657066,4,0.10083439834902555,0.04608812017799692,4,0.10818223620903812,0.04504802276246582,4,0.9928472191095352,0.1561593875125637,4,0.27540820091962814,0.0123017775112558,4,0.3618435636162758,0.017834983239579497,4,0.25651823531573353,0.038343219141088306,4,0.2196890187936764,0.01336023328341961,4,0.04906882327901821,0.03492325316510778,4,0.06690425689007419,0.02067558027083235,4,0.9580063074827194,0.10149605015253212,4,32.5,26.13426869074396,4,0.9928472191095352,0.1561593875125637,4,179761.0,0.0,4,179761.0,0.0,4
random_all_per_seed,all_rows,0.15,0.15,False,False,B3_with_RC_weighted_bcap_8,8.0,0.0002,0.0001,random,branched_only,1,268,K562,0.26825401186943054,0.023189184836057242,4,0.34620867669582367,0.03259765385830805,4,0.37485845139577934,0.028427898652237122,4,0.3109727359471182,0.056145762645970446,4,0.1274399676598224,0.02993420578490789,4,0.14112496764917826,0.02195903686393426,4,0.8693041950464249,0.02982253281898595,4,0.28076641261577606,0.008634567288909536,4,0.3674389347434044,0.013223962773446547,4,0.3254072687897295,0.057918147519900404,4,0.23977109862491192,0.03658047379951054,4,0.09977562108103516,0.038349195956386986,4,0.10840577444029396,0.03947817124762667,4,0.9957311600446701,0.16665390849839068,4,0.2744842618703842,0.011410229408690992,4,0.35992858558893204,0.015941696250050586,4,0.27455128980794696,0.033616162837014504,4,0.23365599810029156,0.029088001283420727,4,0.05890499742360475,0.028954534233413955,4,0.07622594553812079,0.01778005337772988,4,0.9495181441307068,0.11474764356319339,4,33.0,26.115129714401192,4,0.9957311600446701,0.16665390849839068,4,179761.0,0.0,4,179761.0,0.0,4
random_all_per_seed,all_rows,0.15,0.15,False,False,B3_with_RC_weighted_bcap_8,8.0,0.0002,0.0001,random,branched_only,1,268,SKNSH,0.26488636434078217,0.021643348372154522,4,0.34153594076633453,0.030063959139968822,4,0.40327491329675436,0.030873194907090732,4,0.33603153308362044,0.05644908139995296,4,0.15001472073339414,0.031176697286513896,4,0.16334552131733315,0.024032661500493775,4,0.8468137085437775,0.031060432917417616,4,0.2829730436205864,0.006430418273803552,4,0.36893151700496674,0.00958548337688906,4,0.3153698006442831,0.051113252230407,4,0.2376146123929354,0.0389659883598752,4,0.0921468941328614,0.03544552761483007,4,0.10141753457359179,0.03188393338514731,4,1.0040072053670883,0.1679351659713041,4,0.27729588747024536,0.013360819197915806,4,0.36254093050956726,0.017545234799160543,4,0.25646552184749716,0.050655118044359806,4,0.22131193264994725,0.04500023933321518,4,0.04505878272698938,0.044397556998466134,4,0.06769901963457506,0.02592630877577875,4,0.9623826891183853,0.10824117867008387,4,50.5,30.005555041247497,4,1.0040072053670883,0.1679351659713041,4,179761.0,0.0,4,179761.0,0.0,4
random_all_per_seed,all_rows,0.15,0.15,False,False,B3_with_RC_weighted_bcap_8,8.0,0.0002,0.0001,random,branched_only,1,536,HepG2,0.26803188771009445,0.018400152312031542,4,0.34490224719047546,0.0230205774882554,4,0.40279843353709854,0.05835662794655497,4,0.3428180348320783,0.06361496485058257,4,0.14891307444658236,0.0661377974311119,4,0.1648007000789099,0.04406737741822883,4,0.8494991511106491,0.06601443004949108,4,0.2804213613271713,0.009258213667792859,4,0.3641887903213501,0.011698705431498558,4,0.3416857655311045,0.04767760479406702,4,0.23829576510090242,0.033874182435932015,4,0.11551463788091368,0.035999771168222505,4,0.11845402786575136,0.03394402129876708,4,0.9529198855161667,0.11244157670393508,4,0.2737572267651558,0.010838793667015543,4,0.3596808761358261,0.015363412204871564,4,0.2802605225099082,0.036911121649344354,4,0.23105436628918036,0.02523252294743909,4,0.059880635260555454,0.03782604257126389,4,0.07956778365358626,0.02024474135747679,4,0.9273648858070374,0.09691314559071029,4,31.0,20.412414523193153,4,0.9529198855161667,0.11244157670393508,4,179761.0,0.0,4,179761.0,0.0,4
random_all_per_seed,all_rows,0.15,0.15,False,False,B3_with_RC_weighted_bcap_8,8.0,0.0002,0.0001,random,branched_only,1,536,K562,0.26734595745801926,0.0159819801208771,4,0.3441063389182091,0.02088388730876955,4,0.40788526160929217,0.045307291293792636,4,0.3355313547056094,0.06777846632449412,4,0.15279754464656367,0.05667964596892174,4,0.16790994962136613,0.036274053283131505,4,0.8456219434738159,0.05657394792527958,4,0.28062936663627625,0.009182895529001023,4,0.36574936658143997,0.014874129856193867,4,0.3342796760378731,0.05389630479605263,4,0.23734345574221138,0.03044930542457959,4,0.10809923517205419,0.04279984072450759,4,0.11392151056498714,0.03792018069543222,4,0.9613182246685028,0.12043080021230242,4,0.2738332897424698,0.011952684363182947,4,0.359028697013855,0.016150947110228905,4,0.28740907667662635,0.036318921311664344,4,0.2416412958564026,0.030448853707433277,4,0.06343170877854482,0.037311243381144756,4,0.08359327539004305,0.02057411806971816,4,0.924628496170044,0.1066174282541371,4,30.0,22.553639765383032,4,0.9613182246685028,0.12043080021230242,4,179761.0,0.0,4,179761.0,0.0,4
random_all_per_seed,all_rows,0.15,0.15,False,False,B3_with_RC_weighted_bcap_8,8.0,0.0002,0.0001,random,branched_only,1,536,SKNSH,0.2648354209959507,0.016136295679894597,4,0.3403891548514366,0.019880973918511617,4,0.42077847478475244,0.06008229653479106,4,0.360685234914923,0.07552315394701156,4,0.17093084697660763,0.05346913599920139,4,0.17976193660985348,0.04778178545403042,4,0.8275225013494492,0.05336941313530775,4,0.2814390957355499,0.007851471950742758,4,0.3658931255340576,0.012386661801011986,4,0.3329138814078703,0.037356351605,4,0.24009293585398,0.02890314646507095,4,0.10749334937437002,0.029199576234989255,4,0.11187827518798082,0.026065004752803378,4,0.9624333828687668,0.11970181019197622,4,0.2754431813955307,0.012953724417132731,4,0.3596923276782036,0.016210757339425425,4,0.27444176844744683,0.05597841684113309,4,0.22149684880584247,0.050763852505142565,4,0.0596597526078958,0.04729582548208105,4,0.07766847163259175,0.02945563891345338,4,0.9277614802122116,0.10273447388920776,4,44.0,27.784887978899608,4,0.9624333828687668,0.11970181019197622,4,179761.0,0.0,4,179761.0,0.0,4
random_all_per_seed,all_rows,0.15,0.15,False,False,B3_with_RC_weighted_bcap_8,8.0,0.0002,0.0001,random,branched_only,1,938,HepG2,0.2580435015261173,0.008963692223050585,4,0.3348870202898979,0.012295679317918664,4,0.4383783210935237,0.023677545993750323,4,0.36394191508690654,0.01774856453581382,4,0.18945008743858077,0.020992128951206526,4,0.19259602204299117,0.02080859935349172,4,0.8096858114004135,0.02096974036990827,4,0.27701303362846375,0.005131722308539715,4,0.36167268455028534,0.006922927386579878,4,0.3628963721043798,0.06347124012487772,4,0.2445182559361605,0.06504941841461111,4,0.12719804224692394,0.038103757498546574,4,0.1347152256287629,0.04573719063539108,4,0.9467438757419586,0.0695308073078276,4,0.27092181146144867,0.011319700909514301,4,0.3554711565375328,0.01523047491498149,4,0.29777574958262354,0.03136755146384638,4,0.2228689383644476,0.045321417065773174,4,0.0820864908644702,0.023068104203332697,4,0.0894083395031211,0.018714709556326103,4,0.9160353690385818,0.10493028818887026,4,43.0,14.491376746189438,4,0.9467438757419586,0.0695308073078276,4,179761.0,0.0,4,179761.0,0.0,4
random_all_per_seed,all_rows,0.15,0.15,False,False,B3_with_RC_weighted_bcap_8,8.0,0.0002,0.0001,random,branched_only,1,938,K562,0.2604648172855377,0.0031963824646230616,4,0.33792993426322937,0.005051743243518086,4,0.4198305821707138,0.03314006455141286,4,0.34170798214006476,0.03992226479469894,4,0.17379165859218001,0.028139378727442464,4,0.17708141563465435,0.027569668352184284,4,0.825327530503273,0.028109327968264614,4,0.27609318494796753,0.0043900338495837165,4,0.36135223507881165,0.007829050748605083,4,0.3672608292270672,0.056944114763652076,4,0.25290036083618617,0.04965293911683123,4,0.12892264512386276,0.034401839442678654,4,0.137312490839215,0.0410360798595886,4,0.9448175728321075,0.0657095239424189,4,0.2713802754878998,0.011116560971963431,4,0.3555603176355362,0.015184186989333154,4,0.29299646408613755,0.03638728102129776,4,0.22567636001285374,0.03149315078159592,4,0.08163094249845307,0.022015262911052467,4,0.08683995363207145,0.021154977562943822,4,0.9168232679367065,0.10918179184398094,4,39.75,9.810708435174293,4,0.9448175728321075,0.0657095239424189,4,179761.0,0.0,4,179761.0,0.0,4
random_all_per_seed,all_rows,0.15,0.15,False,False,B3_with_RC_weighted_bcap_8,8.0,0.0002,0.0001,random,branched_only,1,938,SKNSH,0.26011908799409866,0.006515185037871905,4,0.3375376909971237,0.009182286961111438,4,0.42314415871992184,0.025351603384215327,4,0.3573334016062488,0.038090544612661405,4,0.17617641718217925,0.021423226244913652,4,0.17953300690440332,0.021213030790945123,4,0.8229453265666962,0.021400344907441072,4,0.27782100439071655,0.005386233395787067,4,0.3626299351453781,0.008798117301808843,4,0.35746718519983944,0.05592954911810069,4,0.25414496114965335,0.049234042771498725,4,0.12285554864840814,0.03374134690895072,4,0.13012887434311182,0.04002899309821298,4,0.9520043283700943,0.07668528099094095,4,0.27107344567775726,0.010706960512781926,4,0.35518328845500946,0.01486847824551885,4,0.29831708592052053,0.02822527888685322,4,0.22985414588946157,0.03446596873014862,4,0.08361194080606982,0.016596401354738527,4,0.08959058352829172,0.01665646712386094,4,0.9147423058748245,0.10648015602422807,4,48.25,7.182153808805082,4,0.9520043283700943,0.07668528099094095,4,179761.0,0.0,4,179761.0,0.0,4
random_all_per_seed,all_rows,0.15,0.15,False,False,B3_with_RC_weighted_bcap_8,8.0,0.0002,0.0001,random,branched_only,1,1340,HepG2,0.2624679431319237,0.006893268330708231,4,0.3422543779015541,0.010874146959365763,4,0.42157461623850145,0.012083194437767803,4,0.3454173528364092,0.020752187312531253,4,0.1750088963161773,0.010457816840932188,4,0.17783465974750542,0.010212084727846934,4,0.8243754804134369,0.010449991857214687,4,0.27463196218013763,0.006254342157581204,4,0.35905924439430237,0.009244060532051932,4,0.3823300884564973,0.059588589059222756,4,0.2619371071778367,0.0482617258893472,4,0.1398659391718597,0.039941195322675954,4,0.14883939649870473,0.044842270834023,4,0.9102863371372223,0.08083631614305256,4,0.2695149704813957,0.010049634372804504,4,0.35311049222946167,0.014799011550892206,4,0.31210931215988535,0.028075992177799238,4,0.22885403214060823,0.028005889269457226,4,0.09425577605923544,0.01801779364679589,4,0.09800341873949264,0.017467577844184932,4,0.8800403326749802,0.08728688151195677,4,43.25,6.1846584384264895,4,0.9102863371372223,0.08083631614305256,4,179761.0,0.0,4,179761.0,0.0,4
random_all_per_seed,all_rows,0.15,0.15,False,False,B3_with_RC_weighted_bcap_8,8.0,0.0002,0.0001,random,branched_only,1,1340,K562,0.26360539346933365,0.005921006037961397,4,0.34398526698350906,0.009877578649970187,4,0.41179221943810956,0.011327109654247982,4,0.33221217320269936,0.017307027806744056,4,0.16653993525594027,0.009198363786032785,4,0.1696690595496037,0.009298653623145227,4,0.8328381329774857,0.009191477102671064,4,0.2742321044206619,0.006012221246547913,4,0.35874442011117935,0.008821192477752687,4,0.38409964911943306,0.05921723894432477,4,0.2644714887398305,0.052049494135951585,4,0.14136822168992574,0.03902679302809083,4,0.15016255149481356,0.04463209458348583,4,0.9086431711912155,0.07936144056384141,4,0.26953644305467606,0.011177703058989949,4,0.35324347019195557,0.016195532328805762,4,0.3103691725447122,0.03670830687476668,4,0.23191567094106705,0.035801273144440746,4,0.09370485510553175,0.024220812792882473,4,0.09733964811129836,0.022568444910752317,4,0.8809892684221268,0.09442460754485452,4,42.75,5.5,4,0.9086431711912155,0.07936144056384141,4,179761.0,0.0,4,179761.0,0.0,4
random_all_per_seed,all_rows,0.15,0.15,False,False,B3_with_RC_weighted_bcap_8,8.0,0.0002,0.0001,random,branched_only,1,1340,SKNSH,0.2648442015051842,0.004843207102419623,4,0.3454523831605911,0.008423221719711767,4,0.40403547315842014,0.02563942870920087,4,0.33243887206748673,0.02957473893126627,4,0.15916788405232937,0.01810255431467957,4,0.1637376987987491,0.02068948352789829,4,0.8402046859264374,0.018089013848822746,4,0.2757253348827362,0.006746854675947242,4,0.36023642867803574,0.00981458435828158,4,0.3754125050778071,0.05896407086711648,4,0.2619932308588264,0.05185757494220956,4,0.13433149312175224,0.03831713405192201,4,0.14354212020871127,0.04424271211630259,4,0.9167105555534363,0.08817261502562343,4,0.2693472355604172,0.010457002312327789,4,0.3529205322265625,0.015421126928308158,4,0.3135090495116146,0.0321725783007588,4,0.23495786196557222,0.0338241618841273,4,0.09530506509174652,0.019752432587776855,4,0.09906423022156488,0.01968942715497323,4,0.8792631179094315,0.09115615633200268,4,47.0,5.033222956847167,4,0.9167105555534363,0.08817261502562343,4,179761.0,0.0,4,179761.0,0.0,4
random_all_per_seed,all_rows,0.15,0.15,False,False,B3_with_RC_weighted_bcap_8,8.0,0.0002,0.0001,random,branched_only,1,2011,HepG2,0.260929137468338,0.0024818682615393994,4,0.33994390070438385,0.004308088793866313,4,0.4270799207311801,0.012096202366205048,4,0.34278622993408336,0.010332458434001233,4,0.18019348624137602,0.010817397033205872,4,0.18250699727551423,0.01024102196701566,4,0.819398820400238,0.010812038952305331,4,0.27340514957904816,0.006243211894134612,4,0.35747504979372025,0.008387532622884919,4,0.3895262895012899,0.05222143085522438,4,0.2615590287028692,0.041598858125704186,4,0.14749202424534716,0.03601338519131319,4,0.15377603859306796,0.04051311502161486,4,0.9075790196657181,0.0659959935983233,4,0.27017536014318466,0.01020490291273108,4,0.3529503345489502,0.014240135264447245,4,0.3156654859845905,0.02387835824890838,4,0.2300765881541389,0.03311876664334261,4,0.09502932888732576,0.014948705011069605,4,0.10007233103638509,0.01500674741134621,4,0.8856342285871506,0.08928450341655346,4,39.0,7.788880963698615,4,0.9075790196657181,0.0659959935983233,4,179761.0,0.0,4,179761.0,0.0,4
random_all_per_seed,all_rows,0.15,0.15,False,False,B3_with_RC_weighted_bcap_8,8.0,0.0002,0.0001,random,branched_only,1,2011,K562,0.26241541653871536,0.004163838696624766,4,0.34224046766757965,0.006059715354170306,4,0.41361614799818985,0.014877752969995476,4,0.32833029876654846,0.00696007213542212,4,0.1691520302590958,0.013047052307174501,4,0.17124432853493765,0.012264508517633234,4,0.8304348587989807,0.013040543730514982,4,0.27359631657600403,0.006551956483599367,4,0.357843279838562,0.008642181671504585,4,0.38845824230976744,0.05260354088396391,4,0.2647878811404604,0.0442371090640383,4,0.14579973117941578,0.03464820950739232,4,0.15297515540354217,0.04069026008150051,4,0.9094506800174713,0.06652080814292735,4,0.269601933658123,0.010517466471020765,4,0.3529829755425453,0.015180095908535722,4,0.3149287679964883,0.0301172797121581,4,0.23741931652281137,0.03576766747942386,4,0.09493979328123933,0.020056086980515687,4,0.09986041681473122,0.018742627596954886,4,0.8860909193754196,0.09517142355886224,4,36.5,5.916079783099615,4,0.9094506800174713,0.06652080814292735,4,179761.0,0.0,4,179761.0,0.0,4
random_all_per_seed,all_rows,0.15,0.15,False,False,B3_with_RC_weighted_bcap_8,8.0,0.0002,0.0001,random,branched_only,1,2011,SKNSH,0.2607993260025978,0.003705852409653904,4,0.3403126448392868,0.0045538448888407445,4,0.4234680318375602,0.02015450351566104,4,0.3400681427200874,0.015165069949348742,4,0.17833634668095028,0.01757446260310252,4,0.17962982699734903,0.017388569327482235,4,0.8212550431489944,0.017565723454282756,4,0.27370985597372055,0.006415695254170172,4,0.3575863093137741,0.008914786117664325,4,0.389120633734621,0.051110600965805976,4,0.2727040960765512,0.041725891691493315,4,0.14707072250056102,0.034012200565500784,4,0.15337408774634748,0.03977968898631865,4,0.9083373546600342,0.07023664165286468,4,0.26877059042453766,0.01100484971371567,4,0.3516947254538536,0.015062656642611121,4,0.3232342367198794,0.026873693733441225,4,0.2432149003133982,0.039686203286351196,4,0.10154929850584371,0.0184888625567734,4,0.10502201834904214,0.017290785060599452,4,0.8795401602983475,0.09284148775224077,4,51.25,12.093386622447824,4,0.9083373546600342,0.07023664165286468,4,179761.0,0.0,4,179761.0,0.0,4
random_all_per_seed,all_rows,0.15,0.15,False,False,B3_with_RC_weighted_bcap_8,8.0,0.0002,0.0001,random,branched_only,1,2681,HepG2,0.26319341361522675,0.0033050387309443417,4,0.343883752822876,0.004342436199088666,4,0.420587057764468,0.0134412759508176,4,0.33046549069572884,0.012236192103120542,4,0.17459025638317008,0.009701763473285578,4,0.17702897408336146,0.011144302568819825,4,0.825101837515831,0.009698131008712089,4,0.27380257844924927,0.006581877051062544,4,0.35711272805929184,0.008801222260694243,4,0.39251328137901,0.0469009876212518,4,0.2658291750975761,0.040980897873291816,4,0.14938265766816575,0.03166549135514626,4,0.1557164530388045,0.036675941970197024,4,0.8907971829175949,0.05663771961916221,4,0.26874755322933197,0.011188938071662467,4,0.3518800884485245,0.01500931746656727,4,0.32300707634550185,0.027291425684179176,4,0.24076154513590933,0.03676284687214142,4,0.10058151273204022,0.019147576702582193,4,0.10489218780617518,0.017543440140184913,4,0.8657239377498627,0.08071406140010452,4,31.5,6.557438524302,4,0.8907971829175949,0.05663771961916221,4,179761.0,0.0,4,179761.0,0.0,4
random_all_per_seed,all_rows,0.15,0.15,False,False,B3_with_RC_weighted_bcap_8,8.0,0.0002,0.0001,random,branched_only,1,2681,K562,0.26451873779296875,0.0031517282384586867,4,0.3457205593585968,0.004711779913920712,4,0.4104664689844415,0.013054879310796602,4,0.32344332374549956,0.01672499305751316,4,0.1657503885116167,0.01140580543392496,4,0.16861054456592006,0.010825350921862062,4,0.8339383751153946,0.011401509141641506,4,0.2726088613271713,0.0064576375298671974,4,0.35663269460201263,0.00791399110391154,4,0.3920049177254973,0.04899834859751673,4,0.26515348611536704,0.0356017826241179,4,0.15148337248698257,0.035420001163173266,4,0.1554684841449367,0.038286318916439875,4,0.8882957398891449,0.05232643926625872,4,0.26971447467803955,0.011127355410757161,4,0.35329315066337585,0.015551677904057083,4,0.3150450932697779,0.03365835219268056,4,0.2357732439142674,0.039141416312388745,4,0.09335723270081622,0.023294807963124553,4,0.10010307429760797,0.021141545542922923,4,0.8728149831295013,0.0839939662575466,4,30.5,15.631165450257807,4,0.8882957398891449,0.05232643926625872,4,179761.0,0.0,4,179761.0,0.0,4
random_all_per_seed,all_rows,0.15,0.15,False,False,B3_with_RC_weighted_bcap_8,8.0,0.0002,0.0001,random,branched_only,1,2681,SKNSH,0.2646372839808464,0.001983399769166933,4,0.3459598645567894,0.0019435155534221896,4,0.4079401087626071,0.014092115213885875,4,0.3259592573182113,0.011020930144597964,4,0.1645104172190541,0.010203303640806693,4,0.1665640731206488,0.011394519777826009,4,0.8351779580116272,0.010199522635948767,4,0.2739245519042015,0.0063906144532034186,4,0.3580842837691307,0.00913487936473472,4,0.38671635508992547,0.04944248712768334,4,0.26965882000807717,0.039674156832973304,4,0.14472984625323912,0.033415066513863924,4,0.15138295894406567,0.038201840893982396,4,0.8957055658102036,0.058627363969288165,4,0.2694291025400162,0.010666710314200627,4,0.3520824909210205,0.01448301614548405,4,0.3224803484497692,0.026771797255319817,4,0.23840180391170465,0.03564783575398318,4,0.09949014104226997,0.017079114139546,4,0.10453112198249452,0.017224057083332026,4,0.8666174858808517,0.07822194946763496,4,34.0,10.739335795724674,4,0.8957055658102036,0.058627363969288165,4,179761.0,0.0,4,179761.0,0.0,4
random_all_per_seed,all_rows,0.15,0.15,False,False,B3_with_RC_weighted_bcap_8,8.0,0.0002,0.0001,random,conv3_plus,1,134,HepG2,0.22170313820242882,0.030394563198578483,4,0.2970176450908184,0.036390159370969836,4,0.6233512293532574,0.08944782651615334,4,0.5723468044019713,0.10076874986879872,4,0.3548686062251527,0.09949913409657868,4,0.3945674403875652,0.10860655915424706,4,0.640316978096962,0.09875665817772712,4,0.28810079395771027,0.006934641593381765,4,0.3740287199616432,0.005420421304295328,4,0.3068672897772659,0.04479916922870591,4,0.22659359143191954,0.04429266855387335,4,0.06576942651739415,0.05777959032791744,4,0.09567275770793116,0.02692404449258998,4,1.041074350476265,0.2488899365970627,4,0.28213194012641907,0.013135982102351668,4,0.3693893626332283,0.01810582262672308,4,0.24068837112771418,0.015824908367941905,4,0.20603785778615852,0.019129691206010702,4,0.00916239164302629,0.027276271294808092,4,0.05811871278975259,0.007617669582916649,4,1.005177989602089,0.18842297829578322,4,11.75,3.774917217635375,4,1.041074350476265,0.2488899365970627,4,179761.0,0.0,4,3063361.0,0.0,4
random_all_per_seed,all_rows,0.15,0.15,False,False,B3_with_RC_weighted_bcap_8,8.0,0.0002,0.0001,random,conv3_plus,1,134,K562,0.22713345289230347,0.024540297572143897,4,0.30124274641275406,0.03369833342712187,4,0.6015475966297632,0.06660244187766458,4,0.5531345293658736,0.07450191084500564,4,0.33750912674739647,0.07771743514724123,4,0.36518642495909504,0.08203722357815936,4,0.6575469374656677,0.07713753144955374,4,0.2877912148833275,0.009067196292668934,4,0.37473005801439285,0.010829113533414413,4,0.31321992937366694,0.03728209916564774,4,0.2272048366301554,0.0231892588361344,4,0.06292821830301543,0.05211369234897189,4,0.09914919034549281,0.02406398258562152,4,1.0443419516086578,0.2431874071967831,4,0.2797562703490257,0.015457333398814648,4,0.36535732448101044,0.022088003616360475,4,0.27256286336011265,0.04394380574208864,4,0.2238752211540365,0.03611359510299702,4,0.03076105991719219,0.053952658635216096,4,0.07573880803038725,0.022219464972926335,4,0.983256533741951,0.18823875811657548,4,11.25,4.112987559751022,4,1.0443419516086578,0.2431874071967831,4,179761.0,0.0,4,3063361.0,0.0,4
random_all_per_seed,all_rows,0.15,0.15,False,False,B3_with_RC_weighted_bcap_8,8.0,0.0002,0.0001,random,conv3_plus,1,134,SKNSH,0.22144220024347305,0.02532589179060549,4,0.2951899692416191,0.03335399217645089,4,0.6247640678314962,0.07230864145539331,4,0.5862975088588878,0.08287029929450263,4,0.3631246237567,0.08342611107324292,4,0.3942515451752019,0.08866386395733665,4,0.632122591137886,0.08280354255154138,4,0.293414905667305,0.006438122595545755,4,0.38061071187257767,0.004151171086703998,4,0.28362510940531194,0.034477327609283605,4,0.22442882096905173,0.036159719412620625,4,0.0321296830918808,0.06878017094680115,4,0.08133471727448358,0.019669511334662652,4,1.0765365064144135,0.25213604096246495,4,0.2865866646170616,0.014995513641768229,4,0.37271759659051895,0.018430334064422793,4,0.23339001955833716,0.03310741439445486,4,0.20370161390772093,0.03637867191188527,4,-0.00893883578065685,0.037237799487219336,4,0.05529297689535562,0.016077671520311285,4,1.021334633231163,0.17459988737387652,4,11.0,2.7080128015453204,4,1.0765365064144135,0.25213604096246495,4,179761.0,0.0,4,3063361.0,0.0,4
random_all_per_seed,all_rows,0.15,0.15,False,False,B3_with_RC_weighted_bcap_8,8.0,0.0002,0.0001,random,conv3_plus,1,268,HepG2,0.23175228387117386,0.016151976895147357,4,0.30562327802181244,0.024555448937730255,4,0.5866291236723759,0.01719798812192901,4,0.5055945659713584,0.04536336009541543,4,0.3187958530677752,0.020810784161720892,4,0.3443555568372012,0.020020017551650754,4,0.6786623597145081,0.020733123076281654,4,0.28426287323236465,0.004606644713168173,4,0.3694690391421318,0.005252852426882775,4,0.3170784828432277,0.050481990483609886,4,0.22789399754405137,0.04082239465453741,4,0.08902677069474826,0.04064398926539391,4,0.1024500878045535,0.03170047232045428,4,1.0080147981643677,0.17590749676284106,4,0.2768128290772438,0.010353974151385812,4,0.36378683894872665,0.01390870563658558,4,0.24986358008367435,0.016693780083306492,4,0.21086661712221605,0.018192961097772173,4,0.038515542681815285,0.012098866358008917,4,0.0626408203723331,0.008351784737076009,4,0.9712112843990326,0.12731490252158492,4,8.0,0.816496580927726,4,1.0080147981643677,0.17590749676284106,4,179761.0,0.0,4,3063361.0,0.0,4
random_all_per_seed,all_rows,0.15,0.15,False,False,B3_with_RC_weighted_bcap_8,8.0,0.0002,0.0001,random,conv3_plus,1,268,K562,0.23484361171722412,0.0255440993633142,4,0.3079575449228287,0.03488335578201999,4,0.5745001645728649,0.06510383257168596,4,0.4937070801911284,0.07715483542205921,4,0.3096358180360715,0.06880357115749391,4,0.3332293208558905,0.07534565565081892,4,0.6877881735563278,0.06854680784760235,4,0.2833468019962311,0.006174023057345785,4,0.36953283101320267,0.00965349257790024,4,0.3217328492456661,0.0422846274296627,4,0.22957882994134685,0.0242735188711844,4,0.08910857588935253,0.0380793325083116,4,0.10485301857138354,0.0272227231260789,4,1.0073238015174866,0.16763349651020198,4,0.27603580057621,0.012162339237921618,4,0.360839881002903,0.01789609231704138,4,0.2821785855426306,0.03796828228360579,4,0.22715901125077212,0.02387459847492636,4,0.05436532929683996,0.033660250861769166,4,0.08070594698351538,0.020274184264045026,4,0.9552634507417679,0.12960525747003618,4,8.0,2.9439202887759492,4,1.0073238015174866,0.16763349651020198,4,179761.0,0.0,4,3063361.0,0.0,4
random_all_per_seed,all_rows,0.15,0.15,False,False,B3_with_RC_weighted_bcap_8,8.0,0.0002,0.0001,random,conv3_plus,1,268,SKNSH,0.2219034843146801,0.024529513484715815,4,0.2941995710134506,0.03238782612730742,4,0.6258980164256396,0.06062152747642907,4,0.5655436984856386,0.0503417731538178,4,0.3668098273009168,0.08555071237145788,4,0.3945045541607319,0.07827553050241677,4,0.6308275312185287,0.08523149668219122,4,0.2869984358549118,0.003504661719882301,4,0.37201952189207077,0.004698557965438432,4,0.3050654288262242,0.060743026732280075,4,0.22834390917715433,0.04539072263309136,4,0.07624525537493324,0.04509637853999961,4,0.09583220233737694,0.03725172163976656,4,1.0214276909828186,0.17426027839747324,4,0.28025302290916443,0.01338746115383156,4,0.3642830103635788,0.0161559167886808,4,0.25578573409176136,0.023551914676148776,4,0.21697233987195835,0.0393171542150539,4,0.03598283415154546,0.030654623377630093,4,0.0658423612785457,0.011957189217020584,4,0.9720446467399597,0.11102097523973,4,9.75,2.0615528128088303,4,1.0214276909828186,0.17426027839747324,4,179761.0,0.0,4,3063361.0,0.0,4
random_all_per_seed,all_rows,0.15,0.15,False,False,B3_with_RC_weighted_bcap_8,8.0,0.0002,0.0001,random,conv3_plus,1,536,HepG2,0.2358158491551876,0.028061456498797675,4,0.3085354045033455,0.033739160288361776,4,0.573531718501802,0.07855636846563997,4,0.49748596662685163,0.06835057962380972,4,0.3193300727019127,0.09198530840017821,4,0.33356695939751224,0.09010502645111873,4,0.6794001013040543,0.09181373229541828,4,0.28216174989938736,0.0055729312942659525,4,0.3662571609020233,0.006352376885050321,4,0.33831281985408285,0.06371172167781583,4,0.23380315528070023,0.040569893487864245,4,0.10488246270362678,0.03934311836180148,4,0.11749995168698471,0.041737261825721954,4,0.9632422029972076,0.10238945708948595,4,0.27623431384563446,0.009315890115661085,4,0.3624507337808609,0.013228617898195611,4,0.2688554017436706,0.016792459936701323,4,0.221265062197769,0.014446353135256914,4,0.04550154199164297,0.008492470700558094,4,0.07249471707979482,0.00898806804048078,4,0.9414513558149338,0.09117256026471676,4,6.5,2.0816659994661326,4,0.9632422029972076,0.10238945708948595,4,179761.0,0.0,4,3063361.0,0.0,4
random_all_per_seed,all_rows,0.15,0.15,False,False,B3_with_RC_weighted_bcap_8,8.0,0.0002,0.0001,random,conv3_plus,1,536,K562,0.23937327042222023,0.02419980451700792,4,0.3121958523988724,0.028183358804555008,4,0.5606479023763081,0.059325651990633485,4,0.4820598152296112,0.05206301264524943,4,0.30307738502567927,0.07333076817122718,4,0.3169657201770396,0.06720247547369813,4,0.695622444152832,0.0731939925295885,4,0.28096359968185425,0.00653830653403704,4,0.36686766147613525,0.011029339884956099,4,0.33752247588082696,0.05380599226013648,4,0.23441388504334992,0.03057875307558019,4,0.10236032827493508,0.0369333815060167,4,0.11609273532704681,0.03609093145726635,4,0.9668084979057312,0.11124583307473071,4,0.2750101163983345,0.011410755539190416,4,0.35822688788175583,0.016109103427858717,4,0.2912749780535307,0.03867798992356108,4,0.23163221996945021,0.025625093645670352,4,0.06794213578730612,0.022371508828593182,4,0.0859631030184801,0.02207672284033068,4,0.9205925911664963,0.10850823900522398,4,6.5,1.9148542155126762,4,0.9668084979057312,0.11124583307473071,4,179761.0,0.0,4,3063361.0,0.0,4
random_all_per_seed,all_rows,0.15,0.15,False,False,B3_with_RC_weighted_bcap_8,8.0,0.0002,0.0001,random,conv3_plus,1,536,SKNSH,0.23310855776071548,0.019837094835602535,4,0.3049444183707237,0.025416501956675594,4,0.5958623070521993,0.05352501901447049,4,0.5335568899114346,0.04760490917708746,4,0.334635998053465,0.06864001379663459,4,0.35720058471094407,0.06412364117278224,4,0.6641227155923843,0.06851197372913044,4,0.28384847193956375,0.0039415948925717766,4,0.367736354470253,0.006482458004463156,4,0.3320667522421875,0.056484298532866954,4,0.24422796521940482,0.046652990687287246,4,0.09776549617776328,0.035826838609258026,4,0.11266118493023687,0.03686559889070304,4,0.971058115363121,0.10331860262458654,4,0.27726204693317413,0.010794212204551302,4,0.36131977289915085,0.01417584414552946,4,0.27382679854700326,0.026336566405479905,4,0.22546298983380378,0.03848593982715756,4,0.051481862909409676,0.02033223749123635,4,0.0755013266500238,0.014515750039476532,4,0.9354123026132584,0.08975099954566827,4,7.25,1.5,4,0.971058115363121,0.10331860262458654,4,179761.0,0.0,4,3063361.0,0.0,4
random_all_per_seed,all_rows,0.15,0.15,False,False,B3_with_RC_weighted_bcap_8,8.0,0.0002,0.0001,random,conv3_plus,1,938,HepG2,0.23449965938925743,0.008271619802859962,4,0.30928681045770645,0.010726686970566186,4,0.5637321557754903,0.03295392853964764,4,0.47746456958071143,0.013256466885062327,4,0.3078171478039119,0.04027412791402665,4,0.31860841450992883,0.037618918921489344,4,0.6914449483156204,0.040231149226267866,4,0.2801249772310257,0.006067019013279634,4,0.3641706556081772,0.008074354841123647,4,0.35029346281071816,0.06027957090984679,4,0.23288948431490553,0.04395546411630859,4,0.1151514916367822,0.03948736392270537,4,0.12543073008973044,0.04129254736944102,4,0.9595339596271515,0.06568065395571801,4,0.2727595791220665,0.008961100435400323,4,0.3577368035912514,0.013114965085120972,4,0.2942729788885581,0.01062573850773008,4,0.22892605977000777,0.024141288136458803,4,0.0701832401140865,0.008040270911602247,4,0.08668126584307174,0.006158109423917599,4,0.927580937743187,0.09980199381367531,4,6.0,0.816496580927726,4,0.9595339596271515,0.06568065395571801,4,179761.0,0.0,4,3063361.0,0.0,4
random_all_per_seed,all_rows,0.15,0.15,False,False,B3_with_RC_weighted_bcap_8,8.0,0.0002,0.0001,random,conv3_plus,1,938,K562,0.24202744662761688,0.01283604892570026,4,0.31697579473257065,0.018621415607959765,4,0.5287603421213067,0.05481555863421205,4,0.4427353294979592,0.04408319168034808,4,0.2733964086478915,0.057993367239291466,4,0.28184105850152696,0.05789079846564754,4,0.7258289605379105,0.057931536597150994,4,0.2785877659916878,0.005668866588271263,4,0.36479806154966354,0.01107827364421169,4,0.34949795362872393,0.052178378581724916,4,0.24010693678439476,0.03275274074296684,4,0.11252248539292983,0.034884071391673176,4,0.124190756984229,0.03555933678798397,4,0.9624515920877457,0.0633122637192264,4,0.2722734808921814,0.010553708056921166,4,0.35512442141771317,0.014468506414534415,4,0.3073455044256296,0.025714748767190022,4,0.23956419270379853,0.018035266975060485,4,0.08385666609645942,0.015893485556554347,4,0.09495719531876445,0.015790069403699498,4,0.9145521372556686,0.10722002759738163,4,5.5,1.2909944487358058,4,0.9624515920877457,0.0633122637192264,4,179761.0,0.0,4,3063361.0,0.0,4
random_all_per_seed,all_rows,0.15,0.15,False,False,B3_with_RC_weighted_bcap_8,8.0,0.0002,0.0001,random,conv3_plus,1,938,SKNSH,0.23891498148441315,0.013202026804407236,4,0.3131823167204857,0.017507100717075508,4,0.5463895778847416,0.06972989996731448,4,0.4734204889402227,0.05984334738988946,4,0.2890814605530802,0.07677340559635466,4,0.3021882650331549,0.07675462034867103,4,0.7101606577634811,0.07669154454796638,4,0.2813439145684242,0.004423449438242992,4,0.3665521889925003,0.006635851634194432,4,0.33565605128592346,0.06139946112033517,4,0.24590358125159553,0.041267011847350044,4,0.10362115885545292,0.0340259360873515,4,0.11549240513425914,0.040346263964806825,4,0.9721865504980087,0.06512533262622616,4,0.2751449793577194,0.009210135695319985,4,0.3585928678512573,0.013218376036628362,4,0.2834622376346255,0.02382046748527084,4,0.2259615342799059,0.03279447863134078,4,0.06567088791358477,0.015847235350773314,4,0.08077640116824153,0.013779599360999185,4,0.9316477924585342,0.0953021894727763,4,5.5,1.2909944487358056,4,0.9721865504980087,0.06512533262622616,4,179761.0,0.0,4,3063361.0,0.0,4
random_all_per_seed,all_rows,0.15,0.15,False,False,B3_with_RC_weighted_bcap_8,8.0,0.0002,0.0001,random,conv3_plus,1,1340,HepG2,0.24425920099020004,0.005038257792592922,4,0.32168037444353104,0.007734819306518278,4,0.5306979019825008,0.017374217398460057,4,0.42874822883203423,0.028074025693434906,4,0.2709168879605812,0.014552606895992897,4,0.28186666074128475,0.018468813670969888,4,0.7285390198230743,0.014541705273748273,4,0.2771628350019455,0.006324976111652212,4,0.3614512234926224,0.008988775570766133,4,0.36527728586357006,0.05348070411657432,4,0.24639215124939776,0.03937756646131712,4,0.12839280589573623,0.03901285133073429,4,0.1355726348524597,0.03829313689147247,4,0.9222812950611115,0.07882700597214723,4,0.2708945572376251,0.008383181767430326,4,0.3556700572371483,0.012902427677798438,4,0.30310137097649587,0.014763756523941107,4,0.23026031526093924,0.03287797678590827,4,0.08085109051856948,0.010965243095785808,4,0.09203391746785504,0.008879372278583732,4,0.8925631046295166,0.08008890457615118,4,5.0,0.0,4,0.9222812950611115,0.07882700597214723,4,179761.0,0.0,4,3063361.0,0.0,4
random_all_per_seed,all_rows,0.15,0.15,False,False,B3_with_RC_weighted_bcap_8,8.0,0.0002,0.0001,random,conv3_plus,1,1340,K562,0.25148528814315796,0.014812672469078135,4,0.32966817170381546,0.020843342191749242,4,0.490072219612442,0.04912240500749882,4,0.3896228850752712,0.0368480510578807,4,0.2351877523668354,0.04781893894704385,4,0.24198053844115616,0.04737539749549387,4,0.7642415165901184,0.04778325109332476,4,0.2766353562474251,0.006044815124187295,4,0.3630250543355942,0.012020906872400133,4,0.3593609484556749,0.053772281891916254,4,0.24533427199723523,0.029478346242619018,4,0.1210670724806506,0.03993977029196906,4,0.13130888499986,0.037420255342008074,4,0.93044213950634,0.08628376852101423,4,0.2710111141204834,0.0107038849334705,4,0.35369328409433365,0.01486130504961236,4,0.314678208029907,0.019761838644255174,4,0.24067119573627793,0.014418138043396693,4,0.0913272569224366,0.013537985853677052,4,0.09931527230886461,0.012720625282943326,4,0.8827553689479828,0.0849366087134464,4,4.5,1.2909944487358058,4,0.93044213950634,0.08628376852101423,4,179761.0,0.0,4,3063361.0,0.0,4
random_all_per_seed,all_rows,0.15,0.15,False,False,B3_with_RC_weighted_bcap_8,8.0,0.0002,0.0001,random,conv3_plus,1,1340,SKNSH,0.244557186961174,0.005829312927720367,4,0.32061590999364853,0.00885174680988952,4,0.5357672899818317,0.017676776314450745,4,0.44561508652577647,0.022785138852548393,4,0.2757447876134698,0.019523303261118098,4,0.2872809403301294,0.018631958229418155,4,0.7237147241830826,0.019508733281239213,4,0.2792329043149948,0.003770274825647834,4,0.3638654947280884,0.0075107460640812355,4,0.3535772886940932,0.050261982687557515,4,0.25622191546822576,0.039549069951850285,4,0.11671914057941582,0.035581536863080146,4,0.12691159925802936,0.034295398845496296,4,0.9344947636127472,0.07520896166071689,4,0.2723143845796585,0.01034636991057644,4,0.3556373715400696,0.014299104688883917,4,0.30192693797670944,0.025435923799973257,4,0.23609062927778515,0.0354331379764775,4,0.0811417585865741,0.0191999502909115,4,0.09164511554066028,0.015454095591371855,4,0.892285168170929,0.08084765471654873,4,5.0,0.0,4,0.9344947636127472,0.07520896166071689,4,179761.0,0.0,4,3063361.0,0.0,4
random_all_per_seed,all_rows,0.15,0.15,False,False,B3_with_RC_weighted_bcap_8,8.0,0.0002,0.0001,random,conv3_plus,1,2011,HepG2,0.24922825396060944,0.00393409450795007,4,0.32658756524324417,0.006398325594249204,4,0.5003658529878754,0.006250673787310906,4,0.3889916533900372,0.0026253407619740376,4,0.24350611134451328,0.00625330261335947,4,0.25039529002838073,0.006226529245025246,4,0.7561177164316177,0.0062501829070792025,4,0.2751845270395279,0.005710885201031926,4,0.35946232825517654,0.009158515973111844,4,0.3794400227772381,0.046829028890688365,4,0.2648896369895821,0.037064492746355954,4,0.13817122489318087,0.032330564681373096,4,0.14561944934532467,0.03476385161598805,4,0.9175225645303726,0.06472595505482491,4,0.269051656126976,0.008954209243923488,4,0.3530707061290741,0.01354180378476262,4,0.3205213922947995,0.014595433583087722,4,0.24191615133117944,0.015823466792740742,4,0.09435350259438038,0.01004012444596395,4,0.1028937329297055,0.009358749588775278,4,0.8860239088535309,0.08499946853548243,4,4.0,0.0,4,0.9175225645303726,0.06472595505482491,4,179761.0,0.0,4,3063361.0,0.0,4
random_all_per_seed,all_rows,0.15,0.15,False,False,B3_with_RC_weighted_bcap_8,8.0,0.0002,0.0001,random,conv3_plus,1,2011,K562,0.2496490143239498,0.003480220283085306,4,0.32640091329813004,0.0056840746679248716,4,0.4985047858378252,0.0018673743806991924,4,0.3895636345820496,0.003038378946133279,4,0.24434054090666862,0.0024497604744309997,4,0.24850963681852423,0.0018591752563090307,4,0.7552836537361145,0.002448616845764954,4,0.2751844674348831,0.005179633012421381,4,0.36076732724905014,0.010168206730714991,4,0.3730803219568788,0.04613488723668617,4,0.251906078179223,0.031138900125478867,4,0.13188276176530064,0.036307841246777516,4,0.14078524749670468,0.03337261868757554,4,0.9241079092025757,0.06566482109972324,4,0.2697758302092552,0.010162052761174527,4,0.3520665764808655,0.014513546438829756,4,0.3271993449592291,0.020435500628752715,4,0.24444032767043483,0.024015395386113924,4,0.09962105829554085,0.01371672260808822,4,0.1073726186062094,0.013421131283513228,4,0.8811574280261993,0.08849917391891171,4,4.0,0.0,4,0.9241079092025757,0.06566482109972324,4,179761.0,0.0,4,3063361.0,0.0,4
random_all_per_seed,all_rows,0.15,0.15,False,False,B3_with_RC_weighted_bcap_8,8.0,0.0002,0.0001,random,conv3_plus,1,2011,SKNSH,0.23994865640997887,0.007643770167950919,4,0.31540995836257935,0.009393773451062992,4,0.5524628121542149,0.031046284696603466,4,0.44984143645456914,0.02905480946053862,4,0.29417448891463455,0.03127879614213768,4,0.3059380626584402,0.033409540686754016,4,0.7054745107889175,0.0312632585993414,4,0.27689602226018906,0.004049715161793,4,0.361615851521492,0.007688509461664099,4,0.36822286614200617,0.04277756499585031,4,0.2666189028849898,0.0372040944929452,4,0.12781944132191977,0.02785137040899196,4,0.13696051920006447,0.031046000868599086,4,0.9283056408166885,0.057676505096166446,4,0.2713603973388672,0.01058947718914985,4,0.35407084226608276,0.014335149286668342,4,0.3187433962717641,0.023823934498364892,4,0.23963623506269416,0.04422135584794793,4,0.08917704451250721,0.022606000757375934,4,0.10202303755809564,0.014931866700753917,4,0.8911058157682419,0.08687384064305576,4,4.75,0.4999999999999999,4,0.9283056408166885,0.057676505096166446,4,179761.0,0.0,4,3063361.0,0.0,4
random_all_per_seed,all_rows,0.15,0.15,False,False,B3_with_RC_weighted_bcap_8,8.0,0.0002,0.0001,random,conv3_plus,1,2681,HepG2,0.2511291578412056,0.003242101517466947,4,0.32939090579748154,0.004003081792849772,4,0.4964706339284731,0.01947029554900106,4,0.380666354445383,0.015955101677878378,4,0.2425116950574079,0.021137399201077326,4,0.24676740965991412,0.01904082013868623,4,0.7572057545185089,0.02112947614861961,4,0.2751874104142189,0.0049687517388879885,4,0.3589811474084854,0.00863609215972609,4,0.3854781974915778,0.04098693698778252,4,0.2717031847000829,0.03477335544387117,4,0.14054563396218975,0.028031648245453657,4,0.1498533874940862,0.031188965961181876,4,0.900074303150177,0.05550702000903907,4,0.2685694471001625,0.008994921782859287,4,0.35254502296447754,0.013291528859433946,4,0.3254758940795777,0.021807873691375178,4,0.24407549670812728,0.022792040561366987,4,0.09698808666137385,0.012376334112528682,4,0.10629124514310474,0.01395162601282042,4,0.868617907166481,0.07201899895734304,4,3.75,0.5,4,0.900074303150177,0.05550702000903907,4,179761.0,0.0,4,3063361.0,0.0,4
random_all_per_seed,all_rows,0.15,0.15,False,False,B3_with_RC_weighted_bcap_8,8.0,0.0002,0.0001,random,conv3_plus,1,2681,K562,0.2516428418457508,0.003854108466382653,4,0.32973145693540573,0.004774609864987406,4,0.49546346217456927,0.022209035646668113,4,0.3842840881136751,0.020245745202429367,4,0.24093363286223998,0.02329386454948613,4,0.24585397329827707,0.02177657221629909,4,0.7587832361459732,0.023285147675903117,4,0.2744171917438507,0.004556933888026606,4,0.35925572365522385,0.009284364095978338,4,0.38212951179343546,0.04112458367948896,4,0.26348546685614394,0.0372761373388202,4,0.13922054630553493,0.030628824860608587,4,0.14729138732059777,0.030550481929674134,4,0.9015320539474487,0.05885147797781389,4,0.2694898545742035,0.010468933586577248,4,0.3523874878883362,0.014879104276114186,4,0.32585370422347354,0.026872607656124134,4,0.25067773874667254,0.02754042635537685,4,0.09800554044271276,0.016074654378310155,4,0.10672223933783898,0.017255013080934196,4,0.868162527680397,0.07980472470292523,4,3.75,0.5,4,0.9015320539474487,0.05885147797781389,4,179761.0,0.0,4,3063361.0,0.0,4
random_all_per_seed,all_rows,0.15,0.15,False,False,B3_with_RC_weighted_bcap_8,8.0,0.0002,0.0001,random,conv3_plus,1,2681,SKNSH,0.24738552793860435,0.009265395093434214,4,0.32474344968795776,0.010939780763790928,4,0.5204128680507369,0.04140420622029791,4,0.4151829829921167,0.04660607451267408,4,0.2634544489822389,0.045158009595973644,4,0.27211528445234345,0.043216669479982074,4,0.7362708002328873,0.04514108774695681,4,0.27622654289007187,0.005262891748466971,4,0.36032864451408386,0.007971221208198747,4,0.3750311597868546,0.03920841222284543,4,0.2671344624248737,0.03446317886349103,4,0.13409154315837016,0.025445729609343003,4,0.1418013455028507,0.029103534027742947,4,0.9067069292068481,0.0513263819109403,4,0.27033597975969315,0.010984268582352547,4,0.35299236327409744,0.01403848652096412,4,0.32369435829440274,0.0258426731958017,4,0.2396123124730269,0.04394943643730574,4,0.0946498956074715,0.02380100536209578,4,0.10527892041005393,0.016711208073708975,4,0.8710948079824448,0.0771392633580966,4,4.0,0.816496580927726,4,0.9067069292068481,0.0513263819109403,4,179761.0,0.0,4,3063361.0,0.0,4
random_all_per_seed,all_rows,0.15,0.15,False,False,B3_with_RC_weighted_bcap_8,8.0,0.0002,0.0001,random,full,1,134,HepG2,0.14477546513080597,0.031976208922100326,4,0.21216131374239922,0.041182660380340866,4,0.8444402718627781,0.07173611686320276,4,0.8401109133662998,0.10409242747504775,4,0.6645233810446595,0.11966997482100895,4,0.7169389255906409,0.11703362509267896,4,0.3329731114208698,0.1187769571715279,4,0.29132259637117386,0.0071163761147596495,4,0.37692637741565704,0.00612537789709599,4,0.3071676584715591,0.04292132004630518,4,0.23036669074794194,0.04281258350871388,4,0.050352780996966384,0.07673606005327027,4,0.09573365019678838,0.025992517783461573,4,1.053740844130516,0.23403280725556022,4,0.28416699171066284,0.01498221225054808,4,0.371846504509449,0.020561923922463476,4,0.2435231787290042,0.02061887862994337,4,0.2096419310182719,0.02003039058091695,4,-0.003922184025740683,0.04119158441688554,4,0.05962239219524578,0.010110492634308533,4,1.016412377357483,0.18017170399312032,4,10.0,2.449489742783178,4,1.053740844130516,0.23403280725556022,4,179761.0,0.0,4,3747661.0,0.0,4
random_all_per_seed,all_rows,0.15,0.15,False,False,B3_with_RC_weighted_bcap_8,8.0,0.0002,0.0001,random,full,1,134,K562,0.1620804574340582,0.03032103027932601,4,0.23838073015213013,0.04484362200010018,4,0.7969508365121181,0.04601674762482674,4,0.805821938724736,0.09031313831278813,4,0.5873031201075742,0.09380596726241851,4,0.63671879161384,0.07311071742166313,4,0.40961704403162,0.09310594553027687,4,0.29248207062482834,0.012577196156792722,4,0.38023634999990463,0.012243270422082064,4,0.3055294647267743,0.039382912851283335,4,0.2255129237571008,0.022496227416876045,4,0.034336233143970746,0.07359437502197601,4,0.09451151418471804,0.025145029716094433,4,1.0728811919689178,0.23685137213839713,4,0.2838229313492775,0.017770910650145116,4,0.37064435333013535,0.025081970763630425,4,0.2678300299842659,0.04589643050735447,4,0.22544535756337544,0.038523755068514395,4,0.0025080632075333564,0.07034201159125558,4,0.0733127867113601,0.02250189390845543,4,1.0119328647851944,0.19975422763746972,4,10.0,3.366501646120693,4,1.0728811919689178,0.23685137213839713,4,179761.0,0.0,4,3747661.0,0.0,4
random_all_per_seed,all_rows,0.15,0.15,False,False,B3_with_RC_weighted_bcap_8,8.0,0.0002,0.0001,random,full,1,134,SKNSH,0.13539482094347477,0.03837645871595246,4,0.19637997075915337,0.04560032356967565,4,0.8626239487253455,0.08674460190375348,4,0.8639805447437069,0.11480769011376761,4,0.703934545574718,0.14165512463670252,4,0.7497635463840879,0.145602695980793,4,0.29385601729154587,0.14059798504915416,4,0.29470960795879364,0.007066451164089713,4,0.3812752887606621,0.004391913335583026,4,0.2865679245035707,0.034975783167788495,4,0.2247718208500376,0.0374468679447327,4,0.028722335839386992,0.06953384796596335,4,0.08303865441043431,0.01984838246408246,4,1.0801318138837814,0.25140531870166216,4,0.2885841280221939,0.014908321573444563,4,0.3749905452132225,0.0191003855758049,4,0.236160786066022,0.026694502179247907,4,0.20536193469590577,0.03140360321313567,4,-0.021172277884992957,0.037859254812351355,4,0.05630636421026981,0.012828794103812161,4,1.0330217629671097,0.1719378267522381,4,11.75,3.2015621187164243,4,1.0801318138837814,0.25140531870166216,4,179761.0,0.0,4,3747661.0,0.0,4
random_all_per_seed,all_rows,0.15,0.15,False,False,B3_with_RC_weighted_bcap_8,8.0,0.0002,0.0001,random,full,1,268,HepG2,0.179111048579216,0.01940688865900589,4,0.2492028959095478,0.029113121181435244,4,0.7691979002265166,0.04820734212203855,4,0.7237171342124598,0.06996907533861849,4,0.5451910413655925,0.07629000702338394,4,0.5934083705887356,0.0741663193628191,4,0.4531119018793106,0.07600532328008006,4,0.2863314151763916,0.004735777805756171,4,0.37122398614883423,0.004951616146840703,4,0.3218131486924318,0.04037156983166631,4,0.23367375642480712,0.040070332384784337,4,0.08027383468822574,0.04280552456252016,4,0.10478610040934205,0.025568326273418946,4,1.0176874697208405,0.1781216604358775,4,0.27866552025079727,0.011228611663179339,4,0.36610232293605804,0.014555146989746507,4,0.25907392703535637,0.015272946780608301,4,0.2207194482605956,0.015017947853699639,4,0.026290352907606784,0.015320636070372344,4,0.06729424684704362,0.007852531527726381,4,0.9834760129451752,0.12852085103487457,4,5.75,0.9574271077563381,4,1.0176874697208405,0.1781216604358775,4,179761.0,0.0,4,3747661.0,0.0,4
random_all_per_seed,all_rows,0.15,0.15,False,False,B3_with_RC_weighted_bcap_8,8.0,0.0002,0.0001,random,full,1,268,K562,0.17605745419859886,0.03145153653761537,4,0.25090132281184196,0.04121940516560716,4,0.7530416655879988,0.05953229536951404,4,0.711659920265932,0.09183600205741474,4,0.5399592643030222,0.10270278562679665,4,0.5697298207555198,0.09004731201257694,4,0.4583241194486618,0.10231957125743846,4,0.28728680312633514,0.005913650587547675,4,0.3736133873462677,0.007491442941652454,4,0.3216706771629181,0.03136915591870338,4,0.23308336293430573,0.019577996534846265,4,0.06862046013141013,0.04123517015115463,4,0.10421004250373923,0.019983648411711928,4,1.0300852209329605,0.17404688923263295,4,0.2776630073785782,0.011542521751254866,4,0.36332863569259644,0.01869557887806452,4,0.2902988139722141,0.037220160133232295,4,0.240008718310186,0.021759105878657356,4,0.04138153275783654,0.03510245887308049,4,0.08531240663393175,0.020365082630790825,4,0.9685738533735275,0.13409609860731433,4,6.75,2.0615528128088303,4,1.0300852209329605,0.17404688923263295,4,179761.0,0.0,4,3747661.0,0.0,4
random_all_per_seed,all_rows,0.15,0.15,False,False,B3_with_RC_weighted_bcap_8,8.0,0.0002,0.0001,random,full,1,268,SKNSH,0.15969321876764297,0.020055236065586363,4,0.22637275233864784,0.02966283278209364,4,0.8150884760134884,0.03418115704874664,4,0.7896071785553995,0.04190070520030804,4,0.6257531571590659,0.0640666704501488,4,0.6652454873528845,0.0552982323322932,4,0.3728503882884979,0.06382759881041174,4,0.2897504046559334,0.003137518508461832,4,0.3750160336494446,0.0027756265792833385,4,0.3051008831047366,0.050308470659701295,4,0.2310192025289666,0.040895655886003586,4,0.06090394925192588,0.05407196891963662,4,0.09498475553637867,0.03073590573519274,4,1.0378956198692322,0.17715445625643322,4,0.2816368043422699,0.011888730764206988,4,0.3663773164153099,0.015699970672187636,4,0.2590311675744671,0.025203012082900114,4,0.2219138170274635,0.037983487860329776,4,0.024982087913575257,0.019520695657317816,4,0.06757353963852976,0.013053531257420103,4,0.9834107160568237,0.11349699830516492,4,7.5,1.2909944487358056,4,1.0378956198692322,0.17715445625643322,4,179761.0,0.0,4,3747661.0,0.0,4
random_all_per_seed,all_rows,0.15,0.15,False,False,B3_with_RC_weighted_bcap_8,8.0,0.0002,0.0001,random,full,1,536,HepG2,0.21856312453746796,0.022483754917470903,4,0.29053162783384323,0.02637657980552229,4,0.6595101816484916,0.04558136410546992,4,0.5909473909659637,0.07065972431988954,4,0.3971118338159793,0.056053823370938255,4,0.4365119252633129,0.060125435673578746,4,0.6017634123563766,0.05594926956129272,4,0.2835952714085579,0.005051302624765703,4,0.3686116933822632,0.007223698522859461,4,0.3234356589726419,0.04632937145618835,4,0.2362929277379764,0.03603041682117089,4,0.09358133313537667,0.03362132493771473,4,0.10622043348971122,0.028827469309835506,4,0.9757779985666275,0.1053490580461184,4,0.27564486116170883,0.010863189280628302,4,0.36166827380657196,0.014061030384775729,4,0.26420766538078383,0.010173797550133357,4,0.2263749170710337,0.013584081440273451,4,0.04974747571774782,0.008571375902740432,4,0.06988332006340757,0.005349607508045408,4,0.9375015795230865,0.09438944044104261,4,3.5,0.5773502691896257,4,0.9757779985666275,0.1053490580461184,4,179761.0,0.0,4,3747661.0,0.0,4
random_all_per_seed,all_rows,0.15,0.15,False,False,B3_with_RC_weighted_bcap_8,8.0,0.0002,0.0001,random,full,1,536,K562,0.21884426847100258,0.023806153805632987,4,0.29066910594701767,0.02717168998086553,4,0.6584927605616595,0.041921852009944374,4,0.5839101634055736,0.04621562955924735,4,0.39688887325852723,0.05364319938506548,4,0.4349307969690729,0.05431395447067573,4,0.6019859611988068,0.053543123090636635,4,0.2821219861507416,0.006761273573458232,4,0.3684408366680145,0.010824271581015892,4,0.32847692591150784,0.045304068499318735,4,0.23287175466592527,0.02494619848447267,4,0.09474987738934848,0.032836619718879995,4,0.10943643482321744,0.02925458313422399,4,0.9753868132829666,0.11451789662270304,4,0.27371157705783844,0.012986193717647329,4,0.3573114946484566,0.018386425886488124,4,0.2932852549603644,0.038571274060409375,4,0.2357417391249807,0.029225704790208765,4,0.07286548966490466,0.034246612540356436,4,0.08713204816414835,0.021874015374316963,4,0.9165366441011429,0.12095296899968483,4,3.75,0.49999999999999994,4,0.9753868132829666,0.11451789662270304,4,179761.0,0.0,4,3747661.0,0.0,4
random_all_per_seed,all_rows,0.15,0.15,False,False,B3_with_RC_weighted_bcap_8,8.0,0.0002,0.0001,random,full,1,536,SKNSH,0.21236179023981094,0.008629840826512587,4,0.2826388403773308,0.012683104243563063,4,0.6892524436491428,0.005367152166486013,4,0.628520499996119,0.03044839361196862,4,0.4285483109443844,0.01120103993028905,4,0.4750905358180985,0.007417852994770503,4,0.5703856348991394,0.011180200489729114,4,0.28535912930965424,0.0030328064196644138,4,0.3698521926999092,0.006574643004362179,4,0.31698937430305113,0.04160869591856825,4,0.24227232884790517,0.04721666004200433,4,0.0874849775766561,0.03161642727622034,4,0.10178072610307275,0.02596563016410775,4,0.9825501292943954,0.10776594299761379,4,0.2767915427684784,0.010504731900516916,4,0.36116915196180344,0.014239963277594631,4,0.2699003830696729,0.024683428974094132,4,0.22841236169013623,0.03757292351722065,4,0.0523134873329959,0.018247003653687234,4,0.07330317053059554,0.013236944503915183,4,0.9346258193254471,0.08984456831201404,4,4.0,0.0,4,0.9825501292943954,0.10776594299761379,4,179761.0,0.0,4,3747661.0,0.0,4
random_all_per_seed,all_rows,0.15,0.15,False,False,B3_with_RC_weighted_bcap_8,8.0,0.0002,0.0001,random,full,1,938,HepG2,0.21855397149920464,0.011704700028404942,4,0.29268527776002884,0.013641923558810587,4,0.6385517377357847,0.03260853110186291,4,0.5577020773073829,0.02898501749360828,4,0.37881622334492,0.06525219792420915,4,0.4085458089908562,0.04161621421542252,4,0.6205215454101562,0.06518259010436925,4,0.2806942090392113,0.007060290346697536,4,0.3653716742992401,0.00932601906365326,4,0.3445116479996127,0.05272822328157424,4,0.24842945007863104,0.03732971058697582,4,0.10968811528913383,0.030293294334879484,4,0.1207734747552327,0.03583763075371631,4,0.9659305512905121,0.06882862159794033,4,0.2744261249899864,0.007643058271683488,4,0.3591810539364815,0.011499402071585962,4,0.2846528553908819,0.016378589055745064,4,0.23612032121550713,0.015588132001409792,4,0.0624071082585316,0.011277480394541186,4,0.08122844171677505,0.009089680915989677,4,0.9347764551639557,0.0933868800423669,4,3.5,0.5773502691896257,4,0.9659305512905121,0.06882862159794033,4,179761.0,0.0,4,3747661.0,0.0,4
random_all_per_seed,all_rows,0.15,0.15,False,False,B3_with_RC_weighted_bcap_8,8.0,0.0002,0.0001,random,full,1,938,K562,0.2174271158874035,0.013905257490672994,4,0.29232577234506607,0.01802539938828749,4,0.6333584267402386,0.036042825083820805,4,0.5464312551192697,0.03236625586061995,4,0.38164351859275425,0.058437955077132835,4,0.4021172106528873,0.04447143800934776,4,0.617697224020958,0.05837562935562373,4,0.2797008156776428,0.007687302429503856,4,0.3657112941145897,0.01185411764764434,4,0.34717303539546523,0.04720847725572456,4,0.2439209484998786,0.033484548229861584,4,0.10827999962982959,0.03064363674352363,4,0.12220059674930414,0.03211622005702859,4,0.9674281477928162,0.0680943679561425,4,0.27321527153253555,0.010873360580099498,4,0.35584191232919693,0.015106949632619169,4,0.30854215264145335,0.033263555094459545,4,0.24818529921597754,0.028381063733297567,4,0.08014836435255066,0.022334195771252157,4,0.09602810802976351,0.019749120879184824,4,0.9186430871486664,0.11375525759950451,4,3.75,0.49999999999999994,4,0.9674281477928162,0.0680943679561425,4,179761.0,0.0,4,3747661.0,0.0,4
random_all_per_seed,all_rows,0.15,0.15,False,False,B3_with_RC_weighted_bcap_8,8.0,0.0002,0.0001,random,full,1,938,SKNSH,0.2136266827583313,0.021165845656358886,4,0.2872445583343506,0.024585264559288715,4,0.6504387440661537,0.07582101448007766,4,0.5864278528210979,0.0731171692234178,4,0.39874674266769444,0.11128696476688109,4,0.42738217945994644,0.09850616435203804,4,0.6006122753024101,0.11116826843379612,4,0.28375066816806793,0.004859751378368721,4,0.3684931993484497,0.008202414280048597,4,0.3257993497990341,0.04757134965016867,4,0.24560379082003267,0.02869847802334481,4,0.09447543818429349,0.02351482794125181,4,0.10784249131012733,0.030272041064313138,4,0.9824137389659882,0.06562300408689863,4,0.2762506976723671,0.008707513853818872,4,0.3597645163536072,0.012324123634374398,4,0.28256924341108736,0.024513690056388846,4,0.23111236139613178,0.02605233955292389,4,0.059274719883974036,0.025234672517000768,4,0.08029606807204986,0.014010535272168815,4,0.9372655898332596,0.08712783888192567,4,3.75,0.9574271077563381,4,0.9824137389659882,0.06562300408689863,4,179761.0,0.0,4,3747661.0,0.0,4
random_all_per_seed,all_rows,0.15,0.15,False,False,B3_with_RC_weighted_bcap_8,8.0,0.0002,0.0001,random,full,1,1340,HepG2,0.22390485927462578,0.014984254322957972,4,0.3005087152123451,0.016812297115146715,4,0.6153820805023198,0.04075147157203916,4,0.5162704132163884,0.04306629208687088,4,0.3632321574012984,0.0546821970060878,4,0.37994061682982866,0.05128669032632564,4,0.6362926661968231,0.054641407266947384,4,0.2782476469874382,0.005896494134208896,4,0.36336948722600937,0.0082413273676845,4,0.3610433277056035,0.04604702669822367,4,0.25861615766256635,0.02800255036843243,4,0.1192183266857198,0.03417194561599819,4,0.13194253098154596,0.032465303774336415,4,0.932115763425827,0.07854665780599963,4,0.27306730300188065,0.006849662116154505,4,0.35797639191150665,0.011442492800880343,4,0.29571655007566744,0.019781938709586794,4,0.23933557639934844,0.026273765324965823,4,0.06853183977099653,0.022048926849221214,4,0.08774177181298712,0.011458869557190927,4,0.9042627215385437,0.07947534912407576,4,3.25,0.5,4,0.932115763425827,0.07854665780599963,4,179761.0,0.0,4,3747661.0,0.0,4
random_all_per_seed,all_rows,0.15,0.15,False,False,B3_with_RC_weighted_bcap_8,8.0,0.0002,0.0001,random,full,1,1340,K562,0.23459473252296448,0.004991466778690389,4,0.3110012337565422,0.008917475142029351,4,0.5790228128617915,0.013411079507595089,4,0.47122822204377135,0.020682619592050432,4,0.31851602764255404,0.02061825766782354,4,0.3354023106045505,0.015403929751273979,4,0.680975466966629,0.020602830061909022,4,0.27702710032463074,0.006039977798478665,4,0.36309346556663513,0.011261235750474195,4,0.36017951854219765,0.04997426830598851,4,0.253509853039442,0.027149862361748676,4,0.12065965599938602,0.03964335071979777,4,0.1316023561968285,0.035936053869574325,4,0.9307987987995148,0.08495450377637837,4,0.2698991894721985,0.011485844077143263,4,0.3527160510420799,0.01567043939494505,4,0.3191980059171967,0.03250734652775864,4,0.25224434446103794,0.029574523280282383,4,0.09639963419865027,0.019598996168640102,4,0.10267991266522158,0.020139322947872382,4,0.8782164305448532,0.09124842225070977,4,3.0,0.0,4,0.9307987987995148,0.08495450377637837,4,179761.0,0.0,4,3747661.0,0.0,4
random_all_per_seed,all_rows,0.15,0.15,False,False,B3_with_RC_weighted_bcap_8,8.0,0.0002,0.0001,random,full,1,1340,SKNSH,0.23297078162431717,0.024533108043780262,4,0.30911725014448166,0.030011691710855163,4,0.5874924469060417,0.06988711628957882,4,0.5033755508024973,0.05375030338232718,4,0.3270131763831325,0.0878653177597495,4,0.3488105319391031,0.08001357272527371,4,0.6724846214056015,0.0877997836892559,4,0.2807508632540703,0.004351360107248033,4,0.3664066642522812,0.008192809097798926,4,0.3337032766648643,0.0473109113351691,4,0.2555189646779371,0.037576373103090255,4,0.10464321104330213,0.026187371135303304,4,0.11303661860539016,0.03003283789344722,4,0.9479935169219971,0.08270763495527936,4,0.27199987322092056,0.009527725912462832,4,0.3565521240234375,0.014411847867532662,4,0.2949848609179701,0.01812774550149219,4,0.24646483907526573,0.026118665326597564,4,0.07647789617662354,0.014808708264721837,4,0.08726252953851932,0.010909869313457598,4,0.8969738632440567,0.08313717930018581,4,3.0,0.816496580927726,4,0.9479935169219971,0.08270763495527936,4,179761.0,0.0,4,3747661.0,0.0,4
random_all_per_seed,all_rows,0.15,0.15,False,False,B3_with_RC_weighted_bcap_8,8.0,0.0002,0.0001,random,full,1,2011,HepG2,0.23143771663308144,0.015234327324089416,4,0.3077843338251114,0.018409585688392148,4,0.5828532280510803,0.054480041736995354,4,0.4729967217373563,0.04219309637395909,4,0.3275407958221289,0.06372676862435753,4,0.34194394166031317,0.06059422697759943,4,0.6721247732639313,0.06369504556975981,4,0.2759920731186867,0.006891340157967957,4,0.36088716983795166,0.009287457345453982,4,0.3733511427922096,0.05135615554415691,4,0.2682119892464595,0.032560000464233664,4,0.1312758956752641,0.03457249023380339,4,0.14136916685845557,0.037122077743995334,4,0.9247843772172928,0.06497642814622903,4,0.2707399055361748,0.007881623032386289,4,0.35435037314891815,0.013450396525870066,4,0.3166790147879285,0.014270055600539323,4,0.24138684371619476,0.020641531734310724,4,0.08771355786763266,0.013785886432199718,4,0.10043832427218488,0.008845903493127624,4,0.8925506323575974,0.08722995550747456,4,2.75,0.49999999999999994,4,0.9247843772172928,0.06497642814622903,4,179761.0,0.0,4,3747661.0,0.0,4
random_all_per_seed,all_rows,0.15,0.15,False,False,B3_with_RC_weighted_bcap_8,8.0,0.0002,0.0001,random,full,1,2011,K562,0.23316560685634613,0.014215271165380775,4,0.30952081829309464,0.01758935621707465,4,0.5769634508885826,0.048698989343939486,4,0.4620009291700039,0.04530087576518614,4,0.32003670882832375,0.06011316278467548,4,0.3346655173336027,0.05386909016144202,4,0.6796251237392426,0.0600832895797965,4,0.27399445325136185,0.007350150060351623,4,0.36048586666584015,0.011871089724220142,4,0.3731346249832487,0.051404869874703565,4,0.26220158837019747,0.02377932110966265,4,0.13330096524821036,0.039626806642093795,4,0.14121129384651604,0.03783145507375118,4,0.9229477494955063,0.07419907528974792,4,0.26999206095933914,0.009698170171627565,4,0.3524369075894356,0.015031978562140981,4,0.3271775341620383,0.02693927379514413,4,0.25621760874562366,0.022948357882288935,4,0.09772015628444983,0.019682787066550935,4,0.10758943221480904,0.01736318998714228,4,0.8833463490009308,0.09473544257564553,4,2.75,0.49999999999999994,4,0.9229477494955063,0.07419907528974792,4,179761.0,0.0,4,3747661.0,0.0,4
random_all_per_seed,all_rows,0.15,0.15,False,False,B3_with_RC_weighted_bcap_8,8.0,0.0002,0.0001,random,full,1,2011,SKNSH,0.22357295453548431,0.0034024809988597656,4,0.29827046394348145,0.005180713890079623,4,0.6181051191840032,0.007789368367281886,4,0.5191587837803292,0.009010297985036064,4,0.3689633613738841,0.005319189289221058,4,0.3820994440561417,0.009628660663712438,4,0.6307228207588196,0.005316559709581424,4,0.2785988375544548,0.004219376655101963,4,0.3632505014538765,0.007481289670120975,4,0.3622858393390996,0.03986922050826926,4,0.2715827487559286,0.03237048489469059,4,0.11998125432095971,0.02435368583344152,4,0.13244319544358862,0.028894026295730645,4,0.9368101805448532,0.05939305992372109,4,0.2719704955816269,0.009282792174335662,4,0.354888454079628,0.01374452800125914,4,0.31564296824606164,0.021924937103135422,4,0.24413532013906294,0.030325505860879384,4,0.08496759601383891,0.015944650380141947,4,0.09999101055341662,0.013872348967488655,4,0.8951993435621262,0.08621074826480024,4,3.0,0.0,4,0.9368101805448532,0.05939305992372109,4,179761.0,0.0,4,3747661.0,0.0,4
random_all_per_seed,all_rows,0.15,0.15,False,False,B3_with_RC_weighted_bcap_8,8.0,0.0002,0.0001,random,full,1,2681,HepG2,0.24463922530412674,0.008835057344951677,4,0.32285620272159576,0.009577778965134917,4,0.5399670843619374,0.04531074266663844,4,0.42682001373861705,0.04160868239331555,4,0.27155052753223585,0.04978013818068693,4,0.29310424974508337,0.050805805878589495,4,0.7281777560710907,0.049761574074847256,4,0.27360881865024567,0.006303743098036842,4,0.3590439110994339,0.009156535403353787,4,0.3793310550205019,0.036799103687330074,4,0.27667057850676663,0.0249102706185536,4,0.14036121323488723,0.024994352287100313,4,0.1449076798271102,0.02766273420520454,4,0.9004542976617813,0.05788232953087878,4,0.2686108350753784,0.00832669715080617,4,0.3522814065217972,0.012655379657343693,4,0.32323885091055204,0.01894955707101163,4,0.2512151885810775,0.02194790330505934,4,0.09822484192426645,0.014161994983646373,4,0.10475266902286474,0.011998051187602752,4,0.8671668618917465,0.06833997887484332,4,2.25,0.5,4,0.9004542976617813,0.05788232953087878,4,179761.0,0.0,4,3747661.0,0.0,4
random_all_per_seed,all_rows,0.15,0.15,False,False,B3_with_RC_weighted_bcap_8,8.0,0.0002,0.0001,random,full,1,2681,K562,0.233234491199255,0.011754492589719888,4,0.3102419078350067,0.012788639503820077,4,0.5830909836182396,0.04532220095249986,4,0.4683732603666054,0.0393834028034636,4,0.3275843885584522,0.051213535967665556,4,0.34153567160127035,0.050919351648250726,4,0.6721648126840591,0.05119447434012646,4,0.273340679705143,0.0069805826037362614,4,0.3591228276491165,0.01048800601233182,4,0.3839499586408559,0.046819641282405434,4,0.2654479179561515,0.026676384445040825,4,0.1398818832031072,0.033721491541057746,4,0.1490616298476748,0.034931227267419,4,0.9010625630617142,0.06531888710342051,4,0.26940106600522995,0.010297389199917741,4,0.3514038249850273,0.015304915523704742,4,0.33642340046920965,0.02926910713181867,4,0.2655694157469711,0.023585395302346095,4,0.10299373730465253,0.02292254487589541,4,0.11382321485748663,0.0193230079696518,4,0.8634208291769028,0.0821954919445336,4,2.75,0.49999999999999994,4,0.9010625630617142,0.06531888710342051,4,179761.0,0.0,4,3747661.0,0.0,4
random_all_per_seed,all_rows,0.15,0.15,False,False,B3_with_RC_weighted_bcap_8,8.0,0.0002,0.0001,random,full,1,2681,SKNSH,0.23083524778485298,0.014028559109553732,4,0.30699145793914795,0.01494298161413609,4,0.5978782413061274,0.06117141392097501,4,0.489623126655869,0.04938741809168831,4,0.3404746252692917,0.07269944282267943,4,0.36026484783812646,0.06952298724644808,4,0.6592793464660645,0.07267236743258122,4,0.2770244851708412,0.004385669495120697,4,0.36193642765283585,0.009351442594835653,4,0.3689245997121937,0.030097422791644256,4,0.26930549443067814,0.02434610124636586,4,0.1265863730578285,0.019204034826641406,4,0.1367847514168266,0.021755224382836346,4,0.9149501323699951,0.057650366392811105,4,0.26985500007867813,0.00927615620833296,4,0.3534819483757019,0.013504115200217683,4,0.3214438732679483,0.018407330887888596,4,0.2524361777219784,0.03414458496744369,4,0.09222075625903745,0.011142025046198035,4,0.10358028603431298,0.011820815076108259,4,0.8732499778270721,0.07293008169500664,4,2.75,0.5,4,0.9149501323699951,0.057650366392811105,4,179761.0,0.0,4,3747661.0,0.0,4
random_all_per_seed,all_rows,0.15,0.15,False,False,B3_with_RC_weighted_bcap_8,8.0,0.0005,1e-05,random,branched_only,1,134,HepG2,0.2733670249581337,0.031711179499156195,4,0.35194244235754013,0.039545789756182344,4,0.35026265934853473,0.07282768033679389,4,0.31461569584940474,0.08665465489326511,4,0.09734970418185784,0.08492073367919088,4,0.1266618338013364,0.05349369428038037,4,0.8959141075611115,0.0842870444948712,4,0.28579072654247284,0.006527632612959306,4,0.3716222047805786,0.007323821525623058,4,0.2961149793867377,0.03914245635715622,4,0.2209120058242666,0.0399393952602866,4,0.07881724980910915,0.030379511124644338,4,0.08883317993446199,0.02254513803474907,4,1.031600221991539,0.2679323805742683,4,0.2787628769874573,0.010695208846484583,4,0.3672942742705345,0.014797885514721111,4,0.22703217264727704,0.013790166490530787,4,0.20189911011155234,0.013834882383312668,4,0.019942260359956554,0.019319395045613242,4,0.051686233935820426,0.006400258571381641,4,0.9934766292572021,0.17907362970028948,4,8.0,5.354126134736337,4,1.031600221991539,0.2679323805742683,4,179761.0,0.0,4,179761.0,0.0,4
random_all_per_seed,all_rows,0.15,0.15,False,False,B3_with_RC_weighted_bcap_8,8.0,0.0005,1e-05,random,branched_only,1,134,K562,0.2721415013074875,0.03621835268992229,4,0.34978342801332474,0.046828606770426016,4,0.38172518189173205,0.028906699613954735,4,0.3540230829803267,0.04219492238575853,4,0.11287017673151739,0.07410301067467831,4,0.14634081245220448,0.021467831145170858,4,0.8805095106363297,0.07355003145688213,4,0.28205689042806625,0.00937506224983024,4,0.3691193386912346,0.012776856688242147,4,0.32054501894687887,0.048573235173016475,4,0.2408082163950232,0.040217359558690734,4,0.09173881854245433,0.028971101401650875,4,0.10451862855303481,0.03252594143480309,4,1.017135739326477,0.2596102059342119,4,0.27578793466091156,0.011218185576660301,4,0.3621789887547493,0.01586774079838504,4,0.2688819415280753,0.03505464189756915,4,0.22936364485296562,0.030205346939187083,4,0.0469603819914991,0.03380992432256232,4,0.07321911941883243,0.01819161576142651,4,0.966842770576477,0.17907851272507755,4,18.0,12.409673645990857,4,1.017135739326477,0.2596102059342119,4,179761.0,0.0,4,179761.0,0.0,4
random_all_per_seed,all_rows,0.15,0.15,False,False,B3_with_RC_weighted_bcap_8,8.0,0.0005,1e-05,random,branched_only,1,134,SKNSH,0.27150678634643555,0.0326684978487122,4,0.35042060911655426,0.04211733843281274,4,0.37237788298360486,0.03052058981974842,4,0.33038461084886406,0.06810922077410696,4,0.10762310654120655,0.06306047043027717,4,0.13936391753756033,0.02275615397539131,4,0.8857173770666122,0.06258988920623394,4,0.2897873893380165,0.0045509178715857955,4,0.3768068477511406,0.007191052155697313,4,0.2724167846833778,0.03859639871102294,4,0.21829107780715062,0.04135779422188718,4,0.05266872257197269,0.04039858720768793,4,0.07532816607232501,0.0206805375946375,4,1.059858575463295,0.27451666575991746,4,0.283908911049366,0.014741104940041968,4,0.3712724596261978,0.017480837965598642,4,0.22309244493231825,0.027310378999277726,4,0.20352516636235599,0.030809043231998037,4,-0.0016621376708275404,0.04888977081145074,4,0.0503296315866926,0.012140418135484677,4,1.013151079416275,0.16935331046388147,4,8.0,6.683312551921141,4,1.059858575463295,0.27451666575991746,4,179761.0,0.0,4,179761.0,0.0,4
random_all_per_seed,all_rows,0.15,0.15,False,False,B3_with_RC_weighted_bcap_8,8.0,0.0005,1e-05,random,branched_only,1,268,HepG2,0.25484204292297363,0.019471001605726318,4,0.3306148871779442,0.027445186201459464,4,0.4523266574536081,0.05234474552679639,4,0.3929284305606389,0.0596531827230257,4,0.20198273985788123,0.05157489792926512,4,0.20665438433135253,0.04917751497950253,4,0.7950395345687866,0.051382442416432965,4,0.279309444129467,0.0058805814687434245,4,0.36479452252388,0.008467831352686668,4,0.34413298971857675,0.06672876138526103,4,0.24176746469497307,0.045260754475095845,4,0.1118864067919692,0.04678998666010898,4,0.12176706030965437,0.04548550386814898,4,0.9804044365882874,0.15340099161561463,4,0.27480996400117874,0.012105392652402281,4,0.3600923717021942,0.017339187720437323,4,0.27411892946638483,0.03407148593216359,4,0.22300777973578825,0.015374133876337487,4,0.0582082945541513,0.03312530590194161,4,0.07601183710701608,0.019057769945077217,4,0.9493930637836456,0.10704710580017152,4,27.75,7.135591542869215,4,0.9804044365882874,0.15340099161561463,4,179761.0,0.0,4,179761.0,0.0,4
random_all_per_seed,all_rows,0.15,0.15,False,False,B3_with_RC_weighted_bcap_8,8.0,0.0005,1e-05,random,branched_only,1,268,K562,0.2594278007745743,0.025635717055188408,4,0.33584488928318024,0.03611861899647998,4,0.42142722921920617,0.0769478512727977,4,0.3732809162831416,0.0686207508675268,4,0.17856250985905606,0.06753898787491247,4,0.18204163838900278,0.06598217830068048,4,0.8183724135160446,0.06728699383171133,4,0.2783764824271202,0.006358115749897347,4,0.36506902426481247,0.010624754076669582,4,0.3426610733178342,0.06314765826332262,4,0.24567443637262676,0.03744492763118645,4,0.11097362202496458,0.04057403526428273,4,0.12040733122543616,0.04214037820545742,4,0.9823110550642014,0.15803619763375773,4,0.27421174198389053,0.011824547290349057,4,0.35889316350221634,0.016533246529197018,4,0.2718741639155056,0.0350275287459104,4,0.22399905692737992,0.03148127816452109,4,0.06449223333815976,0.025565129440304812,4,0.07483575683228941,0.01904566360123286,4,0.9438821077346802,0.1139260967980504,4,24.0,15.448840301675292,4,0.9823110550642014,0.15803619763375773,4,179761.0,0.0,4,179761.0,0.0,4
random_all_per_seed,all_rows,0.15,0.15,False,False,B3_with_RC_weighted_bcap_8,8.0,0.0005,1e-05,random,branched_only,1,268,SKNSH,0.2591020278632641,0.02564229298674645,4,0.33531320840120316,0.03522927065060355,4,0.4292355597644679,0.05236137039952861,4,0.371022137585731,0.048280124746585565,4,0.18211225979596138,0.0445894572516109,4,0.1862994505989036,0.04420592619013458,4,0.8148358464241028,0.04442307125491219,4,0.28195060044527054,0.005141378629465117,4,0.3676847890019417,0.008875198246465422,4,0.3262582779262039,0.07912558679454974,4,0.24883618185682446,0.05787082741741622,4,0.09762715603107675,0.05157590619509316,4,0.11114010777955846,0.04879864255099296,4,0.9952308535575867,0.15008623054341164,4,0.27487093955278397,0.01219112279587446,4,0.35957933217287064,0.017465777428928547,4,0.2663019701324577,0.03620604051524057,4,0.21784512953000806,0.036678226422502375,4,0.06109025706989632,0.025056660513725244,4,0.07189989732377182,0.019508216082135026,4,0.9470631778240204,0.11201319672032022,4,25.75,14.84082207965583,4,0.9952308535575867,0.15008623054341164,4,179761.0,0.0,4,179761.0,0.0,4
random_all_per_seed,all_rows,0.15,0.15,False,False,B3_with_RC_weighted_bcap_8,8.0,0.0005,1e-05,random,branched_only,1,536,HepG2,0.25292400270700455,0.009109184921958696,4,0.3261628597974777,0.012418149293501421,4,0.49113358652421457,0.03406967238664861,4,0.42689558850888865,0.04058870368620543,4,0.23820763066162173,0.03455782955921695,4,0.2420827567445383,0.0333047537735253,4,0.7603711783885956,0.03449338218780313,4,0.27851690351963043,0.004873849302514796,4,0.3622272461652756,0.008507662494868364,4,0.36130717087274145,0.04850935917484439,4,0.23706027017756337,0.030676453468834734,4,0.12469967237152163,0.036218667910204616,4,0.1323077401697299,0.03490125689873271,4,0.9424746036529541,0.10554573470058722,4,0.27335068583488464,0.011135777446343186,4,0.3577590808272362,0.015095140423174351,4,0.29204236613656537,0.02894718716566064,4,0.2250028901322354,0.03619868034800215,4,0.07020499824204246,0.022705075025533317,4,0.08591719835224655,0.016879881796583795,4,0.9177775084972382,0.10030629256215572,4,28.25,6.701989754294367,4,0.9424746036529541,0.10554573470058722,4,179761.0,0.0,4,179761.0,0.0,4
random_all_per_seed,all_rows,0.15,0.15,False,False,B3_with_RC_weighted_bcap_8,8.0,0.0005,1e-05,random,branched_only,1,536,K562,0.2564484626054764,0.012302788653636284,4,0.3311484679579735,0.016391588036965558,4,0.47037714428246563,0.022250387564297557,4,0.4048655786611094,0.019787562039921207,4,0.2156542860017664,0.022884203736658445,4,0.22162596767339857,0.021228089006855855,4,0.7828824371099472,0.022841478866421624,4,0.2777080833911896,0.005138685756732089,4,0.36233194917440414,0.009431465362435531,4,0.36144854419299466,0.05119144685243232,4,0.25324629824367106,0.04104702116795018,4,0.12428407541887657,0.03585504353474622,4,0.13261047327236924,0.0364936018035803,4,0.9428939968347549,0.10510243186115484,4,0.27299658209085464,0.011800229594728638,4,0.3569158837199211,0.01595824835003427,4,0.29397154715552276,0.032200649750920504,4,0.2264298779894734,0.041996009762743904,4,0.07471828885652748,0.02340826955368528,4,0.08719693192029786,0.018750059975648728,4,0.9137092381715775,0.10533373896159226,4,25.25,4.716990566028302,4,0.9428939968347549,0.10510243186115484,4,179761.0,0.0,4,179761.0,0.0,4
random_all_per_seed,all_rows,0.15,0.15,False,False,B3_with_RC_weighted_bcap_8,8.0,0.0005,1e-05,random,branched_only,1,536,SKNSH,0.2573009468615055,0.012329136241972726,4,0.331472210586071,0.01647354709222353,4,0.46578770590307883,0.03883641412326127,4,0.4056939520869982,0.02811902084284734,4,0.21378229476614152,0.03525100254278658,4,0.21808938726691815,0.037181790890961616,4,0.7847509384155273,0.035185293688491014,4,0.27877723425626755,0.004265761416154357,4,0.3628336414694786,0.0076623565257251045,4,0.35413161259872455,0.043420614363645964,4,0.2555208171282263,0.03787686702026941,4,0.12183054336585725,0.03190228090688577,4,0.12682321135556046,0.030604423456452798,4,0.9460401684045792,0.10937678013414885,4,0.27313467860221863,0.011297853017024035,4,0.35721804201602936,0.014952420399449084,4,0.29404152948885715,0.027783868953775895,4,0.2274719187963297,0.04369248432883528,4,0.07301251203087253,0.021653482249273902,4,0.08703937859467689,0.016260724682449452,4,0.9149537086486816,0.09910482677239199,4,29.0,10.954451150103322,4,0.9460401684045792,0.10937678013414885,4,179761.0,0.0,4,179761.0,0.0,4
random_all_per_seed,all_rows,0.15,0.15,False,False,B3_with_RC_weighted_bcap_8,8.0,0.0005,1e-05,random,branched_only,1,938,HepG2,0.25870488584041595,0.003624527296098733,4,0.33567072451114655,0.004792381503960439,4,0.43321512857022726,0.03249638654340569,4,0.3592532304860778,0.04330829232951812,4,0.1846955588543655,0.031119205498104287,4,0.1884673589759024,0.02841071355580003,4,0.814435288310051,0.031085960235617428,4,0.2765834406018257,0.004432233197130331,4,0.3612128049135208,0.006670481663834944,4,0.36524081498963173,0.06259518251888548,4,0.24568776212565027,0.05616816346000837,4,0.12936879928394834,0.03894741220495112,4,0.13633947059021984,0.04544008208734235,4,0.9443997740745544,0.07023767825786867,4,0.2721560597419739,0.011423251269253485,4,0.3564282953739166,0.015021454273693984,4,0.2923192257796654,0.0321981825644843,4,0.21677511121179394,0.045212071602983725,4,0.07703715011092854,0.026306536851884332,4,0.08622807198076488,0.018839802996943922,4,0.920683965086937,0.1011771752457304,4,17.75,4.112987559751022,4,0.9443997740745544,0.07023767825786867,4,179761.0,0.0,4,179761.0,0.0,4
random_all_per_seed,all_rows,0.15,0.15,False,False,B3_with_RC_weighted_bcap_8,8.0,0.0005,1e-05,random,branched_only,1,938,K562,0.25876887887716293,0.004927552897200795,4,0.3359707146883011,0.007048080387224106,4,0.4311942266232375,0.03514745606137737,4,0.3579348413920405,0.03471473095034277,4,0.18331076372221677,0.03321095224620512,4,0.1868549688239017,0.03145596383819405,4,0.815818578004837,0.033175520320292605,4,0.275955468416214,0.004409122646656628,4,0.3610907569527626,0.007431173256785496,4,0.36697859551356937,0.05902717453038844,4,0.2509455282625646,0.057220082664333705,4,0.13008406728692445,0.03665318138398618,4,0.13728644506489268,0.042236097596900085,4,0.9433839023113251,0.0637723655272023,4,0.27129241824150085,0.01152926671205291,4,0.355803482234478,0.015771207385984684,4,0.29272519743805836,0.03899817113095361,4,0.22199725797761513,0.04154318856424116,4,0.08040157615516902,0.02585277217645407,4,0.08682868422881959,0.022580231837262137,4,0.918138861656189,0.1111660315961851,4,19.25,8.015609770940697,4,0.9433839023113251,0.0637723655272023,4,179761.0,0.0,4,179761.0,0.0,4
random_all_per_seed,all_rows,0.15,0.15,False,False,B3_with_RC_weighted_bcap_8,8.0,0.0005,1e-05,random,branched_only,1,938,SKNSH,0.2550276666879654,0.003248388619093843,4,0.3315468356013298,0.0017921469028698697,4,0.4565387728579118,0.05792967676384767,4,0.3960503503851008,0.06090924024117865,4,0.2036927394606528,0.05166894065685116,4,0.21094453671008084,0.05209464237938748,4,0.7954583317041397,0.05161384531940532,4,0.2774240970611572,0.0054563648712816545,4,0.3623756691813469,0.008550051519436688,4,0.3573264180417472,0.058449181300365166,4,0.2519129938367954,0.05511463775715559,4,0.1239879373864329,0.036301595519979156,4,0.1302443991265577,0.04179788644375198,4,0.9508981853723526,0.0802051147521204,4,0.2729341685771942,0.01122318287140799,4,0.35666899383068085,0.015307346556437871,4,0.2881132197660384,0.031017613278936273,4,0.2101100546053277,0.04151775469194893,4,0.0759344647023931,0.020959503054695707,4,0.08373079665409475,0.017974882470574837,4,0.9221713989973068,0.10495544491493193,4,28.75,12.526638282742368,4,0.9508981853723526,0.0802051147521204,4,179761.0,0.0,4,179761.0,0.0,4
random_all_per_seed,all_rows,0.15,0.15,False,False,B3_with_RC_weighted_bcap_8,8.0,0.0005,1e-05,random,branched_only,1,1340,HepG2,0.2636847272515297,0.006102960765440871,4,0.3439326509833336,0.009804042551994128,4,0.4114665908617315,0.01759050641748671,4,0.3365326174214032,0.02638120871022912,4,0.16674950479915363,0.013388155246476052,4,0.16953682483239327,0.01440430708528248,4,0.8326287120580673,0.013378127430905532,4,0.2748643010854721,0.006149879269356248,4,0.3593001514673233,0.009383539326903117,4,0.3801701721215798,0.055401580671688266,4,0.25544700876876436,0.04927655562953078,4,0.13878011672422721,0.03833832710304412,4,0.14683136112664277,0.04152836567527686,4,0.9115543514490128,0.08171953388885674,4,0.26947255432605743,0.010471573894687307,4,0.35356662422418594,0.015098420713979616,4,0.30796083948454966,0.035425930235510834,4,0.23205882847061016,0.03673902028736992,4,0.09186978696593107,0.023733342899751587,4,0.09578112605581703,0.02183080711038359,4,0.8823114782571793,0.08772078395783182,4,16.5,4.041451884327381,4,0.9115543514490128,0.08171953388885674,4,179761.0,0.0,4,179761.0,0.0,4
random_all_per_seed,all_rows,0.15,0.15,False,False,B3_with_RC_weighted_bcap_8,8.0,0.0005,1e-05,random,branched_only,1,1340,K562,0.26269468665122986,0.006895913029685435,4,0.3430844768881798,0.01099593912254964,4,0.41729156748867896,0.02316220681584837,4,0.3445997498746577,0.023401064322742568,4,0.17087886927695142,0.01994364345437168,4,0.1745346181655938,0.019163652744553943,4,0.8285024464130402,0.019928762850084644,4,0.27404335141181946,0.006398676218964056,4,0.35861941426992416,0.008350619264957514,4,0.3799105768774013,0.06036369284806028,4,0.2606487905951529,0.050594429123919996,4,0.14179646709459448,0.042693165834336376,4,0.14706487798401108,0.045140979879493705,4,0.9079104363918304,0.077360351371074,4,0.27011262625455856,0.010849213393322694,4,0.35385920852422714,0.015707910567348736,4,0.30664047074919193,0.03535115163767613,4,0.22820004123096577,0.033612431473325675,4,0.0904807660252348,0.022826695322677747,4,0.09496565624286851,0.021480320018139744,4,0.8839685469865799,0.0922539956683696,4,20.0,6.0553007081949835,4,0.9079104363918304,0.077360351371074,4,179761.0,0.0,4,179761.0,0.0,4
random_all_per_seed,all_rows,0.15,0.15,False,False,B3_with_RC_weighted_bcap_8,8.0,0.0005,1e-05,random,branched_only,1,1340,SKNSH,0.26251763105392456,0.006467842280332524,4,0.34241071343421936,0.010260505815030031,4,0.4241456640760583,0.0074570733863116604,4,0.35619172764730334,0.01329110634569502,4,0.1741740106824556,0.011710810823095821,4,0.17994125031213712,0.00631562837440433,4,0.8252097070217133,0.011702044515845035,4,0.2747959718108177,0.0066905347721573265,4,0.35903042554855347,0.008885233790907174,4,0.38136735797264265,0.062058374215051594,4,0.2655188770613075,0.05595394329799711,4,0.13989821047577292,0.04203899186555292,4,0.14832949308469529,0.047117984803328905,4,0.9103550910949707,0.08348996736968096,4,0.2694627046585083,0.009457264343092131,4,0.35274598747491837,0.014575744105403488,4,0.31519163003539324,0.024595358765045525,4,0.22997874328429185,0.030109087890359015,4,0.09611448880029222,0.016086297972230552,4,0.0997994623989542,0.015305309108585291,4,0.878229945898056,0.08688614905939278,4,24.25,2.8722813232690148,4,0.9103550910949707,0.08348996736968096,4,179761.0,0.0,4,179761.0,0.0,4
random_all_per_seed,all_rows,0.15,0.15,False,False,B3_with_RC_weighted_bcap_8,8.0,0.0005,1e-05,random,branched_only,1,2011,HepG2,0.2605869695544243,0.003947874671641297,4,0.33955155313014984,0.004018731818239092,4,0.4268097624321631,0.029059517200125076,4,0.34246695846775155,0.025516380631703316,4,0.18185335523937965,0.02421173581768207,4,0.1827999149623278,0.025237375925622346,4,0.817739799618721,0.024199721462714978,4,0.2740219011902809,0.00509675682766397,4,0.35804563015699387,0.008218879223272186,4,0.3875068084240024,0.04799790121121339,4,0.2612153315379435,0.039154603228958314,4,0.14490659613359974,0.031004498256480287,4,0.15188937546546757,0.03704480969597613,4,0.910433366894722,0.0649272383618581,4,0.2696719095110893,0.010285929552861919,4,0.353099562227726,0.014657378017965694,4,0.31521685292777946,0.02318389034360834,4,0.2350909189987,0.0365040281583623,4,0.09433794833950565,0.014206197611677792,4,0.09976478394829166,0.014426945476354596,4,0.8864379525184631,0.09092977675479177,4,19.0,8.246211251235321,4,0.910433366894722,0.0649272383618581,4,179761.0,0.0,4,179761.0,0.0,4
random_all_per_seed,all_rows,0.15,0.15,False,False,B3_with_RC_weighted_bcap_8,8.0,0.0005,1e-05,random,branched_only,1,2011,K562,0.2619280368089676,0.0024280422534488505,4,0.34117957949638367,0.0042442296025784025,4,0.42051789020234476,0.030412946436584553,4,0.34188802525925166,0.03222603335350591,4,0.17402751319983106,0.023321161843069836,4,0.1775290064634472,0.025287085893082106,4,0.8255617320537567,0.02330958030982442,4,0.2729662135243416,0.005903610096585733,4,0.357297383248806,0.007889057147121618,4,0.3856084914359357,0.05176203765976093,4,0.26377315150889774,0.041514652608220376,4,0.1482138746011152,0.0386087805519116,4,0.15070339007451597,0.0397463507334076,4,0.906587153673172,0.06352564038249264,4,0.2706242650747299,0.010267480530582355,4,0.35443930327892303,0.014775609026924071,4,0.30788578575171915,0.030900277173111827,4,0.2340834132514294,0.03177667072109129,4,0.08737512501258818,0.02048507428952138,4,0.09550977741498487,0.01881561487348391,4,0.8933325260877609,0.09388210959287692,4,19.25,10.04572877727976,4,0.906587153673172,0.06352564038249264,4,179761.0,0.0,4,179761.0,0.0,4
random_all_per_seed,all_rows,0.15,0.15,False,False,B3_with_RC_weighted_bcap_8,8.0,0.0005,1e-05,random,branched_only,1,2011,SKNSH,0.2602974399924278,0.0036125256570694562,4,0.3393831104040146,0.0038394884558024243,4,0.4301748736547645,0.022817283132860692,4,0.35127057707177334,0.027271510414850278,4,0.18272840499090687,0.020771195482602953,4,0.1854408932310664,0.019975309213157297,4,0.8168651908636093,0.020760911769348855,4,0.2737535089254379,0.00658710942431735,4,0.3576401472091675,0.008809728901890643,4,0.38919152609056407,0.04990960911413878,4,0.2736713340778002,0.03925884615955582,4,0.1468330380221168,0.033056013187328724,4,0.1533382707921468,0.03884727406093809,4,0.9085714370012283,0.06937506032315147,4,0.2698946073651314,0.010070350678465548,4,0.35300488770008087,0.014688819993347474,4,0.3159729728437275,0.02591919860909616,4,0.23623341374561857,0.04087200515381238,4,0.0948167565486911,0.01528800669387845,4,0.10034277321010628,0.01620003205339402,4,0.8859865367412567,0.09123217675338867,4,25.25,8.80814017448254,4,0.9085714370012283,0.06937506032315147,4,179761.0,0.0,4,179761.0,0.0,4
random_all_per_seed,all_rows,0.15,0.15,False,False,B3_with_RC_weighted_bcap_8,8.0,0.0005,1e-05,random,branched_only,1,2681,HepG2,0.2641288489103317,0.003091333835025344,4,0.34483808279037476,0.003460967333304058,4,0.41389201632348854,0.016245963359723094,4,0.32401928727286067,0.010042159108796706,4,0.16993964227068184,0.012391256833182566,4,0.171504549670437,0.013440984135225462,4,0.8297507613897324,0.012386621283083578,4,0.2737814858555794,0.006909147188186286,4,0.35706377029418945,0.009031675429787708,4,0.3923027565650288,0.046467307158660515,4,0.2716606798266181,0.03963639259873962,4,0.14962486969735997,0.03206432651765419,4,0.1555208607844532,0.03643665193137579,4,0.890589639544487,0.05778298698435201,4,0.26921094208955765,0.011165819575853381,4,0.35277754813432693,0.015156717039995679,4,0.3196987464596978,0.03130945974000704,4,0.2396450034685501,0.04018512312804966,4,0.09596898643340021,0.021480334383423887,4,0.10294250018981048,0.019959883594363684,4,0.8701876997947693,0.08193217518273001,4,13.5,2.3804761428476167,4,0.890589639544487,0.05778298698435201,4,179761.0,0.0,4,179761.0,0.0,4
random_all_per_seed,all_rows,0.15,0.15,False,False,B3_with_RC_weighted_bcap_8,8.0,0.0005,1e-05,random,branched_only,1,2681,K562,0.2637975513935089,0.004647751117478537,4,0.34492483735084534,0.006356133438443097,4,0.4145000213018179,0.02684239430844816,4,0.32935801710157464,0.02600753202912454,4,0.16951994219165226,0.02208494148294845,4,0.17235065325836516,0.021817313181969087,4,0.8301702290773392,0.022076669669508154,4,0.27315065264701843,0.0068732405535338725,4,0.3571438267827034,0.008811731900114566,4,0.39193850770924527,0.04733445765034704,4,0.2655945895360932,0.04369656765257626,4,0.14920901248445265,0.0326091016763793,4,0.1552962069861395,0.037058871965343305,4,0.8909585922956467,0.05673773894845814,4,0.26936107128858566,0.011201576859980232,4,0.3526051789522171,0.015150332256537525,4,0.31698970442575614,0.03105550380607766,4,0.23872201829375447,0.0385848963850052,4,0.09684048795371458,0.022056651775523274,4,0.10120580594941522,0.019521709017674797,4,0.8693393021821976,0.08194997801573077,4,15.5,8.18535277187245,4,0.8909585922956467,0.05673773894845814,4,179761.0,0.0,4,179761.0,0.0,4
random_all_per_seed,all_rows,0.15,0.15,False,False,B3_with_RC_weighted_bcap_8,8.0,0.0005,1e-05,random,branched_only,1,2681,SKNSH,0.2633904740214348,0.0020746379088987382,4,0.34428977221250534,0.00213488690964571,4,0.41841497006510214,0.014661889965332148,4,0.33647978798532296,0.0074736964779930646,4,0.17253387289950495,0.012754553879353198,4,0.17523231543759693,0.01224077866196736,4,0.8271574676036835,0.012749825789819105,4,0.2741222530603409,0.00614228841032445,4,0.35772284120321274,0.009179513888185446,4,0.3886698788400843,0.04581454389943399,4,0.269759349819023,0.03691575434403754,4,0.14649665028755202,0.03207307953721263,4,0.15263850404210066,0.03560062813444988,4,0.8939004838466644,0.05872479397268614,4,0.26959385722875595,0.011073394287835362,4,0.35247594863176346,0.015200981592638512,4,0.32012064169876814,0.028748086702991983,4,0.23325527399242568,0.03447213805478445,4,0.09752210518862314,0.021574481293583993,4,0.10309706460844316,0.018344578863750346,4,0.8687131404876709,0.08204703595776068,4,19.75,5.057996968497839,4,0.8939004838466644,0.05872479397268614,4,179761.0,0.0,4,179761.0,0.0,4
random_all_per_seed,all_rows,0.15,0.15,False,False,B3_with_RC_weighted_bcap_8,8.0,0.0005,1e-05,random,conv3_plus,1,134,HepG2,0.2709765397012234,0.029376686266934886,4,0.34864314645528793,0.03696202750230574,4,0.36796299193586995,0.08742959483548192,4,0.332762218912969,0.09950197806769756,4,0.11266326199575732,0.09067720580169453,4,0.1411297139742195,0.06910336250767764,4,0.8807148784399033,0.09000059738275536,4,0.2861270606517792,0.006069983356292097,4,0.3717678189277649,0.007014647307118667,4,0.29622147960861345,0.038826764584053236,4,0.22078054395453894,0.042318067733924325,4,0.07802749908527165,0.03221572226123325,4,0.0888778032175653,0.022521353382357685,4,1.0321321934461594,0.26669732838944843,4,0.2784910127520561,0.01127889603839476,4,0.36723728477954865,0.015231533387900325,4,0.2275350756240874,0.01576102369144183,4,0.2033810323211947,0.01394157205091623,4,0.02035020865101167,0.016874997885909716,4,0.05195851804011081,0.007326494330280904,4,0.9929959326982498,0.1784720993369362,4,6.25,4.031128874149275,4,1.0321321934461594,0.26669732838944843,4,179761.0,0.0,4,3063361.0,0.0,4
random_all_per_seed,all_rows,0.15,0.15,False,False,B3_with_RC_weighted_bcap_8,8.0,0.0005,1e-05,random,conv3_plus,1,134,K562,0.2633287310600281,0.04060939165567888,4,0.3402186557650566,0.05137121969809047,4,0.43072128736245385,0.07374922857838848,4,0.3959281465983695,0.07258432526426523,4,0.16191234628299225,0.10202780143500838,4,0.18960003892410013,0.06426020273788531,4,0.8318333327770233,0.10126637813525313,4,0.2830323800444603,0.008750649199623478,4,0.36867598444223404,0.012735991913518818,4,0.31947332370190235,0.04666664234283673,4,0.2425613478024083,0.0368301797297442,4,0.09366466453158923,0.03772100584019191,4,0.10369653618780615,0.031390165649446994,4,1.0126542747020721,0.24705448210322564,4,0.275769367814064,0.012430567118146699,4,0.36206691712141037,0.01665026700190199,4,0.26987480627972216,0.03682921305506754,4,0.2315150521250633,0.03121566228479982,4,0.04771880629419489,0.032571854575426905,4,0.07384970426520923,0.01914483931829265,4,0.9660484492778778,0.17881102180676967,4,20.0,19.6468827043885,4,1.0126542747020721,0.24705448210322564,4,179761.0,0.0,4,3063361.0,0.0,4
random_all_per_seed,all_rows,0.15,0.15,False,False,B3_with_RC_weighted_bcap_8,8.0,0.0005,1e-05,random,conv3_plus,1,134,SKNSH,0.2681860961019993,0.03227154885081062,4,0.3462895229458809,0.04089237719107891,4,0.39080965265563006,0.03869821163965549,4,0.35324352817414195,0.06636238841079932,4,0.1281027859111635,0.06382482026105735,4,0.1538553482968949,0.03026164316444727,4,0.8653905093669891,0.06334854188266295,4,0.2898242473602295,0.00444082203809767,4,0.37690944969654083,0.006808823756900091,4,0.27354187923228557,0.038462570804620295,4,0.22005148554115597,0.04101431206821075,4,0.051988637856858366,0.04468646061900019,4,0.07593468670860563,0.020642295253339618,4,1.0596859902143478,0.27085743870725065,4,0.2836507707834244,0.014642845642246619,4,0.37072649598121643,0.017567694216639323,4,0.22350040772664598,0.028794717420434924,4,0.20314550259532047,0.03166767825666159,4,0.0013822346177337075,0.04642435889971535,4,0.05057428406746903,0.012918680689551971,4,1.010263979434967,0.16964420642952657,4,6.25,4.349329450233296,4,1.0596859902143478,0.27085743870725065,4,179761.0,0.0,4,3063361.0,0.0,4
random_all_per_seed,all_rows,0.15,0.15,False,False,B3_with_RC_weighted_bcap_8,8.0,0.0005,1e-05,random,conv3_plus,1,268,HepG2,0.2489073947072029,0.015451813022476018,4,0.3245689272880554,0.02316828672424523,4,0.48477149836979794,0.035799300993600264,4,0.4105981620683073,0.05419217466379229,4,0.2306260263287547,0.033493465057671756,4,0.2359645980954218,0.03461482633585638,4,0.7665031552314758,0.03336847635976142,4,0.2801787257194519,0.006175829769753352,4,0.3657642677426338,0.008851484705007222,4,0.3444925378495909,0.05741237465649583,4,0.24974701967669138,0.05617914244587122,4,0.10731447912126518,0.0436647194579443,4,0.12114724420682521,0.03932280348556495,4,0.9860801696777344,0.15784317305919066,4,0.27623017877340317,0.011089015677239064,4,0.36274997889995575,0.016740009437545687,4,0.2659761072508722,0.023466739203063063,4,0.22589312328582878,0.011308835672802778,4,0.04435867285174466,0.021879722058461514,4,0.0711563055149459,0.012187077244229893,4,0.9641861766576767,0.11574308585657063,4,17.25,3.4034296427770223,4,0.9860801696777344,0.15784317305919066,4,179761.0,0.0,4,3063361.0,0.0,4
random_all_per_seed,all_rows,0.15,0.15,False,False,B3_with_RC_weighted_bcap_8,8.0,0.0005,1e-05,random,conv3_plus,1,268,K562,0.25483354181051254,0.028177398025325505,4,0.3308897837996483,0.03951095793694949,4,0.44395405901742235,0.10268332352632378,4,0.37586457948849156,0.08220214744599186,4,0.20220239117802852,0.09334707420393333,4,0.2050031052158537,0.09181777328041063,4,0.7948206812143326,0.09299869758980267,4,0.27917270362377167,0.00730850121121567,4,0.3652281314134598,0.010801249111465476,4,0.341173026785742,0.06291849830063465,4,0.24767055669589813,0.03811519850406764,4,0.1101637687267242,0.0420647923174885,4,0.11936808727744984,0.042180859509091034,4,0.9830129146575928,0.1568956458838014,4,0.2754363790154457,0.012212683552864192,4,0.3593306764960289,0.016638079912041914,4,0.2741278621147869,0.038241604673909156,4,0.22381036816579286,0.032676619592136316,4,0.062161532243818124,0.028632520717862178,4,0.07624290003365027,0.020442923383671183,4,0.946331262588501,0.11579038124997228,4,14.75,9.673847907287634,4,0.9830129146575928,0.1568956458838014,4,179761.0,0.0,4,3063361.0,0.0,4
random_all_per_seed,all_rows,0.15,0.15,False,False,B3_with_RC_weighted_bcap_8,8.0,0.0005,1e-05,random,conv3_plus,1,268,SKNSH,0.2498137280344963,0.027772707424093008,4,0.325093075633049,0.03660727589996179,4,0.4816529728103709,0.06769017675348891,4,0.41806081850955995,0.0412929291013032,4,0.23050612621330582,0.06781753972161755,4,0.23542605623875684,0.06448586605572149,4,0.7666225880384445,0.06756449545607032,4,0.2823619917035103,0.004476162432789787,4,0.3674398139119148,0.007772541995166296,4,0.328550037387184,0.07357530165680973,4,0.2534871046807016,0.06100067731397817,4,0.09889034896024532,0.047896819250125566,4,0.11200512082753791,0.045552111188651906,4,0.9945995211601257,0.15524478384399337,4,0.2765906974673271,0.012570463126072419,4,0.3615560978651047,0.017484078474259094,4,0.2704497383418252,0.03092029234907818,4,0.22115088306281847,0.039513275524605734,4,0.05065593856576853,0.02869063357599945,4,0.07386010932837606,0.01673648265726405,4,0.9576562345027924,0.11449386744564134,4,18.5,7.54983443527075,4,0.9945995211601257,0.15524478384399337,4,179761.0,0.0,4,3063361.0,0.0,4
random_all_per_seed,all_rows,0.15,0.15,False,False,B3_with_RC_weighted_bcap_8,8.0,0.0005,1e-05,random,conv3_plus,1,536,HepG2,0.2508445046842098,0.011945663055739757,4,0.3251407891511917,0.015510709679731758,4,0.499245262761419,0.018038321783078057,4,0.42232152493401187,0.021883111873848202,4,0.2438053001755159,0.020057937587590315,4,0.24948986817928068,0.018215670962175187,4,0.7547839283943176,0.020020525098721403,4,0.27810054272413254,0.005648522371082646,4,0.36262668669223785,0.00931882240102841,4,0.3612756839013163,0.05151132996138463,4,0.24445646738464963,0.04335633577566863,4,0.12276007448180565,0.03862801519341909,4,0.13251018261415679,0.03713623128362622,4,0.9444611072540283,0.10568466658670349,4,0.2729955166578293,0.009949638386618019,4,0.3584110140800476,0.014346772082583588,4,0.2920973449510488,0.019741860262906096,4,0.23118822136983538,0.02035080530924274,4,0.06684043435216275,0.01098629756218883,4,0.08561316471243205,0.01153480875768086,4,0.9207480400800705,0.09422254253592496,4,14.0,0.816496580927726,4,0.9444611072540283,0.10568466658670349,4,179761.0,0.0,4,3063361.0,0.0,4
random_all_per_seed,all_rows,0.15,0.15,False,False,B3_with_RC_weighted_bcap_8,8.0,0.0005,1e-05,random,conv3_plus,1,536,K562,0.25476736202836037,0.012122918722623954,4,0.3296810910105705,0.01668109949943153,4,0.47517976058044065,0.017352960736005476,4,0.39512389427474415,0.02323043783106545,4,0.22274054371570154,0.018311084041067675,4,0.22602164880001394,0.016752794120806973,4,0.7758094221353531,0.01827695302573961,4,0.27745163440704346,0.0059166825750332575,4,0.36275699734687805,0.010316407827755924,4,0.3606952545040091,0.05079228202883197,4,0.25087193533594404,0.04045916044258335,4,0.12221023471686113,0.03901200520358125,4,0.13203595855698416,0.036357593131119775,4,0.9449762403964996,0.10505118495718171,4,0.2723485231399536,0.011657409402844545,4,0.35622044652700424,0.01589515904731869,4,0.2997463234720469,0.033380900927469016,4,0.24049388400063115,0.0334821057820052,4,0.07830819670769631,0.02369445513398644,4,0.09068357184505607,0.019762912515067094,4,0.9101534634828568,0.10482839498623918,4,12.0,0.8164965809277263,4,0.9449762403964996,0.10505118495718171,4,179761.0,0.0,4,3063361.0,0.0,4
random_all_per_seed,all_rows,0.15,0.15,False,False,B3_with_RC_weighted_bcap_8,8.0,0.0005,1e-05,random,conv3_plus,1,536,SKNSH,0.2528756931424141,0.015940919417070674,4,0.32670219242572784,0.020317694669378064,4,0.49155875962187745,0.037567389471438596,4,0.42268997630942967,0.015790087289943865,4,0.23683198048597667,0.039013238848579025,4,0.24268849572477277,0.03750093185170765,4,0.7617442607879639,0.03894044967842031,4,0.28061234951019287,0.00549613933398521,4,0.3646582141518593,0.00908768696800959,4,0.3499048818188506,0.04821568317772389,4,0.2546915045566598,0.04531215384677866,4,0.1130688418575031,0.03291437512843782,4,0.1241769903988848,0.03317830855274309,4,0.9551243782043457,0.10678525433707856,4,0.27467600256204605,0.011467842859713705,4,0.3584890067577362,0.014948396801268787,4,0.289048558742074,0.023155590309485947,4,0.2222513026550526,0.045598848305844375,4,0.06642424092360044,0.020110697451114355,4,0.08395120533280577,0.013326266212860906,4,0.9212581515312195,0.09682993032386895,4,14.25,2.6299556396765835,4,0.9551243782043457,0.10678525433707856,4,179761.0,0.0,4,3063361.0,0.0,4
random_all_per_seed,all_rows,0.15,0.15,False,False,B3_with_RC_weighted_bcap_8,8.0,0.0005,1e-05,random,conv3_plus,1,938,HepG2,0.24991632997989655,0.007401418826644776,4,0.32578616589307785,0.010226755957031307,4,0.48760141101306287,0.03612168511172039,4,0.4064291644361906,0.022922991584003072,4,0.2323170681028083,0.03351854604751926,4,0.23873371812341254,0.03578482014333965,4,0.7668644934892654,0.033482753757947806,4,0.27654656022787094,0.004487019126645276,4,0.36079180985689163,0.007376946491387666,4,0.3667331291166158,0.06179921437157233,4,0.24007968320180792,0.062151276791451805,4,0.13141408932728144,0.03978805086749264,4,0.13735754516437207,0.04478864494344622,4,0.9419974684715271,0.06727841775422422,4,0.270899273455143,0.01091770898880095,4,0.3554026409983635,0.014969696945518425,4,0.3023976302188665,0.02884149809173558,4,0.22783750850230391,0.03984218747744636,4,0.082385494371703,0.023783991828746194,4,0.09206820077111802,0.017443082410361237,4,0.9154963046312332,0.1019571063389668,4,13.0,3.1622776601683795,4,0.9419974684715271,0.06727841775422422,4,179761.0,0.0,4,3063361.0,0.0,4
random_all_per_seed,all_rows,0.15,0.15,False,False,B3_with_RC_weighted_bcap_8,8.0,0.0005,1e-05,random,conv3_plus,1,938,K562,0.25220637395977974,0.005704228220106569,4,0.32806622236967087,0.008232052497172645,4,0.47190579294056495,0.03556124852197707,4,0.3889559323950531,0.030111743470626832,4,0.22126640332828082,0.035521881857506814,4,0.22364352920819475,0.03478859421311167,4,0.777903363108635,0.03548393440756068,4,0.27604471892118454,0.00428355245614333,4,0.36009377241134644,0.007531653492188819,4,0.3702775681163903,0.054895394466816384,4,0.24966180770690546,0.05243079319497157,4,0.13487416680037545,0.036997583410257176,4,0.1393656057004386,0.039202905578831715,4,0.9379503726959229,0.05869946183242037,4,0.271644726395607,0.012158931123973147,4,0.35598867386579514,0.016260501029419856,4,0.30131561406213125,0.036810741582085124,4,0.2258559950775207,0.04131208260584261,4,0.07940691460530017,0.0313812499482273,4,0.0918073722995065,0.022070990528696027,4,0.9189973473548889,0.1109647055594605,4,12.25,2.9860788111948193,4,0.9379503726959229,0.05869946183242037,4,179761.0,0.0,4,3063361.0,0.0,4
random_all_per_seed,all_rows,0.15,0.15,False,False,B3_with_RC_weighted_bcap_8,8.0,0.0005,1e-05,random,conv3_plus,1,938,SKNSH,0.246946282684803,0.0032897160800902936,4,0.32181838154792786,0.004420678746209065,4,0.5031986934539618,0.053025958357586576,4,0.43281702695739177,0.055829481130681466,4,0.24951911677615624,0.054060555103831454,4,0.25531773928857965,0.05361183145743045,4,0.7496807873249054,0.05400284954602054,4,0.2786247730255127,0.005176101799018236,4,0.36229342222213745,0.007707372797714479,4,0.3586904864444324,0.0593787050010977,4,0.25568252754573517,0.056468520917149836,4,0.12427893450162761,0.03748604904639065,4,0.13130323802144908,0.042665180546755256,4,0.9502449780702591,0.07531702706051456,4,0.2731415033340454,0.01176117242518797,4,0.35725802183151245,0.01567732022418979,4,0.2977816062584724,0.032706223246631874,4,0.21410037229252007,0.05627589358482316,4,0.07273811179371462,0.031024282410417058,4,0.08947615780516978,0.019464151086530247,4,0.9250229597091675,0.10345969188621473,4,15.25,4.031128874149275,4,0.9502449780702591,0.07531702706051456,4,179761.0,0.0,4,3063361.0,0.0,4
random_all_per_seed,all_rows,0.15,0.15,False,False,B3_with_RC_weighted_bcap_8,8.0,0.0005,1e-05,random,conv3_plus,1,1340,HepG2,0.2547922357916832,0.007511823221734702,4,0.3332930877804756,0.011587682616065373,4,0.474037389496214,0.013605526235167207,4,0.39567388035954115,0.020872384372987746,4,0.21776891220415928,0.009461903160420558,4,0.22485027939848712,0.012777253844880229,4,0.781647339463234,0.00945488735426484,4,0.2746610641479492,0.006038040364079194,4,0.3580988124012947,0.008106851539391778,4,0.382364180946949,0.055761664434935077,4,0.25785892131158294,0.052275213965486934,4,0.14438217616575372,0.03941542588778398,4,0.14853438928664692,0.04209339794122714,4,0.905336320400238,0.07755610938464295,4,0.26996611058712006,0.009550915492101282,4,0.3542150929570198,0.014405988934749236,4,0.3170017070559423,0.02680268614788921,4,0.2384822963621372,0.02801912013732807,4,0.0884207134720136,0.02366607116907886,4,0.10102887026493813,0.016972996581849885,4,0.8854809552431107,0.08538163298744271,4,12.5,1.9148542155126762,4,0.905336320400238,0.07755610938464295,4,179761.0,0.0,4,3063361.0,0.0,4
random_all_per_seed,all_rows,0.15,0.15,False,False,B3_with_RC_weighted_bcap_8,8.0,0.0005,1e-05,random,conv3_plus,1,1340,K562,0.25636154785752296,0.009223037522305322,4,0.33501676470041275,0.013551354340240102,4,0.46140173018106023,0.0289056801642263,4,0.375097230724458,0.025716300867192607,4,0.20958226329652327,0.027214450554661,4,0.21351821037339333,0.0271009207059497,4,0.7898279428482056,0.02719413855184563,4,0.27468107640743256,0.005911969822494698,4,0.35857780277729034,0.008981951760255397,4,0.3813739426228836,0.05718342077110192,4,0.2601045593332223,0.04906102903195355,4,0.14213732924917774,0.040268603465324154,4,0.1478985418200362,0.0424476416119075,4,0.9075809866189957,0.07633171975800025,4,0.2700508162379265,0.011051524854333408,4,0.35365574806928635,0.01613675192886407,4,0.3145917467883694,0.035517348805933345,4,0.234165523227602,0.041862895528542395,4,0.09153963640589577,0.026013533134393755,4,0.09991407869700927,0.022304075686479016,4,0.8830944299697876,0.09499853453074762,4,12.0,3.559026084010437,4,0.9075809866189957,0.07633171975800025,4,179761.0,0.0,4,3063361.0,0.0,4
random_all_per_seed,all_rows,0.15,0.15,False,False,B3_with_RC_weighted_bcap_8,8.0,0.0005,1e-05,random,conv3_plus,1,1340,SKNSH,0.2550816908478737,0.008874829039219987,4,0.33345117419958115,0.01319608138174713,4,0.47143580178971334,0.026066032953447393,4,0.3929573266436394,0.026154591886201152,4,0.21688629255923084,0.027786291968682066,4,0.22276129376455756,0.02489663292471644,4,0.7825293242931366,0.027765589774389757,4,0.27583181858062744,0.006350151581503969,4,0.3595235273241997,0.008481799394583649,4,0.3756643504906976,0.05380973643766711,4,0.26341788261455135,0.04892232780059397,4,0.1377001960890049,0.036325608692642355,4,0.14329532003121603,0.04011577028312,4,0.9127993881702423,0.08201714938692974,4,0.2712831050157547,0.00991964884851981,4,0.35425347089767456,0.013617227882389938,4,0.3144461062710706,0.02548986880582948,4,0.2267059650824205,0.04002149046654196,4,0.08813459223265668,0.021590568096235684,4,0.09936365380784125,0.015971115270901153,4,0.8856837153434753,0.08398378493414962,4,13.25,2.5,4,0.9127993881702423,0.08201714938692974,4,179761.0,0.0,4,3063361.0,0.0,4
random_all_per_seed,all_rows,0.15,0.15,False,False,B3_with_RC_weighted_bcap_8,8.0,0.0005,1e-05,random,conv3_plus,1,2011,HepG2,0.26034416258335114,0.0022114832107602107,4,0.33956046402454376,0.004340617825221944,4,0.43084134479020764,0.020219080786073027,4,0.3378204966742413,0.019407696811272742,4,0.1819486431162758,0.017932337963847807,4,0.18593087280150988,0.01747684408453373,4,0.8176445662975311,0.017923399170782093,4,0.2732428088784218,0.006030312397266619,4,0.3575902059674263,0.008344680506197855,4,0.3883310378831535,0.050266264872867804,4,0.2704576681193973,0.04160962667727288,4,0.14698166842108326,0.034668424363653076,4,0.15269601802160915,0.038676218920116065,4,0.9080756455659866,0.06430488825009874,4,0.26894843578338623,0.010486011259549802,4,0.35276181250810623,0.014830602849846636,4,0.32028141082409345,0.02582546306284583,4,0.24198034649436514,0.03457033339542204,4,0.0960518284742514,0.01797370586757318,4,0.10308039802627952,0.01646145817362134,4,0.8848388344049454,0.09231015162860777,4,7.5,2.516611478423583,4,0.9080756455659866,0.06430488825009874,4,179761.0,0.0,4,3063361.0,0.0,4
random_all_per_seed,all_rows,0.15,0.15,False,False,B3_with_RC_weighted_bcap_8,8.0,0.0005,1e-05,random,conv3_plus,1,2011,K562,0.25552086904644966,0.00410335378679238,4,0.3334230110049248,0.006090184106876841,4,0.46132283861522494,0.04225462921537243,4,0.37436894470297266,0.04604695115929659,4,0.21085216695913087,0.03700106593616656,4,0.2141578516956053,0.038626474741394204,4,0.7887554168701172,0.03698270172010885,4,0.2734008803963661,0.00552022832525698,4,0.3574816733598709,0.008324625008626681,4,0.38653764262680523,0.04998404567545228,4,0.26590345422167044,0.04690111323668671,4,0.14744704915047202,0.036268312794324666,4,0.15128515278405208,0.03830307572907084,4,0.9074899554252625,0.06362395053509816,4,0.2704523578286171,0.011095354487264576,4,0.3540000393986702,0.01564818745730537,4,0.31265220052142373,0.03325338436996977,4,0.228987035608876,0.043433211392074775,4,0.08973001706453923,0.02381798590716621,4,0.09858073916993126,0.02082403254051135,4,0.89124596118927,0.09656777183369339,4,10.25,3.774917217635375,4,0.9074899554252625,0.06362395053509816,4,179761.0,0.0,4,3063361.0,0.0,4
random_all_per_seed,all_rows,0.15,0.15,False,False,B3_with_RC_weighted_bcap_8,8.0,0.0005,1e-05,random,conv3_plus,1,2011,SKNSH,0.2520434707403183,0.004610878643610381,4,0.3293604776263237,0.005956482074211013,4,0.48473549333039434,0.025736133671364868,4,0.3963149934170695,0.019871982287581667,4,0.23029128808124988,0.024754663577203722,4,0.2354652599265235,0.024811234316199485,4,0.7693259716033936,0.024742405945234202,4,0.27526459097862244,0.005631484485292397,4,0.3584488406777382,0.007517944680225513,4,0.38263636371522314,0.05050828969394894,4,0.2715418509752046,0.05203875800964662,4,0.14281240520757896,0.034965080985728494,4,0.14832390233306444,0.03860578571887839,4,0.9124385863542557,0.06318710767934255,4,0.2709816172719002,0.010955671847041647,4,0.35443802922964096,0.015108247634807646,4,0.31776642890730533,0.022840478116538488,4,0.23092542210089673,0.03857181630457216,4,0.08744132494590073,0.020539610474358927,4,0.1013667689209456,0.014415688980789073,4,0.8932755589485168,0.09339718303132054,4,13.25,1.707825127659933,4,0.9124385863542557,0.06318710767934255,4,179761.0,0.0,4,3063361.0,0.0,4
random_all_per_seed,all_rows,0.15,0.15,False,False,B3_with_RC_weighted_bcap_8,8.0,0.0005,1e-05,random,conv3_plus,1,2681,HepG2,0.2554065212607384,0.004214348034534264,4,0.3337427005171776,0.005698610429664133,4,0.47404811018855875,0.0178243948269184,4,0.37546314932018643,0.021370514768308813,4,0.22254080550184469,0.016509228533260853,4,0.22495989256155333,0.016747135538075608,4,0.7771691679954529,0.01650309876834748,4,0.2740330696105957,0.006228241345862318,4,0.35667458921670914,0.00839032024557327,4,0.3943531404022489,0.04629894255480664,4,0.2725667765438753,0.042287292944380044,4,0.1513764494003586,0.0336145066202048,4,0.15712209340638583,0.03617069633514607,4,0.8885643482208252,0.05468388546460661,4,0.2702355608344078,0.011302946047821586,4,0.3535934016108513,0.015394294816769113,4,0.3198954882909243,0.032423111075118013,4,0.2335968133422915,0.042291103867678495,4,0.09163324882797663,0.03052683012438994,4,0.10312156702773097,0.020774462198083658,4,0.8743515759706497,0.08426141831330278,4,10.75,1.707825127659933,4,0.8885643482208252,0.05468388546460661,4,179761.0,0.0,4,3063361.0,0.0,4
random_all_per_seed,all_rows,0.15,0.15,False,False,B3_with_RC_weighted_bcap_8,8.0,0.0005,1e-05,random,conv3_plus,1,2681,K562,0.25853272527456284,0.006440157194478324,4,0.33810869604349136,0.008858009463077398,4,0.4535509684328355,0.03283360387272339,4,0.361491310581918,0.04017689617143673,4,0.20197339814407195,0.031228265981753777,4,0.2065170151238161,0.030470687747146355,4,0.7977288961410522,0.031216555717222812,4,0.2733914405107498,0.006711889379736572,4,0.35707419365644455,0.00890959130862668,4,0.3901700015902707,0.0467794121530391,4,0.27037620585803546,0.04239324107094001,4,0.14951435670546334,0.033727741025521445,4,0.15387386519198976,0.0363106587306618,4,0.8906290531158447,0.05743850137897368,4,0.2700178027153015,0.011161573134799796,4,0.3534458950161934,0.015227547740676568,4,0.31866440184890066,0.03169997325875271,4,0.23364703531134084,0.04700823163909631,4,0.09247129388744832,0.025783090103825918,4,0.10230066723417186,0.020228960167787066,4,0.8735494017601013,0.08288270172317516,4,9.25,3.4034296427770228,4,0.8906290531158447,0.05743850137897368,4,179761.0,0.0,4,3063361.0,0.0,4
random_all_per_seed,all_rows,0.15,0.15,False,False,B3_with_RC_weighted_bcap_8,8.0,0.0005,1e-05,random,conv3_plus,1,2681,SKNSH,0.25620874762535095,0.003439019739488717,4,0.33530643582344055,0.0046555780618999345,4,0.4673746967982816,0.010899110034762741,4,0.3756921299202841,0.014892736736183354,4,0.21525115407474316,0.011346405115197144,4,0.21852820015694804,0.010110801892045202,4,0.7844561040401459,0.011342150366894031,4,0.27444159984588623,0.006097701216614723,4,0.3579317405819893,0.008104055975173446,4,0.3859802600509444,0.04653840770605807,4,0.2711010607928514,0.047189335934983215,4,0.14539372897305408,0.0326969420459956,4,0.15060512869285614,0.035811833298605295,4,0.8947831243276596,0.053089996253140086,4,0.27036020904779434,0.010351133648160135,4,0.3533296287059784,0.014377831069770168,4,0.32326217595983037,0.02548008504102072,4,0.23076829627196077,0.038321697634631176,4,0.09298107020095997,0.02295453850616694,4,0.10498536045655758,0.01643834722109383,4,0.872804269194603,0.07889197110876409,4,11.25,1.2583057392117918,4,0.8947831243276596,0.053089996253140086,4,179761.0,0.0,4,3063361.0,0.0,4
random_all_per_seed,all_rows,0.15,0.15,False,False,B3_with_RC_weighted_bcap_8,8.0,0.0005,1e-05,random,full,1,134,HepG2,0.25313106179237366,0.03851745782969987,4,0.32947158068418503,0.04729683347995958,4,0.47323055863909413,0.1310936421395396,4,0.42420556753216265,0.12000692229903544,4,0.207842577931462,0.1411478280582852,4,0.23683631888692638,0.11915480519142078,4,0.7862458527088165,0.14009451587160515,4,0.28687218576669693,0.005825356306638302,4,0.3721572905778885,0.006411523932415175,4,0.30209628938671457,0.04451493852137733,4,0.22275202764434288,0.040466965670509204,4,0.07559438234124682,0.046868109458333765,4,0.09274835287489311,0.02642464206359772,4,1.031100183725357,0.2494142895723542,4,0.2802869901061058,0.011255076872748801,4,0.3691738471388817,0.015671440194692868,4,0.23086134978616418,0.015578501763643436,4,0.20138385964748468,0.01581666551044713,4,0.01008038343912701,0.014290509830831558,4,0.053478980112989516,0.007241057510083384,4,1.0030715614557266,0.1785867390493859,4,10.0,7.483314773547883,4,1.031100183725357,0.2494142895723542,4,179761.0,0.0,4,3747661.0,0.0,4
random_all_per_seed,all_rows,0.15,0.15,False,False,B3_with_RC_weighted_bcap_8,8.0,0.0005,1e-05,random,full,1,134,K562,0.26167018711566925,0.03727763774491767,4,0.3376254588365555,0.047432966356767414,4,0.44699132797620317,0.05971143953731811,4,0.4052529670086694,0.05331273559363297,4,0.17351241024932498,0.08878303579627056,4,0.20247533929464373,0.05133399345654103,4,0.8203197568655014,0.08812051811550614,4,0.2842327207326889,0.00887150924148944,4,0.37064792215824127,0.011404171417399673,4,0.31106621837959125,0.043055786394718965,4,0.23404664110391582,0.025469919050889765,4,0.08373939689593018,0.039451690004496165,4,0.0981525427735303,0.027993381691401555,4,1.0229770839214325,0.24700914246297817,4,0.27774234116077423,0.013433879664759183,4,0.3636762797832489,0.018460296821887146,4,0.26559962549790944,0.04266617583976047,4,0.2238430957633725,0.03288034528167188,4,0.039484075194230056,0.036111721227778074,4,0.07190846298522177,0.021459163639920398,4,0.9736161828041077,0.1757794437352526,4,9.25,5.737304826019502,4,1.0229770839214325,0.24700914246297817,4,179761.0,0.0,4,3747661.0,0.0,4
random_all_per_seed,all_rows,0.15,0.15,False,False,B3_with_RC_weighted_bcap_8,8.0,0.0005,1e-05,random,full,1,134,SKNSH,0.24977237358689308,0.04742949791754752,4,0.3265667036175728,0.058457775644002556,4,0.49580316090932197,0.11067195083424944,4,0.4592546682036904,0.0984986270478741,4,0.2286524670553138,0.13956997382439337,4,0.2550069848937689,0.11170069371042815,4,0.7655912339687347,0.13852844630102856,4,0.29000550508499146,0.005494948499746392,4,0.37669088691473007,0.006711953578014742,4,0.2843809417191859,0.042156628400497144,4,0.2194181506841213,0.03963868642611972,4,0.0527986316237343,0.05223793365901353,4,0.08220540600166419,0.022829334251176996,4,1.0559164881706238,0.25495862572572264,4,0.2851775586605072,0.013478615939693177,4,0.3720513731241226,0.017062851712589533,4,0.22766736175424215,0.03179121065855582,4,0.20355209950595518,0.03226526578963905,4,-0.0057227646827527345,0.04185956394236351,4,0.05259043841448946,0.01431895699143538,4,1.0178711265325546,0.17325335317567053,4,11.75,11.324751652906125,4,1.0559164881706238,0.25495862572572264,4,179761.0,0.0,4,3747661.0,0.0,4
random_all_per_seed,all_rows,0.15,0.15,False,False,B3_with_RC_weighted_bcap_8,8.0,0.0005,1e-05,random,full,1,268,HepG2,0.24648091569542885,0.029535944697811158,4,0.32269642502069473,0.038994991569036026,4,0.49505834074647415,0.07436827472645703,4,0.4213706896421946,0.06859680860326484,4,0.24293469263323503,0.07436043102007012,4,0.24923074095699446,0.0756997903972304,4,0.7542404234409332,0.07408292831863103,4,0.2824461832642555,0.0058147370547113495,4,0.36807990074157715,0.007448293146936718,4,0.3242879160854181,0.05904066698135766,4,0.2353215271910392,0.04147370386077601,4,0.09603658660597608,0.039252964857091156,4,0.10777700278722586,0.03763714460746565,4,0.9995024651288986,0.16693152905999606,4,0.2773350924253464,0.009094176753737502,4,0.3648275136947632,0.012737835362273535,4,0.24439551473274165,0.014829024311643164,4,0.21340506191873315,0.024948853361851275,4,0.03286951048652323,0.007173664529404302,4,0.05989409259300822,0.007034483246267347,4,0.976778581738472,0.12611416746769685,4,9.0,5.477225575051661,4,0.9995024651288986,0.16693152905999606,4,179761.0,0.0,4,3747661.0,0.0,4
random_all_per_seed,all_rows,0.15,0.15,False,False,B3_with_RC_weighted_bcap_8,8.0,0.0005,1e-05,random,full,1,268,K562,0.25581422448158264,0.0384134076515778,4,0.33245205134153366,0.04933858455039448,4,0.4560411646480417,0.11531863893044096,4,0.38155598969599364,0.1204984758667194,4,0.19628254785008345,0.12914223929541768,4,0.21794733521711931,0.11578019053345755,4,0.8007184863090515,0.12866038492956883,4,0.2812401056289673,0.008657873265249702,4,0.36756856739521027,0.012781597062776963,4,0.32093118021163497,0.05164899172369684,4,0.23334457451088553,0.022650959751043913,4,0.09908695639222695,0.03827951526081977,4,0.10499753619158879,0.034431967243909636,4,0.9963482469320297,0.1657347799034681,4,0.2758257985115051,0.011701131854746485,4,0.36141591519117355,0.01651610492366988,4,0.27354184523549524,0.04094159654054257,4,0.23179058414684275,0.027534243180983343,4,0.05095165640098007,0.03884914630283632,4,0.07608230184030605,0.022017930098436528,4,0.957379162311554,0.11609824178247961,4,8.25,7.632168761236874,4,0.9963482469320297,0.1657347799034681,4,179761.0,0.0,4,3747661.0,0.0,4
random_all_per_seed,all_rows,0.15,0.15,False,False,B3_with_RC_weighted_bcap_8,8.0,0.0005,1e-05,random,full,1,268,SKNSH,0.25042663514614105,0.02918197903766452,4,0.32603011280298233,0.03900799400629594,4,0.48229937176864074,0.07006103721830455,4,0.41118714605505124,0.07198133733005271,4,0.2271088546653696,0.0726354997404209,4,0.23629409571050403,0.06810789123942253,4,0.7700071632862091,0.0723644315385227,4,0.28465887904167175,0.0046110179826804746,4,0.37041541188955307,0.0077092989583103285,4,0.30854240799070043,0.0636003014341385,4,0.23876214910526838,0.054230389024264,4,0.08453145018726999,0.04025086944347948,4,0.0982321662855848,0.03792081008051853,4,1.0118666738271713,0.16677397064226984,4,0.27682506293058395,0.013037782319776873,4,0.36236412823200226,0.017229973278564504,4,0.25496221680229025,0.03676700984680865,4,0.2240675040563275,0.03322506440536823,4,0.0463773174807707,0.027874497605091825,4,0.06601959175654455,0.01918322409864137,4,0.9611469209194183,0.10508905098281002,4,8.75,4.9916597106239795,4,1.0118666738271713,0.16677397064226984,4,179761.0,0.0,4,3747661.0,0.0,4
random_all_per_seed,all_rows,0.15,0.15,False,False,B3_with_RC_weighted_bcap_8,8.0,0.0005,1e-05,random,full,1,536,HepG2,0.24492128565907478,0.014536715315272574,4,0.3193407729268074,0.018375535386936304,4,0.5221031355206469,0.03322523307783683,4,0.4338022779833557,0.018178858203241808,4,0.270587066087891,0.03672175240208641,4,0.2734196212052984,0.03484375429415049,4,0.7280521392822266,0.036653298172878546,4,0.28060390800237656,0.006622417983241049,4,0.3649561256170273,0.008819824882940102,4,0.35226218323082026,0.051575712075863187,4,0.24991247655713697,0.04268297628828311,4,0.11137638037282704,0.04000678403349638,4,0.12608368629164324,0.03618562012694356,4,0.9565086513757706,0.10509120621291383,4,0.2756759226322174,0.010919066678960105,4,0.36249957978725433,0.014843548828621834,4,0.2755002273959169,0.019174944980535256,4,0.2299017711268606,0.019112926795596834,4,0.04549257241415269,0.009935978121098905,4,0.07617613418145684,0.010305355276607264,4,0.9417698383331299,0.09580679273217806,4,8.25,1.5,4,0.9565086513757706,0.10509120621291383,4,179761.0,0.0,4,3747661.0,0.0,4
random_all_per_seed,all_rows,0.15,0.15,False,False,B3_with_RC_weighted_bcap_8,8.0,0.0005,1e-05,random,full,1,536,K562,0.2518695071339607,0.02445746112152123,4,0.3262568563222885,0.02992925038074469,4,0.4870755719294517,0.08664768945280431,4,0.40290699150791015,0.057444450007218394,4,0.23832692840123848,0.08852755808100461,4,0.2428734793360347,0.08390038435888332,4,0.7602521032094955,0.08836247126605114,4,0.27924472838640213,0.0085573671529073,4,0.3650803565979004,0.012290522458882092,4,0.3460430697890532,0.06387180285154301,4,0.24865128906437353,0.0401234117720687,4,0.11090491957212875,0.0457508353579284,4,0.12280551154866129,0.04437211574495225,4,0.9570848643779755,0.10892909088689418,4,0.27506089210510254,0.0130448694997112,4,0.35876965522766113,0.017301448099907586,4,0.28641884428599784,0.04634210929766572,4,0.2316813270879588,0.0398407887208436,4,0.06517419623541446,0.030470667696005923,4,0.08364644768274429,0.02647302284521185,4,0.923068568110466,0.10722319670280571,4,7.25,3.774917217635375,4,0.9570848643779755,0.10892909088689418,4,179761.0,0.0,4,3747661.0,0.0,4
random_all_per_seed,all_rows,0.15,0.15,False,False,B3_with_RC_weighted_bcap_8,8.0,0.0005,1e-05,random,full,1,536,SKNSH,0.24514511972665787,0.020676861620691954,4,0.31809353828430176,0.02599521032092649,4,0.531400979839344,0.05125780276977133,4,0.45457109307632954,0.03120106215391787,4,0.27723287236844874,0.05362549083088472,4,0.2843575231328035,0.052651195228793544,4,0.7214187532663345,0.05352547476839976,4,0.2823483571410179,0.005380478965814576,4,0.3671880289912224,0.008873907563161688,4,0.3394682350761755,0.053267534235712274,4,0.2513061289997073,0.05091189933643016,4,0.10059289269980162,0.03692293227241275,4,0.11736675527839815,0.035075885906795445,4,0.9680900424718857,0.10437560804953067,4,0.2764061689376831,0.011871450931484118,4,0.3609819635748863,0.016157862354742786,4,0.28176197349337284,0.026889871373367392,4,0.2305872712420853,0.033787539714745275,4,0.05358874030622626,0.020157824136702765,4,0.07993210859373731,0.015483424379930322,4,0.933861181139946,0.09760194773419849,4,9.0,2.1602468994692865,4,0.9680900424718857,0.10437560804953067,4,179761.0,0.0,4,3747661.0,0.0,4
random_all_per_seed,all_rows,0.15,0.15,False,False,B3_with_RC_weighted_bcap_8,8.0,0.0005,1e-05,random,full,1,938,HepG2,0.24471762403845787,0.007351876258791473,4,0.3203555643558502,0.01025347241973212,4,0.5103467095948584,0.04650850718582037,4,0.41850337463133785,0.03592643781520469,4,0.2570627520104225,0.048701715886603575,4,0.26207604492478886,0.04721784549396974,4,0.7421452552080154,0.04864977788628598,4,0.2772999554872513,0.006224244011963973,4,0.36179690808057785,0.008902041944512632,4,0.36190962092388373,0.0637201295326519,4,0.24827744544506591,0.056764168614101,4,0.1265911284124907,0.04259138356456961,4,0.13402376489801268,0.04590159443885784,4,0.9473308771848679,0.07161231350481684,4,0.27278216928243637,0.010132922722850683,4,0.3578062206506729,0.01416615892058841,4,0.29266270199238964,0.024223674536400487,4,0.22971014444131294,0.018968336170480635,4,0.06990489264910416,0.01629451232052098,4,0.08609154694352036,0.014067601546021874,4,0.9280194193124771,0.10297339161504274,4,7.75,2.0615528128088303,4,0.9473308771848679,0.07161231350481684,4,179761.0,0.0,4,3747661.0,0.0,4
random_all_per_seed,all_rows,0.15,0.15,False,False,B3_with_RC_weighted_bcap_8,8.0,0.0005,1e-05,random,full,1,938,K562,0.24619434773921967,0.009407677793739926,4,0.321190744638443,0.014464052373534295,4,0.5074184853564387,0.038141689620720634,4,0.4149579192644808,0.014133593190320079,4,0.2541444155410426,0.04021705244553461,4,0.25856461064676495,0.03749853502567577,4,0.7450604289770126,0.04017416875606534,4,0.2768138647079468,0.0062763763993379405,4,0.36170201003551483,0.010936937207865623,4,0.36546226911350777,0.05789375471681774,4,0.2514701561557574,0.044177070093950103,4,0.12730158540730463,0.040951410209106996,4,0.13607643527200225,0.04110368388259252,4,0.9459763467311859,0.0579634058960651,4,0.2728158310055733,0.012423151237028347,4,0.35666172951459885,0.017027532644371127,4,0.30259248288610074,0.040218171988707044,4,0.23619518207539675,0.03476598470894229,4,0.07605227710069809,0.0315470151786065,4,0.09277533671776009,0.024217905982012646,4,0.9229350388050079,0.1183219150235415,4,7.75,1.8929694486000914,4,0.9459763467311859,0.0579634058960651,4,179761.0,0.0,4,3747661.0,0.0,4
random_all_per_seed,all_rows,0.15,0.15,False,False,B3_with_RC_weighted_bcap_8,8.0,0.0005,1e-05,random,full,1,938,SKNSH,0.24267136305570602,0.00973423563997734,4,0.3172193169593811,0.01073247734207919,4,0.5193189944559142,0.08037689110775954,4,0.43219741760677244,0.06614217707465013,4,0.2694674505035488,0.080396925663143,4,0.2745375514708133,0.08208297314270617,4,0.7297537475824356,0.08031111892209773,4,0.28066833317279816,0.005306540207385815,4,0.3651484474539757,0.00796843188387831,4,0.3465159367381542,0.05650107943900624,4,0.252497939938642,0.046824048856453,4,0.11053776201953638,0.03481270704818918,4,0.12246757339685015,0.03893198326869698,4,0.964891642332077,0.06948603337003358,4,0.2744303420186043,0.011036544388080072,4,0.35836729407310486,0.014975126589111269,4,0.291415674545412,0.029231724886141983,4,0.2251811225452384,0.042639147047970775,4,0.06709715967999982,0.017783108881330046,4,0.08556396567562181,0.016778199035857113,4,0.9308364540338516,0.10330365710957477,4,8.25,2.9860788111948193,4,0.964891642332077,0.06948603337003358,4,179761.0,0.0,4,3747661.0,0.0,4
random_all_per_seed,all_rows,0.15,0.15,False,False,B3_with_RC_weighted_bcap_8,8.0,0.0005,1e-05,random,full,1,1340,HepG2,0.2476382777094841,0.012805065140735993,4,0.3254488483071327,0.016812122131686816,4,0.5090343805678952,0.041582121458302125,4,0.41293134516836305,0.027791821734341162,4,0.254244497500249,0.03827563414412235,4,0.2604128052188705,0.042717066318608665,4,0.7451989352703094,0.038247112909215,4,0.2750830128788948,0.00845003656995358,4,0.3591516762971878,0.00992086098068637,4,0.3801829184644696,0.05768707501352772,4,0.2653746549381302,0.043849543073443374,4,0.13938682899273416,0.04261679408682261,4,0.14703490045987383,0.04368506349148074,4,0.9107352048158646,0.08175097423543883,4,0.2719688341021538,0.008852907258445293,4,0.35676708817481995,0.013894670160684165,4,0.30789650707855426,0.02500645645530571,4,0.232556458910962,0.024460512338418783,4,0.07506491661099601,0.027564393644619514,4,0.09526925121951255,0.01540292460884032,4,0.8984142988920212,0.08706911244737205,4,7.75,2.0615528128088303,4,0.9107352048158646,0.08175097423543883,4,179761.0,0.0,4,3747661.0,0.0,4
random_all_per_seed,all_rows,0.15,0.15,False,False,B3_with_RC_weighted_bcap_8,8.0,0.0005,1e-05,random,full,1,1340,K562,0.2508335970342159,0.013731710598403965,4,0.32842108607292175,0.0194039985379836,4,0.4931175098740449,0.04255981109962528,4,0.39123542020905977,0.023681418953640603,4,0.24087054805902308,0.04288893387063551,4,0.24452338168500562,0.04107691631150608,4,0.7585629820823669,0.04285699324626729,4,0.2747798040509224,0.0075147474020177425,4,0.35944779217243195,0.011358779886976169,4,0.37874184900096614,0.06037598739083717,4,0.25978501570629126,0.04608406425560339,4,0.13801217856976647,0.04533873145240655,4,0.14617933307473452,0.04478261138254325,4,0.9120046645402908,0.0811452339151851,4,0.2706422582268715,0.011314452145948757,4,0.3542785942554474,0.016572323768464774,4,0.31635646303503046,0.03202883131725919,4,0.2448367599304654,0.033454179981374385,4,0.08841896684118108,0.02566126044643951,4,0.10085079623069668,0.02042437944944582,4,0.8862117379903793,0.09640633754143818,4,7.25,2.362907813126304,4,0.9120046645402908,0.0811452339151851,4,179761.0,0.0,4,3747661.0,0.0,4
random_all_per_seed,all_rows,0.15,0.15,False,False,B3_with_RC_weighted_bcap_8,8.0,0.0005,1e-05,random,full,1,1340,SKNSH,0.24719730764627457,0.017105431519482062,4,0.3241124376654625,0.021835611805519146,4,0.5152204087573978,0.0669094688311955,4,0.4233174916113416,0.06265626730120119,4,0.2602689728516573,0.061126619949618155,4,0.26880972736459463,0.06915346795238157,4,0.7391790300607681,0.061081042170709844,4,0.27780521661043167,0.006518245662985351,4,0.3619597554206848,0.009470141672578754,4,0.3646052417872073,0.050606591572878015,4,0.2600974798634885,0.036909118370619706,4,0.12605027954545645,0.036911908414199154,4,0.134857752671676,0.036641062454510855,4,0.9251864403486252,0.08408768779640981,4,0.2715162932872772,0.010889915516467065,4,0.35610733926296234,0.016129327924709676,4,0.3078212288966873,0.029109458312182465,4,0.23413335161075893,0.03926513826603696,4,0.07884746996973041,0.02746605918029038,4,0.09538942938188824,0.017740623421640025,4,0.8956524431705475,0.10001037192926324,4,8.25,3.5939764421413045,4,0.9251864403486252,0.08408768779640981,4,179761.0,0.0,4,3747661.0,0.0,4
random_all_per_seed,all_rows,0.15,0.15,False,False,B3_with_RC_weighted_bcap_8,8.0,0.0005,1e-05,random,full,1,2011,HepG2,0.2505095638334751,0.002887364898760417,4,0.32758864760398865,0.003897766876863505,4,0.4917881986297241,0.023430221905252686,4,0.3842429553882035,0.016318452027563456,4,0.23844677238861292,0.024480466171335154,4,0.242267363785366,0.022973046918331012,4,0.7611744850873947,0.024468310709863578,4,0.27406786382198334,0.005086003455995946,4,0.35769619792699814,0.007977891707551357,4,0.38879777989016023,0.049135504211862795,4,0.27428577885633687,0.041079395152349665,4,0.14644602205676072,0.03474760411023238,4,0.15297443697813298,0.037662546929428095,4,0.9084682762622833,0.0609284924399728,4,0.26925691962242126,0.01047301907313638,4,0.3531217947602272,0.01481189968835501,4,0.3243597056291783,0.02341537173396605,4,0.2422733080229913,0.029586550019109394,4,0.09419447994486774,0.01837989797933687,4,0.10562042836092708,0.01501400065663076,4,0.8866572827100754,0.09263301015853824,4,6.25,0.9574271077563381,4,0.9084682762622833,0.0609284924399728,4,179761.0,0.0,4,3747661.0,0.0,4
random_all_per_seed,all_rows,0.15,0.15,False,False,B3_with_RC_weighted_bcap_8,8.0,0.0005,1e-05,random,full,1,2011,K562,0.24459973722696304,0.017022420680951708,4,0.320684976875782,0.020189309719054364,4,0.5189998700387561,0.0785878329688396,4,0.4240202538068638,0.09479299457481387,4,0.26865669730455743,0.08484357611917294,4,0.2739929007182994,0.08702942191903883,4,0.7309796214103699,0.0848014029256011,4,0.27458490431308746,0.006422152053465143,4,0.3583323284983635,0.009060179156998511,4,0.38398704721421945,0.05086661984181877,4,0.27144216611950334,0.04187722863057325,4,0.14337433581724163,0.03857650419217016,4,0.14938661218889426,0.03846600632053136,4,0.911739706993103,0.0638598637035751,4,0.27168048918247223,0.012806874593296394,4,0.3548249676823616,0.016760344808052142,4,0.3185017524027891,0.03813564913312392,4,0.2334087906986977,0.04829039704801461,4,0.08527932306569949,0.03967248088188382,4,0.10253411208475112,0.02432646335174174,4,0.8957291096448898,0.10254060495462171,4,7.75,4.193248541803041,4,0.911739706993103,0.0638598637035751,4,179761.0,0.0,4,3747661.0,0.0,4
random_all_per_seed,all_rows,0.15,0.15,False,False,B3_with_RC_weighted_bcap_8,8.0,0.0005,1e-05,random,full,1,2011,SKNSH,0.23974883183836937,0.01886941105377853,4,0.3159593716263771,0.02090611547086183,4,0.5386752240451305,0.08734108516364199,4,0.44649898361599283,0.09863663951008882,4,0.28900046533093937,0.0958960404846791,4,0.2958923458682434,0.09819477989125208,4,0.7106459885835648,0.09584842452344788,4,0.2770276889204979,0.00537188413740405,4,0.36072059720754623,0.008195490591972169,4,0.37374804160524616,0.04511418290169558,4,0.27148598648187106,0.04053192861755775,4,0.13204632569755229,0.03249045737732867,4,0.14121406572792256,0.033562223675728704,4,0.9239552915096283,0.06330768572087564,4,0.27337440848350525,0.012908588192939038,4,0.35663874447345734,0.01529583419365305,4,0.3133897311662809,0.03191603510081816,4,0.22232566795452208,0.05688356766283378,4,0.07565748397475577,0.03949115701455585,4,0.09897709857289132,0.01998949008828001,4,0.9043024480342865,0.09246046598803728,4,8.75,4.5,4,0.9239552915096283,0.06330768572087564,4,179761.0,0.0,4,3747661.0,0.0,4
random_all_per_seed,all_rows,0.15,0.15,False,False,B3_with_RC_weighted_bcap_8,8.0,0.0005,1e-05,random,full,1,2681,HepG2,0.2557416707277298,0.009066680971729673,4,0.3349728435277939,0.011295663529770756,4,0.46931241343875996,0.04418086655360707,4,0.36483981324078957,0.041314435602364245,4,0.2164053916853435,0.04602996022526418,4,0.22171810313478432,0.042370337591750386,4,0.7833023369312286,0.04601280072472507,4,0.27381180226802826,0.0056941883572824694,4,0.3572564497590065,0.00784306949557703,4,0.390990448411585,0.04475962664784359,4,0.281797430227305,0.03489003853970056,4,0.1486166141352005,0.03185051225430561,4,0.15437609888233306,0.03450882815798975,4,0.8913708627223969,0.05168887957055578,4,0.26895932853221893,0.01101317970485719,4,0.3530287966132164,0.014799994043545503,4,0.32191563690603975,0.029220944736394406,4,0.2439906225553408,0.03501584295473319,4,0.09455247636885933,0.025206723708488022,4,0.10427007499308677,0.01873623140320595,4,0.8714148998260498,0.08091275042809931,4,5.0,2.160246899469287,4,0.8913708627223969,0.05168887957055578,4,179761.0,0.0,4,3747661.0,0.0,4
random_all_per_seed,all_rows,0.15,0.15,False,False,B3_with_RC_weighted_bcap_8,8.0,0.0005,1e-05,random,full,1,2681,K562,0.25478463619947433,0.006713755525376859,4,0.3336099237203598,0.0075161227862218585,4,0.4764620998476328,0.03755771210008409,4,0.37246088609786693,0.03657243322998829,4,0.22294461088654152,0.03114799808480564,4,0.22807406889486026,0.03656270977913063,4,0.7767655700445175,0.03113640883627048,4,0.2729390785098076,0.006150140777293934,4,0.3572017550468445,0.009131757851706787,4,0.3895425068609389,0.0447697225692859,4,0.26903218868749756,0.03584082216763524,4,0.14891542585380163,0.034087445009236175,4,0.15324661069570275,0.03458711904710126,4,0.8912882208824158,0.05851968937996487,4,0.2683909609913826,0.010981823930541128,4,0.3521100878715515,0.016032380655652503,4,0.32768839302422503,0.032913771293100746,4,0.25131686505864836,0.035905902917132464,4,0.09942601413780516,0.026936353181385313,4,0.10819217017834987,0.021180020329558607,4,0.8670625388622284,0.08619354599762781,4,5.25,1.2583057392117918,4,0.8912882208824158,0.05851968937996487,4,179761.0,0.0,4,3747661.0,0.0,4
random_all_per_seed,all_rows,0.15,0.15,False,False,B3_with_RC_weighted_bcap_8,8.0,0.0005,1e-05,random,full,1,2681,SKNSH,0.2554010711610317,0.007744411853304474,4,0.3346208184957504,0.00979199384277887,4,0.4709332808021014,0.04094401812111146,4,0.37570455175553885,0.040668002741009165,4,0.21808158249763007,0.04146172755318223,4,0.2230354644319573,0.03905246289191238,4,0.7816267609596252,0.04144624556925453,4,0.2752627357840538,0.005689492988908559,4,0.35923339426517487,0.007257438106000244,4,0.376467248957735,0.04501002784334271,4,0.26915268220662064,0.04186581294472075,4,0.13915677574434007,0.030945016273085338,4,0.14324701649264907,0.03363773692370553,4,0.9011627286672592,0.048515513394823184,4,0.27047810703516006,0.010968141191948859,4,0.35332006216049194,0.01415273451565908,4,0.32570217012435115,0.026490003431614003,4,0.23688476706563,0.038823361432210914,4,0.09298625685117096,0.023418092638179025,4,0.10660819383506698,0.016772453671816737,4,0.8727256655693054,0.0779398533266004,4,5.25,2.217355782608345,4,0.9011627286672592,0.048515513394823184,4,179761.0,0.0,4,3747661.0,0.0,4
random_all_per_seed,all_rows,0.15,0.15,False,False,B3_with_RC_weighted_bcap_8,8.0,0.0005,0.0001,random,branched_only,1,134,HepG2,0.2733670249581337,0.031711179499156195,4,0.35194244235754013,0.039545789756182344,4,0.35026265934853473,0.07282768033679389,4,0.31461569584940474,0.08665465489326511,4,0.09734970418185784,0.08492073367919088,4,0.1266618338013364,0.05349369428038037,4,0.8959141075611115,0.0842870444948712,4,0.28579072654247284,0.006527632612959306,4,0.3716222047805786,0.007323821525623058,4,0.2961149793867377,0.03914245635715622,4,0.2209120058242666,0.0399393952602866,4,0.07881724980910915,0.030379511124644338,4,0.08883317993446199,0.02254513803474907,4,1.031600221991539,0.2679323805742683,4,0.2787628769874573,0.010695208846484583,4,0.3672942742705345,0.014797885514721111,4,0.22703217264727704,0.013790166490530787,4,0.20189911011155234,0.013834882383312668,4,0.019942260359956554,0.019319395045613242,4,0.051686233935820426,0.006400258571381641,4,0.9934766292572021,0.17907362970028948,4,8.0,5.354126134736337,4,1.031600221991539,0.2679323805742683,4,179761.0,0.0,4,179761.0,0.0,4
random_all_per_seed,all_rows,0.15,0.15,False,False,B3_with_RC_weighted_bcap_8,8.0,0.0005,0.0001,random,branched_only,1,134,K562,0.2721415013074875,0.03621835268992229,4,0.34978342801332474,0.046828606770426016,4,0.38172518189173205,0.028906699613954735,4,0.3540230829803267,0.04219492238575853,4,0.11287017673151739,0.07410301067467831,4,0.14634081245220448,0.021467831145170858,4,0.8805095106363297,0.07355003145688213,4,0.28205689042806625,0.00937506224983024,4,0.3691193386912346,0.012776856688242147,4,0.32054501894687887,0.048573235173016475,4,0.2408082163950232,0.040217359558690734,4,0.09173881854245433,0.028971101401650875,4,0.10451862855303481,0.03252594143480309,4,1.017135739326477,0.2596102059342119,4,0.27578793466091156,0.011218185576660301,4,0.3621789887547493,0.01586774079838504,4,0.2688819415280753,0.03505464189756915,4,0.22936364485296562,0.030205346939187083,4,0.0469603819914991,0.03380992432256232,4,0.07321911941883243,0.01819161576142651,4,0.966842770576477,0.17907851272507755,4,18.0,12.409673645990857,4,1.017135739326477,0.2596102059342119,4,179761.0,0.0,4,179761.0,0.0,4
random_all_per_seed,all_rows,0.15,0.15,False,False,B3_with_RC_weighted_bcap_8,8.0,0.0005,0.0001,random,branched_only,1,134,SKNSH,0.27150678634643555,0.0326684978487122,4,0.35042060911655426,0.04211733843281274,4,0.37237788298360486,0.03052058981974842,4,0.33038461084886406,0.06810922077410696,4,0.10762310654120655,0.06306047043027717,4,0.13936391753756033,0.02275615397539131,4,0.8857173770666122,0.06258988920623394,4,0.2897873893380165,0.0045509178715857955,4,0.3768068477511406,0.007191052155697313,4,0.2724167846833778,0.03859639871102294,4,0.21829107780715062,0.04135779422188718,4,0.05266872257197269,0.04039858720768793,4,0.07532816607232501,0.0206805375946375,4,1.059858575463295,0.27451666575991746,4,0.283908911049366,0.014741104940041968,4,0.3712724596261978,0.017480837965598642,4,0.22309244493231825,0.027310378999277726,4,0.20352516636235599,0.030809043231998037,4,-0.0016621376708275404,0.04888977081145074,4,0.0503296315866926,0.012140418135484677,4,1.013151079416275,0.16935331046388147,4,8.0,6.683312551921141,4,1.059858575463295,0.27451666575991746,4,179761.0,0.0,4,179761.0,0.0,4
random_all_per_seed,all_rows,0.15,0.15,False,False,B3_with_RC_weighted_bcap_8,8.0,0.0005,0.0001,random,branched_only,1,268,HepG2,0.25484204292297363,0.019471001605726318,4,0.3306148871779442,0.027445186201459464,4,0.4523266574536081,0.05234474552679639,4,0.3929284305606389,0.0596531827230257,4,0.20198273985788123,0.05157489792926512,4,0.20665438433135253,0.04917751497950253,4,0.7950395345687866,0.051382442416432965,4,0.279309444129467,0.0058805814687434245,4,0.36479452252388,0.008467831352686668,4,0.34413298971857675,0.06672876138526103,4,0.24176746469497307,0.045260754475095845,4,0.1118864067919692,0.04678998666010898,4,0.12176706030965437,0.04548550386814898,4,0.9804044365882874,0.15340099161561463,4,0.27480996400117874,0.012105392652402281,4,0.3600923717021942,0.017339187720437323,4,0.27411892946638483,0.03407148593216359,4,0.22300777973578825,0.015374133876337487,4,0.0582082945541513,0.03312530590194161,4,0.07601183710701608,0.019057769945077217,4,0.9493930637836456,0.10704710580017152,4,27.75,7.135591542869215,4,0.9804044365882874,0.15340099161561463,4,179761.0,0.0,4,179761.0,0.0,4
random_all_per_seed,all_rows,0.15,0.15,False,False,B3_with_RC_weighted_bcap_8,8.0,0.0005,0.0001,random,branched_only,1,268,K562,0.2594278007745743,0.025635717055188408,4,0.33584488928318024,0.03611861899647998,4,0.42142722921920617,0.0769478512727977,4,0.3732809162831416,0.0686207508675268,4,0.17856250985905606,0.06753898787491247,4,0.18204163838900278,0.06598217830068048,4,0.8183724135160446,0.06728699383171133,4,0.2783764824271202,0.006358115749897347,4,0.36506902426481247,0.010624754076669582,4,0.3426610733178342,0.06314765826332262,4,0.24567443637262676,0.03744492763118645,4,0.11097362202496458,0.04057403526428273,4,0.12040733122543616,0.04214037820545742,4,0.9823110550642014,0.15803619763375773,4,0.27421174198389053,0.011824547290349057,4,0.35889316350221634,0.016533246529197018,4,0.2718741639155056,0.0350275287459104,4,0.22399905692737992,0.03148127816452109,4,0.06449223333815976,0.025565129440304812,4,0.07483575683228941,0.01904566360123286,4,0.9438821077346802,0.1139260967980504,4,24.0,15.448840301675292,4,0.9823110550642014,0.15803619763375773,4,179761.0,0.0,4,179761.0,0.0,4
random_all_per_seed,all_rows,0.15,0.15,False,False,B3_with_RC_weighted_bcap_8,8.0,0.0005,0.0001,random,branched_only,1,268,SKNSH,0.2591020278632641,0.02564229298674645,4,0.33531320840120316,0.03522927065060355,4,0.4292355597644679,0.05236137039952861,4,0.371022137585731,0.048280124746585565,4,0.18211225979596138,0.0445894572516109,4,0.1862994505989036,0.04420592619013458,4,0.8148358464241028,0.04442307125491219,4,0.28195060044527054,0.005141378629465117,4,0.3676847890019417,0.008875198246465422,4,0.3262582779262039,0.07912558679454974,4,0.24883618185682446,0.05787082741741622,4,0.09762715603107675,0.05157590619509316,4,0.11114010777955846,0.04879864255099296,4,0.9952308535575867,0.15008623054341164,4,0.27487093955278397,0.01219112279587446,4,0.35957933217287064,0.017465777428928547,4,0.2663019701324577,0.03620604051524057,4,0.21784512953000806,0.036678226422502375,4,0.06109025706989632,0.025056660513725244,4,0.07189989732377182,0.019508216082135026,4,0.9470631778240204,0.11201319672032022,4,25.75,14.84082207965583,4,0.9952308535575867,0.15008623054341164,4,179761.0,0.0,4,179761.0,0.0,4
random_all_per_seed,all_rows,0.15,0.15,False,False,B3_with_RC_weighted_bcap_8,8.0,0.0005,0.0001,random,branched_only,1,536,HepG2,0.25292400270700455,0.009109184921958696,4,0.3261628597974777,0.012418149293501421,4,0.49113358652421457,0.03406967238664861,4,0.42689558850888865,0.04058870368620543,4,0.23820763066162173,0.03455782955921695,4,0.2420827567445383,0.0333047537735253,4,0.7603711783885956,0.03449338218780313,4,0.27851690351963043,0.004873849302514796,4,0.3622272461652756,0.008507662494868364,4,0.36130717087274145,0.04850935917484439,4,0.23706027017756337,0.030676453468834734,4,0.12469967237152163,0.036218667910204616,4,0.1323077401697299,0.03490125689873271,4,0.9424746036529541,0.10554573470058722,4,0.27335068583488464,0.011135777446343186,4,0.3577590808272362,0.015095140423174351,4,0.29204236613656537,0.02894718716566064,4,0.2250028901322354,0.03619868034800215,4,0.07020499824204246,0.022705075025533317,4,0.08591719835224655,0.016879881796583795,4,0.9177775084972382,0.10030629256215572,4,28.25,6.701989754294367,4,0.9424746036529541,0.10554573470058722,4,179761.0,0.0,4,179761.0,0.0,4
random_all_per_seed,all_rows,0.15,0.15,False,False,B3_with_RC_weighted_bcap_8,8.0,0.0005,0.0001,random,branched_only,1,536,K562,0.2564484626054764,0.012302788653636284,4,0.3311484679579735,0.016391588036965558,4,0.47037714428246563,0.022250387564297557,4,0.4048655786611094,0.019787562039921207,4,0.2156542860017664,0.022884203736658445,4,0.22162596767339857,0.021228089006855855,4,0.7828824371099472,0.022841478866421624,4,0.2777080833911896,0.005138685756732089,4,0.36233194917440414,0.009431465362435531,4,0.36144854419299466,0.05119144685243232,4,0.25324629824367106,0.04104702116795018,4,0.12428407541887657,0.03585504353474622,4,0.13261047327236924,0.0364936018035803,4,0.9428939968347549,0.10510243186115484,4,0.27299658209085464,0.011800229594728638,4,0.3569158837199211,0.01595824835003427,4,0.29397154715552276,0.032200649750920504,4,0.2264298779894734,0.041996009762743904,4,0.07471828885652748,0.02340826955368528,4,0.08719693192029786,0.018750059975648728,4,0.9137092381715775,0.10533373896159226,4,25.25,4.716990566028302,4,0.9428939968347549,0.10510243186115484,4,179761.0,0.0,4,179761.0,0.0,4
random_all_per_seed,all_rows,0.15,0.15,False,False,B3_with_RC_weighted_bcap_8,8.0,0.0005,0.0001,random,branched_only,1,536,SKNSH,0.2573009468615055,0.012329136241972726,4,0.331472210586071,0.01647354709222353,4,0.46578770590307883,0.03883641412326127,4,0.4056939520869982,0.02811902084284734,4,0.21378229476614152,0.03525100254278658,4,0.21808938726691815,0.037181790890961616,4,0.7847509384155273,0.035185293688491014,4,0.27877723425626755,0.004265761416154357,4,0.3628336414694786,0.0076623565257251045,4,0.35413161259872455,0.043420614363645964,4,0.2555208171282263,0.03787686702026941,4,0.12183054336585725,0.03190228090688577,4,0.12682321135556046,0.030604423456452798,4,0.9460401684045792,0.10937678013414885,4,0.27313467860221863,0.011297853017024035,4,0.35721804201602936,0.014952420399449084,4,0.29404152948885715,0.027783868953775895,4,0.2274719187963297,0.04369248432883528,4,0.07301251203087253,0.021653482249273902,4,0.08703937859467689,0.016260724682449452,4,0.9149537086486816,0.09910482677239199,4,29.0,10.954451150103322,4,0.9460401684045792,0.10937678013414885,4,179761.0,0.0,4,179761.0,0.0,4
random_all_per_seed,all_rows,0.15,0.15,False,False,B3_with_RC_weighted_bcap_8,8.0,0.0005,0.0001,random,branched_only,1,938,HepG2,0.25870488584041595,0.003624527296098733,4,0.33567072451114655,0.004792381503960439,4,0.43321512857022726,0.03249638654340569,4,0.3592532304860778,0.04330829232951812,4,0.1846955588543655,0.031119205498104287,4,0.1884673589759024,0.02841071355580003,4,0.814435288310051,0.031085960235617428,4,0.2765834406018257,0.004432233197130331,4,0.3612128049135208,0.006670481663834944,4,0.36524081498963173,0.06259518251888548,4,0.24568776212565027,0.05616816346000837,4,0.12936879928394834,0.03894741220495112,4,0.13633947059021984,0.04544008208734235,4,0.9443997740745544,0.07023767825786867,4,0.2721560597419739,0.011423251269253485,4,0.3564282953739166,0.015021454273693984,4,0.2923192257796654,0.0321981825644843,4,0.21677511121179394,0.045212071602983725,4,0.07703715011092854,0.026306536851884332,4,0.08622807198076488,0.018839802996943922,4,0.920683965086937,0.1011771752457304,4,17.75,4.112987559751022,4,0.9443997740745544,0.07023767825786867,4,179761.0,0.0,4,179761.0,0.0,4
random_all_per_seed,all_rows,0.15,0.15,False,False,B3_with_RC_weighted_bcap_8,8.0,0.0005,0.0001,random,branched_only,1,938,K562,0.25876887887716293,0.004927552897200795,4,0.3359707146883011,0.007048080387224106,4,0.4311942266232375,0.03514745606137737,4,0.3579348413920405,0.03471473095034277,4,0.18331076372221677,0.03321095224620512,4,0.1868549688239017,0.03145596383819405,4,0.815818578004837,0.033175520320292605,4,0.275955468416214,0.004409122646656628,4,0.3610907569527626,0.007431173256785496,4,0.36697859551356937,0.05902717453038844,4,0.2509455282625646,0.057220082664333705,4,0.13008406728692445,0.03665318138398618,4,0.13728644506489268,0.042236097596900085,4,0.9433839023113251,0.0637723655272023,4,0.27129241824150085,0.01152926671205291,4,0.355803482234478,0.015771207385984684,4,0.29272519743805836,0.03899817113095361,4,0.22199725797761513,0.04154318856424116,4,0.08040157615516902,0.02585277217645407,4,0.08682868422881959,0.022580231837262137,4,0.918138861656189,0.1111660315961851,4,19.25,8.015609770940697,4,0.9433839023113251,0.0637723655272023,4,179761.0,0.0,4,179761.0,0.0,4
random_all_per_seed,all_rows,0.15,0.15,False,False,B3_with_RC_weighted_bcap_8,8.0,0.0005,0.0001,random,branched_only,1,938,SKNSH,0.2550276666879654,0.003248388619093843,4,0.3315468356013298,0.0017921469028698697,4,0.4565387728579118,0.05792967676384767,4,0.3960503503851008,0.06090924024117865,4,0.2036927394606528,0.05166894065685116,4,0.21094453671008084,0.05209464237938748,4,0.7954583317041397,0.05161384531940532,4,0.2774240970611572,0.0054563648712816545,4,0.3623756691813469,0.008550051519436688,4,0.3573264180417472,0.058449181300365166,4,0.2519129938367954,0.05511463775715559,4,0.1239879373864329,0.036301595519979156,4,0.1302443991265577,0.04179788644375198,4,0.9508981853723526,0.0802051147521204,4,0.2729341685771942,0.01122318287140799,4,0.35666899383068085,0.015307346556437871,4,0.2881132197660384,0.031017613278936273,4,0.2101100546053277,0.04151775469194893,4,0.0759344647023931,0.020959503054695707,4,0.08373079665409475,0.017974882470574837,4,0.9221713989973068,0.10495544491493193,4,28.75,12.526638282742368,4,0.9508981853723526,0.0802051147521204,4,179761.0,0.0,4,179761.0,0.0,4
random_all_per_seed,all_rows,0.15,0.15,False,False,B3_with_RC_weighted_bcap_8,8.0,0.0005,0.0001,random,branched_only,1,1340,HepG2,0.2636847272515297,0.006102960765440871,4,0.3439326509833336,0.009804042551994128,4,0.4114665908617315,0.01759050641748671,4,0.3365326174214032,0.02638120871022912,4,0.16674950479915363,0.013388155246476052,4,0.16953682483239327,0.01440430708528248,4,0.8326287120580673,0.013378127430905532,4,0.2748643010854721,0.006149879269356248,4,0.3593001514673233,0.009383539326903117,4,0.3801701721215798,0.055401580671688266,4,0.25544700876876436,0.04927655562953078,4,0.13878011672422721,0.03833832710304412,4,0.14683136112664277,0.04152836567527686,4,0.9115543514490128,0.08171953388885674,4,0.26947255432605743,0.010471573894687307,4,0.35356662422418594,0.015098420713979616,4,0.30796083948454966,0.035425930235510834,4,0.23205882847061016,0.03673902028736992,4,0.09186978696593107,0.023733342899751587,4,0.09578112605581703,0.02183080711038359,4,0.8823114782571793,0.08772078395783182,4,16.5,4.041451884327381,4,0.9115543514490128,0.08171953388885674,4,179761.0,0.0,4,179761.0,0.0,4
random_all_per_seed,all_rows,0.15,0.15,False,False,B3_with_RC_weighted_bcap_8,8.0,0.0005,0.0001,random,branched_only,1,1340,K562,0.26269468665122986,0.006895913029685435,4,0.3430844768881798,0.01099593912254964,4,0.41729156748867896,0.02316220681584837,4,0.3445997498746577,0.023401064322742568,4,0.17087886927695142,0.01994364345437168,4,0.1745346181655938,0.019163652744553943,4,0.8285024464130402,0.019928762850084644,4,0.27404335141181946,0.006398676218964056,4,0.35861941426992416,0.008350619264957514,4,0.3799105768774013,0.06036369284806028,4,0.2606487905951529,0.050594429123919996,4,0.14179646709459448,0.042693165834336376,4,0.14706487798401108,0.045140979879493705,4,0.9079104363918304,0.077360351371074,4,0.27011262625455856,0.010849213393322694,4,0.35385920852422714,0.015707910567348736,4,0.30664047074919193,0.03535115163767613,4,0.22820004123096577,0.033612431473325675,4,0.0904807660252348,0.022826695322677747,4,0.09496565624286851,0.021480320018139744,4,0.8839685469865799,0.0922539956683696,4,20.0,6.0553007081949835,4,0.9079104363918304,0.077360351371074,4,179761.0,0.0,4,179761.0,0.0,4
random_all_per_seed,all_rows,0.15,0.15,False,False,B3_with_RC_weighted_bcap_8,8.0,0.0005,0.0001,random,branched_only,1,1340,SKNSH,0.26251763105392456,0.006467842280332524,4,0.34241071343421936,0.010260505815030031,4,0.4241456640760583,0.0074570733863116604,4,0.35619172764730334,0.01329110634569502,4,0.1741740106824556,0.011710810823095821,4,0.17994125031213712,0.00631562837440433,4,0.8252097070217133,0.011702044515845035,4,0.2747959718108177,0.0066905347721573265,4,0.35903042554855347,0.008885233790907174,4,0.38136735797264265,0.062058374215051594,4,0.2655188770613075,0.05595394329799711,4,0.13989821047577292,0.04203899186555292,4,0.14832949308469529,0.047117984803328905,4,0.9103550910949707,0.08348996736968096,4,0.2694627046585083,0.009457264343092131,4,0.35274598747491837,0.014575744105403488,4,0.31519163003539324,0.024595358765045525,4,0.22997874328429185,0.030109087890359015,4,0.09611448880029222,0.016086297972230552,4,0.0997994623989542,0.015305309108585291,4,0.878229945898056,0.08688614905939278,4,24.25,2.8722813232690148,4,0.9103550910949707,0.08348996736968096,4,179761.0,0.0,4,179761.0,0.0,4
random_all_per_seed,all_rows,0.15,0.15,False,False,B3_with_RC_weighted_bcap_8,8.0,0.0005,0.0001,random,branched_only,1,2011,HepG2,0.2605869695544243,0.003947874671641297,4,0.33955155313014984,0.004018731818239092,4,0.4268097624321631,0.029059517200125076,4,0.34246695846775155,0.025516380631703316,4,0.18185335523937965,0.02421173581768207,4,0.1827999149623278,0.025237375925622346,4,0.817739799618721,0.024199721462714978,4,0.2740219011902809,0.00509675682766397,4,0.35804563015699387,0.008218879223272186,4,0.3875068084240024,0.04799790121121339,4,0.2612153315379435,0.039154603228958314,4,0.14490659613359974,0.031004498256480287,4,0.15188937546546757,0.03704480969597613,4,0.910433366894722,0.0649272383618581,4,0.2696719095110893,0.010285929552861919,4,0.353099562227726,0.014657378017965694,4,0.31521685292777946,0.02318389034360834,4,0.2350909189987,0.0365040281583623,4,0.09433794833950565,0.014206197611677792,4,0.09976478394829166,0.014426945476354596,4,0.8864379525184631,0.09092977675479177,4,19.0,8.246211251235321,4,0.910433366894722,0.0649272383618581,4,179761.0,0.0,4,179761.0,0.0,4
random_all_per_seed,all_rows,0.15,0.15,False,False,B3_with_RC_weighted_bcap_8,8.0,0.0005,0.0001,random,branched_only,1,2011,K562,0.2619280368089676,0.0024280422534488505,4,0.34117957949638367,0.0042442296025784025,4,0.42051789020234476,0.030412946436584553,4,0.34188802525925166,0.03222603335350591,4,0.17402751319983106,0.023321161843069836,4,0.1775290064634472,0.025287085893082106,4,0.8255617320537567,0.02330958030982442,4,0.2729662135243416,0.005903610096585733,4,0.357297383248806,0.007889057147121618,4,0.3856084914359357,0.05176203765976093,4,0.26377315150889774,0.041514652608220376,4,0.1482138746011152,0.0386087805519116,4,0.15070339007451597,0.0397463507334076,4,0.906587153673172,0.06352564038249264,4,0.2706242650747299,0.010267480530582355,4,0.35443930327892303,0.014775609026924071,4,0.30788578575171915,0.030900277173111827,4,0.2340834132514294,0.03177667072109129,4,0.08737512501258818,0.02048507428952138,4,0.09550977741498487,0.01881561487348391,4,0.8933325260877609,0.09388210959287692,4,19.25,10.04572877727976,4,0.906587153673172,0.06352564038249264,4,179761.0,0.0,4,179761.0,0.0,4
random_all_per_seed,all_rows,0.15,0.15,False,False,B3_with_RC_weighted_bcap_8,8.0,0.0005,0.0001,random,branched_only,1,2011,SKNSH,0.2602974399924278,0.0036125256570694562,4,0.3393831104040146,0.0038394884558024243,4,0.4301748736547645,0.022817283132860692,4,0.35127057707177334,0.027271510414850278,4,0.18272840499090687,0.020771195482602953,4,0.1854408932310664,0.019975309213157297,4,0.8168651908636093,0.020760911769348855,4,0.2737535089254379,0.00658710942431735,4,0.3576401472091675,0.008809728901890643,4,0.38919152609056407,0.04990960911413878,4,0.2736713340778002,0.03925884615955582,4,0.1468330380221168,0.033056013187328724,4,0.1533382707921468,0.03884727406093809,4,0.9085714370012283,0.06937506032315147,4,0.2698946073651314,0.010070350678465548,4,0.35300488770008087,0.014688819993347474,4,0.3159729728437275,0.02591919860909616,4,0.23623341374561857,0.04087200515381238,4,0.0948167565486911,0.01528800669387845,4,0.10034277321010628,0.01620003205339402,4,0.8859865367412567,0.09123217675338867,4,25.25,8.80814017448254,4,0.9085714370012283,0.06937506032315147,4,179761.0,0.0,4,179761.0,0.0,4
random_all_per_seed,all_rows,0.15,0.15,False,False,B3_with_RC_weighted_bcap_8,8.0,0.0005,0.0001,random,branched_only,1,2681,HepG2,0.2641288489103317,0.003091333835025344,4,0.34483808279037476,0.003460967333304058,4,0.41389201632348854,0.016245963359723094,4,0.32401928727286067,0.010042159108796706,4,0.16993964227068184,0.012391256833182566,4,0.171504549670437,0.013440984135225462,4,0.8297507613897324,0.012386621283083578,4,0.2737814858555794,0.006909147188186286,4,0.35706377029418945,0.009031675429787708,4,0.3923027565650288,0.046467307158660515,4,0.2716606798266181,0.03963639259873962,4,0.14962486969735997,0.03206432651765419,4,0.1555208607844532,0.03643665193137579,4,0.890589639544487,0.05778298698435201,4,0.26921094208955765,0.011165819575853381,4,0.35277754813432693,0.015156717039995679,4,0.3196987464596978,0.03130945974000704,4,0.2396450034685501,0.04018512312804966,4,0.09596898643340021,0.021480334383423887,4,0.10294250018981048,0.019959883594363684,4,0.8701876997947693,0.08193217518273001,4,13.5,2.3804761428476167,4,0.890589639544487,0.05778298698435201,4,179761.0,0.0,4,179761.0,0.0,4
random_all_per_seed,all_rows,0.15,0.15,False,False,B3_with_RC_weighted_bcap_8,8.0,0.0005,0.0001,random,branched_only,1,2681,K562,0.2637975513935089,0.004647751117478537,4,0.34492483735084534,0.006356133438443097,4,0.4145000213018179,0.02684239430844816,4,0.32935801710157464,0.02600753202912454,4,0.16951994219165226,0.02208494148294845,4,0.17235065325836516,0.021817313181969087,4,0.8301702290773392,0.022076669669508154,4,0.27315065264701843,0.0068732405535338725,4,0.3571438267827034,0.008811731900114566,4,0.39193850770924527,0.04733445765034704,4,0.2655945895360932,0.04369656765257626,4,0.14920901248445265,0.0326091016763793,4,0.1552962069861395,0.037058871965343305,4,0.8909585922956467,0.05673773894845814,4,0.26936107128858566,0.011201576859980232,4,0.3526051789522171,0.015150332256537525,4,0.31698970442575614,0.03105550380607766,4,0.23872201829375447,0.0385848963850052,4,0.09684048795371458,0.022056651775523274,4,0.10120580594941522,0.019521709017674797,4,0.8693393021821976,0.08194997801573077,4,15.5,8.18535277187245,4,0.8909585922956467,0.05673773894845814,4,179761.0,0.0,4,179761.0,0.0,4
random_all_per_seed,all_rows,0.15,0.15,False,False,B3_with_RC_weighted_bcap_8,8.0,0.0005,0.0001,random,branched_only,1,2681,SKNSH,0.2633904740214348,0.0020746379088987382,4,0.34428977221250534,0.00213488690964571,4,0.41841497006510214,0.014661889965332148,4,0.33647978798532296,0.0074736964779930646,4,0.17253387289950495,0.012754553879353198,4,0.17523231543759693,0.01224077866196736,4,0.8271574676036835,0.012749825789819105,4,0.2741222530603409,0.00614228841032445,4,0.35772284120321274,0.009179513888185446,4,0.3886698788400843,0.04581454389943399,4,0.269759349819023,0.03691575434403754,4,0.14649665028755202,0.03207307953721263,4,0.15263850404210066,0.03560062813444988,4,0.8939004838466644,0.05872479397268614,4,0.26959385722875595,0.011073394287835362,4,0.35247594863176346,0.015200981592638512,4,0.32012064169876814,0.028748086702991983,4,0.23325527399242568,0.03447213805478445,4,0.09752210518862314,0.021574481293583993,4,0.10309706460844316,0.018344578863750346,4,0.8687131404876709,0.08204703595776068,4,19.75,5.057996968497839,4,0.8939004838466644,0.05872479397268614,4,179761.0,0.0,4,179761.0,0.0,4
random_all_per_seed,all_rows,0.15,0.15,False,False,B3_with_RC_weighted_bcap_8,8.0,0.0005,0.0001,random,conv3_plus,1,134,HepG2,0.24067449197173119,0.047243717220494384,4,0.31779852509498596,0.05630382604930182,4,0.5271113707652731,0.13744318106881698,4,0.48010230703345647,0.12509843004323518,4,0.2660483480075929,0.15703261936382906,4,0.29201436820678195,0.1343046877650304,4,0.7284744381904602,0.15586076422337777,4,0.28687312453985214,0.005259969889063317,4,0.37241243571043015,0.005719664760653401,4,0.30464551538969953,0.04419561512019194,4,0.22228697365993574,0.03379764759467785,4,0.07426672938237719,0.047491600699270435,4,0.09427382934394476,0.026327214341969992,4,1.0328018218278885,0.25196944288693507,4,0.2814882695674896,0.008786474136095576,4,0.3694763407111168,0.013354420313786345,4,0.23236216751390767,0.012341493030880496,4,0.19862655813478464,0.02071845411606162,4,0.008152633469037468,0.002305889165392063,4,0.05410641122943474,0.0058282052656778655,4,1.0069775432348251,0.19326403385575128,4,7.5,6.027713773341708,4,1.0328018218278885,0.25196944288693507,4,179761.0,0.0,4,3063361.0,0.0,4
random_all_per_seed,all_rows,0.15,0.15,False,False,B3_with_RC_weighted_bcap_8,8.0,0.0005,0.0001,random,conv3_plus,1,134,K562,0.2485121190547943,0.04072625345707139,4,0.32357776910066605,0.05158253537522445,4,0.5099187775377734,0.09041922787233925,4,0.46888571346689684,0.07781833851023834,4,0.24165293762753381,0.11242740627993413,4,0.2661488872623897,0.09112658354330602,4,0.7526877969503403,0.11158843250483397,4,0.2843067795038223,0.00818340092618861,4,0.37092120200395584,0.01082164253522746,4,0.31095816936302423,0.04415742928976327,4,0.23091137488057611,0.02690934538434388,4,0.0822865490938132,0.040674075542580373,4,0.09815739201471357,0.028625930063300616,4,1.024231344461441,0.24579253046294472,4,0.2785259932279587,0.012851108171921933,4,0.363997183740139,0.017935080594936568,4,0.2646136471433028,0.04512505490136112,4,0.22316959431309633,0.03963965302301599,4,0.03780971910589073,0.030898708650043075,4,0.07154758518936853,0.022462961536359575,4,0.976050391793251,0.18118573701181545,4,7.25,4.9916597106239795,4,1.024231344461441,0.24579253046294472,4,179761.0,0.0,4,3063361.0,0.0,4
random_all_per_seed,all_rows,0.15,0.15,False,False,B3_with_RC_weighted_bcap_8,8.0,0.0005,0.0001,random,conv3_plus,1,134,SKNSH,0.23625650629401207,0.04259137723903631,4,0.3122030273079872,0.05235548709345805,4,0.5588871380412814,0.11545000902787611,4,0.5336081905092078,0.10469358521052051,4,0.29196815385047004,0.1361931809030334,4,0.32235136150637683,0.11914937058435167,4,0.7027480602264404,0.13517689905660277,4,0.29026900976896286,0.005407831760315186,4,0.3775419145822525,0.005706429485319661,4,0.2873995881114745,0.03393553868406302,4,0.2245237849392245,0.03746927413799265,4,0.04848091303897922,0.05173060482937226,4,0.08346223883597835,0.018833895796272294,4,1.0613260567188263,0.25988334910907157,4,0.2857320159673691,0.012614221984555179,4,0.3724261075258255,0.016534187706835842,4,0.2293071601298578,0.03522695285057247,4,0.2043147292919731,0.03713835190178463,4,-0.007687682791913064,0.0359465339360807,4,0.0535124773421726,0.016520547322899627,4,1.020977258682251,0.18061546016112087,4,8.0,4.96655480858378,4,1.0613260567188263,0.25988334910907157,4,179761.0,0.0,4,3063361.0,0.0,4
random_all_per_seed,all_rows,0.15,0.15,False,False,B3_with_RC_weighted_bcap_8,8.0,0.0005,0.0001,random,conv3_plus,1,268,HepG2,0.24080940335988998,0.02241960245651503,4,0.3165430724620819,0.03101991417419353,4,0.5248026301726498,0.05970877318465254,4,0.43950083556372893,0.04990592342980931,4,0.268819425804688,0.06779981364934677,4,0.27809165383254336,0.0623651145175153,4,0.7284522652626038,0.06754684963815584,4,0.28273889422416687,0.0049623913254380645,4,0.36800023913383484,0.006047099210834018,4,0.3244128757316163,0.059167464950559905,4,0.23482107196514151,0.040798123020789,4,0.09639621611895921,0.03735942395069163,4,0.10786930562196392,0.03815106802759865,4,0.9999568611383438,0.1739911149646314,4,0.2764454632997513,0.00975818235098506,4,0.36327535659074783,0.013265114468421007,4,0.2512164603658683,0.018384232254043363,4,0.21701744188944141,0.019750703185202348,4,0.04117973080034221,0.0040818388749596195,4,0.06336319495543385,0.009021015292475197,4,0.9682038426399231,0.12285744189481408,4,5.5,1.7320508075688772,4,0.9999568611383438,0.1739911149646314,4,179761.0,0.0,4,3063361.0,0.0,4
random_all_per_seed,all_rows,0.15,0.15,False,False,B3_with_RC_weighted_bcap_8,8.0,0.0005,0.0001,random,conv3_plus,1,268,K562,0.2414863482117653,0.038092642140709024,4,0.3163249045610428,0.05013597160751323,4,0.5291196456581264,0.10719039320299453,4,0.46455943880076367,0.10617554758587668,4,0.2734819410103201,0.11905964301917157,4,0.2885849347176407,0.12120551028975533,4,0.723807156085968,0.11861537745116378,4,0.28071755915880203,0.006818591883374463,4,0.3678109794855118,0.012496571894107173,4,0.3287012815219287,0.05189971223027535,4,0.23204642078085203,0.020145070296291673,4,0.09792710862873769,0.03630461748624955,4,0.11006471757134728,0.03403426719297408,4,0.997891828417778,0.1675728008046303,4,0.2746412083506584,0.010528895682078453,4,0.35913854092359543,0.01492866271934838,4,0.2765913732133781,0.03665993230140719,4,0.22805671247230214,0.02494401525081595,4,0.06303722117800026,0.01861901095873854,4,0.07751075071332003,0.01945425065046701,4,0.9469148069620132,0.12927982732878202,4,6.0,3.366501646120693,4,0.997891828417778,0.1675728008046303,4,179761.0,0.0,4,3063361.0,0.0,4
random_all_per_seed,all_rows,0.15,0.15,False,False,B3_with_RC_weighted_bcap_8,8.0,0.0005,0.0001,random,conv3_plus,1,268,SKNSH,0.2366475574672222,0.029097422583395625,4,0.31077486276626587,0.03948410676471734,4,0.559664322802466,0.06643060574517287,4,0.48582438208618306,0.07881229338380275,4,0.2974521947221419,0.08344087939380267,4,0.31653392325269586,0.07492710974560063,4,0.6999263167381287,0.08312952883225581,4,0.28423894941806793,0.003932959323066481,4,0.3698086440563202,0.006710974369587743,4,0.3136999580871371,0.05835132026053945,4,0.23633694772210956,0.04542390820601435,4,0.08751515129455187,0.038386135782035584,4,0.10096132113598259,0.03606147937639349,4,1.009176343679428,0.1710290718059133,4,0.2776266783475876,0.01132396909404879,4,0.36255382746458054,0.015679948903114575,4,0.2567657005042695,0.033260277045231455,4,0.22211864419960736,0.03419784276172633,4,0.04520878785604743,0.02187058124220948,4,0.06675830947729239,0.01696433460342275,4,0.9630292654037476,0.11173038793432197,4,6.75,2.8722813232690143,4,1.009176343679428,0.1710290718059133,4,179761.0,0.0,4,3063361.0,0.0,4
random_all_per_seed,all_rows,0.15,0.15,False,False,B3_with_RC_weighted_bcap_8,8.0,0.0005,0.0001,random,conv3_plus,1,536,HepG2,0.24427756667137146,0.02273060552551788,4,0.31934089213609695,0.027451383422862907,4,0.5228476274205188,0.06641715719719428,4,0.4421097697855554,0.041681914127032586,4,0.27095783660623984,0.06932258696513167,4,0.27667807057688326,0.0686329782242043,4,0.7276820838451385,0.06919329942729048,4,0.2803645208477974,0.0072379550369652875,4,0.36499133706092834,0.00864331231688583,4,0.3458272690881512,0.06364730274072782,4,0.24024945139633114,0.0374362746230296,4,0.1111167955860295,0.04213303156902907,4,0.12263473440459596,0.04316147240706516,4,0.9565733373165131,0.10368214535110001,4,0.2748418375849724,0.009700402097510202,4,0.36093567311763763,0.013555643044489817,4,0.2713292150348514,0.016773878885820655,4,0.22789222521121244,0.023795074924111415,4,0.05354105826197508,0.0057242519400660195,4,0.07383056519108577,0.008926914418492924,4,0.9337885975837708,0.09394456237439044,4,4.75,1.5,4,0.9565733373165131,0.10368214535110001,4,179761.0,0.0,4,3063361.0,0.0,4
random_all_per_seed,all_rows,0.15,0.15,False,False,B3_with_RC_weighted_bcap_8,8.0,0.0005,0.0001,random,conv3_plus,1,536,K562,0.2475411519408226,0.025530491786750494,4,0.3216938227415085,0.031200711807075635,4,0.515750915212614,0.07324346367934027,4,0.42783465835965717,0.05139648907066446,4,0.2604789408638236,0.08062769375099299,4,0.27002246027145904,0.07447361548356433,4,0.7381414175033569,0.08047733077511943,4,0.27871645241975784,0.00793212064043258,4,0.3654543161392212,0.012545825146357568,4,0.3455932747606723,0.06164007172528688,4,0.24275939467432125,0.03470323553784425,4,0.10917403159012634,0.04424213050375078,4,0.12228433539152941,0.0422161367989449,4,0.9590983241796494,0.10995920994175376,4,0.2741484194993973,0.01218946778295277,4,0.3579293191432953,0.01726119867202506,4,0.2914616591541236,0.039678058274308606,4,0.24051053060584027,0.03879362065798617,4,0.06964800755852477,0.025611329386936672,4,0.0861306599881891,0.02355177187856804,4,0.91867496073246,0.10618443453721269,4,4.75,1.7078251276599332,4,0.9590983241796494,0.10995920994175376,4,179761.0,0.0,4,3063361.0,0.0,4
random_all_per_seed,all_rows,0.15,0.15,False,False,B3_with_RC_weighted_bcap_8,8.0,0.0005,0.0001,random,conv3_plus,1,536,SKNSH,0.2438701055943966,0.02932294626120225,4,0.3174618184566498,0.03556112736882024,4,0.5320883060819621,0.09259855774728581,4,0.4600106438689464,0.09243597551441227,4,0.2793573308583084,0.09972883862213446,4,0.2895488351418299,0.10254382226317679,4,0.7192982286214828,0.09954276653034136,4,0.2817622050642967,0.0045989036830396375,4,0.36619674414396286,0.007273216672385006,4,0.3337516835985437,0.06554783841710707,4,0.24458111636408758,0.048786542478721336,4,0.10516461067690874,0.04151027057901492,4,0.11461257564572883,0.042207650854124756,4,0.9627532213926315,0.10118496295865803,4,0.275553360581398,0.009686680001196931,4,0.3601429909467697,0.014502958052182735,4,0.27479724681838225,0.025734204588102386,4,0.23156085360828105,0.026544651366694812,4,0.057774953976428484,0.015170066331544654,4,0.07601021382329962,0.014517684966173448,4,0.9296199232339859,0.09449080722414144,4,5.0,2.160246899469287,4,0.9627532213926315,0.10118496295865803,4,179761.0,0.0,4,3063361.0,0.0,4
random_all_per_seed,all_rows,0.15,0.15,False,False,B3_with_RC_weighted_bcap_8,8.0,0.0005,0.0001,random,conv3_plus,1,938,HepG2,0.23105254396796227,0.006100289346047074,4,0.30595070868730545,0.007853841333530356,4,0.5769454520144828,0.034126492129957144,4,0.4886312937906112,0.04870866678805044,4,0.3226283305276284,0.03468322031522729,4,0.33373951769901783,0.03862714777090962,4,0.6766495555639267,0.034646203871856775,4,0.27904363721609116,0.00595855942816431,4,0.36302629858255386,0.00818187825064685,4,0.3582065424869937,0.05857569716559213,4,0.23517244817505256,0.06381238592755131,4,0.12066693481831994,0.04061813902249162,4,0.13088526130431277,0.04140962432464221,4,0.953487366437912,0.06503561884826553,4,0.2727837562561035,0.009415775259236727,4,0.35762614011764526,0.013839329266333196,4,0.3007431162637904,0.01159311420871866,4,0.23543308973768173,0.015406978770636985,4,0.07086156854027448,0.009321779244061898,4,0.09054722220284805,0.0069445049744908645,4,0.926931768655777,0.09997688487478738,4,5.75,0.4999999999999999,4,0.953487366437912,0.06503561884826553,4,179761.0,0.0,4,3063361.0,0.0,4
random_all_per_seed,all_rows,0.15,0.15,False,False,B3_with_RC_weighted_bcap_8,8.0,0.0005,0.0001,random,conv3_plus,1,938,K562,0.24500572308897972,0.01410601458401872,4,0.32038240134716034,0.01965333733251662,4,0.5113675102657362,0.05432027200877416,4,0.41954784238174253,0.03273900418047756,4,0.258292976651041,0.05281112444788,4,0.2637097495187083,0.05391169032672843,4,0.740916296839714,0.05275483051618381,4,0.277249775826931,0.0066650046496873365,4,0.36304447054862976,0.011710663126713481,4,0.36030266536108607,0.056130211530297916,4,0.246307216325066,0.03813397922291755,4,0.1209540942355335,0.039412252372320725,4,0.13218096115112976,0.03906195882747654,4,0.9530069380998611,0.05999052166221591,4,0.2717304080724716,0.011609349863009853,4,0.35486190021038055,0.01599019965495284,4,0.3120590709118723,0.029717229965584534,4,0.24536543482200077,0.027781680965813422,4,0.08533147713358924,0.02456193282853506,4,0.09804319905600152,0.018838344842285106,4,0.9133590161800385,0.11186485287856986,4,4.5,1.2909944487358058,4,0.9530069380998611,0.05999052166221591,4,179761.0,0.0,4,3063361.0,0.0,4
random_all_per_seed,all_rows,0.15,0.15,False,False,B3_with_RC_weighted_bcap_8,8.0,0.0005,0.0001,random,conv3_plus,1,938,SKNSH,0.23691212013363838,0.011779427611293181,4,0.3107815161347389,0.01438679886317347,4,0.5519140307995765,0.07021827833554256,4,0.46178369584750545,0.06450299794114513,4,0.29926207082407946,0.07828368101854283,4,0.30830705235274164,0.07672666523505467,4,0.6999908536672592,0.07820016603085872,4,0.2804477736353874,0.005085202262313873,4,0.3649047613143921,0.0075027040923214645,4,0.34789132926401795,0.05889314668570764,4,0.2501886722672665,0.04004605102158638,4,0.11174758060734816,0.032784725286339286,4,0.12362967902199357,0.04056922580650449,4,0.9634710252285004,0.06592938172952816,4,0.27479876577854156,0.00945284628887337,4,0.35823655873537064,0.013563684770935377,4,0.29348668654363275,0.02308468571990313,4,0.22423035079279538,0.036250782418841755,4,0.06752257297242392,0.019982073944252613,4,0.08653411221445056,0.013507004837731361,4,0.9298185259103775,0.09614923740351633,4,5.0,1.1547005383792515,4,0.9634710252285004,0.06592938172952816,4,179761.0,0.0,4,3063361.0,0.0,4
random_all_per_seed,all_rows,0.15,0.15,False,False,B3_with_RC_weighted_bcap_8,8.0,0.0005,0.0001,random,conv3_plus,1,1340,HepG2,0.24293473735451698,0.009409093436915133,4,0.3204539492726326,0.01265325768953142,4,0.5351217013457477,0.013300925102480826,4,0.42922934565464177,0.012011046341350145,4,0.2769390746063109,0.016972044642574898,4,0.28648792120760386,0.014199179999590172,4,0.7225213497877121,0.016959397769276463,4,0.27560868114233017,0.007932282402965177,4,0.3599470257759094,0.010841903787765386,4,0.3766620608616927,0.04900676360278963,4,0.2550002045672417,0.0371277977092697,4,0.13589308619245583,0.036069506137138774,4,0.1436755552516923,0.03670485580785038,4,0.9149763584136963,0.08605094769607001,4,0.270926833152771,0.007831092603324714,4,0.35506898164749146,0.012876024092206466,4,0.3140995582989046,0.01720379332656804,4,0.2319509482635958,0.02190316067301484,4,0.08388072798538784,0.017541403993189507,4,0.09888051040218443,0.010810932866394417,4,0.8896683603525162,0.08142121363164102,4,4.75,0.5,4,0.9149763584136963,0.08605094769607001,4,179761.0,0.0,4,3063361.0,0.0,4
random_all_per_seed,all_rows,0.15,0.15,False,False,B3_with_RC_weighted_bcap_8,8.0,0.0005,0.0001,random,conv3_plus,1,1340,K562,0.2486816830933094,0.00996353123221876,4,0.3262092396616936,0.014384804362743876,4,0.5053719502761853,0.040627349735969175,4,0.3980741818215425,0.051503619249273686,4,0.2503929635023119,0.03856182004667597,4,0.2566387442858816,0.039891867201964124,4,0.7490476667881012,0.03853300956104064,4,0.2755993530154228,0.005219490221322409,4,0.3607395067811012,0.011559609356442143,4,0.372380922864062,0.0524688019035385,4,0.2529257890902643,0.03750162731471271,4,0.13206532442794405,0.03924240721093433,4,0.14073228309298508,0.038044299892174685,4,0.9186385273933411,0.08274396184379548,4,0.2705062925815582,0.010435145420435174,4,0.3534821420907974,0.014889973887067814,4,0.32091162503288984,0.02439809451186683,4,0.253726300824894,0.022203774313276282,4,0.09238005732964252,0.016466691742218254,4,0.10343072134310757,0.01573752852442081,4,0.8819083571434021,0.08801943723382372,4,4.25,0.9574271077563382,4,0.9186385273933411,0.08274396184379548,4,179761.0,0.0,4,3063361.0,0.0,4
random_all_per_seed,all_rows,0.15,0.15,False,False,B3_with_RC_weighted_bcap_8,8.0,0.0005,0.0001,random,conv3_plus,1,1340,SKNSH,0.25056521221995354,0.011164498711365729,4,0.3277979642152786,0.014834414278065184,4,0.49951748002018975,0.057527531620644445,4,0.406564879320163,0.05451074249496948,4,0.242548660751475,0.05159149882174616,4,0.2519997755164939,0.05818957816090128,4,0.7568860948085785,0.051552973406420885,4,0.2777966782450676,0.005779684139487341,4,0.3623819723725319,0.00925324350894891,4,0.3612534229688848,0.05042122866014478,4,0.25993667806659515,0.027517458091153864,4,0.12404810635088429,0.035187234955677785,4,0.13241076083143494,0.03572088110287022,4,0.9271493554115295,0.08106061015323549,4,0.27137764543294907,0.009569131026182193,4,0.3553224578499794,0.013588717546878522,4,0.30462945160926475,0.030343173570746423,4,0.2382809694233638,0.028350998010836733,4,0.08267825578476953,0.017559632229203016,4,0.0934896339245197,0.0185195896961399,4,0.8909226506948471,0.08273497497898552,4,4.0,0.8164965809277259,4,0.9271493554115295,0.08106061015323549,4,179761.0,0.0,4,3063361.0,0.0,4
random_all_per_seed,all_rows,0.15,0.15,False,False,B3_with_RC_weighted_bcap_8,8.0,0.0005,0.0001,random,conv3_plus,1,2011,HepG2,0.24654188379645348,0.003434036083982256,4,0.32351798564195633,0.006043409335149836,4,0.5159191821966587,0.0059836804808125615,4,0.4046166579279404,0.0036822846641015295,4,0.2576507042870632,0.004023932591191436,4,0.26619945588254135,0.006189900153842774,4,0.7419801354408264,0.0040219248550340935,4,0.27358006685972214,0.0046490378727025924,4,0.3577181249856949,0.008026189902244898,4,0.3886585296947315,0.04261377455786629,4,0.27393600663501566,0.0336722424304335,4,0.14642625546196295,0.03201672426774951,4,0.152417403041022,0.03245542845830008,4,0.9085240364074707,0.059858525697111975,4,0.26921356469392776,0.009110845754797757,4,0.3529519885778427,0.013992479341679796,4,0.3261105992841606,0.019655627304342182,4,0.24622107179795066,0.017038331525615916,4,0.09502486878623306,0.011170796825593172,4,0.10663788072901975,0.012817844452984643,4,0.8854493200778961,0.0858361760182012,4,4.0,0.0,4,0.9085240364074707,0.059858525697111975,4,179761.0,0.0,4,3063361.0,0.0,4
random_all_per_seed,all_rows,0.15,0.15,False,False,B3_with_RC_weighted_bcap_8,8.0,0.0005,0.0001,random,conv3_plus,1,2011,K562,0.25059087201952934,0.010735001759824784,4,0.3280826732516289,0.014896418262482187,4,0.492531664538754,0.053061046643028686,4,0.38862996005155687,0.043617893907817305,4,0.23635765947098436,0.04955487889525062,4,0.24469904657645594,0.04947111323422836,4,0.7632626295089722,0.049530233932734764,4,0.27392183244228363,0.0063007050289408065,4,0.35913440585136414,0.010403661755684591,4,0.38164186383280435,0.051863903690158614,4,0.26651587046514824,0.03671782782362905,4,0.1397327481216442,0.036507548464534675,4,0.14766791060926332,0.03821427316275699,4,0.915849581360817,0.06726191949269468,4,0.2694118842482567,0.01095152150336808,4,0.3520919233560562,0.01571990171376434,4,0.3255009622131435,0.023785735764015714,4,0.2455981412722059,0.029121591351962104,4,0.09964341750724551,0.01760303178850103,4,0.10637519732105896,0.01583640132021832,4,0.8815135061740875,0.09381239286958573,4,3.5,1.0,4,0.915849581360817,0.06726191949269468,4,179761.0,0.0,4,3063361.0,0.0,4
random_all_per_seed,all_rows,0.15,0.15,False,False,B3_with_RC_weighted_bcap_8,8.0,0.0005,0.0001,random,conv3_plus,1,2011,SKNSH,0.2525457628071308,0.005730132479491446,4,0.3300676792860031,0.008024706840810077,4,0.48166532535912265,0.02911938823364382,4,0.37859061968542235,0.026573053724916616,4,0.22699330767877574,0.02977514574179471,4,0.23263743973163575,0.028892905556761574,4,0.7726223021745682,0.029760309024475937,4,0.27604736387729645,0.005025458827205508,4,0.3609877750277519,0.007782730876724814,4,0.3702892994196649,0.04536876141615688,4,0.2655798625772878,0.0352406941377161,4,0.13088779764330782,0.026303963962101506,4,0.13865790864903332,0.03297682584112338,4,0.9251972734928131,0.05994593840006087,4,0.2697213515639305,0.009790729421190065,4,0.35262809693813324,0.013896448704608778,4,0.32229374827662016,0.021810730052097233,4,0.24004311406738255,0.030722648483756845,4,0.09665349546389432,0.01251776757593018,4,0.1042300411372475,0.013875000054278412,4,0.8839522153139114,0.0878235692056297,4,3.25,0.5,4,0.9251972734928131,0.05994593840006087,4,179761.0,0.0,4,3063361.0,0.0,4
random_all_per_seed,all_rows,0.15,0.15,False,False,B3_with_RC_weighted_bcap_8,8.0,0.0005,0.0001,random,conv3_plus,1,2681,HepG2,0.25352656468749046,0.006606777846413493,4,0.3322801887989044,0.008201136630193045,4,0.4864502872463148,0.024483815825002177,4,0.3830404299474091,0.027791049515664832,4,0.22925800483317177,0.02838498828294158,4,0.23708347489003662,0.02404893157142627,4,0.7704545259475708,0.028374408689021254,4,0.27357228100299835,0.005921544154735459,4,0.35713525861501694,0.008084644995852487,4,0.3920097076052983,0.042053922873843845,4,0.2831848224221268,0.03539654085624947,4,0.1492889507317869,0.02902375943072724,4,0.15499801017860085,0.03230959464984158,4,0.8907737284898758,0.05240195187477709,4,0.2685044854879379,0.009616262960269127,4,0.3521745875477791,0.013979296467786074,4,0.32825485260312803,0.022312936749723046,4,0.2510122919561447,0.025522879461437043,4,0.09886287252757625,0.022014029090625685,4,0.10812464861729915,0.01464898403154817,4,0.8670458942651749,0.07665852305645628,4,3.25,0.5,4,0.8907737284898758,0.05240195187477709,4,179761.0,0.0,4,3063361.0,0.0,4
random_all_per_seed,all_rows,0.15,0.15,False,False,B3_with_RC_weighted_bcap_8,8.0,0.0005,0.0001,random,conv3_plus,1,2681,K562,0.2528871111571789,0.006406316310343119,4,0.3314668983221054,0.007777630111778103,4,0.4870262114944026,0.02471925890999688,4,0.38198776406910284,0.029497863127868982,4,0.23305928232872186,0.025754836764199287,4,0.23765281200338517,0.024408013728321208,4,0.7666546553373337,0.025745198404644513,4,0.2734038010239601,0.004858260328258613,4,0.35762418806552887,0.008715002970730407,4,0.390423741708838,0.04132713138616365,4,0.27178865290082393,0.03816477854284598,4,0.14693704768858873,0.03175488196586579,4,0.15371164693138634,0.03141373084094319,4,0.8933040648698807,0.05592988079995555,4,0.26903513818979263,0.010410444032367714,4,0.3523063659667969,0.01506578689649737,4,0.3270640183655755,0.026420174236938997,4,0.24700818299212954,0.0372742697834375,4,0.0984502078344692,0.01640047782898637,4,0.10749439131447017,0.01719150820771587,4,0.8678030967712402,0.0805803718868066,4,3.25,0.5,4,0.8933040648698807,0.05592988079995555,4,179761.0,0.0,4,3063361.0,0.0,4
random_all_per_seed,all_rows,0.15,0.15,False,False,B3_with_RC_weighted_bcap_8,8.0,0.0005,0.0001,random,conv3_plus,1,2681,SKNSH,0.25315066054463387,0.005860451171525835,4,0.3317691758275032,0.007205805981996882,4,0.4881334312936006,0.025208382443755888,4,0.3836805317453463,0.028842473522769838,4,0.2316798864969651,0.02308403730148715,4,0.23875084365553728,0.02492476472786027,4,0.768033504486084,0.023075411805006562,4,0.275127574801445,0.005044877171135423,4,0.35923919826745987,0.00833711241175494,4,0.3813969368518562,0.040998864833488885,4,0.2703374838921345,0.0367902284928738,4,0.1393530202483911,0.025164079748080156,4,0.14672430362820482,0.031007508649522862,4,0.9013015478849411,0.05337959670509099,4,0.26915042847394943,0.010636203890980092,4,0.35181785374879837,0.013880097831828631,4,0.3279376440141552,0.018978688886946857,4,0.23746825237600938,0.04041347842385767,4,0.10080829419342224,0.012310114605775633,4,0.10781324133545543,0.012432610984506962,4,0.865182101726532,0.07484686483210545,4,3.25,0.5,4,0.9013015478849411,0.05337959670509099,4,179761.0,0.0,4,3063361.0,0.0,4
random_all_per_seed,all_rows,0.15,0.15,False,False,B3_with_RC_weighted_bcap_8,8.0,0.0005,0.0001,random,full,1,134,HepG2,0.2029769979417324,0.04719502690038443,4,0.27884627506136894,0.05244587939088979,4,0.6725106156147213,0.14890544832482328,4,0.6587803713331442,0.17168767344641628,4,0.4268603027956705,0.17768653716656146,4,0.4689001525201038,0.17998562594346904,4,0.5688625276088715,0.17636053785192024,4,0.2886044979095459,0.005726472221650392,4,0.3742353916168213,0.005199069614690825,4,0.3015826784333205,0.03959658253371935,4,0.22773698957441915,0.03842604662535255,4,0.06481593337260502,0.056179518745067276,4,0.09212802894227781,0.023439046599403778,4,1.0416711568832397,0.247231755492161,4,0.2817728966474533,0.012278918043361018,4,0.3699508607387543,0.017262301349685153,4,0.23084647057312482,0.012117481519219118,4,0.20501778898671558,0.013547400486459351,4,0.006118296826383901,0.019840471507688667,4,0.053400217994845046,0.005650007571274583,4,1.006779670715332,0.17767960129921434,4,4.75,2.217355782608345,4,1.0416711568832397,0.247231755492161,4,179761.0,0.0,4,3747661.0,0.0,4
random_all_per_seed,all_rows,0.15,0.15,False,False,B3_with_RC_weighted_bcap_8,8.0,0.0005,0.0001,random,full,1,134,K562,0.2106650061905384,0.04531257156891647,4,0.2866502068936825,0.053351922451791774,4,0.6515925173195849,0.09537475319971124,4,0.6155665451738059,0.0974690500048617,4,0.40318030548629624,0.1345175470302106,4,0.431395066287803,0.1226562297509607,4,0.5923658683896065,0.13351370260205658,4,0.2879202589392662,0.006557051018545859,4,0.37543363869190216,0.008315374992347217,4,0.299508335689466,0.028710358737158225,4,0.22517099992328957,0.019814621300987264,4,0.05956509820292513,0.042227148022541405,4,0.09032345667158609,0.01704722014531987,4,1.0496974438428879,0.2545176766339109,4,0.2804153636097908,0.013824779876304616,4,0.36665400862693787,0.019459141086236982,4,0.2568545500718761,0.03679681939645511,4,0.21953585468150555,0.03441701495508237,4,0.02391693345471202,0.034539118448244005,4,0.0669897643308974,0.01767750399002855,4,0.9893254488706589,0.17961710416791615,4,4.75,2.5,4,1.0496974438428879,0.2545176766339109,4,179761.0,0.0,4,3747661.0,0.0,4
random_all_per_seed,all_rows,0.15,0.15,False,False,B3_with_RC_weighted_bcap_8,8.0,0.0005,0.0001,random,full,1,134,SKNSH,0.18789884075522423,0.05208674511513816,4,0.25806982442736626,0.059752462113763505,4,0.7233378398512388,0.15284790234865983,4,0.7203471258341658,0.17641728317174224,4,0.5049087017279159,0.20022391024837366,4,0.5407394914999455,0.1999954786540942,4,0.49139663577079773,0.19872974470834373,4,0.2933727204799652,0.006584324509555611,4,0.3806285038590431,0.004553726772255701,4,0.28589793697212773,0.030611541452380573,4,0.22408607011674267,0.035093688265571875,4,0.032313204913035604,0.0635421562205166,4,0.08244043021748682,0.017041101360137416,4,1.0770906209945679,0.2540306671358658,4,0.28800662606954575,0.014768532598392314,4,0.3746170699596405,0.018390630243144825,4,0.22944897036235462,0.03395014355058987,4,0.2011324032154358,0.03590491109838485,4,-0.019371086698052875,0.04100901014692016,4,0.053511289185673924,0.01588855897830257,4,1.0324091613292694,0.180186743327216,4,5.75,2.8722813232690143,4,1.0770906209945679,0.2540306671358658,4,179761.0,0.0,4,3747661.0,0.0,4
random_all_per_seed,all_rows,0.15,0.15,False,False,B3_with_RC_weighted_bcap_8,8.0,0.0005,0.0001,random,full,1,268,HepG2,0.21100958809256554,0.018266437170930096,4,0.2836848348379135,0.026877652727354515,4,0.6693337734380429,0.016211682698656645,4,0.5926654658915103,0.021038945697953615,4,0.414009203695429,0.022432009010558487,4,0.44820481425675085,0.021854001375242852,4,0.5838042050600052,0.022348317693878305,4,0.2840842455625534,0.004753063204734838,4,0.37003982067108154,0.00723684963769467,4,0.3192055447618039,0.04411962947918654,4,0.23292882756681263,0.03673941980269181,4,0.08664526111992504,0.02995267996364641,4,0.10335208608571553,0.027700122996009234,4,1.0117173045873642,0.18141686309413607,4,0.27606071531772614,0.011090529584904613,4,0.3634517267346382,0.014748906034344771,4,0.25398209556247797,0.012014763357947163,4,0.22260638575716443,0.018530519454987064,4,0.04041055719646877,0.013166767747046882,4,0.0646151707702183,0.006010156598549565,4,0.9691682755947113,0.12585814291397615,4,3.75,0.49999999999999994,4,1.0117173045873642,0.18141686309413607,4,179761.0,0.0,4,3747661.0,0.0,4
random_all_per_seed,all_rows,0.15,0.15,False,False,B3_with_RC_weighted_bcap_8,8.0,0.0005,0.0001,random,full,1,268,K562,0.21667900681495667,0.03431151946410191,4,0.2898016795516014,0.04435688210125141,4,0.6393042303393567,0.06774164469623256,4,0.5607251763408682,0.05406378645895144,4,0.38869537667765086,0.10640533948116976,4,0.41215159674941015,0.08709184490311996,4,0.6090235561132431,0.1060083207234236,4,0.2825424075126648,0.005773322630496313,4,0.36979273706674576,0.010976488369099518,4,0.32253391136348686,0.03760536969214278,4,0.2380045958101075,0.018375949872831695,4,0.08828567394444042,0.025877783129943946,4,0.10508874685169163,0.023376896822047476,4,1.0099952220916748,0.17879897423176622,4,0.27503660321235657,0.011052682239209669,4,0.35900071263313293,0.01619476910199035,4,0.2804583698488777,0.040520528673712475,4,0.23226462250853527,0.029507376567135278,4,0.06391404705762499,0.022470425735763463,4,0.07988833215128772,0.02137699755659149,4,0.9457382410764694,0.12709637200937302,4,3.75,0.9574271077563381,4,1.0099952220916748,0.17879897423176622,4,179761.0,0.0,4,3747661.0,0.0,4
random_all_per_seed,all_rows,0.15,0.15,False,False,B3_with_RC_weighted_bcap_8,8.0,0.0005,0.0001,random,full,1,268,SKNSH,0.21063339337706566,0.024448609603832792,4,0.2829016149044037,0.029946153683780823,4,0.6710612295280245,0.03897856723470153,4,0.6130297745913956,0.008914552732037851,4,0.4147260146210623,0.07232331276878054,4,0.45146267030341664,0.05369546395243618,4,0.5830900743603706,0.07205341078503728,4,0.2866640090942383,0.002332729279073396,4,0.37212615460157394,0.005281535916451802,4,0.3031125173743705,0.05461615472251328,4,0.23400083723738913,0.041882434216026304,4,0.07596866635802779,0.0384748527316437,4,0.09411439145653319,0.033996710078035654,4,1.0231296867132187,0.1841206698453198,4,0.2775025963783264,0.013192230025875221,4,0.36313286423683167,0.01613470571837228,4,0.25560080022466697,0.02457878656172948,4,0.2232740487448951,0.03554670153942825,4,0.04219487922891879,0.024133360148921618,4,0.06578485663712541,0.012415893134405071,4,0.9658166617155075,0.10967941209033748,4,4.0,0.816496580927726,4,1.0231296867132187,0.1841206698453198,4,179761.0,0.0,4,3747661.0,0.0,4
random_all_per_seed,all_rows,0.15,0.15,False,False,B3_with_RC_weighted_bcap_8,8.0,0.0005,0.0001,random,full,1,536,HepG2,0.23282821476459503,0.02508125888666727,4,0.3074139803647995,0.03014259756650032,4,0.5847888642929135,0.0544899436000423,4,0.5057811330003954,0.03715492104820142,4,0.3252392860522092,0.06828304533487727,4,0.3442048812661475,0.060938137406795774,4,0.6735018938779831,0.06815567263534555,4,0.28230737149715424,0.005519497001982254,4,0.3671504333615303,0.007475302148308948,4,0.3315709670802318,0.056636133669168635,4,0.24237960571681993,0.03741750115252954,4,0.10087225360342766,0.029567443088194003,4,0.11234504493826411,0.03599860162073513,4,0.9683141261339188,0.10753117232249103,4,0.2751433327794075,0.009955281951488228,4,0.36190351098775864,0.012973398266726352,4,0.26321131037164885,0.013106317004223808,4,0.23050937899562413,0.0261697463576535,4,0.04836798833484812,0.004995033668287921,4,0.06940902556662186,0.0069624056912119744,4,0.9385221153497696,0.08902568518766253,4,2.75,0.49999999999999994,4,0.9683141261339188,0.10753117232249103,4,179761.0,0.0,4,3747661.0,0.0,4
random_all_per_seed,all_rows,0.15,0.15,False,False,B3_with_RC_weighted_bcap_8,8.0,0.0005,0.0001,random,full,1,536,K562,0.22641591727733612,0.03733522112282063,4,0.2990637607872486,0.042843772101916415,4,0.6072457323998521,0.09805418679928593,4,0.5138899840718032,0.10016423792113972,4,0.3592863719818599,0.1259634646763421,4,0.37595834717948473,0.11895556173977118,4,0.6395183652639389,0.12572850437097516,4,0.27933531254529953,0.006479147151872416,4,0.36601442098617554,0.011265902789061876,4,0.3436190616481829,0.055419354359836664,4,0.24499524035011996,0.029994734072590953,4,0.10667052029614058,0.033052271490256344,4,0.12037753815622358,0.03812391810126213,4,0.9623874574899673,0.11161598280353671,4,0.27410273253917694,0.009790971049122374,4,0.35745925456285477,0.01566049262683295,4,0.2965498490971059,0.043679262308120005,4,0.2469748524421357,0.03905422366098135,4,0.07190491992595294,0.019459788980539326,4,0.08937272146635246,0.026466868999593558,4,0.9165775924921036,0.10628388630509805,4,3.25,1.2583057392117916,4,0.9623874574899673,0.11161598280353671,4,179761.0,0.0,4,3747661.0,0.0,4
random_all_per_seed,all_rows,0.15,0.15,False,False,B3_with_RC_weighted_bcap_8,8.0,0.0005,0.0001,random,full,1,536,SKNSH,0.21233348920941353,0.02694917385784209,4,0.28278300166130066,0.03315445314494507,4,0.6655296970497118,0.06343104310139093,4,0.5978320058390598,0.06286672090200585,4,0.4258394029739581,0.1040377755539882,4,0.445947400576779,0.08556128105298798,4,0.5730894580483437,0.10384368216498154,4,0.2847176790237427,0.004514185466345294,4,0.3687034547328949,0.006871197451862503,4,0.33209597424971776,0.051860031331237996,4,0.24856027647049722,0.04551812601663642,4,0.09320485961138528,0.02978736279865577,4,0.11230483325012694,0.03385510442861835,4,0.9767111986875534,0.11005836786124044,4,0.2787560969591141,0.008420160190008406,4,0.36306606978178024,0.012051395210140538,4,0.27706755626214036,0.027358315079118976,4,0.23677834701391354,0.03524563533107671,4,0.04187317623032391,0.02586931454776425,4,0.07732778878605057,0.015366875194142161,4,0.9445401430130005,0.08617987570696596,4,3.75,0.9574271077563381,4,0.9767111986875534,0.11005836786124044,4,179761.0,0.0,4,3747661.0,0.0,4
random_all_per_seed,all_rows,0.15,0.15,False,False,B3_with_RC_weighted_bcap_8,8.0,0.0005,0.0001,random,full,1,938,HepG2,0.21910402178764343,0.012825255916890833,4,0.29346243292093277,0.01566975776183988,4,0.6206077923328839,0.03672363501265034,4,0.5169972587806092,0.049108259635127,4,0.3768610836767522,0.04989818000431689,4,0.3861655009307026,0.04683256037220025,4,0.6224746406078339,0.04984500923455031,4,0.2798067256808281,0.00610651550343794,4,0.3640887662768364,0.00872770590886497,4,0.358346980578979,0.05259962043351301,4,0.2564452502794828,0.03605667465281958,4,0.11581476032862562,0.032529114006179374,4,0.1304875985423834,0.03738611005945234,4,0.9591580480337143,0.06748125891281467,4,0.27428384870290756,0.006754189083492244,4,0.35912248492240906,0.011299993023471587,4,0.29557714691747694,0.015906947126800793,4,0.24544414091374794,0.02317228442848777,4,0.06265666790566035,0.014127145216794318,4,0.08755562300504686,0.009239426949046123,4,0.934666708111763,0.09577052852620305,4,3.25,0.5,4,0.9591580480337143,0.06748125891281467,4,179761.0,0.0,4,3747661.0,0.0,4
random_all_per_seed,all_rows,0.15,0.15,False,False,B3_with_RC_weighted_bcap_8,8.0,0.0005,0.0001,random,full,1,938,K562,0.22283611819148064,0.02479295348567259,4,0.29795370250940323,0.0309534438066899,4,0.6034854582152157,0.08802673881870489,4,0.5153640427072724,0.0741869516248227,4,0.3567680336192073,0.10580232227286215,4,0.3700062283375213,0.10234232965082575,4,0.6425462067127228,0.10568953906464637,4,0.27840371429920197,0.007747690033083423,4,0.36470479518175125,0.012255355836080443,4,0.3546822170294086,0.05455433476833186,4,0.2505347022215889,0.036239718870972965,4,0.11308679212903935,0.03560534040562671,4,0.1280316066584079,0.03766201064166361,4,0.9617890119552612,0.06251021453120163,4,0.2739284038543701,0.010726766085862868,4,0.356717087328434,0.015597611644559434,4,0.31244560138568817,0.03195323034966196,4,0.25057579684715836,0.03199939313579647,4,0.07559269044914532,0.02730264905547716,4,0.09838801052259827,0.019829662032377727,4,0.9235689640045166,0.11994709850849279,4,3.25,0.9574271077563382,4,0.9617890119552612,0.06251021453120163,4,179761.0,0.0,4,3747661.0,0.0,4
random_all_per_seed,all_rows,0.15,0.15,False,False,B3_with_RC_weighted_bcap_8,8.0,0.0005,0.0001,random,full,1,938,SKNSH,0.21963738277554512,0.02623828704388692,4,0.29315924644470215,0.03124199031286601,4,0.6219596533557631,0.0812999570684115,4,0.526458317066042,0.06433503745964411,4,0.37706174204115805,0.10675526272306626,4,0.3917910726669151,0.09697368862854745,4,0.622274175286293,0.10664146210777137,4,0.28188589215278625,0.005162403720897006,4,0.3673783838748932,0.00812886808150774,4,0.33495324819882727,0.05367266733107345,4,0.24967782062936927,0.04076760322611866,4,0.09989511958597122,0.025643898320119977,4,0.11435424489276923,0.03473316669271479,4,0.976593017578125,0.06760633946437056,4,0.2751045376062393,0.007848776381738106,4,0.358991377055645,0.012872092720599018,4,0.2911552453874381,0.021118395034273884,4,0.23942044814155375,0.02138756573271317,4,0.06356222819593418,0.013546291993933778,4,0.08510586687323701,0.012648519792056327,4,0.9340459555387497,0.09950963568752266,4,3.25,0.9574271077563382,4,0.976593017578125,0.06760633946437056,4,179761.0,0.0,4,3747661.0,0.0,4
random_all_per_seed,all_rows,0.15,0.15,False,False,B3_with_RC_weighted_bcap_8,8.0,0.0005,0.0001,random,full,1,1340,HepG2,0.22868582606315613,0.032158104222782986,4,0.3068815544247627,0.036873872496651895,4,0.5837590888500334,0.0989987551473042,4,0.47459095590050804,0.0860143742541755,4,0.3348378149509872,0.12301958274004933,4,0.348125238955558,0.11554722952543357,4,0.6646657884120941,0.12292775531750764,4,0.2769867107272148,0.006302275837564662,4,0.3627960756421089,0.00939505442490349,4,0.3651154137611713,0.053066670877173816,4,0.260624536071163,0.03193392161434291,4,0.12208935590794298,0.034160373197176575,4,0.135421319034481,0.037510148849448345,4,0.9293483793735504,0.08252754669861109,4,0.2730283811688423,0.007391820910581522,4,0.358488105237484,0.012799174842021435,4,0.295509381573855,0.013994478969464291,4,0.24261284803546812,0.02502850244757992,4,0.06602110254925778,0.023293346881555356,4,0.08747267867938233,0.00827542693783022,4,0.9072712361812592,0.08889727090696127,4,3.0,1.1547005383792515,4,0.9293483793735504,0.08252754669861109,4,179761.0,0.0,4,3747661.0,0.0,4
random_all_per_seed,all_rows,0.15,0.15,False,False,B3_with_RC_weighted_bcap_8,8.0,0.0005,0.0001,random,full,1,1340,K562,0.2364497259259224,0.017326346899506184,4,0.3136284127831459,0.022966146274258793,4,0.5646891307911909,0.04504301472931433,4,0.4488498241915812,0.027160491817687593,4,0.3076155031744764,0.05937080193687047,4,0.3203954693156396,0.049148265076323853,4,0.6918678432703018,0.05932653844999375,4,0.2756132408976555,0.008892851755790866,4,0.36175522208213806,0.013447897754073965,4,0.3687758315803341,0.05776043991982291,4,0.2562506960148174,0.035741681801322374,4,0.12713000435908847,0.04626213680337338,4,0.13849781527256558,0.04231765065597645,4,0.9241585582494736,0.0916210346737571,4,0.271293044090271,0.011073201865603897,4,0.3537858724594116,0.016481222304220895,4,0.32143505049151067,0.028329317541786053,4,0.25401969574693195,0.030784330825869267,4,0.09094343576744382,0.025388203052077837,4,0.10392240435876753,0.01835476879918183,4,0.8837769031524658,0.09642493346757022,4,2.75,0.49999999999999994,4,0.9241585582494736,0.0916210346737571,4,179761.0,0.0,4,3747661.0,0.0,4
random_all_per_seed,all_rows,0.15,0.15,False,False,B3_with_RC_weighted_bcap_8,8.0,0.0005,0.0001,random,full,1,1340,SKNSH,0.22786641493439674,0.025603068841671392,4,0.3037213608622551,0.030778196629648844,4,0.6010559990383844,0.07002657238350479,4,0.5022839376186925,0.04980070063855203,4,0.3501930239957373,0.09060446106181545,4,0.36494610460986704,0.08154259706152732,4,0.6493220627307892,0.09053688878084043,4,0.2798380106687546,0.006007591416051843,4,0.3649475947022438,0.009542394581313403,4,0.35028730785234463,0.0468070161734173,4,0.25379875051779577,0.025827393761900092,4,0.11187684166429201,0.025986272798062215,4,0.12434437061473716,0.03163454112360052,4,0.9405784606933594,0.08571054262716817,4,0.27370385080575943,0.009802624916795889,4,0.35773592442274094,0.014485626223211142,4,0.3027227846429426,0.024415751009232965,4,0.24204308123267063,0.03036472910690165,4,0.07017967368713876,0.025078940267109513,4,0.09208818101498606,0.015134960462745282,4,0.9032138139009476,0.0875497679081842,4,3.0,0.816496580927726,4,0.9405784606933594,0.08571054262716817,4,179761.0,0.0,4,3747661.0,0.0,4
random_all_per_seed,all_rows,0.15,0.15,False,False,B3_with_RC_weighted_bcap_8,8.0,0.0005,0.0001,random,full,1,2011,HepG2,0.22404206916689873,0.02006057687955969,4,0.2999120354652405,0.022438120532426248,4,0.6069933564927872,0.06946158212258867,4,0.49660228970765913,0.07203444282689074,4,0.3604487928944601,0.08360851270754385,4,0.3720596183696097,0.08234846202332055,4,0.6392331719398499,0.08356690883961264,4,0.27531448751688004,0.006973137879349148,4,0.3597860634326935,0.008986479986429085,4,0.3792099394021278,0.04803578309106605,4,0.2778819566339724,0.031118197885837636,4,0.1365735848468532,0.03341804731783657,4,0.1455307554842444,0.0355309963366549,4,0.9191146492958069,0.06337441121634348,4,0.2709103897213936,0.007110175367826226,4,0.35436730831861496,0.013111378291391675,4,0.32594376433575456,0.01857672474738363,4,0.24393685242838448,0.017833755300214183,4,0.08746059141124096,0.021569431823498415,4,0.10649815853611694,0.011882705285501392,4,0.8927665650844574,0.08865597376270035,4,3.0,0.816496580927726,4,0.9191146492958069,0.06337441121634348,4,179761.0,0.0,4,3747661.0,0.0,4
random_all_per_seed,all_rows,0.15,0.15,False,False,B3_with_RC_weighted_bcap_8,8.0,0.0005,0.0001,random,full,1,2011,K562,0.2355889156460762,0.017513666035077338,4,0.31223947554826736,0.020537361952977975,4,0.5657229185820741,0.057233733966619946,4,0.4574411167111469,0.05233299229497545,4,0.307839108919951,0.07111890788234833,4,0.3224991958368415,0.06463817425181265,4,0.6918167322874069,0.07108354143828668,4,0.2749023735523224,0.007992192864558384,4,0.3601842597126961,0.01236177204616939,4,0.3800878931342531,0.04513335390226908,4,0.27172788858303765,0.03680021902715953,4,0.1349770264784559,0.034384059994498145,4,0.14599457123308604,0.03380061423877536,4,0.9215339124202728,0.0771599773117874,4,0.26927487552165985,0.010923449548210545,4,0.3517754301428795,0.016595859757606433,4,0.3333682728173534,0.02930162467894464,4,0.2587525877460468,0.024889840101088863,4,0.10122233398353972,0.027846656169973463,4,0.11177834422784468,0.01912724636715459,4,0.8804661929607391,0.10272437738417108,4,2.5,0.5773502691896257,4,0.9215339124202728,0.0771599773117874,4,179761.0,0.0,4,3747661.0,0.0,4
random_all_per_seed,all_rows,0.15,0.15,False,False,B3_with_RC_weighted_bcap_8,8.0,0.0005,0.0001,random,full,1,2011,SKNSH,0.23367955535650253,0.015206675670676332,4,0.31028566509485245,0.017619079773197786,4,0.571433752682398,0.06407493764662633,4,0.46143455888148255,0.055125604682584387,4,0.31528986478769583,0.0776044719563976,4,0.3296157319305023,0.07322272272203836,4,0.6843696236610413,0.07756589882034848,4,0.27733174711465836,0.005620963458345737,4,0.3623082935810089,0.00870448401047298,4,0.3669110573910782,0.0446484687529035,4,0.27020584169441253,0.027626613458748818,4,0.12469746382613384,0.021261746116349105,4,0.13611883835732333,0.0323427380663653,4,0.9320579767227173,0.06338371097665384,4,0.27096080780029297,0.008956112816778753,4,0.35310790687799454,0.013201066081444422,4,0.3236402097908819,0.022234349655051062,4,0.2419209932141742,0.028627778863623724,4,0.09409376850415094,0.012244325349474316,4,0.10511376012192337,0.014384181647732674,4,0.886146679520607,0.08329555286251177,4,2.5,0.5773502691896257,4,0.9320579767227173,0.06338371097665384,4,179761.0,0.0,4,3747661.0,0.0,4
random_all_per_seed,all_rows,0.15,0.15,False,False,B3_with_RC_weighted_bcap_8,8.0,0.0005,0.0001,random,full,1,2681,HepG2,0.2367878295481205,0.013409858336660769,4,0.31397248804569244,0.014448183693966393,4,0.57108790920402,0.06020211203314701,4,0.45945415597441325,0.06201232454126331,4,0.31065543308571253,0.06537008125558674,4,0.3288596207589577,0.06889987360180064,4,0.6890874207019806,0.06534572124769211,4,0.27228299528360367,0.005513150859368721,4,0.3574555292725563,0.009232369113352706,4,0.3913272592572048,0.038374998489311085,4,0.28720945528477165,0.024146448578815875,4,0.14794664635592095,0.025379542993132956,4,0.15424150421954652,0.02960274795942745,4,0.8925192803144455,0.05802090056827988,4,0.267334409058094,0.009528601526556905,4,0.3510717302560806,0.014348375180008833,4,0.33589454811111186,0.020583539295751466,4,0.25801972329778927,0.025619237493040164,4,0.10458559627272504,0.019677228483505522,4,0.11314290901822285,0.013520432611396864,4,0.86153843998909,0.07673405716721435,4,2.5,0.5773502691896257,4,0.8925192803144455,0.05802090056827988,4,179761.0,0.0,4,3747661.0,0.0,4
random_all_per_seed,all_rows,0.15,0.15,False,False,B3_with_RC_weighted_bcap_8,8.0,0.0005,0.0001,random,full,1,2681,K562,0.2237834818661213,0.020596021024317453,4,0.3000543713569641,0.021845353529886074,4,0.6154721291129208,0.06618556530599912,4,0.5130464792650713,0.07705788205621437,4,0.36976988365593555,0.0847370939881152,4,0.3820913385059478,0.0802407944258521,4,0.6299950331449509,0.08470555896540255,4,0.2736356854438782,0.007365279877509403,4,0.3578304499387741,0.009378260454419128,4,0.3904774187641343,0.04389827129668337,4,0.2759212056083774,0.03118918787303223,4,0.1460547325426099,0.030116765090662967,4,0.153917908231829,0.03348404917099741,4,0.8944274634122849,0.059292596191070995,4,0.2695719301700592,0.010177034915816036,4,0.3523263856768608,0.01498618134561748,4,0.34017324989841846,0.033330306986486154,4,0.2590690498747716,0.03391915129694934,4,0.09809945269058606,0.02891105817466996,4,0.11655102196931191,0.022479307465503508,4,0.8680168986320496,0.08211875891261697,4,3.0,0.816496580927726,4,0.8944274634122849,0.059292596191070995,4,179761.0,0.0,4,3747661.0,0.0,4
random_all_per_seed,all_rows,0.15,0.15,False,False,B3_with_RC_weighted_bcap_8,8.0,0.0005,0.0001,random,full,1,2681,SKNSH,0.2346811294555664,0.027699665061102923,4,0.31238146871328354,0.02888804839798701,4,0.5703384981020128,0.09044538265744584,4,0.4631573125892427,0.10012625822483429,4,0.31547132107952597,0.11382360057810566,4,0.3314212778502985,0.11113297845070928,4,0.6842733174562454,0.11378109266149031,4,0.2757493630051613,0.006235549432895597,4,0.35972391813993454,0.00885929097888285,4,0.38083482286840636,0.03585308105458303,4,0.2727731583108345,0.027934515768051085,4,0.1370971139892001,0.024054048404224853,4,0.14599924487504032,0.02685544632218862,4,0.9037873893976212,0.0558708232556029,4,0.27083586901426315,0.01174004866700421,4,0.35300056636333466,0.014838757874505453,4,0.3249646775188029,0.02902127980250265,4,0.24100612429616727,0.04712894585464042,4,0.0945677077870952,0.031415573258731795,4,0.10623371764593093,0.018862965673149008,4,0.871335819363594,0.08155655789643769,4,2.5,1.0,4,0.9037873893976212,0.0558708232556029,4,179761.0,0.0,4,3747661.0,0.0,4
