setting,train_sampling_mode,unfreeze_scope,train_threshold,train_size,init_head,val_spearman_mean,val_spearman_std,val_spearman_count,val_pearson_mean,val_pearson_std,val_pearson_count,val_rmse_mean,val_rmse_std,val_rmse_count,val_r2_mean,val_r2_std,val_r2_count,test_spearman_mean,test_spearman_std,test_spearman_count,test_pearson_mean,test_pearson_std,test_pearson_count,test_rmse_mean,test_rmse_std,test_rmse_count,test_r2_mean,test_r2_std,test_r2_count,best_epoch_mean,best_epoch_std,best_epoch_count,best_val_loss_standardized_mean,best_val_loss_standardized_std,best_val_loss_standardized_count,initial_trainable_params_mean,initial_trainable_params_std,initial_trainable_params_count,final_trainable_params_mean,final_trainable_params_std,final_trainable_params_count
B2_with_RC,hq_first,branched_only,1,161,HepG2,0.30516272772339326,0.006821139798979202,4,0.3508971246364117,0.0038953296163133587,4,0.3311626985669136,0.0006756982623463596,4,0.12314017227271624,0.0027310629795772937,4,0.2719175316126729,0.009281556346430063,4,0.3159156091659327,0.007764580493706296,4,0.2853950262069702,0.0013730131077971338,4,0.09984788864736478,0.004873783300744643,4,10.75,3.8622100754188224,4,1.3886310756206512,0.08432389661336921,4,179761.0,0.0,4,179761.0,0.0,4
B2_with_RC,hq_first,branched_only,1,161,K562,0.29205090608709283,0.014049556566609358,4,0.37280719648251465,0.018155311877912465,4,0.32860463857650757,0.0009993357644002682,4,0.13923241726119048,0.013820942131531929,4,0.2917091988195968,0.007358504845935522,4,0.3542097124420113,0.01375449090800555,4,0.2804930806159973,0.0022031821498833004,4,0.12560640990335614,0.009927268024447114,4,16.0,8.831760866327848,4,1.367329090833664,0.08496955061151885,4,179761.0,0.0,4,179761.0,0.0,4
B2_with_RC,hq_first,branched_only,1,161,SKNSH,0.3048206812965145,0.002775166199567723,4,0.3308792765697074,0.004856101744872616,4,0.3336770460009575,0.0007758390669463369,4,0.10949878195641033,0.0032305251520236473,4,0.2846098927191236,0.0007674077462823378,4,0.34448559744007146,0.009804961596258249,4,0.28099024295806885,0.0015952315624406842,4,0.11874242979757105,0.006843339309157111,4,15.5,9.255628917943215,4,1.410117745399475,0.09248925888539158,4,179761.0,0.0,4,179761.0,0.0,4
B2_with_RC,hq_first,branched_only,1,322,HepG2,0.3078162226087195,0.00953441602613336,4,0.3636843294956535,0.019431649144456532,4,0.32966767996549606,0.00193366344285765,4,0.132549483262058,0.01426108766939526,4,0.27425357078716733,0.013457415138181853,4,0.33656534273256733,0.030023035065916814,4,0.2823520451784134,0.00435613029163404,4,0.11395226690461746,0.020591022173899076,4,17.75,13.047988350699889,4,1.3201714158058167,0.04180182059873902,4,179761.0,0.0,4,179761.0,0.0,4
B2_with_RC,hq_first,branched_only,1,322,K562,0.30811570620303663,0.009572159034489582,4,0.38841780406825543,0.01604869692869594,4,0.3265732228755951,0.0018621457137648915,4,0.1510615610220375,0.012444097232225247,4,0.30424764134960464,0.00805935190261916,4,0.3733074835985013,0.015847695387181882,4,0.2776743918657303,0.0016410027927969211,4,0.139546839397459,0.011859535921904734,4,18.75,10.781929326423912,4,1.2955289781093597,0.04204189949964075,4,179761.0,0.0,4,179761.0,0.0,4
B2_with_RC,hq_first,branched_only,1,322,SKNSH,0.31757352170721886,0.013449836593697282,4,0.34243510224545676,0.017011312757342485,4,0.33212780207395554,0.002256510751199919,4,0.11747883782115251,0.01185570948046021,4,0.29343383103856935,0.012948524529048384,4,0.36197428419417743,0.02616664150890486,4,0.27866967767477036,0.0033328435524834768,4,0.1315389022637788,0.01930719774415978,4,18.25,9.7082439194738,4,1.3400968611240387,0.04866832893346327,4,179761.0,0.0,4,179761.0,0.0,4
B2_with_RC,hq_first,branched_only,1,643,HepG2,0.3163116847276273,0.010392878405080828,4,0.3886316598519083,0.004991351156832887,4,0.32579922676086426,0.0009466355499590644,4,0.15105325222902743,0.003891908979966464,4,0.32012703396506365,0.0025254370175595473,4,0.41518965667107416,0.009635839301934476,4,0.27215446531772614,0.001857108374489232,4,0.17245208805593398,0.007947586819704202,4,27.75,0.49999999999999967,4,1.152528077363968,0.03040983370303123,4,179761.0,0.0,4,179761.0,0.0,4
B2_with_RC,hq_first,branched_only,1,643,K562,0.32846980026286915,0.005973872865630608,4,0.40557576228623626,0.006823580367438297,4,0.32309824973344803,0.001148134726783578,4,0.1645266198908348,0.005554486614384985,4,0.32242011516594127,0.005410546257043895,4,0.4252689556299808,0.008180359072164526,4,0.2705439329147339,0.0014520451508564663,4,0.1809038733285267,0.00694827488142148,4,25.0,3.6514837167011076,4,1.1335138380527496,0.030872205698077398,4,179761.0,0.0,4,179761.0,0.0,4
B2_with_RC,hq_first,branched_only,1,643,SKNSH,0.333550430816441,0.002552050696212276,4,0.3808946782344593,0.0024332627500118385,4,0.3266783058643341,0.0003087897449171572,4,0.14508519648304025,0.001855452210868558,4,0.3092914580273571,0.009080628879001136,4,0.4248073209899017,0.010309004985322633,4,0.2703818678855896,0.0013993316661511847,4,0.18054096665445793,0.008766588233772911,4,27.75,0.9574271077563382,4,1.1586649417877197,0.02525773617471969,4,179761.0,0.0,4,179761.0,0.0,4
B2_with_RC,hq_first,branched_only,1,1125,HepG2,0.30901787057614943,0.011874570947778882,4,0.3917420212513826,0.010964171954466594,4,0.32552868872880936,0.001700935930346354,4,0.15355197101410403,0.008543584628863366,4,0.3284338711136763,0.008751470148317465,4,0.42560310798103285,0.011488292203425298,4,0.2707494869828224,0.00155082288995017,4,0.18123699116642816,0.009759138815678421,4,17.25,3.304037933599835,4,0.8538594543933868,0.017664281813660677,4,179761.0,0.0,4,179761.0,0.0,4
B2_with_RC,hq_first,branched_only,1,1125,K562,0.3297083082925505,0.007300189886574353,4,0.40921054842559795,0.004765311078952594,4,0.32394325733184814,0.000793163337529316,4,0.16747030408503805,0.003912584318872072,4,0.322389597510152,0.014426739479265946,4,0.4343462072501498,0.009877080932706757,4,0.26969488710165024,0.0013551368048385813,4,0.1887297952984035,0.00858809832866895,4,15.0,2.449489742783178,4,0.8455290794372559,0.014135789926176133,4,179761.0,0.0,4,179761.0,0.0,4
B2_with_RC,hq_first,branched_only,1,1125,SKNSH,0.325956650252201,0.009551915932364095,4,0.3886735635457014,0.012057416766589517,4,0.32611093670129776,0.0018049350285199816,4,0.15117617497362681,0.009386284171249329,4,0.3175910723738326,0.011822935020944943,4,0.44207491653188447,0.008382624614760761,4,0.2683619409799576,0.001555391701536497,4,0.1954829331232466,0.007408815203552596,4,20.75,4.5,4,0.8568773567676544,0.015193447533051832,4,179761.0,0.0,4,179761.0,0.0,4
B2_with_RC,hq_first,branched_only,1,1608,HepG2,0.32606214894790636,0.014069078842307922,4,0.396416277046477,0.005994933227196105,4,0.32538705319166183,0.0006765879149414695,4,0.15717281912568812,0.004735333670333305,4,0.3268827896082896,0.015791697326019854,4,0.4332734317467617,0.011606254959905216,4,0.2700252905488014,0.0017203950848527192,4,0.18782689552326148,0.010006659418558382,4,14.5,2.380476142847617,4,0.7711135298013687,0.02936098881992544,4,179761.0,0.0,4,179761.0,0.0,4
B2_with_RC,hq_first,branched_only,1,1608,K562,0.3292315682406062,0.0034614717113235004,4,0.41130060634481413,0.0035437733582596477,4,0.32356809079647064,0.0007794810512774569,4,0.1691776075268228,0.002922458141973541,4,0.3174344054496815,0.010794482528736401,4,0.4324621056497123,0.0057717252705382985,4,0.27028898894786835,0.001152733787565917,4,0.18704845743243187,0.005014463092370235,4,12.0,2.160246899469287,4,0.7624322324991226,0.026007027897267238,4,179761.0,0.0,4,179761.0,0.0,4
B2_with_RC,hq_first,branched_only,1,1608,SKNSH,0.332447956485792,0.00991588966379762,4,0.39688777477103415,0.007558388742278414,4,0.325286403298378,0.0010242837815103102,4,0.15756275269298767,0.006001234485830601,4,0.3244570962327003,0.005232098861392889,4,0.444040548801665,0.008533313992012416,4,0.26855745911598206,0.0011195744574509338,4,0.19722662206584857,0.007557891144762485,4,20.75,6.701989754294367,4,0.7705407589673996,0.025977022754461926,4,179761.0,0.0,4,179761.0,0.0,4
B2_with_RC,hq_first,branched_only,1,2411,HepG2,0.3305405815411275,0.00853713933221218,4,0.4008833873875748,0.004408936105229909,4,0.3248753994703293,0.000642478497138501,4,0.1607220693215214,0.0035340938783044525,4,0.32983753194515025,0.009502316152392528,4,0.4299564566022752,0.0056767294671726445,4,0.27083080261945724,0.0013056506314540145,4,0.18488672351706675,0.004883735781595154,4,9.0,0.816496580927726,4,0.7256245762109756,0.01120323386566708,4,179761.0,0.0,4,179761.0,0.0,4
B2_with_RC,hq_first,branched_only,1,2411,K562,0.3358946792297587,0.002842256292747372,4,0.41158311845937523,0.005362616292154063,4,0.32339267432689667,0.0008055866716463499,4,0.16942223164086676,0.004415510967967139,4,0.33017735712311536,0.012917664726990576,4,0.44244819885112385,0.0066264438666496445,4,0.26898178458213806,0.001707965005731926,4,0.195793340985342,0.005861364070212237,4,9.75,1.7078251276599332,4,0.7189885973930359,0.00854585893882629,4,179761.0,0.0,4,179761.0,0.0,4
B2_with_RC,hq_first,branched_only,1,2411,SKNSH,0.33825909422422107,0.004022149727854288,4,0.398486335302988,0.0024899283611221155,4,0.3251258507370949,0.000349289612241468,4,0.15879600923063802,0.0019835632699531924,4,0.3272910982431719,0.005233393844189784,4,0.4485824761119397,0.005110618626926697,4,0.26767798513174057,0.0005590834460996916,4,0.20124582669178137,0.0045843153232182415,4,11.75,1.2583057392117913,4,0.7267302423715591,0.00987519695708537,4,179761.0,0.0,4,179761.0,0.0,4
B2_with_RC,hq_first,branched_only,1,3215,HepG2,0.3383708139732359,0.0018994507860012689,4,0.4035744537436998,0.0013589383108615443,4,0.3247388079762459,0.00013704809008985462,4,0.16287372474952524,0.001098287340858419,4,0.34167184656378713,0.0020882906519062096,4,0.4364569366561084,0.0042407391961221666,4,0.26982681453227997,0.00044042320159537327,4,0.1905081454569314,0.0037042841685684166,4,7.5,0.5773502691896257,4,0.7000404298305511,0.0005909052483421524,4,179761.0,0.0,4,179761.0,0.0,4
B2_with_RC,hq_first,branched_only,1,3215,K562,0.3386860140075792,0.003484342883950733,4,0.41204090878732136,0.0036897884606578845,4,0.32364968955516815,0.0001661808219454744,4,0.16978792141844495,0.003032927303915255,4,0.3373996919580554,0.008000836904648215,4,0.4400247145425802,0.006501371155117355,4,0.26932960748672485,0.0011987150403857548,4,0.19365345027845166,0.0056851250623590685,4,7.0,0.8164965809277259,4,0.6953527331352234,0.0007142161175092678,4,179761.0,0.0,4,179761.0,0.0,4
B2_with_RC,hq_first,branched_only,1,3215,SKNSH,0.33525620031709935,0.005285093819607742,4,0.403497929693177,0.0027800586674731984,4,0.32489100098609924,0.000378332298624622,4,0.16281637581132596,0.0022454064798953606,4,0.3229594807115628,0.004049498745880814,4,0.4429145662754084,0.0032765389509448635,4,0.2688414007425308,0.0004607283578729088,4,0.1961813647995559,0.0029010290174230264,4,8.5,0.5773502691896257,4,0.7006973922252655,0.001632152136960774,4,179761.0,0.0,4,179761.0,0.0,4
B2_with_RC,hq_first,branched_only,2,108,HepG2,0.30750770192626375,0.0034451684018173257,4,0.35284584824155213,0.0023233335635469985,4,0.33079127967357635,0.00018259329222169472,4,0.12450424103043606,0.001639728492782034,4,0.274042333251739,0.010452102030697597,4,0.3114436347979199,0.015306894374408412,4,0.28633809834718704,0.0020337110600568446,4,0.0971728634176821,0.009582799229307982,4,13.0,2.0,4,1.5412133038043976,0.09929121354444242,4,179761.0,0.0,4,179761.0,0.0,4
B2_with_RC,hq_first,branched_only,2,108,K562,0.29090447010564124,0.0060094120739194205,4,0.36603395587767273,0.006164189604161715,4,0.3288818746805191,0.0007258861527608505,4,0.13400935478056508,0.004547869954703285,4,0.2936597072094914,0.00414361719481513,4,0.350622961140017,0.005301086602601283,4,0.281135194003582,0.0011019920718295154,4,0.12295753701797006,0.0037254362437054806,4,15.75,0.9574271077563383,4,1.5232249796390533,0.09306468092777455,4,179761.0,0.0,4,179761.0,0.0,4
B2_with_RC,hq_first,branched_only,2,108,SKNSH,0.30535926116585965,0.0048002551211899355,4,0.3289226308039101,0.0029179723251805305,4,0.3338712304830551,0.0004976786091968979,4,0.10819648297683324,0.0019124744748184276,4,0.28469055172290614,0.004524764303920595,4,0.3402901297146043,0.005347635691235654,4,0.281486377120018,0.0009413668114413972,4,0.11581882028679685,0.0036291697192575184,4,14.5,2.3804761428476167,4,1.5697911083698273,0.09583924861329893,4,179761.0,0.0,4,179761.0,0.0,4
B2_with_RC,hq_first,branched_only,2,216,HepG2,0.3075537377207534,0.005143822374035685,4,0.35219507253485804,0.00317071743848942,4,0.3310556709766388,0.0009771874442505908,4,0.12404890920463998,0.0022261486780873804,4,0.2717945102324576,0.007754773147263494,4,0.3157845865241583,0.002806852609441632,4,0.2855576276779175,0.0006906938760496839,4,0.09972581390241196,0.0017763729485670036,4,7.0,1.8257418583505538,4,1.4541883766651154,0.10900655010303018,4,179761.0,0.0,4,179761.0,0.0,4
B2_with_RC,hq_first,branched_only,2,216,K562,0.2878043894280377,0.0026907226652403164,4,0.3687057139113199,0.0030425522440814794,4,0.3288188502192497,0.0006331047331155962,4,0.13595084631397455,0.0022347001015304187,4,0.29072741251596546,0.003061607382500338,4,0.35103178069882723,0.0031529312406096614,4,0.2810794487595558,0.0002901332738564005,4,0.12323076679214554,0.0022076205637458473,4,8.5,1.9148542155126762,4,1.434421718120575,0.10446417835195332,4,179761.0,0.0,4,179761.0,0.0,4
B2_with_RC,hq_first,branched_only,2,216,SKNSH,0.3080069414543438,0.0069441531059672695,4,0.330279587089008,0.007237254710634254,4,0.3336359038949013,0.0010415168424320726,4,0.10912388903949558,0.004820398471789618,4,0.2848146099457697,0.006234908171708036,4,0.3414972446184452,0.005690382847244881,4,0.28118712455034256,0.0009386348910714278,4,0.11664465342470139,0.003910476151352108,4,8.5,2.3804761428476167,4,1.4773812592029572,0.11803249785240166,4,179761.0,0.0,4,179761.0,0.0,4
B2_with_RC,hq_first,branched_only,2,431,HepG2,0.3094737699014746,0.010587477919841194,4,0.36970372093015075,0.023667582764331438,4,0.3284190446138382,0.0032317417851308585,4,0.13710095712502862,0.017496997488132188,4,0.2920431139944668,0.026315334199962577,4,0.35597068073896276,0.04838175440569732,4,0.279875747859478,0.00649266279582134,4,0.12847072116529046,0.034530052771213376,4,16.0,14.445299120013633,4,1.343737930059433,0.10433913820341122,4,179761.0,0.0,4,179761.0,0.0,4
B2_with_RC,hq_first,branched_only,2,431,K562,0.3211152191983759,0.02283252484704541,4,0.3985143035809409,0.02189770096823464,4,0.32494787871837616,0.002776289826852669,4,0.15917328213937298,0.017069263390809258,4,0.3213013101063433,0.01847509344917821,4,0.39985663109148617,0.031956035012813896,4,0.2741462290287018,0.004505197199006204,4,0.160651216558138,0.02460255934851513,4,21.0,11.633285577743433,4,1.316019892692566,0.11088923018062984,4,179761.0,0.0,4,179761.0,0.0,4
B2_with_RC,hq_first,branched_only,2,431,SKNSH,0.3234780789295109,0.013452912803359463,4,0.3671871227629847,0.02892208445601508,4,0.32924359291791916,0.0037251883729958433,4,0.13545374834991986,0.020825553640376682,4,0.29796831418338454,0.014279808957097236,4,0.39327482943338526,0.03748254815669354,4,0.2751687243580818,0.004369974829987692,4,0.15571879752809742,0.02839853438566477,4,22.75,12.5,4,1.3508647084236145,0.11248827340394542,4,179761.0,0.0,4,179761.0,0.0,4
B2_with_RC,hq_first,branched_only,2,754,HepG2,0.32495833506388266,0.006198623442130798,4,0.3926714885276231,0.0077440880833771816,4,0.32513491064310074,0.0012586738187291124,4,0.15423587607768158,0.00613261610893538,4,0.3276661760711776,0.0025081477912871136,4,0.4298729283017073,0.009626657835305374,4,0.26971712708473206,0.0012798941367689915,4,0.1848602388924933,0.008344999578557262,4,24.75,2.217355782608345,4,1.0756464004516602,0.047419875666385926,4,179761.0,0.0,4,179761.0,0.0,4
B2_with_RC,hq_first,branched_only,2,754,K562,0.33202974617706704,0.005400324193175379,4,0.40693913171757046,0.00342795042108893,4,0.32332098484039307,0.0008941377749598699,4,0.16560827005611722,0.0027916629861500604,4,0.3261859795065308,0.005938106085814984,4,0.4371845346834995,0.0054813018189548155,4,0.26868048310279846,0.0007377935272845567,4,0.1911528508686508,0.00478185164606251,4,21.75,1.2583057392117916,4,1.0636507868766785,0.04590895599919135,4,179761.0,0.0,4,179761.0,0.0,4
B2_with_RC,hq_first,branched_only,2,754,SKNSH,0.32789948520072915,0.003643480554249788,4,0.3864191097358951,0.004405338079984824,4,0.3259419798851013,0.0007307399000340927,4,0.14933428362178094,0.0034120990290311187,4,0.32050128231895075,0.002892236309487276,4,0.4446239563183946,0.003799202222101993,4,0.26768117398023605,0.0007271406429808237,4,0.197701287985365,0.0033756397978578767,4,27.25,2.8722813232690148,4,1.0809661149978638,0.04665944045799128,4,179761.0,0.0,4,179761.0,0.0,4
B2_with_RC,hq_first,branched_only,2,1078,HepG2,0.3386795947091344,0.012321088617110164,4,0.40060223372546766,0.0033200862608059514,4,0.3241128772497177,0.0008677937217622052,4,0.1604904168954186,0.002650020266809476,4,0.3343882861704677,0.012753420644107753,4,0.43459774881997426,0.019265720929518025,4,0.26901793479919434,0.0026440304557960553,4,0.18915357928159,0.01658309366068016,4,20.0,4.0824829046386295,4,0.926501452922821,0.04364094373966581,4,179761.0,0.0,4,179761.0,0.0,4
B2_with_RC,hq_first,branched_only,2,1078,K562,0.3411290734842947,0.0049324824186870305,4,0.40973314173097636,0.006155644160046247,4,0.3231036961078644,0.000884913154033582,4,0.16790966639900518,0.005022342521782212,4,0.3340822102207032,0.01472230926168965,4,0.4367677696429726,0.013652139326037222,4,0.2686852365732193,0.0020601388092004866,4,0.1909058702800299,0.012060932332204314,4,16.5,3.5118845842842465,4,0.9207764118909836,0.044298666711826924,4,179761.0,0.0,4,179761.0,0.0,4
B2_with_RC,hq_first,branched_only,2,1078,SKNSH,0.338313787651233,0.004582804050090661,4,0.3945625354338197,0.004567634671582714,4,0.32508594542741776,0.000652735472961289,4,0.155695241832834,0.0036123196187531057,4,0.3246937555671642,0.0072141826059911015,4,0.4462261311880028,0.013701410602736988,4,0.2675236016511917,0.001899541420048533,4,0.1992585566443913,0.012051211248140967,4,21.0,4.08248290463863,4,0.9319566339254379,0.0404841467137811,4,179761.0,0.0,4,179761.0,0.0,4
B2_with_RC,hq_first,branched_only,2,1616,HepG2,0.3463060785220514,0.01664040951718221,4,0.4024611610875942,0.007776804009787255,4,0.3234926164150238,0.0012485572403467475,4,0.16202034519442943,0.006282441916257758,4,0.34517398997679327,0.022825086582461438,4,0.4378755928350436,0.022750145396366387,4,0.2686874121427536,0.00315156626664226,4,0.19212321163730775,0.019944215370023898,4,18.5,9.848857801796104,4,0.828949585556984,0.039966619108030246,4,179761.0,0.0,4,179761.0,0.0,4
B2_with_RC,hq_first,branched_only,2,1616,K562,0.3373204928061641,0.0020592216693436677,4,0.41528945927871713,0.0046620381342261895,4,0.3219025060534477,0.0007940035854696114,4,0.17248163593768298,0.0038864019114999673,4,0.3333644558974497,0.014043761809148084,4,0.4346925035310121,0.005005967089950313,4,0.2690294608473778,0.0008076453323899917,4,0.18897636740593818,0.004366205127310107,4,10.75,1.7078251276599332,4,0.8208136558532715,0.03916113186849827,4,179761.0,0.0,4,179761.0,0.0,4
B2_with_RC,hq_first,branched_only,2,1616,SKNSH,0.34318876055081793,0.005090657022007991,4,0.4003215138411137,0.006570071114190791,4,0.32373063266277313,0.001006597663457055,4,0.1602896888198751,0.005256574530986397,4,0.32691560567810685,0.005074533194370197,4,0.4483650204828966,0.004367466780186173,4,0.26709096133708954,0.0006392876766542241,4,0.20104549766718535,0.003908671809867567,4,17.5,1.2909944487358056,4,0.8301137536764145,0.03836536799904151,4,179761.0,0.0,4,179761.0,0.0,4
B2_with_RC,hq_first,branched_only,2,2155,HepG2,0.36024041804113627,0.00664220561611105,4,0.4070605275960879,0.002344409452471773,4,0.322679802775383,0.00036241553157787286,4,0.1657023953185661,0.001908152945184094,4,0.34772809631436874,0.0027273555618317594,4,0.44430630440112723,0.002443914742080108,4,0.26780176162719727,0.00028085574216452254,4,0.19741257167003706,0.0021721103918999614,4,16.25,3.2015621187164247,4,0.7866489589214325,0.0017668099991296766,4,179761.0,0.0,4,179761.0,0.0,4
B2_with_RC,hq_first,branched_only,2,2155,K562,0.34205191490063447,0.0019558522233470658,4,0.41117360783433576,0.0020157265148243305,4,0.322495736181736,0.00020757036972129074,4,0.16906678314454107,0.0016556382802694002,4,0.32624471664255433,0.007813007207656887,4,0.4309551689488651,0.008407224759528924,4,0.2695792391896248,0.0011067249479647348,4,0.1857753687148628,0.007268778959976994,4,8.25,2.6299556396765835,4,0.785751223564148,0.0010113599922460502,4,179761.0,0.0,4,179761.0,0.0,4
B2_with_RC,hq_first,branched_only,2,2155,SKNSH,0.3435302534186675,0.0014105628202261745,4,0.40522682731246407,0.001939285391835594,4,0.3230476826429367,0.0002532062574349012,4,0.16421160219459882,0.0015730729005326073,4,0.3374463586224535,0.0006654082946159716,4,0.446896790765026,0.001627515722738591,4,0.26725299656391144,0.00020599366599739237,4,0.19971872820165026,0.0014559284791891,4,16.0,2.943920288775949,4,0.7884432971477509,0.0012356956214971545,4,179761.0,0.0,4,179761.0,0.0,4
B2_with_RC,hq_first,branched_only,3,60,HepG2,0.31192076161762516,0.0038084701732903283,4,0.3553602684309237,0.005447283180138197,4,0.33083002269268036,0.000734453105090287,4,0.1263031750498316,0.003867409703544569,4,0.28120440867038354,0.009137298917368187,4,0.32069518247807616,0.01895352280539915,4,0.2865428477525711,0.002317767213775158,4,0.10311482708469764,0.012149384550383585,4,21.75,2.8722813232690143,4,1.530923068523407,0.34332193177246056,4,179761.0,0.0,4,179761.0,0.0,4
B2_with_RC,hq_first,branched_only,3,60,K562,0.29460979946831145,0.009271642944868878,4,0.36702103124642543,0.001573438575123373,4,0.3294217810034752,0.0004368583823149921,4,0.13470629415890187,0.0011558645847919002,4,0.2941767806381755,0.003890635367883701,4,0.3528390273423848,0.007039703912348499,4,0.2829763740301132,0.0014166433263874173,4,0.12453254728930031,0.005004332525516463,4,27.0,4.0,4,1.5185397565364838,0.34386451934004664,4,179761.0,0.0,4,179761.0,0.0,4
B2_with_RC,hq_first,branched_only,3,60,SKNSH,0.30468904635599275,0.004948410469630525,4,0.3289639648736777,0.0036070423207603636,4,0.3345974087715149,0.0007129620790412965,4,0.10822704825113806,0.002385941771347925,4,0.2861616240722483,0.0034800657181526993,4,0.34115517902522413,0.005208944536550838,4,0.2824038788676262,0.0015318645587736623,4,0.11640720600312138,0.003553558977944518,4,26.25,3.095695936834451,4,1.565977692604065,0.3509657464193382,4,179761.0,0.0,4,179761.0,0.0,4
B2_with_RC,hq_first,branched_only,3,121,HepG2,0.30411473945131257,0.01176562275040649,4,0.3528151057729084,0.005878396895580762,4,0.3307478353381157,0.0007373605787646094,4,0.12450441552409505,0.004142593852893789,4,0.2767691775745135,0.009245559719415545,4,0.3139380068408856,0.014242168815822112,4,0.2861008122563362,0.0020746696236583688,4,0.09870920166866169,0.008794179740487972,4,16.0,8.831760866327848,4,1.4423800706863403,0.15612061628739926,4,179761.0,0.0,4,179761.0,0.0,4
B2_with_RC,hq_first,branched_only,3,121,K562,0.2920325726085564,0.0069702015484536485,4,0.3705949119920852,0.014516296719629718,4,0.32869285345077515,0.0010182659437004906,4,0.13749863094726064,0.010944421023409326,4,0.2943354175633583,0.008820141957749019,4,0.3546769363369767,0.015592317710544687,4,0.28058645129203796,0.002666239384384345,4,0.12597806944807374,0.011279363842283847,4,19.0,6.683312551921141,4,1.4255187511444092,0.1651288867318519,4,179761.0,0.0,4,179761.0,0.0,4
B2_with_RC,hq_first,branched_only,3,121,SKNSH,0.30416735919388793,0.0043205071609264635,4,0.3292658917350219,0.003556531704550123,4,0.3338374048471451,0.000495014059628125,4,0.10842551414838328,0.0023367785238506706,4,0.2831052785277518,0.003786050909592546,4,0.34312054374754464,0.010331905394261317,4,0.28118259459733963,0.001376072257989866,4,0.11781176874341769,0.007153031383273479,4,17.25,7.932002689527196,4,1.4700902104377747,0.16605208973065294,4,179761.0,0.0,4,179761.0,0.0,4
B2_with_RC,hq_first,branched_only,3,242,HepG2,0.30850391593880355,0.0030965358327249546,4,0.35192293941282227,0.002000403253092352,4,0.3310988321900368,0.000778754855470481,4,0.1238527564948422,0.0014046513475551292,4,0.27104866460395116,0.008450547589627133,4,0.31484922892914885,0.004615479971324189,4,0.28598257154226303,0.0007134491774546615,4,0.09914601394880386,0.0029035114638687127,4,6.5,1.2909944487358056,4,1.447505533695221,0.10634425901622238,4,179761.0,0.0,4,179761.0,0.0,4
B2_with_RC,hq_first,branched_only,3,242,K562,0.2858990620043575,0.004732466454124776,4,0.3675592809426094,0.0032995979067740435,4,0.3290543556213379,0.0007097030588233722,4,0.13510799051680789,0.002417266342956332,4,0.28954390847511635,0.005498634220447087,4,0.34995027074389656,0.003047148898856009,4,0.2814306169748306,0.000933051395362141,4,0.12247215583103535,0.0021267144614288496,4,7.75,0.9574271077563381,4,1.4295015931129456,0.10190275821559008,4,179761.0,0.0,4,179761.0,0.0,4
B2_with_RC,hq_first,branched_only,3,242,SKNSH,0.30795484013287744,0.004466478374940848,4,0.3295268546559489,0.005479201017132405,4,0.3337605372071266,0.00083708163897054,4,0.10861046417228247,0.0036333497273562817,4,0.2845039609404777,0.006802466381483815,4,0.3413861332813689,0.00595865784164682,4,0.28120606392621994,0.000986879955386782,4,0.11657112119925993,0.004100341675348428,4,8.0,1.8257418583505538,4,1.4711799025535583,0.11317066169773636,4,179761.0,0.0,4,179761.0,0.0,4
B2_with_RC,hq_first,branched_only,3,423,HepG2,0.31005869667789754,0.005366864206086618,4,0.3700906883487069,0.02181589153402581,4,0.32842252403497696,0.003148988782830553,4,0.13732406744498796,0.01614784988394151,4,0.29419710275408123,0.02771786635384458,4,0.35686235543555594,0.05053464029849278,4,0.28036578744649887,0.00759116033580916,4,0.1292660531295866,0.03624889126726678,4,16.0,15.01110699893027,4,1.3444696962833405,0.10124207071005356,4,179761.0,0.0,4,179761.0,0.0,4
B2_with_RC,hq_first,branched_only,3,423,K562,0.31967577951007375,0.022052944910363362,4,0.399236766793534,0.023186672011722625,4,0.32497039437294006,0.0029377589777280695,4,0.15979321227898902,0.018071296281172912,4,0.31979078589423504,0.01825986868885204,4,0.3972558207550036,0.03227476958855408,4,0.2745708301663399,0.004134005649393711,4,0.15859343268772721,0.024907282681337583,4,19.75,10.90489186863706,4,1.316890686750412,0.10841037212990558,4,179761.0,0.0,4,179761.0,0.0,4
B2_with_RC,hq_first,branched_only,3,423,SKNSH,0.31805145251460054,0.016023937786053228,4,0.35697300332282755,0.03409094905652009,4,0.3300710842013359,0.004444552866698316,4,0.12830136970700018,0.02459011376631268,4,0.2928034898345884,0.01413490566920351,4,0.374666711641947,0.03899437677268577,4,0.2769417017698288,0.005008056063624998,4,0.14151556587750747,0.02943647774517244,4,16.5,14.433756729740644,4,1.3581548929214478,0.10699309312761152,4,179761.0,0.0,4,179761.0,0.0,4
B2_with_RC,hq_first,branched_only,3,604,HepG2,0.31257811958398596,0.002280702666842162,4,0.3793316444666375,0.0035576294531163843,4,0.3271505832672119,0.0006290396186807951,4,0.14390198903925774,0.0027084984662725927,4,0.3228327266978138,0.004223369234762366,4,0.4172128003534042,0.0064061629142177145,4,0.27150844782590866,0.0008815679617679321,4,0.1740972999711921,0.005378904914627084,4,27.0,1.414213562373095,4,1.2200476229190826,0.023843138544612195,4,179761.0,0.0,4,179761.0,0.0,4
B2_with_RC,hq_first,branched_only,3,604,K562,0.33303579418142015,0.0016258746330109907,4,0.40501981478718607,0.001862344535749424,4,0.3243655860424042,0.0003580965259518751,4,0.1640436516156239,0.0015092206005462923,4,0.325792713596036,0.003011857767412882,4,0.4251536364102728,0.007107415742807629,4,0.2705255225300789,0.0009663709017875039,4,0.1807935010717843,0.0060895637907965846,4,21.0,1.8257418583505538,4,1.1993587017059326,0.02289724151723737,4,179761.0,0.0,4,179761.0,0.0,4
B2_with_RC,hq_first,branched_only,3,604,SKNSH,0.3278686217780556,0.0018494501240706954,4,0.37429360766236625,0.004998496275674345,4,0.32826807349920273,0.0005086423122607933,4,0.14011444346067278,0.0037343785651223877,4,0.31139977386831597,0.0015739149672324032,4,0.4305372674495872,0.007446088781325143,4,0.27045200765132904,0.0012380871549436255,4,0.18540392184156193,0.006422269319336488,4,28.25,0.9574271077563377,4,1.2283890545368195,0.023348806044823287,4,179761.0,0.0,4,179761.0,0.0,4
B2_with_RC,hq_first,branched_only,3,906,HepG2,0.3185019444978577,0.010430500419538271,4,0.38983466179073645,0.005651726846100235,4,0.3255559876561165,0.0010214631350096124,4,0.15199502004575507,0.004403587289818678,4,0.3219077593713068,0.011427795916162903,4,0.42618213996621834,0.014218965650747732,4,0.27032478898763657,0.0021380376080452276,4,0.18178285066431818,0.012298031244473654,4,25.0,2.1602468994692865,4,1.0249667465686798,0.05625496823826443,4,179761.0,0.0,4,179761.0,0.0,4
B2_with_RC,hq_first,branched_only,3,906,K562,0.32969955540816676,0.0034416524840876588,4,0.4098604098816468,0.0036375218491799016,4,0.32343510538339615,0.0005934946068959925,4,0.16799547926225397,0.0029798961056033296,4,0.32159172973211914,0.0038443227511359493,4,0.4198949360078974,0.0033153063563322125,4,0.2712329179048538,0.0005993847077050709,4,0.17632000072725348,0.002784021496494849,4,14.25,1.707825127659933,4,1.0115439891815186,0.052574303966387535,4,179761.0,0.0,4,179761.0,0.0,4
B2_with_RC,hq_first,branched_only,3,906,SKNSH,0.32667663348854314,0.004758254687789829,4,0.3864442624086455,0.002425135103835717,4,0.3260241225361824,0.0004325059702297854,4,0.14934357890876593,0.0018787113456113023,4,0.3135760547448678,0.004907931219503126,4,0.430473274925966,0.0036253653646068852,4,0.269783116877079,0.0005593634292232288,4,0.18531709788100645,0.003119701487107485,4,23.0,5.291502622129181,4,1.0277859717607498,0.05296063344977792,4,179761.0,0.0,4,179761.0,0.0,4
B2_with_RC,hq_first,branched_only,3,1208,HepG2,0.3221996006323166,0.0021700396498120006,4,0.3916862331527989,0.0005799639089229419,4,0.32508957386016846,8.153698638424471e-05,4,0.15341835751003047,0.00045440358303652654,4,0.3264445680630052,0.0035718066981540214,4,0.44040482553949667,0.008459430083407906,4,0.2682899907231331,0.0012301920334417806,4,0.19401008182647655,0.007451541618967721,4,22.25,5.057996968497839,4,0.9217519164085388,0.00046243674557847845,4,179761.0,0.0,4,179761.0,0.0,4
B2_with_RC,hq_first,branched_only,3,1208,K562,0.3336088654991447,0.0016121868910150832,4,0.4064247483830311,0.0012246738933769164,4,0.3239890784025192,0.00018071072356579132,4,0.16518220096781897,0.0009948048893723114,4,0.32719695293071044,0.0061891664815879625,4,0.43274607446086855,0.008995165439643472,4,0.2694151848554611,0.0012705735723994977,4,0.1873298497122565,0.007775977367592776,4,11.75,2.217355782608345,4,0.9155219495296478,0.0010212662798537763,4,179761.0,0.0,4,179761.0,0.0,4
B2_with_RC,hq_first,branched_only,3,1208,SKNSH,0.3256948475920967,0.002338612193218052,4,0.38792917513878317,0.0005233174637036284,4,0.3257114514708519,0.00013436344658217388,4,0.15048925031973256,0.0004062278806402649,4,0.3173346611869195,0.004066738057396473,4,0.44471480598838353,0.007468584889181547,4,0.26760004460811615,0.0010461806227964937,4,0.19781309348547077,0.006643248079224281,4,20.0,4.242640687119285,4,0.9252818822860718,0.0007634458888200512,4,179761.0,0.0,4,179761.0,0.0,4
B2_with_RC,hq_first,conv3_plus,1,161,HepG2,0.3102318493283427,0.005600047443928813,4,0.3555295028223058,0.004719113511240799,4,0.3303564116358757,0.0005461685909209317,4,0.12641792990132492,0.0033581835509039946,4,0.28295555107745096,0.006368402002103501,4,0.33187701799851055,0.01306598723930922,4,0.2839977592229843,0.0017699147086099598,4,0.11027039509248705,0.00877118113852289,4,11.5,5.802298395176403,4,1.3819628059864044,0.08592886321048254,4,179761.0,0.0,4,3063361.0,0.0,4
B2_with_RC,hq_first,conv3_plus,1,161,K562,0.29525476717016436,0.01210815022188444,4,0.37952733858066917,0.01930458262664388,4,0.3271895498037338,0.002507516844491953,4,0.1443205009129176,0.015007616680187684,4,0.3071872377148588,0.020883669792777497,4,0.3724328577431575,0.024212017343889638,4,0.28064651042222977,0.001929869306467773,4,0.1391458998646306,0.018045558140822107,4,15.0,8.906926143924924,4,1.3559837341308594,0.09369485760389297,4,179761.0,0.0,4,3063361.0,0.0,4
B2_with_RC,hq_first,conv3_plus,1,161,SKNSH,0.30909189315150454,0.0020047673053711084,4,0.3331230720441531,0.004900010537328098,4,0.33368415385484695,0.000638128390976854,4,0.11098898870558346,0.0032649593378291488,4,0.29063451141468194,0.002756071698158974,4,0.3577450025352166,0.014312593007914822,4,0.2798638343811035,0.0017076141029001856,4,0.12813512457787982,0.010328743252846042,4,12.75,5.909032633745278,4,1.4101853370666504,0.09246030865226008,4,179761.0,0.0,4,3063361.0,0.0,4
B2_with_RC,hq_first,conv3_plus,1,322,HepG2,0.3154424302138858,0.008233977171941444,4,0.3746280170222027,0.008430481978751408,4,0.3277494013309479,0.001244881974242712,4,0.14039945590778333,0.006300183484292923,4,0.29445997601026214,0.012014996597983815,4,0.36950045728114084,0.011563264486646546,4,0.27970124781131744,0.0018805394239766679,4,0.13663086974516328,0.008581865641836293,4,13.75,1.5,4,1.3046070039272308,0.028297541590386777,4,179761.0,0.0,4,3063361.0,0.0,4
B2_with_RC,hq_first,conv3_plus,1,322,K562,0.2959678370618762,0.0069580664151261,4,0.40824755435519877,0.008686185950571844,4,0.32281923294067383,0.001651420528968884,4,0.1667226530067769,0.007088948105557692,4,0.3003940520520309,0.019382017053431847,4,0.4053819443291554,0.0067697573888304,4,0.2755807489156723,0.0022701410588978803,4,0.1643688929994142,0.005470281044915904,4,17.5,2.3804761428476167,4,1.2655049264431,0.0171977476405602,4,179761.0,0.0,4,3063361.0,0.0,4
B2_with_RC,hq_first,conv3_plus,1,322,SKNSH,0.3283844163061975,0.004859695168471721,4,0.36501993503332464,0.00983014115521197,4,0.32946915179491043,0.0011149800063399355,4,0.13331202672808107,0.007175715334111203,4,0.30759357634870943,0.010823420859047818,4,0.40452085843520064,0.014123946263057761,4,0.27399391680955887,0.0015011544418734684,4,0.16378673930268292,0.011402569233521162,4,15.0,3.4641016151377544,4,1.3184281587600708,0.03370300591647574,4,179761.0,0.0,4,3063361.0,0.0,4
B2_with_RC,hq_first,conv3_plus,1,643,HepG2,0.30743870007664026,0.0060887858911448465,4,0.3829223544339125,0.004049662650350607,4,0.3263692036271095,0.0006150202905594146,4,0.14664182935089715,0.0031162034489395866,4,0.29163165072121544,0.004452695440018899,4,0.3949572999512476,0.008266744777316443,4,0.2757740020751953,0.0015867861029101246,4,0.15604252308668976,0.006519894946722945,4,8.5,0.5773502691896257,4,1.156516432762146,0.027752331553208012,4,179761.0,0.0,4,3063361.0,0.0,4
B2_with_RC,hq_first,conv3_plus,1,643,K562,0.3150036045851024,0.008184866269183124,4,0.4139201053198317,0.004079215943907829,4,0.32159848511219025,0.0006512578066892713,4,0.17134233359001833,0.003364552173934676,4,0.32038106041388575,0.006858485898254259,4,0.42882865989755287,0.00755881738016091,4,0.27138785272836685,0.0011134239362319957,4,0.18393687133967104,0.006446368102954353,4,9.5,0.5773502691896257,4,1.1229318678379059,0.025815147672699348,4,179761.0,0.0,4,3063361.0,0.0,4
B2_with_RC,hq_first,conv3_plus,1,643,SKNSH,0.3369821711903541,0.004966352496627842,4,0.3830018705947421,0.005051229650087086,4,0.3265438824892044,0.0006168960028867346,4,0.146709569069805,0.003886723242086507,4,0.3111986782366871,0.002766862284637657,4,0.4236397221297567,0.00895827643275082,4,0.2711866721510887,0.0014857869002655247,4,0.17953080220366166,0.007590754162244693,4,8.75,1.2583057392117916,4,1.1577608585357666,0.028128070506258252,4,179761.0,0.0,4,3063361.0,0.0,4
B2_with_RC,hq_first,conv3_plus,1,1125,HepG2,0.302489904011117,0.01149198918360644,4,0.3947241346288182,0.011041757758541156,4,0.32513468712568283,0.0017446160304817454,4,0.15589858276926816,0.008721942262842558,4,0.3121698964825562,0.010988660205508205,4,0.4188259973412393,0.017335663041648405,4,0.27388953417539597,0.0024752752714478888,4,0.17564060995870398,0.014402144484226493,4,6.5,1.2909944487358056,4,0.8517466485500336,0.014307957512013345,4,179761.0,0.0,4,3063361.0,0.0,4
B2_with_RC,hq_first,conv3_plus,1,1125,K562,0.3175726403913334,0.006061529563197157,4,0.419343238997544,0.0034257753323629126,4,0.3215500935912132,0.0005318596512576784,4,0.1758575540454222,0.002879369822409377,4,0.320831827755214,0.007352012898280599,4,0.43508456931003175,0.009956201204184738,4,0.2709861621260643,0.002182386733139597,4,0.1893729269085095,0.00870177032803769,4,6.0,0.816496580927726,4,0.8330475240945816,0.010589177492913866,4,179761.0,0.0,4,3063361.0,0.0,4
B2_with_RC,hq_first,conv3_plus,1,1125,SKNSH,0.3305813982234311,0.007478048519735395,4,0.39143318214890027,0.010221592853998629,4,0.3255547359585762,0.0016908094765011807,4,0.15329829680756885,0.007954735487923003,4,0.32354998754099457,0.006138308125516258,4,0.44579042111240974,0.005670281940271879,4,0.2679377496242523,0.0014659888936310358,4,0.19875321362854123,0.005053839285926819,4,6.0,0.0,4,0.8539614081382751,0.015262260741264069,4,179761.0,0.0,4,3063361.0,0.0,4
B2_with_RC,hq_first,conv3_plus,1,1608,HepG2,0.3090288531446359,0.01168999802438907,4,0.41217061426665824,0.011704221892492527,4,0.32292336970567703,0.0024548826977490524,4,0.16998735687253588,0.0096509726710328,4,0.3157900766938161,0.005081923053231866,4,0.4328665456221953,0.005895838786412662,4,0.2739393934607506,0.002273981694149971,4,0.18739951700513863,0.00509460317323347,4,6.25,1.2583057392117918,4,0.7595365047454834,0.03155566571752075,4,179761.0,0.0,4,3063361.0,0.0,4
B2_with_RC,hq_first,conv3_plus,1,1608,K562,0.32054811834711244,0.0028393565972566807,4,0.4283398840915861,0.009558584697658683,4,0.32046928256750107,0.0020243393410189687,4,0.18354358120966013,0.008275583982214387,4,0.3221838187264043,0.00828376731561365,4,0.44727014617993277,0.010348107872821963,4,0.2707403525710106,0.0022761440517414713,4,0.20013089616622906,0.009246179999037577,4,6.25,1.5,4,0.7478365004062653,0.023713523381962275,4,179761.0,0.0,4,3063361.0,0.0,4
B2_with_RC,hq_first,conv3_plus,1,1608,SKNSH,0.32937942194092645,0.004365492433002214,4,0.40275518205801175,0.00999528446465433,4,0.32427839934825897,0.0018880928878166623,4,0.16228666595822921,0.008052850396833424,4,0.3378513924577671,0.011013547833279312,4,0.4569950679164743,0.010853842576345812,4,0.2669392451643944,0.0014101849003630793,4,0.20893284652398705,0.009827439671686795,4,5.5,1.0,4,0.7657821923494339,0.02659656492736917,4,179761.0,0.0,4,3063361.0,0.0,4
B2_with_RC,hq_first,conv3_plus,1,2411,HepG2,0.32066222283322915,0.00578012059229028,4,0.41389609934431526,0.006487516855041171,4,0.32230624556541443,0.001049685008084978,4,0.17134154695864764,0.00534739076776187,4,0.32684945511714825,0.007691831065599412,4,0.4388146589056199,0.002760596814352826,4,0.27103496342897415,0.0010750973995969858,4,0.19256402054153407,0.0024222405070342397,4,4.5,0.5773502691896257,4,0.7141900807619095,0.011039672703244552,4,179761.0,0.0,4,3063361.0,0.0,4
B2_with_RC,hq_first,conv3_plus,1,2411,K562,0.33725880069417913,0.0048684379230607725,4,0.4278543468876615,0.008818634941144517,4,0.32041528075933456,0.0016580139517179831,4,0.18311766839233626,0.007586535970149914,4,0.33146190148003674,0.012980958816244755,4,0.45418776140769745,0.007876854591392302,4,0.26921546459198,0.0015747023297259832,4,0.20633305624122594,0.007168196529492202,4,5.0,1.1547005383792515,4,0.7057958245277405,0.007962289456084603,4,179761.0,0.0,4,3063361.0,0.0,4
B2_with_RC,hq_first,conv3_plus,1,2411,SKNSH,0.3346521449727719,0.0051968929985613714,4,0.40383112330015,0.006008383786668033,4,0.32426469773054123,0.0009950359116538197,4,0.16310665165265684,0.004865030972552182,4,0.3414517248695629,0.010542599358661035,4,0.4650918217349273,0.00542950063248194,4,0.2659038379788399,0.000525025945244064,4,0.21633251225255198,0.005051232211217077,4,4.5,0.5773502691896258,4,0.7228638529777527,0.007930920126725811,4,179761.0,0.0,4,3063361.0,0.0,4
B2_with_RC,hq_first,conv3_plus,1,3215,HepG2,0.3375601588849091,0.005371738455439617,4,0.4165687885746019,0.0031355399636764456,4,0.3225870579481125,0.00033079149948195936,4,0.17353692932265924,0.002619610369142665,4,0.33055471600494724,0.001960401059399748,4,0.4407395464137797,0.009672664623516498,4,0.2700570374727249,0.002050350568381438,4,0.19432151810371356,0.008612003918030233,4,3.25,0.49999999999999994,4,0.6907946169376373,0.001416543292150543,4,179761.0,0.0,4,3063361.0,0.0,4
B2_with_RC,hq_first,conv3_plus,1,3215,K562,0.33703220767860564,0.005481779000867479,4,0.42433765817151564,0.004310640768902343,4,0.3211376368999481,0.0003465481171016928,4,0.18007638436036497,0.00365867445207609,4,0.33876127372374204,0.012252217848335186,4,0.4553844712844041,0.008245903287332459,4,0.26792074739933014,0.0013569820500303512,4,0.20742601287774431,0.0074459067684450935,4,4.0,0.816496580927726,4,0.6846009492874146,0.0014772819341985204,4,179761.0,0.0,4,3063361.0,0.0,4
B2_with_RC,hq_first,conv3_plus,1,3215,SKNSH,0.34367571349861187,0.006465846330256935,4,0.40612802295067346,0.002548185205239855,4,0.32379645109176636,0.0004319886458864559,4,0.1649448409617029,0.0020753469085290715,4,0.34802660331280094,0.002332249143293424,4,0.46711497360096255,0.004697098649107147,4,0.2652841806411743,0.0006233276044582038,4,0.21821294561401752,0.0043903003721725625,4,4.25,0.5,4,0.6959842592477798,0.0018565581817039675,4,179761.0,0.0,4,3063361.0,0.0,4
B2_with_RC,hq_first,conv3_plus,2,108,HepG2,0.31347664705030814,0.006955623040654897,4,0.35554509128942685,0.0037714834010424635,4,0.330375574529171,0.00041640043122539094,4,0.12642298000529012,0.002690504941960346,4,0.2823127604776662,0.010425706133694423,4,0.3220824835875592,0.016058102461840737,4,0.2852426618337631,0.0027274670490295963,4,0.10393052322493655,0.010392216091804974,4,11.75,2.6299556396765835,4,1.5372069776058197,0.09616959418880018,4,179761.0,0.0,4,3063361.0,0.0,4
B2_with_RC,hq_first,conv3_plus,2,108,K562,0.2962905725461808,0.010218753178839612,4,0.37655624976076063,0.018281926416580045,4,0.32733839750289917,0.0025848365445198147,4,0.14204528085901427,0.014044473348011321,4,0.30750699998758024,0.015883615730325037,4,0.37292309555942216,0.019765071276504856,4,0.27954164892435074,0.0021977180817229396,4,0.1393646287335459,0.014632741561215462,4,21.5,7.32575365861197,4,1.5085890889167786,0.08533424757316775,4,179761.0,0.0,4,3063361.0,0.0,4
B2_with_RC,hq_first,conv3_plus,2,108,SKNSH,0.3113332349746625,0.004622487490673626,4,0.3356039706459897,0.0094383595994473,4,0.33335311710834503,0.0010442569489110957,4,0.11269683708730069,0.006309145432057859,4,0.2939074607602916,0.005541500681929882,4,0.3579949990202591,0.01636200561072756,4,0.2799553647637367,0.0016949719384980674,4,0.12836120574421944,0.011815134205390284,4,17.25,7.7190241179396075,4,1.5648777186870575,0.09455164632132648,4,179761.0,0.0,4,3063361.0,0.0,4
B2_with_RC,hq_first,conv3_plus,2,216,HepG2,0.3068576018554306,0.017214913896896528,4,0.3597254293837872,0.005693686002525082,4,0.3297509625554085,0.0008794147698747533,4,0.1294266980905716,0.004126794287240153,4,0.2829208168487345,0.0034693118445870055,4,0.33330164330636824,0.018177372138225838,4,0.2837866544723511,0.002296386003965636,4,0.11133779807411419,0.012375656279526482,4,8.5,7.047458170621992,4,1.4428741335868835,0.1108725942351042,4,179761.0,0.0,4,3063361.0,0.0,4
B2_with_RC,hq_first,conv3_plus,2,216,K562,0.29662339889823414,0.0028090094135033885,4,0.3868393260471961,0.014452757709282624,4,0.32606955617666245,0.0019943374215487053,4,0.14980132583070133,0.011235347786135233,4,0.3055337847436888,0.018449982806156572,4,0.3811234370345175,0.019194985737299164,4,0.27826453000307083,0.0014346696720226632,4,0.14553140986509516,0.01470366651049233,4,15.25,7.32006375199925,4,1.4107207655906677,0.10736149157822542,4,179761.0,0.0,4,3063361.0,0.0,4
B2_with_RC,hq_first,conv3_plus,2,216,SKNSH,0.3166902358215048,0.00989928312228068,4,0.3444403982723329,0.016318311624394496,4,0.332122378051281,0.0020425508692712164,4,0.11883890343270645,0.011288564803048387,4,0.29365618194448734,0.014026594001940637,4,0.3708722344761242,0.03476358961546901,4,0.27807703614234924,0.004116346017461496,4,0.13845259467752782,0.026149292812444137,4,11.75,7.847504911329036,4,1.4645913541316986,0.12675699978763555,4,179761.0,0.0,4,3063361.0,0.0,4
B2_with_RC,hq_first,conv3_plus,2,431,HepG2,0.3038799983731042,0.008571904515835876,4,0.376892699364465,0.010874118104497637,4,0.3276689127087593,0.002034721017463873,4,0.14213679166764592,0.008202127697491235,4,0.2901794930184959,0.011027087822674395,4,0.3810367586383436,0.00801492832273084,4,0.27751418948173523,0.0007409332049640547,4,0.14523719074062919,0.006121658230320293,4,11.0,1.8257418583505538,4,1.3374488651752472,0.09976876268285907,4,179761.0,0.0,4,3063361.0,0.0,4
B2_with_RC,hq_first,conv3_plus,2,431,K562,0.3118618510051707,0.012803522508389826,4,0.4086435363560712,0.010849162063286623,4,0.3225559666752815,0.001876777204000541,4,0.16707781804370225,0.008965505252225725,4,0.31396953652988,0.008553595236329382,4,0.4148057329729236,0.006593913822361331,4,0.27364014089107513,0.0009749729197734283,4,0.17209640588182695,0.005444886629650375,4,12.5,1.2909944487358056,4,1.296211153268814,0.09940609678430624,4,179761.0,0.0,4,3063361.0,0.0,4
B2_with_RC,hq_first,conv3_plus,2,431,SKNSH,0.32563077934279105,0.008915612067649122,4,0.3723065667235523,0.010243152038164428,4,0.32823873311281204,0.0017411669749904494,4,0.1386908712482366,0.007667090652994956,4,0.3047531432450822,0.01414590635236196,4,0.4153869909070714,0.016563507799506536,4,0.27248166501522064,0.0027281275476453717,4,0.17275211455779965,0.013946643347215794,4,12.0,1.4142135623730951,4,1.3419408202171326,0.09711592682270626,4,179761.0,0.0,4,3063361.0,0.0,4
B2_with_RC,hq_first,conv3_plus,2,754,HepG2,0.30966801453006665,0.009639977243834932,4,0.3893381071840751,0.0032855861514060956,4,0.3255336433649063,0.0004471856197401305,4,0.15159225801294707,0.0025565605203369253,4,0.2974058196976317,0.0069487682815834,4,0.4035612127531334,0.00708595060863046,4,0.27551285177469254,0.0010760824723935042,4,0.16289931046080075,0.005713786528221013,4,8.0,0.816496580927726,4,1.078163504600525,0.043282721670288626,4,179761.0,0.0,4,3063361.0,0.0,4
B2_with_RC,hq_first,conv3_plus,2,754,K562,0.3169289687422533,0.006950088817900527,4,0.4186101000525124,0.004582566242472585,4,0.3208790048956871,0.0006985075367137912,4,0.17525016580099947,0.0038402888517710893,4,0.3202646229844869,0.007161786554932957,4,0.43181307457557133,0.007339709092445475,4,0.271762415766716,0.0007628572278507416,4,0.18650293487157923,0.0063017186082381885,4,8.75,0.9574271077563381,4,1.0476298928260803,0.044783830383395964,4,179761.0,0.0,4,3063361.0,0.0,4
B2_with_RC,hq_first,conv3_plus,2,754,SKNSH,0.328091612063768,0.006183156228277502,4,0.38674274468649006,0.00422037272004631,4,0.32603272795677185,0.00045852866196361444,4,0.1495833092270617,0.0032492480962684456,4,0.31703859076871066,0.004522740860283134,4,0.43860454397116133,0.005686841452698875,4,0.26903431862592697,0.0008913137363917084,4,0.19239820111643152,0.004989083392916387,4,8.0,0.0,4,1.0814162492752075,0.041477764024225164,4,179761.0,0.0,4,3063361.0,0.0,4
B2_with_RC,hq_first,conv3_plus,2,1078,HepG2,0.32312835204930035,0.007917283012495542,4,0.40305915205432474,0.006559165059447024,4,0.32353492081165314,0.0007368226546044251,4,0.1624889470394591,0.005320493594693365,4,0.31891429096153384,0.00907412759688808,4,0.4232665229009341,0.008169235364837626,4,0.2729511931538582,0.0011113961289057298,4,0.17920460171348154,0.006944504864263066,4,7.25,0.9574271077563382,4,0.9232014864683151,0.04330553968202894,4,179761.0,0.0,4,3063361.0,0.0,4
B2_with_RC,hq_first,conv3_plus,2,1078,K562,0.3302862783821907,0.011703735836463561,4,0.4214489286967158,0.013482557658588813,4,0.3205537870526314,0.0022927416881415694,4,0.1777555340203723,0.011255987565847728,4,0.32575128322625047,0.006498313460108497,4,0.43258157492962146,0.01286803572386929,4,0.27101394534111023,0.002527152688694982,4,0.18725100872613476,0.011019332145518312,4,7.0,0.816496580927726,4,0.9065450876951218,0.05063137846082735,4,179761.0,0.0,4,3063361.0,0.0,4
B2_with_RC,hq_first,conv3_plus,2,1078,SKNSH,0.3366465453643116,0.001794712733383691,4,0.39121019678836555,0.0031019627695911284,4,0.3252625837922096,0.00043665659082361,4,0.15305263470095964,0.0024186229008736483,4,0.32716103474497793,0.00397136145696438,4,0.44802593238465027,0.007102095182692479,4,0.2674545571208,0.0008939162643849763,4,0.20076506590612325,0.006371009804465141,4,6.5,0.5773502691896258,4,0.9329507201910019,0.03981003139950993,4,179761.0,0.0,4,3063361.0,0.0,4
B2_with_RC,hq_first,conv3_plus,2,1616,HepG2,0.3260983347413227,0.005078437001780474,4,0.41270918017165836,0.00820409037532038,4,0.32187964767217636,0.0012639882587586245,4,0.17037934772212715,0.0067235826254202465,4,0.3260096644141952,0.008494980098822104,4,0.42715016034561726,0.010815397779110334,4,0.27243509888648987,0.0008713476649258795,4,0.1825449891051268,0.009243480027833246,4,5.25,0.9574271077563381,4,0.8207778781652451,0.041554081976959374,4,179761.0,0.0,4,3063361.0,0.0,4
B2_with_RC,hq_first,conv3_plus,2,1616,K562,0.33905860325870185,0.0026989930200771416,4,0.42879245097048757,0.005715296443316515,4,0.31918710470199585,0.0009305948990930864,4,0.18388746446935425,0.004901672345151308,4,0.3332521658386438,0.006724231561608644,4,0.44161643120544847,0.005920836330186031,4,0.270530603826046,0.0011095057900692993,4,0.19505136453777322,0.005228990302292801,4,5.75,0.5,4,0.8070852607488632,0.04015141790147053,4,179761.0,0.0,4,3063361.0,0.0,4
B2_with_RC,hq_first,conv3_plus,2,1616,SKNSH,0.3389620214060733,0.0034259304420450674,4,0.3970683002806136,0.0030228938442174932,4,0.3243310749530792,0.0005118390780857494,4,0.15767008850313055,0.0023919820779643264,4,0.32905575258836706,0.007139563702875688,4,0.44420419886491624,0.004227772828543633,4,0.26821529120206833,0.000718796670941456,4,0.1973307758365394,0.0037568033329441804,4,4.5,0.5773502691896257,4,0.83320452272892,0.03852325358476886,4,179761.0,0.0,4,3063361.0,0.0,4
B2_with_RC,hq_first,conv3_plus,2,2155,HepG2,0.3389365150875047,0.0030912734531159222,4,0.4170081895269496,0.0021900868396705383,4,0.3212125673890114,0.00035190754100620364,4,0.17389942749281828,0.0018258356967911437,4,0.337482172790724,0.004852469523006356,4,0.43516012075816884,0.004464862370168587,4,0.27079520374536514,0.0009286812805254096,4,0.18937928194525253,0.003888033046131292,4,4.75,0.9574271077563381,4,0.7795113921165466,0.0017072322688737086,4,179761.0,0.0,4,3063361.0,0.0,4
B2_with_RC,hq_first,conv3_plus,2,2155,K562,0.3442590927727016,0.002117686052157495,4,0.42941609690604027,0.0007523004007182847,4,0.3190551698207855,0.00014972043923695236,4,0.18439860874893743,0.0006461116908290268,4,0.34041061432703146,0.009707810730887043,4,0.4468189288281516,0.0050006287201548654,4,0.26899226009845734,0.000173259012219475,4,0.19966590987483446,0.004455126332597358,4,5.0,0.816496580927726,4,0.7690749615430832,0.0007217354642004884,4,179761.0,0.0,4,3063361.0,0.0,4
B2_with_RC,hq_first,conv3_plus,2,2155,SKNSH,0.34396528643728497,0.0037060773825074275,4,0.40342711212447746,0.0005384563473845573,4,0.32322418689727783,8.63364312424167e-05,4,0.16275365224852423,0.0004345149681524417,4,0.34010357021617116,0.003609122968668577,4,0.45001351573780723,0.004125470768666814,4,0.2670166566967964,0.0006529043047118492,4,0.20252492897849902,0.0036997769852206196,4,4.0,0.0,4,0.7893047779798508,0.00042160485973039095,4,179761.0,0.0,4,3063361.0,0.0,4
B2_with_RC,hq_first,conv3_plus,3,60,HepG2,0.3152514617173714,0.004248241229917253,4,0.3557877734098789,0.003647733856220045,4,0.3311789408326149,0.0009907195103535534,4,0.12659491917967367,0.0025888020338598636,4,0.2844074418378005,0.006365575712716726,4,0.3281283711059555,0.01750937892629498,4,0.28699886053800583,0.003001669306951905,4,0.10789816168743607,0.011453804524719563,4,17.5,2.6457513110645903,4,1.5335728228092194,0.3399284150346254,4,179761.0,0.0,4,3063361.0,0.0,4
B2_with_RC,hq_first,conv3_plus,3,60,K562,0.29261424109298606,0.005062468783536997,4,0.36491686203646173,0.00625120009585427,4,0.3302321135997772,0.0009643328869709173,4,0.13319362432551685,0.004555253223474558,4,0.2994833931540698,0.00471237650317312,4,0.3619058033179585,0.01132806000574088,4,0.283509761095047,0.002046714885555697,4,0.13107205418283713,0.008240925727830892,4,25.0,6.164414002968976,4,1.5254849791526794,0.34165440923723306,4,179761.0,0.0,4,3063361.0,0.0,4
B2_with_RC,hq_first,conv3_plus,3,60,SKNSH,0.30718990978637484,0.005902515278607856,4,0.33155830405527215,0.008871903852925625,4,0.3348514288663864,0.0009308057726016639,4,0.10998994199648997,0.0058888096514009315,4,0.2938635504741381,0.0056232393209282435,4,0.35192483737327174,0.004843691488707682,4,0.28190869092941284,0.0019753327678189896,4,0.12386868717063208,0.0034222667943353165,4,23.75,4.787135538781691,4,1.5687771141529083,0.3548192312504162,4,179761.0,0.0,4,3063361.0,0.0,4
B2_with_RC,hq_first,conv3_plus,3,121,HepG2,0.31146781709458937,0.010955717627828435,4,0.35548765057680115,0.004864738245936185,4,0.33044611662626266,0.0008031152612957968,4,0.12638921897126498,0.0034809390557218618,4,0.2828639978716102,0.010251435086500909,4,0.3220908569479837,0.014646493587605175,4,0.2862101122736931,0.0022119615741307322,4,0.1039034099602953,0.009296186486876147,4,12.0,4.320493798938574,4,1.4398373067378998,0.1568076282785741,4,179761.0,0.0,4,3063361.0,0.0,4
B2_with_RC,hq_first,conv3_plus,3,121,K562,0.2972488739663842,0.006656410873887515,4,0.3765816839482349,0.01752784187639217,4,0.32734543085098267,0.002506953070721128,4,0.1420441836159211,0.013468897322525842,4,0.3038951586223888,0.01543992166913351,4,0.37269195874870165,0.02380148619256835,4,0.27970945835113525,0.002293325231521335,4,0.13932417917467518,0.017940677130262938,4,20.5,8.103497187428813,4,1.4149198532104492,0.17491364210079074,4,179761.0,0.0,4,3063361.0,0.0,4
B2_with_RC,hq_first,conv3_plus,3,121,SKNSH,0.30769277826221864,0.0028822555890054883,4,0.33134440847478697,0.004292262709561537,4,0.33401893824338913,0.0007016625493556875,4,0.10980293466688242,0.002832109975334549,4,0.290931729884766,0.0010584180537941922,4,0.35086773385577136,0.008615677432272142,4,0.2807461991906166,0.00040395384035895086,4,0.12316383908429711,0.006106774539558126,4,13.25,3.593976442141304,4,1.471281886100769,0.16207191311358585,4,179761.0,0.0,4,3063361.0,0.0,4
B2_with_RC,hq_first,conv3_plus,3,242,HepG2,0.3084550646610648,0.017126102516777954,4,0.3592697761097875,0.004223529847759074,4,0.3298112601041794,0.0006661910313747229,4,0.12908815067925802,0.003047428410755297,4,0.28502057873784525,0.004455838025468818,4,0.33694284462808155,0.01692259432630035,4,0.28315894305706024,0.0024301422840430622,4,0.11374526119511291,0.011595031247212815,4,8.25,6.551081335677848,4,1.43621826171875,0.10480148115416948,4,179761.0,0.0,4,3063361.0,0.0,4
B2_with_RC,hq_first,conv3_plus,3,242,K562,0.29334402248829056,0.010146114954669043,4,0.38783853654199174,0.016368096727426177,4,0.32578766345977783,0.002336538017634713,4,0.15061966636989266,0.012692552504078088,4,0.30606018975620713,0.015579845589679484,4,0.38593607550603826,0.02131865164974909,4,0.27803054451942444,0.0025566939557614033,4,0.14928751805812496,0.016252521228557065,4,15.75,7.804912982645397,4,1.4009960889816284,0.09672911710769719,4,179761.0,0.0,4,3063361.0,0.0,4
B2_with_RC,hq_first,conv3_plus,3,242,SKNSH,0.31645150290075624,0.005662044584040971,4,0.34885592418788447,0.014389128390112537,4,0.33153025060892105,0.001961159863920979,4,0.12185574110285338,0.009996080036795628,4,0.29429161096146955,0.01470319170238909,4,0.3808395938645559,0.03145664722507421,4,0.2768639549612999,0.004096267528930377,4,0.14578093674590198,0.024127251389246852,4,14.5,6.454972243679028,4,1.452047437429428,0.11959515887327908,4,179761.0,0.0,4,3063361.0,0.0,4
B2_with_RC,hq_first,conv3_plus,3,423,HepG2,0.3001371607241856,0.01509171828544985,4,0.37652924914571856,0.013907281377780445,4,0.32770995795726776,0.0023911776633207577,4,0.14191933481872918,0.010482521779343053,4,0.291195806182314,0.012606208160737053,4,0.38455774497757317,0.012240522488900799,4,0.2774561420083046,0.0008129639746582532,4,0.14799703201533715,0.009414645944745831,4,11.75,1.5,4,1.3385387063026428,0.0979658632004445,4,179761.0,0.0,4,3063361.0,0.0,4
B2_with_RC,hq_first,conv3_plus,3,423,K562,0.31172173975383505,0.01050790821466299,4,0.40988869236092274,0.010214529045786878,4,0.3225617781281471,0.0019143235552437103,4,0.1680869925780676,0.00845915142203524,4,0.315755194996507,0.010263342747777784,4,0.4134496044674992,0.004989116870469132,4,0.274161234498024,0.0010132765718798892,4,0.17095924389969192,0.004129463558644288,4,12.25,0.957427107756338,4,1.296856850385666,0.0948902552406506,4,179761.0,0.0,4,3063361.0,0.0,4
B2_with_RC,hq_first,conv3_plus,3,423,SKNSH,0.32325811285291245,0.005869104545294977,4,0.3729110670284036,0.011243410976458142,4,0.3281016871333122,0.0018416009898171788,4,0.13915747463005168,0.008460140556411656,4,0.2987139003826684,0.01425675973167886,4,0.41621856154157677,0.019641330855951173,4,0.27224110066890717,0.0029847962738131545,4,0.17352722738008403,0.016167639363536414,4,12.5,0.5773502691896257,4,1.3415820002555847,0.09473331738804779,4,179761.0,0.0,4,3063361.0,0.0,4
B2_with_RC,hq_first,conv3_plus,3,604,HepG2,0.30039003930863717,0.004866904464212157,4,0.3761964110938746,0.001919559300333397,4,0.32734930515289307,0.0002731750459944368,4,0.1415265032508421,0.001447705740558667,4,0.2925236905619324,0.003041928661231892,4,0.39131445192706893,0.003477085178560129,4,0.2760268524289131,0.0005643571510306253,4,0.15313606787798656,0.0027158595990854524,4,8.5,0.5773502691896257,4,1.2215027511119843,0.021697232476688966,4,179761.0,0.0,4,3063361.0,0.0,4
B2_with_RC,hq_first,conv3_plus,3,604,K562,0.31545903752946197,0.004855195708974708,4,0.411477540669124,0.0017546405295031146,4,0.3219887390732765,0.0002841419136409785,4,0.16931607554765143,0.0014438134804447748,4,0.32278726114768785,0.0037466659809893906,4,0.427928253745089,0.007358841760016973,4,0.2710760235786438,0.0011831210435689751,4,0.18316320476735803,0.006314809702736254,4,9.75,0.9574271077563381,4,1.1818196773529053,0.020597814803337708,4,179761.0,0.0,4,3063361.0,0.0,4
B2_with_RC,hq_first,conv3_plus,3,604,SKNSH,0.3245654672058846,0.004311908994710441,4,0.373556353679674,0.004925076246139079,4,0.3277953118085861,0.0007179852402268541,4,0.1395625416564764,0.0036883740748705164,4,0.31107648633059043,0.002923472114128719,4,0.42242657857058175,0.006338653519051824,4,0.2710401341319084,0.000852328379749332,4,0.1784743481791738,0.005359602863108856,4,8.75,0.5,4,1.2248099446296692,0.02019727895140608,4,179761.0,0.0,4,3063361.0,0.0,4
B2_with_RC,hq_first,conv3_plus,3,906,HepG2,0.30515790640707846,0.019147354347383995,4,0.38728862686063376,0.005403925366766151,4,0.32586727291345596,0.0008145520071617616,4,0.15001438230262237,0.004165065008933499,4,0.3003744038838465,0.0031828540537605383,4,0.3947297700346676,0.00042549607147674036,4,0.2760114297270775,0.00029455801468611224,4,0.1558117271368017,0.00033592242920631887,4,6.25,0.9574271077563381,4,1.0268137753009796,0.05355169147827754,4,179761.0,0.0,4,3063361.0,0.0,4
B2_with_RC,hq_first,conv3_plus,3,906,K562,0.3199405288072269,0.0064330206469117275,4,0.4229395540871298,0.0067763640302320495,4,0.32028114795684814,0.0010484545487909223,4,0.17891230574352285,0.005702909539694439,4,0.3257180090129003,0.004711988022170017,4,0.4392967155047288,0.011158661014484608,4,0.2701758146286011,0.0012817764498933648,4,0.19307499103996975,0.00973038574732306,4,8.5,1.2909944487358056,4,0.9916495978832245,0.0444212440403775,4,179761.0,0.0,4,3063361.0,0.0,4
B2_with_RC,hq_first,conv3_plus,3,906,SKNSH,0.33095091184899383,0.00678843208140505,4,0.38878884577669,0.0009867107921113802,4,0.3258480131626129,0.0002726532761132901,4,0.15115749679901125,0.0007678959774973975,4,0.313468654169482,0.009802471430713309,4,0.4342381166938932,0.016375635939766844,4,0.2699425369501114,0.002750327078924722,4,0.188763863079183,0.014278960675691196,4,7.25,1.2583057392117916,4,1.0265847146511078,0.05051451845484924,4,179761.0,0.0,4,3063361.0,0.0,4
B2_with_RC,hq_first,conv3_plus,3,1208,HepG2,0.3097053408499231,0.004977301971554147,4,0.39318412776174405,0.0033449603766836345,4,0.3249928429722786,0.00037432963674147423,4,0.15460214989370466,0.002634093577770731,4,0.3192554121928093,0.003952263597109512,4,0.40974604219648053,0.00593025485727376,4,0.2740403935313225,0.0008815472913500584,4,0.16791819503768418,0.00487515471437708,4,5.5,0.5773502691896257,4,0.9212043583393097,0.0021223958852487038,4,179761.0,0.0,4,3063361.0,0.0,4
B2_with_RC,hq_first,conv3_plus,3,1208,K562,0.33444838801954313,0.001691072218219814,4,0.42510263779347335,0.0009451725272985026,4,0.3198047876358032,0.0001317291395203129,4,0.18071292267229877,0.000803885385425714,4,0.3276016844584562,0.0016702148676627773,4,0.44588757350237174,0.0021280495133794296,4,0.26914483308792114,0.0006286109109021456,4,0.1988191246498815,0.0018957816984778294,4,7.25,0.4999999999999999,4,0.8920268565416336,0.0007347454598739266,4,179761.0,0.0,4,3063361.0,0.0,4
B2_with_RC,hq_first,conv3_plus,3,1208,SKNSH,0.3253297236049454,0.0070965456217464825,4,0.396069312982208,0.0028401116065438913,4,0.32461607456207275,0.0003820933666706679,4,0.15687695036165145,0.0022483749263057934,4,0.32106200682312636,0.0012103837569389319,4,0.4552226547249993,0.005484350830395423,4,0.26663727313280106,0.0005908656069475653,4,0.20725022395289905,0.00496451197769594,4,6.75,0.4999999999999999,4,0.919069692492485,0.0021630860287667995,4,179761.0,0.0,4,3063361.0,0.0,4
B2_with_RC,hq_first,full,1,161,HepG2,0.31480826351118696,0.006775134968622119,4,0.3561807305980702,0.0049299189236721,4,0.3308289721608162,0.0012725311445708144,4,0.12688294092482055,0.003514707908080583,4,0.28294098343824303,0.0015486308127245763,4,0.3304986788537936,0.009370340020233795,4,0.2868034914135933,0.0031649673210291523,4,0.10929522917817408,0.0061859810170936174,4,8.75,2.0615528128088303,4,1.3855788111686707,0.07855559141428176,4,179761.0,0.0,4,3747661.0,0.0,4
B2_with_RC,hq_first,full,1,161,K562,0.2953491198120237,0.004064798498424286,4,0.3761618034722873,0.0035629661142197373,4,0.32909324020147324,0.002301344184938411,4,0.141507223437172,0.00267898897430313,4,0.2988488454533386,0.010344051707977683,4,0.3637169106632366,0.012309878167898004,4,0.28465284407138824,0.0018875068454345864,4,0.13240364092779017,0.008932878109311475,4,10.5,0.5773502691896257,4,1.3707994520664215,0.0718537136871186,4,179761.0,0.0,4,3747661.0,0.0,4
B2_with_RC,hq_first,full,1,161,SKNSH,0.32414300584406486,0.0122825961734045,4,0.3479496135734012,0.015155545224097691,4,0.33297834545373917,0.0027364464159419506,4,0.12124120149915898,0.010551874603389489,4,0.2949194191849871,0.006309207341545248,4,0.35964991571692045,0.012018500753687284,4,0.2818435952067375,0.0017223407693048982,4,0.12945639514546275,0.008742831104561987,4,11.5,3.109126351029605,4,1.4042387008666992,0.09286482336114382,4,179761.0,0.0,4,3747661.0,0.0,4
B2_with_RC,hq_first,full,1,322,HepG2,0.319911945877839,0.016080786337853068,4,0.37419444867307705,0.010376197326493322,4,0.3289284482598305,0.0007539714451188296,4,0.14010223452096685,0.007765686984759172,4,0.2990553845088707,0.006605081908480743,4,0.3606909908094047,0.010648621425127089,4,0.2838811129331589,0.0018034642186530276,4,0.1301830357047618,0.007704077685500485,4,8.75,2.5,4,1.314153790473938,0.03578929820760855,4,179761.0,0.0,4,3747661.0,0.0,4
B2_with_RC,hq_first,full,1,322,K562,0.30194099974078353,0.008141630559069054,4,0.3929862665314497,0.007144682572325384,4,0.3257887363433838,0.0014850658674655903,4,0.15447649054912208,0.005621874614303907,4,0.30608642187520796,0.01603631080082026,4,0.38851755262364307,0.004347756967974806,4,0.279775969684124,0.0028509804291999394,4,0.15096006593965466,0.003371565484691013,4,9.25,3.2015621187164243,4,1.2890346348285675,0.02780944709210311,4,179761.0,0.0,4,3747661.0,0.0,4
B2_with_RC,hq_first,full,1,322,SKNSH,0.3347304091029029,0.009205787684074708,4,0.36506355710874294,0.01463983762053563,4,0.3294575363397598,0.0018558283560904437,4,0.13343214436305517,0.010760833630267806,4,0.3040766732634224,0.011214375421761676,4,0.38453555967706265,0.01862828017343162,4,0.2771647572517395,0.0025762704674663866,4,0.14812785627281672,0.014394118712515482,4,8.5,1.9148542155126762,4,1.318545788526535,0.043958464025855036,4,179761.0,0.0,4,3747661.0,0.0,4
B2_with_RC,hq_first,full,1,643,HepG2,0.30885601154685616,0.008098735461837618,4,0.37211613623704026,0.006508102480103016,4,0.32809919118881226,0.000734993896009322,4,0.13850218539640213,0.004837766695799632,4,0.2953317531288772,0.006596607406042824,4,0.37482460890414354,0.01662072444210188,4,0.2792714387178421,0.0025956253747808893,4,0.1407006738008794,0.012632413365923132,4,5.0,0.8164965809277259,4,1.1688120067119598,0.028355674158272396,4,179761.0,0.0,4,3747661.0,0.0,4
B2_with_RC,hq_first,full,1,643,K562,0.3099341542170902,0.011723182685148293,4,0.40753360445860565,0.005476450626092919,4,0.3228456750512123,0.0008510367640598226,4,0.16610613239661826,0.004455194436329845,4,0.3155545400260165,0.004970536009403169,4,0.41903910520667165,0.008471283894498879,4,0.27343273907899857,0.0014425611689672386,4,0.17564759368052393,0.007085039890902471,4,5.5,0.5773502691896257,4,1.131596565246582,0.022447129255219345,4,179761.0,0.0,4,3747661.0,0.0,4
B2_with_RC,hq_first,full,1,643,SKNSH,0.3459664090113578,0.003111791692309843,4,0.38196033715723343,0.003603775067368474,4,0.3267799988389015,0.00046144253857545225,4,0.1459034395573196,0.0027472223638128437,4,0.30957016946454974,0.0030874556131140884,4,0.4091361930015037,0.008253513856119377,4,0.2733469754457474,0.0013780595035417834,4,0.1674435147919936,0.0067746777337237205,4,5.0,0.0,4,1.1593957841396332,0.025913522452664754,4,179761.0,0.0,4,3747661.0,0.0,4
B2_with_RC,hq_first,full,1,1125,HepG2,0.30727258024806875,0.006648987482993852,4,0.3871433028405974,0.008140917975604964,4,0.32703669369220734,0.0014919711270089235,4,0.14992964284344065,0.006286950665879324,4,0.3132599732635477,0.014323316408959256,4,0.4064578008760826,0.01791475721852468,4,0.2768133282661438,0.0022668719343353423,4,0.1654486477876702,0.01446971075315584,4,3.75,0.9574271077563381,4,0.8617205172777176,0.012272365216340553,4,179761.0,0.0,4,3747661.0,0.0,4
B2_with_RC,hq_first,full,1,1125,K562,0.32066973993931136,0.011930464925281223,4,0.4229469052686949,0.012170192595152231,4,0.32135581225156784,0.0019090019942150196,4,0.1789951698672187,0.010275400611556022,4,0.31316821268917727,0.01324456999276458,4,0.4322653519865711,0.02066705212109609,4,0.2730550691485405,0.0026970607542036538,4,0.18717367981060634,0.018071598682086656,4,4.0,0.816496580927726,4,0.8320131301879883,0.009758200068923561,4,179761.0,0.0,4,3747661.0,0.0,4
B2_with_RC,hq_first,full,1,1125,SKNSH,0.34406276669867886,0.004775331294668241,4,0.3953873485906529,0.012054572002514499,4,0.3262406066060066,0.001898318665729437,4,0.1564401399551693,0.009471149643870778,4,0.32904901311115337,0.006578653543317334,4,0.44259905797415694,0.00931178569124767,4,0.2702997848391533,0.0018411720962859023,4,0.19595895813418093,0.008320570843995845,4,4.25,0.5,4,0.857570692896843,0.01618152658224941,4,179761.0,0.0,4,3747661.0,0.0,4
B2_with_RC,hq_first,full,1,1608,HepG2,0.3081386722581705,0.01335402102057999,4,0.40301110798169515,0.009027234128848724,4,0.32499242573976517,0.0025544911410908485,4,0.16247907137364634,0.007208724752100843,4,0.3276984218775383,0.011470090124075915,4,0.4306261896588365,0.006433556175894235,4,0.27504052221775055,0.0023838420394729693,4,0.1854699582038895,0.005530677355000656,4,3.75,0.5,4,0.7692890614271164,0.031704662342021864,4,179761.0,0.0,4,3747661.0,0.0,4
B2_with_RC,hq_first,full,1,1608,K562,0.32322146896377196,0.019454540878667693,4,0.4326585443644573,0.012239202270470156,4,0.3209903910756111,0.003024671535039954,4,0.18730576456573414,0.01065274032301013,4,0.32123975591668796,0.012793622065572007,4,0.44107420021859234,0.016370874630422073,4,0.27387000620365143,0.0035130658761425952,4,0.19474745425059461,0.014267644476682462,4,3.75,0.9574271077563381,4,0.7501487135887146,0.0195710268858217,4,179761.0,0.0,4,3747661.0,0.0,4
B2_with_RC,hq_first,full,1,1608,SKNSH,0.34331741569094376,0.009929503123251245,4,0.3998411694056387,0.00950884950439539,4,0.326334573328495,0.0018662105951360744,4,0.1599407744158416,0.00765012107664234,4,0.32785120064175843,0.006316668972585598,4,0.4459460944059751,0.01485019557397963,4,0.27076172083616257,0.002460705714787801,4,0.19903331534738194,0.013222012370827672,4,3.5,0.5773502691896257,4,0.7755144685506821,0.026520986815776477,4,179761.0,0.0,4,3747661.0,0.0,4
B2_with_RC,hq_first,full,1,2411,HepG2,0.3262769826555246,0.0037079457428074174,4,0.4152022847452196,0.005922126815368079,4,0.32234838604927063,0.0010071403579972498,4,0.1724192409471634,0.004910810118486585,4,0.33490660381032966,0.004161653917999455,4,0.4543988837492479,0.007296845430388643,4,0.2691027671098709,0.001245827459714668,4,0.20651827851748875,0.0066301388388880994,4,3.0,0.0,4,0.7143952250480652,0.012484678052932071,4,179761.0,0.0,4,3747661.0,0.0,4
B2_with_RC,hq_first,full,1,2411,K562,0.33644175190478276,0.00881692005970254,4,0.44122104830350795,0.012402882342860426,4,0.3186981752514839,0.0026082356418441308,4,0.19479138708385463,0.011001218572715693,4,0.3271431407972661,0.004350322395274334,4,0.45919870136662994,0.0067791249155298855,4,0.26887790113687515,0.0008628568057300006,4,0.21089791473776467,0.006186214554517698,4,3.0,0.0,4,0.6982612013816833,0.010927191083483839,4,179761.0,0.0,4,3747661.0,0.0,4
B2_with_RC,hq_first,full,1,2411,SKNSH,0.34647871275138753,0.015213286764420356,4,0.412464926477883,0.012439421606134251,4,0.3237224668264389,0.0023487341930865007,4,0.17024336998182682,0.010404158962810573,4,0.34763524705521764,0.006169597869213237,4,0.46787147494428183,0.0022587478050136948,4,0.26637282222509384,0.0007599870188836154,4,0.21890754352277275,0.002109930991390125,4,3.0,0.0,4,0.72044238448143,0.009826352765401584,4,179761.0,0.0,4,3747661.0,0.0,4
B2_with_RC,hq_first,full,1,3215,HepG2,0.3354282557578858,0.00520578950351964,4,0.4228085980516678,0.006178515612784929,4,0.3211461827158928,0.0010539177138858401,4,0.17879574112779986,0.005201686264482329,4,0.34418635432168637,0.004523223049580249,4,0.4703665517892226,0.005761191036502788,4,0.2665913999080658,0.0032525014480669547,4,0.22126958653370277,0.00543782644679695,4,3.0,0.0,4,0.6846423000097275,0.004492662030801279,4,179761.0,0.0,4,3747661.0,0.0,4
B2_with_RC,hq_first,full,1,3215,K562,0.34734955653048283,0.002645659896967927,4,0.44518948487002696,0.005860840388213898,4,0.31718214601278305,0.001053639450533954,4,0.19821943952638205,0.00521956229917523,4,0.33912437601916046,0.006763572514568064,4,0.4748163987874878,0.0038540321771733297,4,0.2652960568666458,0.0014911991932782056,4,0.2254617527305357,0.003655144209410407,4,3.25,0.5,4,0.6678450852632523,0.0044373167466299195,4,179761.0,0.0,4,3747661.0,0.0,4
B2_with_RC,hq_first,full,1,3215,SKNSH,0.34801462213392387,0.009501059853034973,4,0.41781806435387603,0.0020105116340723723,4,0.3226279467344284,0.0007340777002793495,4,0.17457496651819274,0.0016836660666601588,4,0.35592804537277445,0.008117051363219021,4,0.4839157219184392,0.008945291769925876,4,0.26384805142879486,0.003046669196278902,4,0.234234439603481,0.00864124456186872,4,3.25,0.5,4,0.6909718066453934,0.0031416118480476684,4,179761.0,0.0,4,3747661.0,0.0,4
B2_with_RC,hq_first,full,2,108,HepG2,0.32042094964904594,0.010759381373420173,4,0.35894852167030306,0.013125037115879364,4,0.33038419485092163,0.001926571835721395,4,0.12897324115876593,0.00940939107485018,4,0.2875986361405954,0.011585907601563944,4,0.32918271088449524,0.022761641401168233,4,0.28752056509256363,0.005602213671339256,4,0.10874982638472169,0.015371203202223419,4,11.5,2.8867513459481287,4,1.5375842154026031,0.10293304043717869,4,179761.0,0.0,4,3747661.0,0.0,4
B2_with_RC,hq_first,full,2,108,K562,0.30264060902753737,0.009030073838357215,4,0.3758151386792343,0.012447847562547293,4,0.32881760597229004,0.0011919447049280202,4,0.1413532301421974,0.009386354362772907,4,0.3043298030605367,0.008763932570853988,4,0.37199709781257917,0.01687950364013135,4,0.28359121829271317,0.003688429897657889,4,0.1385955290133345,0.012293395514162404,4,15.5,1.9148542155126762,4,1.5229406356811523,0.09923933760960271,4,179761.0,0.0,4,3747661.0,0.0,4
B2_with_RC,hq_first,full,2,108,SKNSH,0.32974221303308676,0.01343825444212335,4,0.3494964261067416,0.022994932312630587,4,0.33227044343948364,0.002937602569785788,4,0.12254432704543192,0.01594381701740487,4,0.29458332664055575,0.008889326536954322,4,0.3596908075315007,0.009737798243932021,4,0.2815459817647934,0.0020492315407272576,4,0.12944859555864272,0.0070427935458475125,4,15.25,3.095695936834452,4,1.555153250694275,0.1039768209318145,4,179761.0,0.0,4,3747661.0,0.0,4
B2_with_RC,hq_first,full,2,216,HepG2,0.3123130508708943,0.010480654765143012,4,0.3578096155344085,0.00448078621865209,4,0.33012741059064865,0.0007395550304155741,4,0.12804277905273417,0.0032215495959498717,4,0.28331274336977436,0.007019650286827155,4,0.3313404094675564,0.011370335302402704,4,0.2847674936056137,0.0015846341368450235,4,0.10988343033979474,0.007454617536456825,4,6.25,2.0615528128088303,4,1.4462664723396301,0.11215021821236792,4,179761.0,0.0,4,3747661.0,0.0,4
B2_with_RC,hq_first,full,2,216,K562,0.29767232032831126,0.010838148432897207,4,0.38175043358161936,0.006374776089551015,4,0.3272395059466362,0.0015589444467735355,4,0.1457638718673983,0.004879341344863857,4,0.30025875192883855,0.007566251527257085,4,0.37010370798964076,0.009454264491119488,4,0.28161509335041046,0.0010086796920063393,4,0.13704379200548228,0.006996218934104547,4,10.25,1.5,4,1.4205256700515747,0.10096584268756659,4,179761.0,0.0,4,3747661.0,0.0,4
B2_with_RC,hq_first,full,2,216,SKNSH,0.3290617334852593,0.013273139805773534,4,0.3533519344383168,0.018608634581539694,4,0.33139781653881073,0.002473910756106228,4,0.12511730053204248,0.01323045804281167,4,0.2925978248112825,0.011143025587454194,4,0.36384023130109017,0.017902221381566153,4,0.28043506294488907,0.0025443189261524766,4,0.13262008106102674,0.013223410475888027,4,8.75,3.4034296427770228,4,1.458285391330719,0.1271085452413509,4,179761.0,0.0,4,3747661.0,0.0,4
B2_with_RC,hq_first,full,2,431,HepG2,0.3147176953434242,0.006566548749596686,4,0.3707551652934789,0.004444493318067959,4,0.3283732458949089,0.0007114972427515499,4,0.13747420773243563,0.0033082800334065317,4,0.29728979700529207,0.006939348685465576,4,0.372394517758259,0.011927067211679514,4,0.27917030453681946,0.0009008965643509993,4,0.1387843680556102,0.00877766588950633,4,6.75,0.9574271077563381,4,1.34285569190979,0.09277897854520356,4,179761.0,0.0,4,3747661.0,0.0,4
B2_with_RC,hq_first,full,2,431,K562,0.3084140057092227,0.003551149480872231,4,0.40009076288780293,0.0034947822441711417,4,0.3241190165281296,0.0007468530928224961,4,0.1600817786753448,0.0027879081300233068,4,0.31348667890858833,0.004190025869429446,4,0.4005903873812907,0.005844261914700942,4,0.2760165333747864,0.0005952074593384843,4,0.16049827501028827,0.004672656516774311,4,6.5,0.5773502691896257,4,1.3084305822849274,0.0929061924618952,4,179761.0,0.0,4,3747661.0,0.0,4
B2_with_RC,hq_first,full,2,431,SKNSH,0.3457795270400196,0.006303289040467026,4,0.37877338460613036,0.009187818719295247,4,0.32762668281793594,0.001283444587164056,4,0.14353258889559753,0.006941916853619989,4,0.3059500330745022,0.013612986087348199,4,0.3974591156184468,0.018092758983541495,4,0.2758319824934006,0.002483414366935806,4,0.1582192595339253,0.014345398506924234,4,7.5,0.5773502691896257,4,1.3368980288505554,0.09549838525394914,4,179761.0,0.0,4,3747661.0,0.0,4
B2_with_RC,hq_first,full,2,754,HepG2,0.3223478172274133,0.0014620921294094984,4,0.3809021540427864,0.00230281446183161,4,0.32693759351968765,0.00032893592041557083,4,0.1450904281702688,0.0017514153773237739,4,0.30462141505535806,0.007894073100836176,4,0.38705105308592136,0.00773120369996225,4,0.27801690250635147,0.0015186572772612349,4,0.14985334632790845,0.005927825344608247,4,4.5,0.5773502691896257,4,1.087428092956543,0.041745301810745115,4,179761.0,0.0,4,3747661.0,0.0,4
B2_with_RC,hq_first,full,2,754,K562,0.31245598736857283,0.007979137511510803,4,0.41525826657139064,0.0036468791963677,4,0.32202666252851486,0.0005079073564289901,4,0.1724494027517808,0.0030223803419945207,4,0.3138447606493868,0.003826181531340816,4,0.4240894091735921,0.009473142715341894,4,0.27466367185115814,0.00025444085898654914,4,0.17991913229788536,0.00802354282883915,4,5.5,1.2909944487358056,4,1.0549721717834473,0.039334680970484384,4,179761.0,0.0,4,3747661.0,0.0,4
B2_with_RC,hq_first,full,2,754,SKNSH,0.3435550769065202,0.002727763243873649,4,0.38880513582181825,0.00365957645905437,4,0.3262607827782631,0.0008644159323492145,4,0.1511794780163173,0.0028329751995120945,4,0.30994036599876656,0.007398665323820139,4,0.4205842174173704,0.005140208546976106,4,0.27262433618307114,0.0005197704019679521,4,0.17691090024851172,0.00431648876377322,4,5.0,0.0,4,1.0828775465488434,0.03975602396560929,4,179761.0,0.0,4,3747661.0,0.0,4
B2_with_RC,hq_first,full,2,1078,HepG2,0.3317529093047984,0.010825752020674298,4,0.399524911823247,0.007238280044391434,4,0.3245074972510338,0.0006813764428822986,4,0.15965944969087406,0.00575944233041683,4,0.32281650011036866,0.009427465121585446,4,0.4049497725235567,0.00997928728221641,4,0.2764374688267708,0.001477787435491382,4,0.16405900789787609,0.008162370545924847,4,3.75,0.5,4,0.928695559501648,0.0417672728112714,4,179761.0,0.0,4,3747661.0,0.0,4
B2_with_RC,hq_first,full,2,1078,K562,0.326105229742074,0.012370134728308304,4,0.4296354305438511,0.014918796646563814,4,0.31966619938611984,0.0023551421330599816,4,0.18475353104863648,0.012934883404623664,4,0.3165346852416594,0.012289861457057055,4,0.4290107671153892,0.017926310930356286,4,0.27421557903289795,0.002673711026525674,4,0.1842912527686136,0.015459573606801648,4,4.25,0.4999999999999999,4,0.9016059935092926,0.05195268039761531,4,179761.0,0.0,4,3747661.0,0.0,4
B2_with_RC,hq_first,full,2,1078,SKNSH,0.34792251554027936,0.0067947579997456225,4,0.3960065135063848,0.004881934974998179,4,0.3253101781010628,0.00048002340636631716,4,0.15683903370630764,0.003855824042640148,4,0.3261061426226152,0.01061450827249071,4,0.4328245510314785,0.005606839257601554,4,0.27097632735967636,0.000573569846383415,4,0.18736066946044638,0.004858007924361549,4,4.0,0.0,4,0.933210089802742,0.03938802279133883,4,179761.0,0.0,4,3747661.0,0.0,4
B2_with_RC,hq_first,full,2,1616,HepG2,0.34000855809904845,0.0076655319220261305,4,0.412429682918126,0.008370746658342814,4,0.32224319875240326,0.0013984787936153977,4,0.17015079540165956,0.006925032975939129,4,0.3382774311019345,0.003358280339005077,4,0.4275076225390006,0.007592122656174412,4,0.27282869815826416,0.0012249906883362385,4,0.1828059975737684,0.006485465696910644,4,3.0,0.0,4,0.8227019906044006,0.04336265917189958,4,179761.0,0.0,4,3747661.0,0.0,4
B2_with_RC,hq_first,full,2,1616,K562,0.3406352859437888,0.010121904287834072,4,0.44097297057089213,0.005595534521566501,4,0.31725510209798813,0.0007355124934644493,4,0.19448064327905343,0.004941686061046214,4,0.3296553586918521,0.004447306084486771,4,0.44234879057872256,0.005412500700426462,4,0.2702557146549225,0.0010737514854397218,4,0.19569442389933261,0.004787858826858282,4,3.25,0.5,4,0.7972133159637451,0.03584482375573473,4,179761.0,0.0,4,3747661.0,0.0,4
B2_with_RC,hq_first,full,2,1616,SKNSH,0.35057356556597274,0.005481795906406787,4,0.40365301486842586,0.005837841745699615,4,0.3237239941954613,0.0002764789641427951,4,0.1629613167095555,0.0047312745036968565,4,0.3341553594695375,0.00512509339741813,4,0.44068489066858674,0.006350681616720235,4,0.26931899040937424,0.000746275731038099,4,0.19423342123133194,0.005581783900874332,4,3.0,0.0,4,0.8300489336252213,0.037122508998019006,4,179761.0,0.0,4,3747661.0,0.0,4
B2_with_RC,hq_first,full,2,2155,HepG2,0.3439362719480542,0.0052882596437518435,4,0.4244484709317522,0.002268715752171991,4,0.3202008232474327,0.000464340815301359,4,0.18016036477967562,0.0019297166468110324,4,0.3475743675022001,0.001038157514108145,4,0.44743881372599376,0.0028637949215249213,4,0.2693774923682213,0.0010792031370017278,4,0.20020764301953894,0.0025592661776169677,4,3.0,0.0,4,0.7746090590953827,0.002245506304703137,4,179761.0,0.0,4,3747661.0,0.0,4
B2_with_RC,hq_first,full,2,2155,K562,0.35598899247181254,0.005857745868746091,4,0.4468055112749071,0.004365534036420784,4,0.316169336438179,0.000527623104602293,4,0.1996494583211985,0.00391406498529667,4,0.33934284776315315,0.006167207272142889,4,0.46148899627296525,0.005593184240622187,4,0.2675498276948929,0.000731703368780875,4,0.21299555646349105,0.005166961405575293,4,3.25,0.5,4,0.7552268207073212,0.0025193607548773017,4,179761.0,0.0,4,3747661.0,0.0,4
B2_with_RC,hq_first,full,2,2155,SKNSH,0.35812305637306596,0.004106600115505926,4,0.41395336948683054,0.0024515571058096176,4,0.322080135345459,0.0003676622451054057,4,0.1713618997086827,0.0020316020787385777,4,0.3483668432278254,0.0034955690146600145,4,0.45956025660008964,0.008540432266335374,4,0.2664339169859886,0.0016741787450042232,4,0.21125033368381213,0.007781632959336933,4,3.0,0.0,4,0.7837278842926025,0.001789662768522195,4,179761.0,0.0,4,3747661.0,0.0,4
B2_with_RC,hq_first,full,3,60,HepG2,0.3160633610163601,0.007110982762047142,4,0.35389553091881404,0.008725733908445759,4,0.33209407329559326,0.0009029330406322107,4,0.12529915062849,0.006163496690115258,4,0.2825660611366345,0.007195249950823182,4,0.32573728755773157,0.019405573753020006,4,0.28964488208293915,0.004110999804348284,4,0.10638721272498122,0.012698028476465898,4,18.5,3.4156502553198664,4,1.5435130298137665,0.35161759542605886,4,179761.0,0.0,4,3747661.0,0.0,4
B2_with_RC,hq_first,full,3,60,K562,0.29332162669637674,0.012855248778437132,4,0.36089569783227726,0.014108959217626789,4,0.3332774043083191,0.00217899937766667,4,0.13039500176149987,0.01015049332489436,4,0.298155456932319,0.012916977894562354,4,0.3614300708265648,0.01808153340106047,4,0.28853757679462433,0.0051596214420073505,4,0.1308769024852959,0.012937769104896354,4,24.0,5.597618541248889,4,1.5531148314476013,0.3420066058280706,4,179761.0,0.0,4,3747661.0,0.0,4
B2_with_RC,hq_first,full,3,60,SKNSH,0.3247403824881008,0.01927880747409724,4,0.34452694289066904,0.026349477615456782,4,0.33411505073308945,0.002280958936086195,4,0.11921953560554593,0.018149803316517523,4,0.2883817115506889,0.007099269622236407,4,0.35010999414682964,0.00479590116086844,4,0.2847026512026787,0.0029007290395040115,4,0.12259425850245172,0.0033739186712612875,4,24.25,6.601767440112787,4,1.565620094537735,0.37620037208721213,4,179761.0,0.0,4,3747661.0,0.0,4
B2_with_RC,hq_first,full,3,121,HepG2,0.32052687105356054,0.011431952798365777,4,0.3582410336431937,0.012892950907333256,4,0.330820769071579,0.0029357177818543244,4,0.12846130932306804,0.009199764558795117,4,0.2836229148479994,0.010967270563075624,4,0.3259380039394832,0.01646808580033446,4,0.2886093705892563,0.005056092782641237,4,0.10643898079949995,0.010804537837512732,4,11.75,2.217355782608345,4,1.4416778087615967,0.14135267669762236,4,179761.0,0.0,4,3747661.0,0.0,4
B2_with_RC,hq_first,full,3,121,K562,0.30512825271963695,0.00979096542846144,4,0.37915626090056825,0.010996574391691619,4,0.328166663646698,0.001383748714049367,4,0.14385016366636377,0.008325633965002063,4,0.3041768926008853,0.007368767787451478,4,0.37200502508858196,0.014959377967244985,4,0.28369801491498947,0.0017630148633736927,4,0.13855557593303167,0.01093949440431668,4,15.25,1.5,4,1.4201109111309052,0.1559298999517995,4,179761.0,0.0,4,3747661.0,0.0,4
B2_with_RC,hq_first,full,3,121,SKNSH,0.3273816343548318,0.014158498393504726,4,0.34739423982896495,0.02114750062724347,4,0.3332644924521446,0.0035603436380520614,4,0.12101817045342886,0.014662094438124306,4,0.2917125760968457,0.005134561864954847,4,0.3571289044150134,0.007149001367166166,4,0.28246766328811646,0.0015655587390929209,4,0.12757938553407858,0.005125043509778876,4,14.5,3.109126351029605,4,1.4632697105407715,0.14705600718052933,4,179761.0,0.0,4,3747661.0,0.0,4
B2_with_RC,hq_first,full,3,242,HepG2,0.31587056020587934,0.011557584771268503,4,0.35950840317322474,0.007869528538620276,4,0.3297824412584305,0.0011650887389616322,4,0.129292739061727,0.005687811419425018,4,0.2871911643546381,0.009993655483717579,4,0.33680539050942504,0.015610951176000299,4,0.28367090970277786,0.001972714134046197,4,0.1136206474236709,0.010679467190431583,4,6.5,1.9148542155126762,4,1.4364144206047058,0.1120898126995951,4,179761.0,0.0,4,3747661.0,0.0,4
B2_with_RC,hq_first,full,3,242,K562,0.29787455640297794,0.01511827426247964,4,0.3809203122103357,0.007734456628383202,4,0.3270788639783859,0.0014043047290232267,4,0.14514515061892186,0.005919409761106627,4,0.3040157952645131,0.004911410887365579,4,0.3761342168439966,0.004082143648424342,4,0.2803054004907608,0.0006471810799343722,4,0.14148944700342142,0.0030618686862570817,4,10.25,1.707825127659933,4,1.4125446677207947,0.10370568844764504,4,179761.0,0.0,4,3747661.0,0.0,4
B2_with_RC,hq_first,full,3,242,SKNSH,0.3355859076171684,0.011554301703800519,4,0.36097685430798837,0.017115202899573974,4,0.3306789696216583,0.0027961069336418457,4,0.13052398697381085,0.012609675688981099,4,0.29641231707207505,0.010161956593867816,4,0.368901667653617,0.01825134144291718,4,0.2803991809487343,0.0028161024940991154,4,0.13633827399596912,0.013702804591699019,4,11.5,1.2909944487358054,4,1.445139318704605,0.12717861707352723,4,179761.0,0.0,4,3747661.0,0.0,4
B2_with_RC,hq_first,full,3,423,HepG2,0.3171416769233242,0.010007157496258544,4,0.37264806054544547,0.004465863264607582,4,0.32821502536535263,0.0008126189841709134,4,0.1388815349793056,0.003334788022705897,4,0.2974596836732084,0.005115712888439313,4,0.3694392308725054,0.008261490574402964,4,0.28008218109607697,0.0008477243861896506,4,0.1365365344775516,0.006102852472678603,4,6.75,0.9574271077563381,4,1.3421671390533447,0.0869761366500108,4,179761.0,0.0,4,3747661.0,0.0,4
B2_with_RC,hq_first,full,3,423,K562,0.30837984965685994,0.00304437530024236,4,0.3981280082902284,0.0026521085744763907,4,0.3245292082428932,0.0010884202115707066,4,0.15851118624506227,0.002109296673824196,4,0.3106439674198715,0.003525185652178109,4,0.398780040269937,0.002645256770892607,4,0.276851087808609,0.001373050706260853,4,0.15903076855523055,0.0021152810544580363,4,6.75,0.9574271077563381,4,1.312358558177948,0.08817881548305592,4,179761.0,0.0,4,3747661.0,0.0,4
B2_with_RC,hq_first,full,3,423,SKNSH,0.3425440002174087,0.004887723087472987,4,0.3763858530336974,0.009892796760775873,4,0.3279847130179405,0.0013584747172116032,4,0.14173971093471657,0.007460352732791201,4,0.3051735856076855,0.012177485043093069,4,0.39379263064332826,0.01886556532879054,4,0.2763015627861023,0.0022910604768223986,4,0.15533956811537392,0.014854443915457979,4,7.5,0.5773502691896257,4,1.3405728340148926,0.09314308732081668,4,179761.0,0.0,4,3747661.0,0.0,4
B2_with_RC,hq_first,full,3,604,HepG2,0.3156429814655859,0.0022756721062807744,4,0.37225372730653145,0.001972693718778629,4,0.3280216306447983,0.0004089439229440211,4,0.13857575613398654,0.0014680834831102562,4,0.3006331998088506,0.0029290012562910453,4,0.3827429675303136,0.00457044217313161,4,0.2774290591478348,0.0011721973727080927,4,0.14650784590015417,0.003509546200094113,4,5.25,0.4999999999999999,4,1.2265010476112366,0.01994150977696044,4,179761.0,0.0,4,3747661.0,0.0,4
B2_with_RC,hq_first,full,3,604,K562,0.31234363771633217,0.0023468700871981936,4,0.4056129105816259,0.0046364662779604686,4,0.3229972794651985,0.0007706443323314344,4,0.16453795584515807,0.0037406913056912145,4,0.313224461402845,0.0006338298289157913,4,0.4141220740889231,0.00244747670706594,4,0.27397099137306213,0.0005934538150743786,4,0.17150158485438521,0.002031669226313969,4,5.5,0.5773502691896257,4,1.18922820687294,0.020536490802367535,4,179761.0,0.0,4,3747661.0,0.0,4
B2_with_RC,hq_first,full,3,604,SKNSH,0.34210619359075906,0.002924130673837558,4,0.38093556467049317,0.003639683588580586,4,0.32716942578554153,0.0006537513490305751,4,0.14512183990329625,0.0027822288057320413,4,0.31330274302278815,0.004332088381292969,4,0.41164113624768567,0.0056809148808422945,4,0.2734827622771263,0.0008968152920722432,4,0.16947262964669824,0.004679426470580222,4,5.75,0.5,4,1.220118910074234,0.018534619925965556,4,179761.0,0.0,4,3747661.0,0.0,4
B2_with_RC,hq_first,full,3,906,HepG2,0.3170377157479268,0.006602401586217181,4,0.38489240688301246,0.00487105395388914,4,0.32630565017461777,0.0005718095894860066,4,0.14815996025116468,0.0037407114758879587,4,0.30053195212424866,0.004602080029942814,4,0.3819415385830196,0.007368140958844027,4,0.2786835953593254,0.0015552619062359102,4,0.1459200560210563,0.005615635399873788,4,3.75,0.5,4,1.0295190513134003,0.052049197810512884,4,179761.0,0.0,4,3747661.0,0.0,4
B2_with_RC,hq_first,full,3,906,K562,0.3267198179669326,0.007620027265392227,4,0.42430010863190026,0.006091382029689066,4,0.3201833739876747,0.0013208150857853213,4,0.18005841088631608,0.005157988617017199,4,0.3190417707651366,0.0031917651968021467,4,0.4306905183343328,0.005121793848631662,4,0.2726743370294571,0.0020001897964167154,4,0.18551399716226713,0.004421623888905109,4,4.75,0.4999999999999999,4,0.9909327328205109,0.04117437269614486,4,179761.0,0.0,4,3747661.0,0.0,4
B2_with_RC,hq_first,full,3,906,SKNSH,0.34417832276390115,0.004315692215615953,4,0.3904089479975967,0.005520770302822925,4,0.32583653181791306,0.0007498378796437407,4,0.15244200585514253,0.00431089617840998,4,0.3169709886280445,0.0052423499554712875,4,0.41966183758279485,0.007100857836290888,4,0.27260784059762955,0.0021001472516629493,4,0.17615387455987652,0.00592839880498784,4,4.5,0.5773502691896257,4,1.026488646864891,0.04999186583233431,4,179761.0,0.0,4,3747661.0,0.0,4
B2_with_RC,hq_first,full,3,1208,HepG2,0.3246811352240952,0.004014566421391727,4,0.3918849145333798,0.003843440884930941,4,0.325199730694294,0.00023119984851324837,4,0.15358486526721135,0.003022010419370885,4,0.3117905598624427,0.006971404527548321,4,0.39333508538285433,0.01263958258023285,4,0.27652712166309357,0.0007835801367139115,4,0.15483230867898923,0.010076395317752854,4,3.25,0.49999999999999994,4,0.9223769754171371,0.0013116565810429174,4,179761.0,0.0,4,3747661.0,0.0,4
B2_with_RC,hq_first,full,3,1208,K562,0.3330206562850339,0.003440102894184076,4,0.4347645891645804,0.0020665556050676725,4,0.318177729845047,0.00034367512782202466,4,0.189023450980498,0.0017969373545026212,4,0.3221248742218511,0.0035737078846685777,4,0.43780058762821994,0.0012115416578618214,4,0.2714001461863518,0.0003131739640775953,4,0.19167045540250624,0.001061552959605702,4,4.0,0.0,4,0.8829739391803741,0.0019074240103991585,4,179761.0,0.0,4,3747661.0,0.0,4
B2_with_RC,hq_first,full,3,1208,SKNSH,0.34513496523655535,0.002317009256949905,4,0.3959192155374398,0.005939687449916723,4,0.3248957619071007,0.0005045805743982339,4,0.15677848514703374,0.00469314839658224,4,0.32030496438440254,0.004697496117762184,4,0.4259437012729393,0.012528618052447711,4,0.27124153822660446,0.0008393120401377618,4,0.18154576135681905,0.010640047606518113,4,3.5,0.5773502691896257,4,0.9206548184156418,0.0028599529303473307,4,179761.0,0.0,4,3747661.0,0.0,4
B2_with_RC,hq_first,head_only,1,161,HepG2,0.3121809053301803,0.0010119121870778712,4,0.3602404546390392,0.0008942600807415332,4,0.36685971915721893,0.009956263283635955,4,0.12977378493436065,0.0006445153633771581,4,0.2755752532650495,0.001319754542349743,4,0.3119663927287762,0.0026866239765952335,4,0.3409000039100647,0.012126603725952818,4,0.09732844365349873,0.0016761697985573142,4,0.0,0.0,4,1.7020727097988129,0.07539390383062533,4,141.0,0.0,4,141.0,0.0,4
B2_with_RC,hq_first,head_only,1,161,K562,0.28684722099094284,0.0009751397873826481,4,0.3679968148927498,0.00027850626900827267,4,0.37513260543346405,0.011146239306924335,4,0.13542171394551517,0.00020504599798741713,4,0.28410597983782077,0.0005913439926409883,4,0.3414474529183356,0.0007524130319195119,4,0.3452426567673683,0.012442683265696305,4,0.11658678769844696,0.0005138054589711973,4,0.0,0.0,4,1.779331386089325,0.07342419441965366,4,141.0,0.0,4,141.0,0.0,4
B2_with_RC,hq_first,head_only,1,161,SKNSH,0.32064267835741544,0.0006926530960039189,4,0.34382057079007156,0.0004929648270246409,4,0.3817192539572716,0.011047250912996706,4,0.11821276715915113,0.00033920686961569677,4,0.2776535525113414,0.0008772844921976594,4,0.3311588581833514,0.0011336655547658804,4,0.3382479399442673,0.011828526412175787,4,0.1096671532514936,0.0007502633935369971,4,0.0,0.0,4,1.8423081934452057,0.07207963663681667,4,141.0,0.0,4,141.0,0.0,4
B2_with_RC,hq_first,head_only,1,322,HepG2,0.31822393283071754,0.0062531385744000545,4,0.3684190674751643,0.006105367216502248,4,0.37692805379629135,0.010313805156658196,4,0.1357605659109059,0.004495295992163663,4,0.2900564716382805,0.00885397826257166,4,0.3271111441212172,0.00868511767983323,4,0.3545451685786247,0.011259510074310489,4,0.10705827406012615,0.0056568104065878415,4,1.5,1.2909944487358056,4,1.7253991961479187,0.0729226720238113,4,141.0,0.0,4,141.0,0.0,4
B2_with_RC,hq_first,head_only,1,322,K562,0.288451786165772,0.0038180255529022826,4,0.36900376059839185,0.0010929772722926034,4,0.38904376327991486,0.01264175677631936,4,0.13616467128524362,0.0008066743917482187,4,0.28666319670334106,0.002616306791239902,4,0.34200670910439357,0.004212512320517729,4,0.3629278764128685,0.015069777603082113,4,0.11698189801745518,0.0028653174628648173,4,0.0,0.0,4,1.8379409909248352,0.08516430011358352,4,141.0,0.0,4,141.0,0.0,4
B2_with_RC,hq_first,head_only,1,322,SKNSH,0.31944839164834177,0.00307616092401033,4,0.34380951520398356,0.0030091007784716255,4,0.3947241008281708,0.011929384406488535,4,0.11821177376041946,0.002077327365104612,4,0.2839863800383447,0.00383424498942695,4,0.3368380292185717,0.004631718677092415,4,0.35111767053604126,0.01295242004214837,4,0.11347594754127915,0.0031074111543649588,4,0.0,0.0,4,1.8921033143997192,0.08522048708153829,4,141.0,0.0,4,141.0,0.0,4
B2_with_RC,hq_first,head_only,1,643,HepG2,0.3183772817947944,0.0033171013411872514,4,0.3682344858358769,0.002356036107075458,4,0.3877662420272827,0.008756322600578103,4,0.13560079973841604,0.0017361444065779746,4,0.2912439675233254,0.00662234599163643,4,0.32717833718943257,0.0076683326898905725,4,0.3693085014820099,0.010249401925923555,4,0.10708976682072419,0.005020022824976475,4,8.25,7.932002689527196,4,1.6325190663337708,0.06290589582722832,4,141.0,0.0,4,141.0,0.0,4
B2_with_RC,hq_first,head_only,1,643,K562,0.2930049750829278,0.003375017891489494,4,0.3757436987774538,0.002475090512250311,4,0.3993595838546753,0.011972654636064855,4,0.1411879217257448,0.0018612320758959486,4,0.29400487212709503,0.005547238880820195,4,0.3517957745143735,0.005541240268623716,4,0.3783580884337425,0.014000346557064728,4,0.12378329597395385,0.00391248440782572,4,3.25,3.947573094109004,4,1.7315803468227386,0.08153798854897082,4,141.0,0.0,4,141.0,0.0,4
B2_with_RC,hq_first,head_only,1,643,SKNSH,0.31681159820314914,0.0021336083607846504,4,0.34254048828448136,0.002341224358070133,4,0.3973994255065918,0.013634546012143216,4,0.11733809711279201,0.0016006215715935897,4,0.2902412369981993,0.0060425294310512394,4,0.3454152286795655,0.007896181851425484,4,0.35247594118118286,0.015272024086757055,4,0.1193584424696296,0.005468911098734464,4,9.75,9.322910847297997,4,1.7157595753669739,0.11598741323641383,4,141.0,0.0,4,141.0,0.0,4
B2_with_RC,hq_first,head_only,1,1125,HepG2,0.31775258435830805,0.0010039020178331218,4,0.36968857582672465,0.0003691919201669708,4,0.38483456522226334,0.002193727931114113,4,0.1366697453237974,0.0002729568650610327,4,0.29046721685338617,0.0006096139723923197,4,0.3272071145155953,0.0010567197779250072,4,0.36540985107421875,0.00239328231107268,4,0.1070653332821387,0.0006905273600484941,4,28.5,0.5773502691896257,4,1.1931544542312622,0.010236663503057667,4,141.0,0.0,4,141.0,0.0,4
B2_with_RC,hq_first,head_only,1,1125,K562,0.2954669569301261,0.001075140761534012,4,0.3783109560585096,0.00048036857956794117,4,0.39184320718050003,0.0009665578255906858,4,0.1431193525393828,0.0003634629913951628,4,0.29925057013740447,0.0005149004540974754,4,0.3580787230065017,0.0008869105452458297,4,0.36846670508384705,0.0005962687500019514,4,0.1282209618277034,0.00063484183829998,4,27.75,2.5000000000000004,4,1.237093597650528,0.01758075997579118,4,141.0,0.0,4,141.0,0.0,4
B2_with_RC,hq_first,head_only,1,1125,SKNSH,0.31803097649390405,0.0015897428464007038,4,0.3444408379620677,0.0007003773411556275,4,0.386586457490921,0.0019777677590387946,4,0.1186398587523264,0.00048231522158622575,4,0.29298876633180654,0.0018160997658027917,4,0.3472917922756767,0.0016311835814069935,4,0.3419065847992897,0.001903749077159235,4,0.12061358455195895,0.0011331066020800337,4,29.0,0.0,4,1.2041130065917969,0.017670207245252024,4,141.0,0.0,4,141.0,0.0,4
B2_with_RC,hq_first,head_only,1,1608,HepG2,0.3207082586277188,0.0031401951727270012,4,0.37254195702034987,0.0011810698638918596,4,0.3724898621439934,0.004500419399097771,4,0.13878855593506975,0.000880031974212563,4,0.2921445172054661,0.0020182685366947712,4,0.3308120836791796,0.001153294549196755,4,0.3494424745440483,0.005914103612353784,4,0.10943763227439843,0.0007638500535765742,4,28.25,0.9574271077563377,4,1.010445088148117,0.03913621487930814,4,141.0,0.0,4,141.0,0.0,4
B2_with_RC,hq_first,head_only,1,1608,K562,0.2946307436811198,0.0006159192104268085,4,0.37845131571205487,0.0009734499724983116,4,0.3743312954902649,0.002780215245747206,4,0.14322610906782213,0.0007366829622171683,4,0.2988577104579812,0.0011538741213487768,4,0.35868472300204873,0.001415590562871682,4,0.3460419327020645,0.003318833755806327,4,0.12865623343753768,0.0010136300147246817,4,28.75,0.49999999999999967,4,1.020362302660942,0.03382438612074893,4,141.0,0.0,4,141.0,0.0,4
B2_with_RC,hq_first,head_only,1,1608,SKNSH,0.3185353483909643,0.0011923210536342536,4,0.3455142040856396,0.0013580606868646755,4,0.36913222819566727,0.007053222478022759,4,0.11938144847155491,0.0009387036185544601,4,0.2941801503767823,0.0019831415552107184,4,0.34965748676290953,0.002676267053349131,4,0.32283157110214233,0.008123803480891771,4,0.12226572985335989,0.0018725801012589123,4,28.0,0.816496580927726,4,0.9925479739904404,0.050361652955064576,4,141.0,0.0,4,141.0,0.0,4
B2_with_RC,hq_first,head_only,1,2411,HepG2,0.3174675045904044,0.0023394925403478544,4,0.3709485144507454,0.0017323807332569132,4,0.3536947965621948,0.0015783155572568928,4,0.1376050512304686,0.0012866517390121204,4,0.29175974489869916,0.0014691975543926698,4,0.3297146179230104,0.0018269764492112538,4,0.32428839057683945,0.002078884139614025,4,0.10871423265432617,0.001206876336462689,4,29.0,0.0,4,0.8600298762321472,0.01003056885138972,4,141.0,0.0,4,141.0,0.0,4
B2_with_RC,hq_first,head_only,1,2411,K562,0.2957347214329852,0.0007842173807272046,4,0.37850047949179066,0.0005872058559741071,4,0.35351528972387314,0.003294723054711322,4,0.1432628715835534,0.000444422682012426,4,0.2992590204049877,0.0004054602043363014,4,0.35884860642746824,0.0016034297562420809,4,0.3193616196513176,0.004060173513302424,4,0.1287742505751734,0.001150720312463881,4,28.75,0.49999999999999967,4,0.8592237532138824,0.018784232778796744,4,141.0,0.0,4,141.0,0.0,4
B2_with_RC,hq_first,head_only,1,2411,SKNSH,0.31815322019143394,0.0012934185113405243,4,0.3446783063478138,0.0010875320318792826,4,0.3499852791428566,0.0018227640117021318,4,0.11880402191123765,0.0007498140337959024,4,0.2930443410977529,0.001732615266466395,4,0.3474093243475158,0.0018901492188586329,4,0.30198365449905396,0.0020569307794407908,4,0.12069591814164961,0.0013113793813830854,4,29.0,0.0,4,0.8421033918857574,0.01219215758515105,4,141.0,0.0,4,141.0,0.0,4
B2_with_RC,hq_first,head_only,1,3215,HepG2,0.3188449494773292,0.004090627178095077,4,0.3713264110535105,0.0023549113381604145,4,0.3406386598944664,0.0015140810866561883,4,0.1378874627514386,0.0017458608307746666,4,0.29119803539400774,0.0033071277845710123,4,0.32925409486955504,0.003779541375446417,4,0.305683858692646,0.0024117369441687166,4,0.10841897268812647,0.0024797999029832953,4,28.75,0.5,4,0.770280659198761,0.006852220034944781,4,141.0,0.0,4,141.0,0.0,4
B2_with_RC,hq_first,head_only,1,3215,K562,0.29477802711822004,0.0009697849102379793,4,0.3782662678126837,0.001461317127983112,4,0.33952902257442474,0.0008889924576402364,4,0.14308697095074832,0.00110592712955413,4,0.2987928041082005,0.00038604510919821255,4,0.3580833560754445,0.0012695778765966844,4,0.2994396686553955,0.0011611859631149755,4,0.12822489876924215,0.0009081188553094552,4,29.0,0.0,4,0.7652630507946014,0.0040103076180600305,4,141.0,0.0,4,141.0,0.0,4
B2_with_RC,hq_first,head_only,1,3215,SKNSH,0.3183970854811627,0.0001833912847731379,4,0.34528796054721683,0.0003785451408396825,4,0.3383127301931381,0.001038734857162905,4,0.1192238831711741,0.0002614566076903019,4,0.2948503654646134,0.002366330660984805,4,0.3489320368525739,0.0022066780172662645,4,0.28829844295978546,0.001442443420837527,4,0.1217572184129899,0.0015370399644562295,4,28.75,0.49999999999999967,4,0.7597915232181549,0.004664151380424131,4,141.0,0.0,4,141.0,0.0,4
B2_with_RC,hq_first,head_only,2,108,HepG2,0.30967060663561224,0.00041113063698782604,4,0.3588364972635466,0.0006903419932797359,4,0.3564522936940193,0.0039042754390822203,4,0.12876398919742205,0.0004953814372949837,4,0.2740277137703986,0.0012963799865600856,4,0.3102506664473246,0.002234767450480281,4,0.327396921813488,0.004992735591631425,4,0.09625922167017736,0.0013874231732622767,4,0.0,0.0,4,1.7893153429031372,0.11370238365927994,4,141.0,0.0,4,141.0,0.0,4
B2_with_RC,hq_first,head_only,2,108,K562,0.28533804530019136,0.0004646646546429623,4,0.3667568809804805,0.0004268754252493608,4,0.3622506335377693,0.003938801854010494,4,0.13451074641350186,0.00031313004212513943,4,0.2838122941577029,0.000414192095339285,4,0.3399534638014531,0.0007734283074889202,4,0.32929327338933945,0.004692328102701683,4,0.115568806194116,0.0005262731189319569,4,0.0,0.0,4,1.8476767539978027,0.11040180404744551,4,141.0,0.0,4,141.0,0.0,4
B2_with_RC,hq_first,head_only,2,108,SKNSH,0.32108722445848353,0.0002475019764048164,4,0.3436267493247426,0.00020072931232559073,4,0.36868347972631454,0.004148198706480549,4,0.11807937307068209,0.00013792752247153106,4,0.2768505697224014,0.00014471693887956963,4,0.32982584822823313,0.0004365956018050435,4,0.32435787469148636,0.00444706442553119,4,0.10878523312126312,0.00028791314822448357,4,0.0,0.0,4,1.913650095462799,0.10938650629594257,4,141.0,0.0,4,141.0,0.0,4
B2_with_RC,hq_first,head_only,2,216,HepG2,0.31352703758211437,0.000653717967623765,4,0.36139138319611785,0.0011530171168517948,4,0.36533747613430023,0.010422647424715808,4,0.1306047289347571,0.0008340256631690481,4,0.2766522217237905,0.0011092388758690073,4,0.31410919375897395,0.0015676256049061217,4,0.33900249749422073,0.012653444959602536,4,0.09866642869144049,0.000984849775386327,4,0.0,0.0,4,1.767496943473816,0.08301398505352785,4,141.0,0.0,4,141.0,0.0,4
B2_with_RC,hq_first,head_only,2,216,K562,0.2884009808970785,0.0007661786852760438,4,0.3692671375864295,0.00040065557291645444,4,0.37300147861242294,0.012112320975506494,4,0.13635833929494112,0.0002959077595930424,4,0.28530078546353577,0.0007524841237377068,4,0.3426081709076779,0.0019573251220136364,4,0.3432051092386246,0.014242461630796099,4,0.1173832321139296,0.0013405220197284457,4,0.0,0.0,4,1.8426499664783478,0.10116116396393385,4,141.0,0.0,4,141.0,0.0,4
B2_with_RC,hq_first,head_only,2,216,SKNSH,0.3212764481633114,0.0010249221846547272,4,0.3446132321626423,0.0008799270959499528,4,0.38041675090789795,0.011249521709841951,4,0.11875886048535385,0.0006065737529523048,4,0.2793520044534456,0.0016343178043791398,4,0.3336228703687936,0.0017228764366871716,4,0.33692264556884766,0.012271454149560235,4,0.11130644586052496,0.0011476531532072958,4,0.0,0.0,4,1.9165127873420715,0.09509147166401752,4,141.0,0.0,4,141.0,0.0,4
B2_with_RC,hq_first,head_only,2,431,HepG2,0.31544830621250325,0.001043796037211427,4,0.3632495231624083,0.0004140792022239089,4,0.37622566521167755,0.008006648586281388,4,0.13195034467390632,0.0003007196394032812,4,0.28224837254920965,0.0010166434640227731,4,0.3186735916582951,0.0011946629248071898,4,0.352868489921093,0.009875673558098229,4,0.10155392843502573,0.0007609284316516703,4,0.0,0.0,4,1.7606547176837921,0.08528109296321562,4,141.0,0.0,4,141.0,0.0,4
B2_with_RC,hq_first,head_only,2,431,K562,0.2917146767844456,0.0008324407901693431,4,0.37147785442530734,0.0007548046600098209,4,0.38749516755342484,0.009089723029879598,4,0.13799622362598593,0.0005605947025085631,4,0.29073187093935293,0.00047836776275659464,4,0.3465369625385387,0.0009582950630054514,4,0.36154400557279587,0.010468501883670751,4,0.12008855515250744,0.0006637437767436926,4,0.0,0.0,4,1.8674634993076324,0.08733402011758082,4,141.0,0.0,4,141.0,0.0,4
B2_with_RC,hq_first,head_only,2,431,SKNSH,0.31952734718326037,0.000953895492558723,4,0.34401178644406094,0.0006093206476582443,4,0.3918330818414688,0.008787006218327021,4,0.11834438766617296,0.00041943347101619743,4,0.2821698835607368,0.0006542771889213502,4,0.33737179762688063,0.0007791093054570565,4,0.34834085404872894,0.009474175117595749,4,0.11382018509247528,0.0005256630758005287,4,0.0,0.0,4,1.908953607082367,0.06965804641962228,4,141.0,0.0,4,141.0,0.0,4
B2_with_RC,hq_first,head_only,2,754,HepG2,0.31692803558425686,0.0001817920823761448,4,0.36575784264860844,0.00040801893905570425,4,0.4002465307712555,0.00727301216032445,4,0.1337789243185552,0.00029844065458627404,4,0.28698208508972417,0.0003026314189979847,4,0.32145475766203324,0.0010135132350061428,4,0.3838933855295181,0.008827924838611915,4,0.10333393163036467,0.0006518919545726153,4,0.0,0.0,4,1.6288403868675232,0.03955744911332636,4,141.0,0.0,4,141.0,0.0,4
B2_with_RC,hq_first,head_only,2,754,K562,0.29315184378314074,0.00096789914149047,4,0.3746210299873555,0.0002969152485076776,4,0.411433607339859,0.006121527983922573,4,0.14034098222778574,0.00022244532455782638,4,0.2939462905174687,0.0011280089081548126,4,0.3506309459904677,0.0006596645120243136,4,0.39184847474098206,0.0069685081178143034,4,0.12294238665412159,0.00046275723149646013,4,0.0,0.0,4,1.7211098074913025,0.028925364617012922,4,141.0,0.0,4,141.0,0.0,4
B2_with_RC,hq_first,head_only,2,754,SKNSH,0.31937876769338736,0.0006419600842091147,4,0.3443610170598269,0.0006331654136344125,4,0.42037537693977356,0.006651409993788349,4,0.11858481074430915,0.00043599790515509577,4,0.2854490539622361,0.0015744231833479075,4,0.3408243019082419,0.0014012711759234613,4,0.3780478537082672,0.006918196156185741,4,0.11616267744192178,0.0009548610150038846,4,0.0,0.0,4,1.7968817055225372,0.042599695205163615,4,141.0,0.0,4,141.0,0.0,4
B2_with_RC,hq_first,head_only,2,1078,HepG2,0.3195835958735996,0.0011341664502282894,4,0.3695923655445339,0.0011071766455192588,4,0.37595757097005844,0.0014786762891358593,4,0.13659943604889765,0.0008191127105639808,4,0.2916086769248486,0.0011813764932405526,4,0.3273203253606569,0.0014528424635052858,4,0.3550775721669197,0.0023360763115427346,4,0.10714017845762411,0.0009520997909500816,4,28.5,1.0,4,1.246299147605896,0.049423412404520604,4,141.0,0.0,4,141.0,0.0,4
B2_with_RC,hq_first,head_only,2,1078,K562,0.2972950134450957,0.0007454941021974696,4,0.3786455958335897,0.00115940114490324,4,0.3827313557267189,0.002719333877703644,4,0.14337349540243524,0.0008780643633117389,4,0.29809635690136854,0.0010990789045694927,4,0.3562806751335217,0.0016163129735690034,4,0.35931652039289474,0.003817032050192708,4,0.12693787882431945,0.001151770481896516,4,28.5,0.5773502691896257,4,1.2912805378437042,0.04041063580861226,4,141.0,0.0,4,141.0,0.0,4
B2_with_RC,hq_first,head_only,2,1078,SKNSH,0.3187671863109616,0.0006662962257637831,4,0.34395978170501296,0.00017513274388237816,4,0.37902160733938217,0.002529239771784792,4,0.11830835443416864,0.00012049071335332959,4,0.2921243506159575,0.0004626140579658355,4,0.34609987768607575,0.0005424504304719998,4,0.33360666036605835,0.002785990614070304,4,0.11978534602366873,0.00037547175347006417,4,29.0,0.0,4,1.2665887475013733,0.04778693961897867,4,141.0,0.0,4,141.0,0.0,4
B2_with_RC,hq_first,head_only,2,1616,HepG2,0.31568144018527333,0.0007638392249969485,4,0.36902526387962575,0.0008360873830950098,4,0.3611307665705681,0.00375682935949378,4,0.13618016966301155,0.0006177506103153022,4,0.2890874384992227,0.001392341443357732,4,0.32540808030176827,0.0009356313585163279,4,0.3364293873310089,0.005364763742638579,4,0.10589107528021133,0.0006090421997754878,4,27.5,1.2909944487358054,4,1.0323601216077805,0.026950434782505042,4,141.0,0.0,4,141.0,0.0,4
B2_with_RC,hq_first,head_only,2,1616,K562,0.2959246709273658,0.0016157714832349182,4,0.3786871862738713,0.0007275059995567882,4,0.36200299859046936,0.003923647716949056,4,0.14340438199675626,0.0005513344623255746,4,0.2989178473315799,0.0013356467468633004,4,0.3584778644409042,0.001208039477166619,4,0.3327416852116585,0.005573929642371313,4,0.12850747381364508,0.0008662763850375725,4,28.25,0.9574271077563382,4,1.0373840928077698,0.029045969945111865,4,141.0,0.0,4,141.0,0.0,4
B2_with_RC,hq_first,head_only,2,1616,SKNSH,0.318499110755437,0.0005347464427908179,4,0.34422278793185457,0.0008816187067312727,4,0.36018698662519455,0.005152052425591022,4,0.11848991067023655,0.0006074943894896897,4,0.29282126440198114,0.0015709974343545902,4,0.34726500835962926,0.002105900119636682,4,0.31313356757164,0.005753645897284493,4,0.12059631214249877,0.0014617368852347867,4,29.0,0.0,4,1.0267623364925385,0.01880211163839298,4,141.0,0.0,4,141.0,0.0,4
B2_with_RC,hq_first,head_only,2,2155,HepG2,0.31890703864745856,0.0022721216108436697,4,0.37073097655357135,0.0016437501793588924,4,0.34922105073928833,0.0007882815395979347,4,0.1374434834123538,0.0012185067441734916,4,0.29088718996806134,0.0014030273090879129,4,0.32777286921316895,0.0023626195461232927,4,0.32018889486789703,0.0013886109628549078,4,0.10743924027057294,0.0015522361358196498,4,28.5,0.5773502691896257,4,0.921381413936615,0.004159553916811936,4,141.0,0.0,4,141.0,0.0,4
B2_with_RC,hq_first,head_only,2,2155,K562,0.2956497522132009,0.00038413036327132415,4,0.3782346511137744,0.00043749832340743146,4,0.34818003326654434,0.0006565015802691612,4,0.1430615948567459,0.0003309834221670331,4,0.29739975416813935,0.0003385290452640801,4,0.35656016028871834,0.0006169379446998228,4,0.31469713151454926,0.0010695330118856371,4,0.12713543336443722,0.00044000827269937467,4,29.0,0.0,4,0.9158954173326492,0.0034523400506303037,4,141.0,0.0,4,141.0,0.0,4
B2_with_RC,hq_first,head_only,2,2155,SKNSH,0.31708071060089194,0.0010826368684348604,4,0.34417411583728896,0.000554108516215491,4,0.3465299904346466,0.001242935794224411,4,0.11845605228956542,0.0003815050772657793,4,0.29083876941638787,0.00034278565221674905,4,0.3454122338954449,0.00037486454231523735,4,0.2983846142888069,0.0014272975179409893,4,0.11930971671721036,0.0002590834862440737,4,28.75,0.5000000000000002,4,0.9072413593530655,0.006502986629422804,4,141.0,0.0,4,141.0,0.0,4
B2_with_RC,hq_first,head_only,3,60,HepG2,0.3089239247121505,0.0010513715679085088,4,0.3580496325840813,0.0012697641707330107,4,0.3539060950279236,0.009963024460423948,4,0.12820074861938258,0.0009094694844389801,4,0.2728663981622222,0.002851425155022734,4,0.3090118360706513,0.00370259903942611,4,0.3240389823913574,0.013237507061429411,4,0.09549859676149014,0.0022963931627014173,4,0.25,0.5,4,1.7379759550094604,0.29866938766316753,4,141.0,0.0,4,141.0,0.0,4
B2_with_RC,hq_first,head_only,3,60,K562,0.2850396939518943,0.0007701883306247309,4,0.3656098766413413,0.0002996159803635766,4,0.35947640240192413,0.011784563200094475,4,0.13367064922499858,0.00021911083823243914,4,0.2818301102249041,0.0009131370719169344,4,0.3377667895896783,0.0008820646533817155,4,0.32584959268569946,0.01502190453430272,4,0.1140869876782576,0.0005960008219564399,4,0.0,0.0,4,1.790577232837677,0.2888303348741515,4,141.0,0.0,4,141.0,0.0,4
B2_with_RC,hq_first,head_only,3,60,SKNSH,0.3201393433025734,0.0005290433273189714,4,0.34318321325750734,0.0005172327289916336,4,0.36714885383844376,0.01331806075284896,4,0.11777491850901971,0.00035516672349903084,4,0.2740744235317024,0.0006118383312013033,4,0.3276295696132172,0.000464237909728644,4,0.3227195218205452,0.014188128820316396,4,0.10734129652256957,0.0003042146015442341,4,0.0,0.0,4,1.8660061657428741,0.28823763386302653,4,141.0,0.0,4,141.0,0.0,4
B2_with_RC,hq_first,head_only,3,121,HepG2,0.30947899819368246,0.0008766488201576391,4,0.35881819879821847,0.0009185245536942383,4,0.36120138317346573,0.01283989277674996,4,0.12875113255431464,0.0006593583749684314,4,0.27360011986225885,0.001472280941136814,4,0.3096846444514385,0.002585670409993203,4,0.33355122804641724,0.016158821208038927,4,0.09590959327761571,0.0016014868428573658,4,0.0,0.0,4,1.7122776508331299,0.08458169955115151,4,141.0,0.0,4,141.0,0.0,4
B2_with_RC,hq_first,head_only,3,121,K562,0.28528552924183775,0.000296536940879359,4,0.3667774799010757,0.0003237965720255201,4,0.3681430369615555,0.013403440025534466,4,0.13452579839574902,0.00023747015470970535,4,0.2838100649460092,0.0007510121016788058,4,0.33979984626918014,0.000861564675726502,4,0.3364076390862465,0.015447043389836653,4,0.1154644922448263,0.0005852918274552031,4,0.0,0.0,4,1.7784673869609833,0.0828761395081818,4,141.0,0.0,4,141.0,0.0,4
B2_with_RC,hq_first,head_only,3,121,SKNSH,0.32110272524964617,0.0004037721291292456,4,0.3435274520261401,0.0005208437604427478,4,0.3743669241666794,0.013762897741406831,4,0.11801131375423908,0.00035769485150008304,4,0.2766579243583559,0.000740300703809508,4,0.3297630264733444,0.0007997241284486556,4,0.33032912015914917,0.014494148556375382,4,0.10874413329787083,0.0005274617168482731,4,0.0,0.0,4,1.8390486240386963,0.08501832108192482,4,141.0,0.0,4,141.0,0.0,4
B2_with_RC,hq_first,head_only,3,242,HepG2,0.3145365071657876,0.00034713912578262135,4,0.36167344832882314,0.0005703181709640729,4,0.3650478646159172,0.00796378992413252,4,0.13080792717317402,0.00041285470263209095,4,0.2772365862403462,0.0012349248219837789,4,0.31515227817453423,0.001295955436444347,4,0.3384455367922783,0.009781255872425693,4,0.09932221806396895,0.0008167597519868059,4,0.0,0.0,4,1.757336050271988,0.09959904342673155,4,141.0,0.0,4,141.0,0.0,4
B2_with_RC,hq_first,head_only,3,242,K562,0.28878191672805786,0.0007353385985696716,4,0.36960878920162343,0.0002160383755398809,4,0.3734630048274994,0.009457005170837533,4,0.1366106920595249,0.00015971868970467617,4,0.2852294506893359,0.000631995354088388,4,0.34348126457970757,0.0012826467865133895,4,0.343642495572567,0.011290327457160276,4,0.11798061300435929,0.0008810940230658935,4,0.0,0.0,4,1.8388546705245972,0.09988336930853661,4,141.0,0.0,4,141.0,0.0,4
B2_with_RC,hq_first,head_only,3,242,SKNSH,0.3202966322670796,0.00034524159729031913,4,0.34400448171926534,0.0006239981947531328,4,0.3800101652741432,0.009222208027841636,4,0.11833937547325063,0.0004293680097387238,4,0.27859262089786474,0.0007099327635856726,4,0.3332048765202358,0.0013321490308221596,4,0.3362091928720474,0.009941758644875827,4,0.1110268207026458,0.0008892531887003947,4,0.0,0.0,4,1.9035979211330414,0.09358668267429812,4,141.0,0.0,4,141.0,0.0,4
B2_with_RC,hq_first,head_only,3,423,HepG2,0.31588341704938544,0.0012722688557239685,4,0.36361925873488044,0.0008974924455699943,4,0.37569815665483475,0.006994980201842851,4,0.1322195694424213,0.0006529855212414989,4,0.28241302316175226,0.0005111715015410009,4,0.31884853208096486,0.0007155375821843431,4,0.3522923067212105,0.008497169102893705,4,0.10166477040570973,0.0004559391550157578,4,0.0,0.0,4,1.7568369507789612,0.07930389264272304,4,141.0,0.0,4,141.0,0.0,4
B2_with_RC,hq_first,head_only,3,423,K562,0.291520631763303,0.00127639975195848,4,0.37141491434544915,0.00048095073159988366,4,0.38770154118537903,0.008714865785164555,4,0.137949212083442,0.0003573839382466725,4,0.2904442507887274,0.0009596569017689283,4,0.3466354030003064,0.0010382254484834954,4,0.36165009438991547,0.010131289884359474,4,0.1201569110472462,0.0007199775095357653,4,0.0,0.0,4,1.870598554611206,0.08212668556865832,4,141.0,0.0,4,141.0,0.0,4
B2_with_RC,hq_first,head_only,3,423,SKNSH,0.31984778327080576,0.0009679050152038135,4,0.3440126740905072,0.0007442552417463579,4,0.38996171951293945,0.008170967661758021,4,0.11834513537180015,0.0005121246340925941,4,0.28260157299733724,0.0005527394672969469,4,0.33750682825478484,0.0006928261488970995,4,0.34632057696580887,0.008932196390483703,4,0.11391121912465926,0.00046774574773493613,4,0.0,0.0,4,1.8923232853412628,0.07586879171065233,4,141.0,0.0,4,141.0,0.0,4
B2_with_RC,hq_first,head_only,3,604,HepG2,0.31644061605746476,0.0007024911718173639,4,0.3647494628232801,0.0007464592819915415,4,0.38635923713445663,0.002052786552619281,4,0.13304258853096615,0.0005445404966407151,4,0.2848379907474878,0.001100306166122566,4,0.32004793125163566,0.0006627456165912859,4,0.36685969680547714,0.0023885747330111657,4,0.10243100772226596,0.0004244027994759918,4,0.0,0.0,4,1.7013786137104034,0.011357328767232446,4,141.0,0.0,4,141.0,0.0,4
B2_with_RC,hq_first,head_only,3,604,K562,0.2927792545320181,0.001178191759752849,4,0.373151942769203,7.213187013755116e-05,4,0.39932557195425034,0.004922254582201162,4,0.13924237629468555,5.382839644700585e-05,4,0.29251990608626627,0.0006794380085967242,4,0.3481003929607781,0.0006864325762958779,4,0.37706679105758667,0.005881824628110843,4,0.12117423697170951,0.00047803102937772943,4,0.0,0.0,4,1.8173343241214752,0.014006371192596019,4,141.0,0.0,4,141.0,0.0,4
B2_with_RC,hq_first,head_only,3,604,SKNSH,0.3195614592922403,0.0005029678852908763,4,0.3442935956738226,0.0005195353487453762,4,0.4041169807314873,0.002418066256905207,4,0.1185382824597436,0.000357763606986012,4,0.2845444160983719,0.0010109363473852359,4,0.33961298981247856,0.0010469632201066286,4,0.36113636940717697,0.0026081755667136607,4,0.11533780494835885,0.0007112499710526886,4,0.0,0.0,4,1.8615972697734833,0.03635649786824818,4,141.0,0.0,4,141.0,0.0,4
B2_with_RC,hq_first,head_only,3,906,HepG2,0.3204848191296892,0.0030537511337711066,4,0.3700299637419052,0.0016902236314698784,4,0.3711685910820961,0.006518977875883493,4,0.136924316708779,0.001249844259530903,4,0.2921574777385692,0.0025384596985659445,4,0.3267254845466415,0.0035444423897127812,4,0.34939903020858765,0.007744701018840461,4,0.10675896455612817,0.002313184632040909,4,27.5,1.290994448735806,4,1.3311834931373596,0.04916424648749085,4,141.0,0.0,4,141.0,0.0,4
B2_with_RC,hq_first,head_only,3,906,K562,0.2958019088087268,0.001440688839671185,4,0.3768263739575172,0.0013681811166485877,4,0.3892051726579666,0.021759221923278695,4,0.14199952004964655,0.0010313183207199123,4,0.2973789136309095,0.0014555520647369933,4,0.35455163410695667,0.0024931958341943743,4,0.36648404598236084,0.026247517950472303,4,0.12571152326701404,0.0017655020738615746,4,21.25,14.174507634012077,4,1.4623841643333435,0.0999342065092359,4,141.0,0.0,4,141.0,0.0,4
B2_with_RC,hq_first,head_only,3,906,SKNSH,0.317592858814589,0.0020369734630541697,4,0.3434724993521485,0.000961346225792102,4,0.3869658634066582,0.01496387190671412,4,0.11797405095113603,0.0006602288625780019,4,0.2902361564692229,0.0044366668211114095,4,0.34364857409994454,0.003935355645791748,4,0.34233079105615616,0.01617206634042929,4,0.11810595774896923,0.002700335443560679,4,21.5,14.341083176199302,4,1.449732780456543,0.14037673735648767,4,141.0,0.0,4,141.0,0.0,4
B2_with_RC,hq_first,head_only,3,1208,HepG2,0.3189234902753605,0.001013110444458861,4,0.3707561112721527,0.0005500140502087018,4,0.3658069893717766,0.0007194959713994905,4,0.13746032093224045,0.0004075943785840913,4,0.2909585765843936,0.0009055179576884406,4,0.3268062252101857,0.001383973135203243,4,0.3427399843931198,0.0012056017254406417,4,0.10680374537235983,0.0009038838387856173,4,28.5,1.0,4,1.167113870382309,0.004589752041814901,4,141.0,0.0,4,141.0,0.0,4
B2_with_RC,hq_first,head_only,3,1208,K562,0.2960812859444302,0.0009609052865313574,4,0.3777473198918691,0.000515355556149357,4,0.3712261915206909,0.0009442805674652997,4,0.14269323687900204,0.0003893516197487782,4,0.2977008014310598,0.0007260757956832094,4,0.35579205668142583,0.00038692667346343183,4,0.34509114921092987,0.0013586402842972137,4,0.12658809988178693,0.0002753292395395272,4,29.0,0.0,4,1.2019523978233337,0.00611249005748404,4,141.0,0.0,4,141.0,0.0,4
B2_with_RC,hq_first,head_only,3,1208,SKNSH,0.31852005496824537,0.001245693331194232,4,0.3439727086587352,0.0005531406049650025,4,0.36881111562252045,0.0013106983569831638,4,0.11831745377542377,0.00038056734518285924,4,0.29157098769458456,0.0014002369050216195,4,0.345800095592809,0.001242807977679989,4,0.322791188955307,0.0015392260553193171,4,0.11957886454074787,0.000858012946113888,4,28.75,0.5000000000000002,4,1.1863698065280914,0.008431021180071453,4,141.0,0.0,4,141.0,0.0,4
B2_with_RC,hq_first,linear_all_head,1,161,HepG2,0.30710115609249394,0.007242488938468986,4,0.3595885936016139,0.013940642036792392,4,0.32984377443790436,0.002078368011295306,4,0.1294497127736851,0.010184469860386484,4,0.2850096400479062,0.015467648472391344,4,0.3315519840007021,0.02943864923758191,4,0.28394968062639236,0.004276262517814415,4,0.11057669364650188,0.020225554535113884,4,13.0,10.801234497346433,4,1.3778376877307892,0.09010670014142115,4,179761.0,0.0,4,2782761.0,0.0,4
B2_with_RC,hq_first,linear_all_head,1,161,K562,0.2959946661501472,0.018832173254889367,4,0.3808111502716088,0.025166780612970386,4,0.32666922360658646,0.0036427292310115406,4,0.14549215730600185,0.01975514969908425,4,0.30695638469922515,0.02176716251490038,4,0.37331132907847514,0.027501512654906055,4,0.27832552045583725,0.003874283598921904,4,0.13992859831706855,0.020529263607257774,4,18.25,11.29527924990495,4,1.3519508242607117,0.09991702503638838,4,179761.0,0.0,4,2782761.0,0.0,4
B2_with_RC,hq_first,linear_all_head,1,161,SKNSH,0.3105671641017198,0.00684025374364212,4,0.3361006292188923,0.011984932762765669,4,0.3329755961894989,0.0015586804440234677,4,0.11307136192133133,0.00819085911385452,4,0.2891061424000433,0.006663135472520055,4,0.3551765299674885,0.02145290752653127,4,0.2797253355383873,0.0027269795538928747,4,0.12649553787075268,0.015683940162154537,4,13.75,8.920949127381757,4,1.4042989611625671,0.09470250470050444,4,179761.0,0.0,4,2782761.0,0.0,4
B2_with_RC,hq_first,linear_all_head,1,322,HepG2,0.30927209632903374,0.003105891611011579,4,0.3772744519237063,0.022521669941707862,4,0.3271755799651146,0.0031875037357159733,4,0.14271643128705538,0.017043647276804137,4,0.287524346364848,0.010910051323743121,4,0.37002218253508196,0.03362854494087387,4,0.27973274886608124,0.0040906633343447225,4,0.1377645748441558,0.02400251399210291,4,19.25,11.265729744080792,4,1.3002505898475647,0.04245917985110636,4,179761.0,0.0,4,2782761.0,0.0,4
B2_with_RC,hq_first,linear_all_head,1,322,K562,0.31020951352402104,0.016870860888399775,4,0.4181094390706073,0.012718686989018884,4,0.3219878599047661,0.0016167800097508923,4,0.17493682678898137,0.010495395030223705,4,0.31327775511496525,0.013737137757686235,4,0.4121603732968971,0.010510429342171043,4,0.2733769565820694,0.0020408611711993947,4,0.16995902515995515,0.008690979239283966,4,22.75,1.707825127659933,4,1.2590516209602356,0.021925822917148723,4,179761.0,0.0,4,2782761.0,0.0,4
B2_with_RC,hq_first,linear_all_head,1,322,SKNSH,0.3308712305245225,0.013530854829342742,4,0.3850778041462444,0.007732761952975753,4,0.3267501890659332,0.0012351220392450208,4,0.14832976195165937,0.005980514008792563,4,0.29727456230453764,0.025601879323468392,4,0.4263860361252522,0.020912348369229877,4,0.2713095396757126,0.0036074024164290067,4,0.18213304653834195,0.018185310391285653,4,27.25,0.9574271077563382,4,1.2967346012592316,0.032033189424797076,4,179761.0,0.0,4,2782761.0,0.0,4
B2_with_RC,hq_first,linear_all_head,1,643,HepG2,0.29547442219409736,0.01285005849942839,4,0.38955248549130883,0.006171836721751019,4,0.3255219981074333,0.0007891388496242561,4,0.15177970762884635,0.004811693000287521,4,0.3056411497999154,0.010159665808624728,4,0.4203859270464049,0.009123545379930435,4,0.2726914882659912,0.0018052589655592017,4,0.17678675696888996,0.007660078092467679,4,15.25,1.5,4,1.15051731467247,0.027554927751028482,4,179761.0,0.0,4,2782761.0,0.0,4
B2_with_RC,hq_first,linear_all_head,1,643,K562,0.3302972865146187,0.005524465270844056,4,0.41427187530511084,0.004236629780115028,4,0.32168470323085785,0.0007950560041255103,4,0.1716346484427336,0.0035143446385494737,4,0.33171747391160283,0.009928904378051233,4,0.4277669872219034,0.014910085950919794,4,0.27042603492736816,0.002337949277476063,4,0.18315132835420195,0.012793838855898809,4,12.5,3.1091263510296048,4,1.123572677373886,0.02807364957741982,4,179761.0,0.0,4,2782761.0,0.0,4
B2_with_RC,hq_first,linear_all_head,1,643,SKNSH,0.33170075614122113,0.008438997387374473,4,0.3878070526883005,0.0082882252928804,4,0.32584258168935776,0.0012504924703301966,4,0.15044583112366544,0.006472586936719787,4,0.31941197543269556,0.005867198458287421,4,0.4483199932851488,0.004734665284711881,4,0.2674950510263443,0.0009525893648842293,4,0.20100762917071457,0.004255164396692111,4,14.5,1.9148542155126762,4,1.1528780460357666,0.032747282131253524,4,179761.0,0.0,4,2782761.0,0.0,4
B2_with_RC,hq_first,linear_all_head,1,1125,HepG2,0.30928324238287974,0.015504280658563727,4,0.39990662746642797,0.013968315583081592,4,0.3240203857421875,0.0022001884826739074,4,0.1600716460717438,0.011138745001291207,4,0.3221387679133377,0.0075032469985522165,4,0.43147598081375116,0.012609415605447902,4,0.2710283622145653,0.002233786980375586,4,0.18629077004062172,0.01098317225368591,4,10.25,1.892969448600091,4,0.8459525555372238,0.017464756315322877,4,179761.0,0.0,4,2782761.0,0.0,4
B2_with_RC,hq_first,linear_all_head,1,1125,K562,0.32099287181662417,0.010386352712581787,4,0.4150313562037781,0.006059664804866238,4,0.32197970896959305,0.0008775553607544135,4,0.17227856628550786,0.005030035595250677,4,0.3376950365864105,0.0152471173854417,4,0.4466978397019105,0.012795530813739912,4,0.26877906173467636,0.002889613833096352,4,0.19966175420095778,0.011507448660423455,4,10.75,2.217355782608345,4,0.8353050649166107,0.013654780376997654,4,179761.0,0.0,4,2782761.0,0.0,4
B2_with_RC,hq_first,linear_all_head,1,1125,SKNSH,0.3274428942690859,0.0076782520486239295,4,0.39383108893005364,0.012830384142854092,4,0.32513056695461273,0.002021184230598798,4,0.1552263906757717,0.010029739699581113,4,0.3320970798473436,0.006269080840601674,4,0.46370401090656177,0.013089724148169363,4,0.26517193764448166,0.0023583164210123427,4,0.21514991538953915,0.012160685729146761,4,10.5,1.7320508075688772,4,0.8517516404390335,0.01678950413373371,4,179761.0,0.0,4,2782761.0,0.0,4
B2_with_RC,hq_first,linear_all_head,1,1608,HepG2,0.3162534660370734,0.012496144406274863,4,0.415899415956179,0.015278355265628275,4,0.32165104150772095,0.002396838437756117,4,0.1731473952974079,0.012577111070643129,4,0.3366579865696272,0.013454435505095171,4,0.442259505755312,0.007822186153227117,4,0.27099962532520294,0.0028738711089575527,4,0.19563936037809465,0.006876083108361548,4,12.25,0.5,4,0.7535859942436218,0.03207995688583102,4,179761.0,0.0,4,2782761.0,0.0,4
B2_with_RC,hq_first,linear_all_head,1,1608,K562,0.326522247682248,0.008999304763412265,4,0.4219676441169638,0.006494564379109196,4,0.32130012661218643,0.0012850775836394988,4,0.1780883272064764,0.005475338044875044,4,0.32828625981696563,0.013523680943354216,4,0.4494597512456828,0.009365470088622293,4,0.2683470845222473,0.002101069331302567,4,0.20207985201231674,0.008463319464865072,4,8.5,1.2909944487358058,4,0.7518530040979385,0.028390259433370722,4,179761.0,0.0,4,2782761.0,0.0,4
B2_with_RC,hq_first,linear_all_head,1,1608,SKNSH,0.3296743517099033,0.00796804967112136,4,0.40588310939989164,0.012349243386735159,4,0.323789119720459,0.0020002620644379715,4,0.16485547635529302,0.009949055211427133,4,0.3408102821652208,0.0030009272244047886,4,0.4650118767925652,0.0035784320111296795,4,0.2656564339995384,0.0012516242290059295,4,0.21624564943988758,0.0033173971752252264,4,9.75,2.0615528128088303,4,0.7635253518819809,0.028542156334382382,4,179761.0,0.0,4,2782761.0,0.0,4
B2_with_RC,hq_first,linear_all_head,1,2411,HepG2,0.33015186939351127,0.012029199910029969,4,0.41437705083161996,0.007853025542327962,4,0.3225289583206177,0.0010328120153550726,4,0.17175459276353727,0.006489234188114298,4,0.3367446666150212,0.011612087521380793,4,0.4399151424437854,0.006236284086493754,4,0.27155835181474686,0.0006431879567110843,4,0.19355450098074156,0.0054815751046058524,4,8.0,2.449489742783178,4,0.7151615023612976,0.00959162919915269,4,179761.0,0.0,4,2782761.0,0.0,4
B2_with_RC,hq_first,linear_all_head,1,2411,K562,0.33759758888898733,0.0068559203070874914,4,0.4221376817704281,0.0070246677117918105,4,0.32127977162599564,0.0014289082306064532,4,0.17823723183785706,0.005954620891703673,4,0.341837274808316,0.021447894941390773,4,0.45252265348647835,0.012248849991015455,4,0.26796260476112366,0.0012983615500329908,4,0.20488927766302015,0.011154607939544406,4,6.5,2.081665999466133,4,0.7096230387687683,0.009072444254363808,4,179761.0,0.0,4,2782761.0,0.0,4
B2_with_RC,hq_first,linear_all_head,1,2411,SKNSH,0.33839151668650647,0.003993359127933691,4,0.4035999883155638,0.007262103727778725,4,0.32428083568811417,0.0013054963712693694,4,0.16293250418123803,0.005832662367509651,4,0.34454691604187154,0.01286065660839863,4,0.4575594886711878,0.00885075687448399,4,0.26707638800144196,0.0012013027210428962,4,0.20941943759597723,0.008060956241248604,4,6.5,2.0816659994661326,4,0.7229475229978561,0.009595320274196989,4,179761.0,0.0,4,2782761.0,0.0,4
B2_with_RC,hq_first,linear_all_head,1,3215,HepG2,0.3417435580249315,0.003744488364087087,4,0.4106627604669404,0.0033228676936155567,4,0.3230021968483925,0.00017633579817052114,4,0.1686521839216096,0.002726528401045227,4,0.3560849962171603,0.008681735251331557,4,0.45348635971004897,0.004617695769104515,4,0.26798391342163086,0.0008444290624485255,4,0.2056658707787339,0.004189861849508028,4,6.75,2.0615528128088303,4,0.6925733089447021,0.0007562953901685157,4,179761.0,0.0,4,2782761.0,0.0,4
B2_with_RC,hq_first,linear_all_head,1,3215,K562,0.3361708939966964,0.002757139241436014,4,0.41734292675049994,0.006211000664540443,4,0.32238589227199554,0.00032074379621150256,4,0.17420405090561436,0.005174692798143905,4,0.3452385852737795,0.018056404151134135,4,0.45040757474563303,0.009254377583990787,4,0.2679865136742592,0.0021594407296859353,4,0.2029312160165933,0.008348156242684843,4,5.5,2.3804761428476167,4,0.6899332404136658,0.0013732320228338358,4,179761.0,0.0,4,2782761.0,0.0,4
B2_with_RC,hq_first,linear_all_head,1,3215,SKNSH,0.33912931589798545,0.0029604732199210687,4,0.40265588772265265,0.0018032072013705576,4,0.32428351789712906,0.0006476225625765973,4,0.16213420258487576,0.001451192409511634,4,0.3484815271473355,0.0031286132446306687,4,0.4650459894936689,0.004413630156929866,4,0.26541154086589813,0.0011714748183391768,4,0.2162823824425172,0.0041018996404322125,4,6.0,1.1547005383792515,4,0.6980808973312378,0.002789040945296742,4,179761.0,0.0,4,2782761.0,0.0,4
B2_with_RC,hq_first,linear_all_head,2,108,HepG2,0.3100291029726999,0.0037464048324405666,4,0.3546171644679917,0.0026533888935399478,4,0.3305710628628731,0.0001843033211771992,4,0.12575861368978394,0.001885287775793335,4,0.2792473351881044,0.010858333494769109,4,0.3171826172582341,0.01576618761300833,4,0.28551869839429855,0.0025505433987402645,4,0.10079124219466987,0.010056588027701534,4,11.75,1.8929694486000914,4,1.5390410423278809,0.09665318852832198,4,179761.0,0.0,4,2782761.0,0.0,4
B2_with_RC,hq_first,linear_all_head,2,108,K562,0.3011407130746391,0.019815852807333344,4,0.376274033204145,0.022070905793427756,4,0.32788456976413727,0.002222339146754388,4,0.14194749172562077,0.01708136864363991,4,0.30124540355051194,0.011558209008434923,4,0.36258663390153245,0.0165527081372042,4,0.27972226589918137,0.002496490369879986,4,0.13167456119405052,0.012220978599392977,4,18.25,7.365459931328118,4,1.5136107504367828,0.08495260890069596,4,179761.0,0.0,4,2782761.0,0.0,4
B2_with_RC,hq_first,linear_all_head,2,108,SKNSH,0.3088736378645661,0.005882934497527032,4,0.3317635309709891,0.004213551383627024,4,0.33348488062620163,0.0006881529451037419,4,0.1100803559937853,0.002798460320891861,4,0.29002765498217625,0.004644809833562089,4,0.3473108909030802,0.007486499165498296,4,0.28063029795885086,0.0011994791377366034,4,0.12066689069220751,0.005189400106048118,4,13.0,2.160246899469287,4,1.5661229193210602,0.09479409918754231,4,179761.0,0.0,4,2782761.0,0.0,4
B2_with_RC,hq_first,linear_all_head,2,216,HepG2,0.3029461664292511,0.01832261635501571,4,0.3620257102098484,0.01323169825668615,4,0.3295360878109932,0.0020525618936333475,4,0.13119392323201215,0.009755164383199004,4,0.2774347599841645,0.003145885821562293,4,0.3322512346294435,0.02689341159992328,4,0.28409112244844437,0.0040189247245049076,4,0.11093332460340166,0.018564225419579215,4,10.5,11.030261405182864,4,1.4410488605499268,0.11262991079213065,4,179761.0,0.0,4,2782761.0,0.0,4
B2_with_RC,hq_first,linear_all_head,2,216,K562,0.2949628960857313,0.004203362787135507,4,0.38232828685620757,0.0179669228733643,4,0.3265281468629837,0.0027303828692481625,4,0.1464170266685556,0.014032194146500233,4,0.29626167170327444,0.004900974288886301,4,0.3806342456549034,0.029764475794965745,4,0.27702630311250687,0.003917095098158042,4,0.14554687197978916,0.02284686505135795,4,14.75,10.965856099730654,4,1.415117233991623,0.11546962678337068,4,179761.0,0.0,4,2782761.0,0.0,4
B2_with_RC,hq_first,linear_all_head,2,216,SKNSH,0.3134166657279833,0.007520226168631683,4,0.34979831507488346,0.023057031690549207,4,0.3312179520726204,0.0028747038201444295,4,0.12275758126201168,0.016146321847478974,4,0.2890090013528823,0.011867139041636412,4,0.37425387112118563,0.03985920084032933,4,0.27737683802843094,0.004827550010093529,4,0.1412575269679153,0.029906897685649705,4,15.5,11.61895003862225,4,1.4569434523582458,0.13163642769764372,4,179761.0,0.0,4,2782761.0,0.0,4
B2_with_RC,hq_first,linear_all_head,2,431,HepG2,0.303436652575732,0.0049345386602941445,4,0.37721421737334854,0.03291372065193794,4,0.3271862119436264,0.004851696157911469,4,0.1431030505439532,0.025087899131195093,4,0.2858111268612542,0.013961259508535807,4,0.36570778555550165,0.053496396895388654,4,0.2790724039077759,0.006232795176019198,4,0.13588858277650048,0.03914171457634813,4,10.25,8.616843969807043,4,1.3343098163604736,0.11588626821628754,4,179761.0,0.0,4,2782761.0,0.0,4
B2_with_RC,hq_first,linear_all_head,2,431,K562,0.3215232684533621,0.014071391168902362,4,0.41164803561729846,0.01468872298400367,4,0.32281842827796936,0.0025210915703463618,4,0.16961592416475624,0.012181281150693956,4,0.3053149072606425,0.004294830612052246,4,0.4214764551503842,0.007732922550572145,4,0.2716524749994278,0.0012095429094321386,4,0.17768725081451364,0.006514023848595606,4,16.75,2.217355782608345,4,1.2986041605472565,0.10496358079566438,4,179761.0,0.0,4,2782761.0,0.0,4
B2_with_RC,hq_first,linear_all_head,2,431,SKNSH,0.3279163857288864,0.01373737011525035,4,0.38437888499299583,0.005020205958621073,4,0.3273414522409439,0.0017304633272856782,4,0.14776602907935896,0.0038583627341336074,4,0.31040316855905226,0.013612268444181477,4,0.4369608455991467,0.0066749576499504516,4,0.27000895887613297,0.0012878264252285305,4,0.19096819688144284,0.005796466741528164,4,17.75,2.9860788111948193,4,1.3347020745277405,0.0980063873942752,4,179761.0,0.0,4,2782761.0,0.0,4
B2_with_RC,hq_first,linear_all_head,2,754,HepG2,0.29491027634315586,0.024059209743872163,4,0.40250505064344166,0.0065064009154639415,4,0.32366102933883667,0.0009713741251154461,4,0.16204206573313412,0.005238269763139642,4,0.31019180034096805,0.025363175328910952,4,0.42659609762442413,0.008279121357492782,4,0.27192801982164383,0.0021672700892662326,4,0.1820356383962263,0.007030087810634168,4,13.25,1.5,4,1.065920740365982,0.047048617587557184,4,179761.0,0.0,4,2782761.0,0.0,4
B2_with_RC,hq_first,linear_all_head,2,754,K562,0.3224552164763185,0.003017341408660635,4,0.4156065908408049,0.004479602738338649,4,0.32143379002809525,0.0008088097233576675,4,0.17274388848083624,0.0037090477016982894,4,0.3233144000036075,0.011489802617753661,4,0.43788670159316107,0.0068555358622947975,4,0.26949159801006317,0.0010869650388062374,4,0.19178001221110752,0.00602106953672244,4,13.0,1.632993161855452,4,1.0513121485710144,0.04676120116884715,4,179761.0,0.0,4,2782761.0,0.0,4
B2_with_RC,hq_first,linear_all_head,2,754,SKNSH,0.3253743596624404,0.004563249388960632,4,0.39401693665087156,0.004439684021147,4,0.3248911574482918,0.0005772040039419449,4,0.15526412946339266,0.0034888744280939807,4,0.32971114082632813,0.009663605652144457,4,0.4574279845310281,0.004700260881197122,4,0.26630521565675735,0.0011450961843441898,4,0.209256930371382,0.004302108162004867,4,13.75,0.9574271077563381,4,1.0739336013793945,0.04387869174933104,4,179761.0,0.0,4,2782761.0,0.0,4
B2_with_RC,hq_first,linear_all_head,2,1078,HepG2,0.330849197627385,0.0085287919670248,4,0.40870758311587857,0.0090086902080138,4,0.32249249517917633,0.0013025318233907861,4,0.16710275587087076,0.007367902005095871,4,0.3335243888759428,0.012173101738951374,4,0.4334431895230443,0.009320596372361097,4,0.271617129445076,0.0026075648980132104,4,0.18793815368146202,0.00807092575551987,4,12.75,2.0615528128088303,4,0.9173712879419327,0.04628942151593703,4,179761.0,0.0,4,2782761.0,0.0,4
B2_with_RC,hq_first,linear_all_head,2,1078,K562,0.33837428739466696,0.005640013672816859,4,0.423723135676789,0.011372134888066678,4,0.32016484439373016,0.0019683682790662795,4,0.17963828979670482,0.009636397225250556,4,0.3436454247026054,0.016133709136496296,4,0.4452340778006672,0.013816372788884418,4,0.2692914828658104,0.002601030222006567,4,0.19837655315279165,0.012257782334563264,4,13.25,3.0956959368344514,4,0.9043044447898865,0.049203029178798485,4,179761.0,0.0,4,2782761.0,0.0,4
B2_with_RC,hq_first,linear_all_head,2,1078,SKNSH,0.33483290095617546,0.002678796264149978,4,0.39579108559971415,0.0026703735550552008,4,0.3246319070458412,0.0004795708831241357,4,0.1566559316113929,0.0021096009424624875,4,0.33792029065174356,0.005869128931986028,4,0.4634771404871785,0.006207386856650608,4,0.26532939076423645,0.0016481073723345566,4,0.21483995849286286,0.005766821501338725,4,12.75,3.774917217635375,4,0.9293805658817291,0.041000070647891476,4,179761.0,0.0,4,2782761.0,0.0,4
B2_with_RC,hq_first,linear_all_head,2,1616,HepG2,0.3429946983180361,0.00622535394904077,4,0.415707308439337,0.014675655240840592,4,0.32138436287641525,0.0022617348857116655,4,0.17297409743243908,0.012119892836017112,4,0.3422156705327961,0.013280341242604892,4,0.4367645560795748,0.013177440274298022,4,0.2713194191455841,0.0025251493712053685,4,0.19089351114652509,0.011428123027144702,4,10.0,1.8257418583505538,4,0.8184525817632675,0.04685229086671845,4,179761.0,0.0,4,2782761.0,0.0,4
B2_with_RC,hq_first,linear_all_head,2,1616,K562,0.35031362922186127,0.005363496742456072,4,0.43295352749123117,0.010322648823333955,4,0.3185609355568886,0.0016206196357861067,4,0.1875286747761477,0.008913050865004338,4,0.35424169735709504,0.013443634031128034,4,0.4459654704247941,0.006559383581767092,4,0.2698529064655304,0.0013006622259482267,4,0.19891746994593745,0.005842029781954617,4,12.0,2.160246899469287,4,0.804021805524826,0.042924554455473975,4,179761.0,0.0,4,2782761.0,0.0,4
B2_with_RC,hq_first,linear_all_head,2,1616,SKNSH,0.33768173741131025,0.007666113699032382,4,0.3988474862450666,0.007676060534258209,4,0.3240327164530754,0.0012233703948592114,4,0.1591235087130028,0.00610900999205488,4,0.3400000933198754,0.005778791559933839,4,0.4585730133238378,0.002591963554032511,4,0.266013003885746,0.0007821442859350052,4,0.21029424725520382,0.002371666727094812,4,9.0,1.9999999999999998,4,0.8317750990390778,0.04156685813071419,4,179761.0,0.0,4,2782761.0,0.0,4
B2_with_RC,hq_first,linear_all_head,2,2155,HepG2,0.350960463239707,0.004694080576822535,4,0.42774905966720017,0.005027745004903814,4,0.3198229894042015,0.00036925860322311113,4,0.18298821671104973,0.00430711485760078,4,0.34856462096297974,0.003490255694499664,4,0.436070644237313,0.005184667889031881,4,0.27339523285627365,0.003542978773885281,4,0.1901777673513849,0.004527363036916204,4,11.25,2.217355782608345,4,0.7727816104888916,0.0017853692765036119,4,179761.0,0.0,4,2782761.0,0.0,4
B2_with_RC,hq_first,linear_all_head,2,2155,K562,0.35215402415922786,0.0022026005702413588,4,0.43056897542813416,0.0032064570031389663,4,0.3191472366452217,0.00027403456899284783,4,0.18539735362611795,0.0027586658394445694,4,0.36612880605882503,0.014625024622066688,4,0.4504232327807595,0.001573466554453793,4,0.2692677676677704,0.0015444146796336706,4,0.20288294547641877,0.0014164780101927014,4,10.5,2.0816659994661326,4,0.769519105553627,0.0013216047992441076,4,179761.0,0.0,4,2782761.0,0.0,4
B2_with_RC,hq_first,linear_all_head,2,2155,SKNSH,0.34343091505088663,0.0035548487788277182,4,0.40539004390244276,0.0027844391354137155,4,0.32297496497631073,0.00041553313768177434,4,0.1643469025211986,0.0022586350117985497,4,0.349235976577724,0.006515456640972178,4,0.4585770782969911,0.004953494986768034,4,0.26589786261320114,0.000622355057714871,4,0.2103113395738427,0.0045431170887180955,4,7.5,1.2909944487358056,4,0.7880890220403671,0.0020277496709084878,4,179761.0,0.0,4,2782761.0,0.0,4
B2_with_RC,hq_first,linear_all_head,3,60,HepG2,0.3131449516613108,0.005749504865715505,4,0.3560906884657493,0.00469152852813073,4,0.3308452144265175,0.0007790462607970512,4,0.12681708624195906,0.0033278187900468263,4,0.28449739532492613,0.007467593589638103,4,0.3254242869001299,0.018714140735555183,4,0.2862439900636673,0.0027405702209669187,4,0.1061636308020607,0.012153431719318116,4,19.75,2.2173557826083456,4,1.530856341123581,0.34172353721705073,4,179761.0,0.0,4,2782761.0,0.0,4
B2_with_RC,hq_first,linear_all_head,3,60,K562,0.2960456704142338,0.0072289332908391166,4,0.3675522661088666,0.002657263854323953,4,0.32919295132160187,0.00035128733915344723,4,0.13509996411015673,0.0019547207209830155,4,0.3004439241834119,0.004470011521362888,4,0.3604753241276723,0.00942780258860422,4,0.28153442591428757,0.0010366491561372836,4,0.13000912190118769,0.006826886491577543,4,26.5,5.0,4,1.5165807604789734,0.3442120134475329,4,179761.0,0.0,4,2782761.0,0.0,4
B2_with_RC,hq_first,linear_all_head,3,60,SKNSH,0.30730816164136454,0.0039017588240292797,4,0.3314132631643478,0.005567679344961553,4,0.33430469036102295,0.0005600158584238399,4,0.1098580002912075,0.0036984301472140057,4,0.2936100942887725,0.0041397483821948786,4,0.34912435931955443,0.005880743782779531,4,0.2814970463514328,0.0016267631083809963,4,0.12191375563086838,0.004107707089523184,4,25.0,3.5590260840104375,4,1.5634756684303284,0.3519318556346222,4,179761.0,0.0,4,2782761.0,0.0,4
B2_with_RC,hq_first,linear_all_head,3,121,HepG2,0.3061245544071387,0.011108817660299388,4,0.3562591129677725,0.00424346737042105,4,0.3302724063396454,0.0006242178085299482,4,0.12693406083407696,0.003018400336752285,4,0.28417679619069647,0.009703846460312773,4,0.3218734499390417,0.01733872665395299,4,0.28568101674318314,0.002261805147166269,4,0.10382799135714615,0.01095573028872471,4,15.0,9.41629792788369,4,1.438804030418396,0.1618378115074466,4,179761.0,0.0,4,2782761.0,0.0,4
B2_with_RC,hq_first,linear_all_head,3,121,K562,0.29715934264083965,0.010402753761819265,4,0.37575324708222496,0.02157407961602869,4,0.32745709270238876,0.0030353114405632536,4,0.14153958337629466,0.016617922951727006,4,0.302629277433136,0.018815317064306045,4,0.36216327404302573,0.021626107012051206,4,0.27972109615802765,0.003186548124276985,4,0.1315130034439363,0.016109955733630138,4,17.5,7.681145747868609,4,1.4161727130413055,0.17789666789245825,4,179761.0,0.0,4,2782761.0,0.0,4
B2_with_RC,hq_first,linear_all_head,3,121,SKNSH,0.3099910427231577,0.00632439134677006,4,0.3337318779512184,0.007837568781376763,4,0.33340834081172943,0.0008128983728585611,4,0.11142303697414906,0.005272007912329142,4,0.2890346706833566,0.004095164935706264,4,0.35269328310432313,0.020579569933148138,4,0.2801792100071907,0.002368147841401408,4,0.12471019097088121,0.014913892313602588,4,16.0,8.831760866327848,4,1.4666660130023956,0.16948524151763358,4,179761.0,0.0,4,2782761.0,0.0,4
B2_with_RC,hq_first,linear_all_head,3,242,HepG2,0.3037590507283472,0.017991313870404573,4,0.36278958597539085,0.015178053477924199,4,0.3293810337781906,0.002291071433485863,4,0.13178906367272955,0.011241025935759623,4,0.27792127243893094,0.004992925872326207,4,0.33583167651417584,0.026693558019683542,4,0.2834423780441284,0.004110709150904814,4,0.1133173244801347,0.0186146508075428,4,10.25,10.531698185319717,4,1.432267427444458,0.10215798807665473,4,179761.0,0.0,4,2782761.0,0.0,4
B2_with_RC,hq_first,linear_all_head,3,242,K562,0.2851405786997286,0.0102525562864246,4,0.37939193225830764,0.01546411473421398,4,0.32711031287908554,0.002198345181618116,4,0.144117592396077,0.011962012112260136,4,0.2950609041426039,0.005154901425691326,4,0.38136602083069826,0.030122844863714783,4,0.2765854075551033,0.004162049100734198,4,0.14612058118125315,0.023048630536287543,4,14.75,10.5,4,1.4126305282115936,0.10142060929148909,4,179761.0,0.0,4,2782761.0,0.0,4
B2_with_RC,hq_first,linear_all_head,3,242,SKNSH,0.31309840700909614,0.0074180933969859265,4,0.3490385924286718,0.02120537535038757,4,0.331643745303154,0.002308413943873898,4,0.12216518996240158,0.014827343786558174,4,0.2951493205896106,0.017652397918899145,4,0.38399085574936015,0.0506279883454085,4,0.2764933332800865,0.00556540149369462,4,0.14937137220205304,0.03969898750470068,4,15.25,11.265729744080792,4,1.452763944864273,0.11588382645224661,4,179761.0,0.0,4,2782761.0,0.0,4
B2_with_RC,hq_first,linear_all_head,3,423,HepG2,0.3061581480950095,0.009995894740381645,4,0.37517705428045045,0.03109668501452792,4,0.3274785652756691,0.004576024479305197,4,0.14148307492272563,0.023678396897218176,4,0.2880264374172648,0.015077945177803448,4,0.36638342701038773,0.055192410719998045,4,0.27888502925634384,0.006527364075128122,4,0.13652146723868985,0.040455495331964186,4,10.0,8.246211251235321,4,1.3372156918048859,0.11029488529356543,4,179761.0,0.0,4,2782761.0,0.0,4
B2_with_RC,hq_first,linear_all_head,3,423,K562,0.323764091855411,0.012610067398363298,4,0.41416503975490937,0.014561958060151927,4,0.3227389231324196,0.002788788952825356,4,0.17169171812209488,0.01208433791563414,4,0.3109437266240256,0.005273100166403472,4,0.4239486479162598,0.004238473042785851,4,0.27143728733062744,0.0005422042352642291,4,0.17974592956032562,0.0035952254224957906,4,17.0,2.160246899469287,4,1.2987351417541504,0.1039530991848627,4,179761.0,0.0,4,2782761.0,0.0,4
B2_with_RC,hq_first,linear_all_head,3,423,SKNSH,0.33274713730786365,0.0025180628607474227,4,0.3861956229667786,0.005595269870466226,4,0.32709409296512604,0.0016533664431598023,4,0.14917053948239073,0.004301411603847968,4,0.31077077327575287,0.01785086318342407,4,0.433310673594159,0.01239553839912483,4,0.2704664245247841,0.0028239458810013795,4,0.1878733768797769,0.010843262524227043,4,17.75,2.5,4,1.3331287801265717,0.08935766577085343,4,179761.0,0.0,4,2782761.0,0.0,4
B2_with_RC,hq_first,linear_all_head,3,604,HepG2,0.2764733035448393,0.015401856050185335,4,0.3824357550416933,0.0045241371637644145,4,0.3266642093658447,0.0006096724659192187,4,0.14627245759711746,0.0034468970720871314,4,0.30238577493719365,0.005064625514112219,4,0.42116148258567376,0.009332406027017527,4,0.2720602676272392,0.0006720827409197562,4,0.17744231476545264,0.007857427668834446,4,14.5,1.0,4,1.216397762298584,0.02197797938846475,4,179761.0,0.0,4,2782761.0,0.0,4
B2_with_RC,hq_first,linear_all_head,3,604,K562,0.32959280406943914,0.008572694994853764,4,0.41085119685244825,0.002443072444251399,4,0.32256537675857544,0.0003985455885288649,4,0.16880318240731507,0.0020069265561928297,4,0.32655489665701876,0.010663218977462434,4,0.438681264330839,0.004694766081793772,4,0.26887422800064087,0.0007610754031467745,4,0.1924577822963255,0.004107136330406184,4,14.0,0.816496580927726,4,1.1860735714435577,0.021996778446157196,4,179761.0,0.0,4,2782761.0,0.0,4
B2_with_RC,hq_first,linear_all_head,3,604,SKNSH,0.32651960373459155,0.004354924807772543,4,0.37842683180698183,0.004747619185847401,4,0.3274836093187332,0.0008046836708642767,4,0.1432237719474201,0.0036126453157656713,4,0.3164794215285075,0.005678515062142594,4,0.4419339962989236,0.008299154206098813,4,0.26857198774814606,0.001245236146230489,4,0.19535731405513945,0.007326845867814418,4,13.0,1.414213562373095,4,1.2224657833576202,0.018933601335417712,4,179761.0,0.0,4,2782761.0,0.0,4
B2_with_RC,hq_first,linear_all_head,3,906,HepG2,0.2821206202127873,0.033896274942197505,4,0.40221398251871165,0.007714043731365655,4,0.32375554740428925,0.0009966959836404945,4,0.16182071758657957,0.006186602757788386,4,0.3027589864484325,0.016202082748287685,4,0.42157454317167403,0.014199350347687233,4,0.27358122915029526,0.002553135492550707,4,0.17787631161312795,0.011926265093422919,4,13.75,1.892969448600091,4,1.013485625386238,0.05107387955722466,4,179761.0,0.0,4,2782761.0,0.0,4
B2_with_RC,hq_first,linear_all_head,3,906,K562,0.3270559622140843,0.01204705555914071,4,0.4253929600368527,0.007101589210434134,4,0.3199416697025299,0.001028166002888414,4,0.18099699487590065,0.00601718153979278,4,0.33067400475162884,0.01040989136910356,4,0.4448677552962368,0.011348854072529654,4,0.26861242204904556,0.0021743029079592043,4,0.19800391706888212,0.01001221730507293,4,13.75,1.707825127659933,4,0.989524319767952,0.04363961726255162,4,179761.0,0.0,4,2782761.0,0.0,4
B2_with_RC,hq_first,linear_all_head,3,906,SKNSH,0.32592532027362636,0.00673136005119996,4,0.3946003153097235,0.003404144249040533,4,0.3248310685157776,0.00037885136166936544,4,0.15571809999108444,0.0026881581443124318,4,0.3260591218085169,0.008175204814974114,4,0.4521339706185711,0.012401800032685255,4,0.26693709194660187,0.002198642583326859,4,0.2045404808703529,0.011258377846608342,4,12.75,0.9574271077563381,4,1.020163133740425,0.049562654567466266,4,179761.0,0.0,4,2782761.0,0.0,4
B2_with_RC,hq_first,linear_all_head,3,1208,HepG2,0.29985809488912657,0.011115485221390964,4,0.404419990599838,0.004111728677383107,4,0.32338277250528336,0.0005980803078912276,4,0.1635682085313104,0.0033232030226928097,4,0.3176049142231868,0.00793621553949496,4,0.4243311980896406,0.002635387574884102,4,0.2736010402441025,0.001345456334922443,4,0.18006217462294222,0.0022370893115839546,4,12.5,1.2909944487358056,4,0.9121007472276688,0.003373768938784607,4,179761.0,0.0,4,2782761.0,0.0,4
B2_with_RC,hq_first,linear_all_head,3,1208,K562,0.3383902029227169,0.004383782348441805,4,0.42153422569761234,0.0006407404091348249,4,0.32057035714387894,0.00011537973217929238,4,0.1776914113456895,0.000540081683793512,4,0.3402303760720526,0.00494798650963061,4,0.4468168100107288,0.001447055555778659,4,0.26867958158254623,0.0010294692118749049,4,0.1996468321854999,0.0012926043028884814,4,12.25,1.4999999999999998,4,0.8963027149438858,0.0006451331984974881,4,179761.0,0.0,4,2782761.0,0.0,4
B2_with_RC,hq_first,linear_all_head,3,1208,SKNSH,0.3225825583056216,0.006103086768872985,4,0.39657663039680047,0.0015049155137199736,4,0.32446687668561935,0.00022620208671334533,4,0.15727472235490805,0.001192058610572485,4,0.32519605398811063,0.005057859029936172,4,0.45875123559566855,0.0012031693080236001,4,0.2659618780016899,0.00035393864621446837,4,0.21045378187284042,0.0011041724886140792,4,11.5,1.0,4,0.9182244092226028,0.0012806459133803095,4,179761.0,0.0,4,2782761.0,0.0,4
