run_id,seed,split_strategy,split_pool,split_seed_base,split_seed_effective,val_seed_effective,test_seed_effective,val_is_fixed_across_seeds,test_is_fixed_across_seeds,split_val_fraction,split_test_fraction,init_head,head_idx,setting,use_rc_augmentation,use_barcode_weighting,b_cap,min_weight,train_threshold,train_size,train_fraction,unfreeze_scope,train_sampling_mode,train_pool_eligible_size,train_pool_leftover_hq_size,train_pool_lower_quality_size,train_hq_count,train_lower_quality_count,train_hq_fraction,val_size,test_size,head_lr,backbone_lr,weight_decay,train_n,train_mae,train_rmse,train_r2,train_pearson,train_spearman,train_pearson_sq,train_loss_standardized,val_n,val_mae,val_rmse,val_r2,val_pearson,val_spearman,val_pearson_sq,val_loss_standardized,test_n,test_mae,test_rmse,test_r2,test_pearson,test_spearman,test_pearson_sq,test_loss_standardized,best_epoch,best_val_loss_standardized,initial_trainable_params,total_params,final_trainable_params,frozen_epochs,initial_trainable_names,final_trainable_names,initial_trainable_conv1_params,initial_trainable_conv2_params,initial_trainable_conv3_params,initial_trainable_linear_params,initial_trainable_branched_params,initial_trainable_output_params,initial_trainable_other_params,final_trainable_conv1_params,final_trainable_conv2_params,final_trainable_conv3_params,final_trainable_linear_params,final_trainable_branched_params,final_trainable_output_params,final_trainable_other_params
20260405T043520Z_5c53f49c,17,random_all_per_seed,all_rows,7,717185,717185,717185,False,False,0.15,0.15,K562,0,B3_with_RC_weighted_bcap_8,True,True,8.0,0.1,1,134,0.04998135024244685,branched_only,random,2681,852,1829,46,88,0.34328358208955223,574,574,0.0001,2e-05,0.0001,134,0.2509917616844177,0.339838445186615,0.13172004232612178,0.36399236170459,0.300393927057418,0.13249043937928506,0.8618003129959106,574,0.2861712574958801,0.3663517236709595,0.0976074486327384,0.32403252013685396,0.23203516661087017,0.10499707410624066,1.001516580581665,574,0.2873353660106659,0.37649261951446533,0.026629509946773156,0.23370769934025118,0.1948003950446729,0.05461928873091324,1.0577293634414673,88,1.001516580581665,179761,3747661,179761,2,"[""branched.branched_layer_1.weight"", ""branched.branched_layer_1.bias"", ""branched.branched_layer_2.weight"", ""branched.branched_layer_2.bias"", ""branched.branched_layer_3.weight"", ""branched.branched_layer_3.bias"", ""output.weight"", ""output.bias""]","[""branched.branched_layer_1.weight"", ""branched.branched_layer_1.bias"", ""branched.branched_layer_2.weight"", ""branched.branched_layer_2.bias"", ""branched.branched_layer_3.weight"", ""branched.branched_layer_3.bias"", ""output.weight"", ""output.bias""]",0,0,0,0,179620,141,0,0,0,0,0,179620,141,0
20260405T043520Z_5c53f49c,19,random_all_per_seed,all_rows,7,719203,719203,719203,False,False,0.15,0.15,K562,0,B3_with_RC_weighted_bcap_8,True,True,8.0,0.1,1,134,0.04998135024244685,branched_only,random,2681,843,1838,46,88,0.34328358208955223,574,574,0.0001,2e-05,0.0001,134,0.22463935613632202,0.28127530217170715,0.20431750867152143,0.45285957021866513,0.3850895448650632,0.2050817903386341,0.7897446751594543,574,0.275946706533432,0.36491501331329346,0.12877194047352059,0.3754607337719369,0.29405506473336407,0.14097076260456126,1.3292505741119385,574,0.26049569249153137,0.34125667810440063,0.06557724097477735,0.27153844906533964,0.23475099956971085,0.07373312932081005,1.1624807119369507,265,1.3292505741119385,179761,3747661,179761,2,"[""branched.branched_layer_1.weight"", ""branched.branched_layer_1.bias"", ""branched.branched_layer_2.weight"", ""branched.branched_layer_2.bias"", ""branched.branched_layer_3.weight"", ""branched.branched_layer_3.bias"", ""output.weight"", ""output.bias""]","[""branched.branched_layer_1.weight"", ""branched.branched_layer_1.bias"", ""branched.branched_layer_2.weight"", ""branched.branched_layer_2.bias"", ""branched.branched_layer_3.weight"", ""branched.branched_layer_3.bias"", ""output.weight"", ""output.bias""]",0,0,0,0,179620,141,0,0,0,0,0,179620,141,0
20260405T043520Z_5c53f49c,23,random_all_per_seed,all_rows,7,723239,723239,723239,False,False,0.15,0.15,K562,0,B3_with_RC_weighted_bcap_8,True,True,8.0,0.1,1,134,0.04998135024244685,branched_only,random,2681,852,1829,40,94,0.29850746268656714,574,574,0.0001,2e-05,0.0001,134,0.30773070454597473,0.3961356580257416,0.14313845472755893,0.3797005242372197,0.3991764691509746,0.1441724881060195,0.8504670262336731,574,0.2796022295951843,0.3625553250312805,0.04288341363172121,0.27015455905953095,0.200601468210114,0.0729834857806496,0.7123905420303345,574,0.2819887399673462,0.37030959129333496,0.05913183714317871,0.2947207280882507,0.24153214669005924,0.08686030756486862,0.7431894540786743,71,0.7123905420303345,179761,3747661,179761,2,"[""branched.branched_layer_1.weight"", ""branched.branched_layer_1.bias"", ""branched.branched_layer_2.weight"", ""branched.branched_layer_2.bias"", ""branched.branched_layer_3.weight"", ""branched.branched_layer_3.bias"", ""output.weight"", ""output.bias""]","[""branched.branched_layer_1.weight"", ""branched.branched_layer_1.bias"", ""branched.branched_layer_2.weight"", ""branched.branched_layer_2.bias"", ""branched.branched_layer_3.weight"", ""branched.branched_layer_3.bias"", ""output.weight"", ""output.bias""]",0,0,0,0,179620,141,0,0,0,0,0,179620,141,0
20260405T043520Z_5c53f49c,31,random_all_per_seed,all_rows,7,731311,731311,731311,False,False,0.15,0.15,K562,0,B3_with_RC_weighted_bcap_8,True,True,8.0,0.1,1,134,0.04998135024244685,branched_only,random,2681,864,1817,34,100,0.2537313432835821,574,574,0.0001,2e-05,0.0001,134,0.29398372769355774,0.3697131872177124,0.041524865043714554,0.35274033823944545,0.3309445110075849,0.12442574622127839,0.9513223171234131,574,0.29383668303489685,0.387436181306839,0.07271892152509374,0.3118550208979405,0.24185552097939422,0.0972535540592549,1.0447160005569458,574,0.2755832374095917,0.36098212003707886,0.03565750133087087,0.28104245789832755,0.25161704115005223,0.07898486314153322,0.9069205522537231,22,1.0447160005569458,179761,3747661,179761,2,"[""branched.branched_layer_1.weight"", ""branched.branched_layer_1.bias"", ""branched.branched_layer_2.weight"", ""branched.branched_layer_2.bias"", ""branched.branched_layer_3.weight"", ""branched.branched_layer_3.bias"", ""output.weight"", ""output.bias""]","[""branched.branched_layer_1.weight"", ""branched.branched_layer_1.bias"", ""branched.branched_layer_2.weight"", ""branched.branched_layer_2.bias"", ""branched.branched_layer_3.weight"", ""branched.branched_layer_3.bias"", ""output.weight"", ""output.bias""]",0,0,0,0,179620,141,0,0,0,0,0,179620,141,0
20260405T043520Z_5c53f49c,17,random_all_per_seed,all_rows,7,717185,717185,717185,False,False,0.15,0.15,K562,0,B3_with_RC_weighted_bcap_8,True,True,8.0,0.1,1,268,0.0999627004848937,branched_only,random,2681,852,1829,85,183,0.31716417910447764,574,574,0.0001,2e-05,0.0001,268,0.2573282718658447,0.3383456766605377,0.12708712531923227,0.363357779956484,0.288294267585305,0.13202887625490464,0.8696557283401489,574,0.2832564115524292,0.36470091342926025,0.10572152597380546,0.32870358284645684,0.22802275458295895,0.10804604537609752,1.0104148387908936,574,0.2840536832809448,0.3729192018508911,0.04501905602313816,0.23152195643215737,0.19253250616210527,0.053602416310173776,1.0564661026000977,75,1.0104148387908936,179761,3747661,179761,2,"[""branched.branched_layer_1.weight"", ""branched.branched_layer_1.bias"", ""branched.branched_layer_2.weight"", ""branched.branched_layer_2.bias"", ""branched.branched_layer_3.weight"", ""branched.branched_layer_3.bias"", ""output.weight"", ""output.bias""]","[""branched.branched_layer_1.weight"", ""branched.branched_layer_1.bias"", ""branched.branched_layer_2.weight"", ""branched.branched_layer_2.bias"", ""branched.branched_layer_3.weight"", ""branched.branched_layer_3.bias"", ""output.weight"", ""output.bias""]",0,0,0,0,179620,141,0,0,0,0,0,179620,141,0
20260405T043520Z_5c53f49c,19,random_all_per_seed,all_rows,7,719203,719203,719203,False,False,0.15,0.15,K562,0,B3_with_RC_weighted_bcap_8,True,True,8.0,0.1,1,268,0.0999627004848937,branched_only,random,2681,843,1838,84,184,0.31343283582089554,574,574,0.0001,2e-05,0.0001,268,0.23522908985614777,0.29690366983413696,0.203098885746828,0.4527397534517623,0.3795649051816811,0.20497328435556253,0.7939276099205017,574,0.27360594272613525,0.35832223296165466,0.15996778253524346,0.4029801757226722,0.28272242740290826,0.16239302202547576,1.1563712358474731,574,0.25675293803215027,0.335254430770874,0.09815869460886262,0.31419650090554296,0.2582172603770248,0.09871944118128687,1.0122755765914917,196,1.1563712358474731,179761,3747661,179761,2,"[""branched.branched_layer_1.weight"", ""branched.branched_layer_1.bias"", ""branched.branched_layer_2.weight"", ""branched.branched_layer_2.bias"", ""branched.branched_layer_3.weight"", ""branched.branched_layer_3.bias"", ""output.weight"", ""output.bias""]","[""branched.branched_layer_1.weight"", ""branched.branched_layer_1.bias"", ""branched.branched_layer_2.weight"", ""branched.branched_layer_2.bias"", ""branched.branched_layer_3.weight"", ""branched.branched_layer_3.bias"", ""output.weight"", ""output.bias""]",0,0,0,0,179620,141,0,0,0,0,0,179620,141,0
20260405T043520Z_5c53f49c,23,random_all_per_seed,all_rows,7,723239,723239,723239,False,False,0.15,0.15,K562,0,B3_with_RC_weighted_bcap_8,True,True,8.0,0.1,1,268,0.0999627004848937,branched_only,random,2681,852,1829,85,183,0.31716417910447764,574,574,0.0001,2e-05,0.0001,268,0.2889789044857025,0.37503582239151,0.1541945072762062,0.3959298136174548,0.3899373092520581,0.15676041731115248,0.8426494598388672,574,0.27412843704223633,0.3573013246059418,0.07042262654073272,0.2779334687422771,0.20798114782526833,0.07724701304711432,0.7648402452468872,574,0.2786322832107544,0.36533239483833313,0.0842536707862449,0.301863396832865,0.2519709402478891,0.09112151034747573,0.7996092438697815,68,0.7648402452468872,179761,3747661,179761,2,"[""branched.branched_layer_1.weight"", ""branched.branched_layer_1.bias"", ""branched.branched_layer_2.weight"", ""branched.branched_layer_2.bias"", ""branched.branched_layer_3.weight"", ""branched.branched_layer_3.bias"", ""output.weight"", ""output.bias""]","[""branched.branched_layer_1.weight"", ""branched.branched_layer_1.bias"", ""branched.branched_layer_2.weight"", ""branched.branched_layer_2.bias"", ""branched.branched_layer_3.weight"", ""branched.branched_layer_3.bias"", ""output.weight"", ""output.bias""]",0,0,0,0,179620,141,0,0,0,0,0,179620,141,0
20260405T043520Z_5c53f49c,31,random_all_per_seed,all_rows,7,731311,731311,731311,False,False,0.15,0.15,K562,0,B3_with_RC_weighted_bcap_8,True,True,8.0,0.1,1,268,0.0999627004848937,branched_only,random,2681,864,1817,76,192,0.2835820895522388,574,574,0.0001,2e-05,0.0001,268,0.25268328189849854,0.3259449899196625,0.2615641762350709,0.5119561766642589,0.410725786936361,0.26209912682468584,0.7356804609298706,574,0.28522926568984985,0.3795190453529358,0.11022913584853111,0.3758854206521316,0.2832240885092238,0.1412898494588299,0.9973962306976318,574,0.2764781713485718,0.35824060440063477,0.05024957024578125,0.2732536153601503,0.20056757392219537,0.07466753830739296,0.8886898159980774,121,0.9973962306976318,179761,3747661,179761,2,"[""branched.branched_layer_1.weight"", ""branched.branched_layer_1.bias"", ""branched.branched_layer_2.weight"", ""branched.branched_layer_2.bias"", ""branched.branched_layer_3.weight"", ""branched.branched_layer_3.bias"", ""output.weight"", ""output.bias""]","[""branched.branched_layer_1.weight"", ""branched.branched_layer_1.bias"", ""branched.branched_layer_2.weight"", ""branched.branched_layer_2.bias"", ""branched.branched_layer_3.weight"", ""branched.branched_layer_3.bias"", ""output.weight"", ""output.bias""]",0,0,0,0,179620,141,0,0,0,0,0,179620,141,0
20260405T043520Z_5c53f49c,17,random_all_per_seed,all_rows,7,717185,717185,717185,False,False,0.15,0.15,K562,0,B3_with_RC_weighted_bcap_8,True,True,8.0,0.1,1,536,0.1999254009697874,branched_only,random,2681,852,1829,173,363,0.32276119402985076,574,574,0.0001,2e-05,0.0001,536,0.2563844919204712,0.32830771803855896,0.16738055900871074,0.41799156379089253,0.3254528576860244,0.1747169474003558,0.8310661911964417,574,0.2830049693584442,0.3635611832141876,0.11130240615302567,0.33592532426583505,0.22880885319220529,0.11284582348310643,1.0191271305084229,574,0.2829015254974365,0.3714468777179718,0.05254489821027819,0.24982169181490743,0.20290408193500256,0.062410877701262586,1.063816785812378,62,1.0191271305084229,179761,3747661,179761,2,"[""branched.branched_layer_1.weight"", ""branched.branched_layer_1.bias"", ""branched.branched_layer_2.weight"", ""branched.branched_layer_2.bias"", ""branched.branched_layer_3.weight"", ""branched.branched_layer_3.bias"", ""output.weight"", ""output.bias""]","[""branched.branched_layer_1.weight"", ""branched.branched_layer_1.bias"", ""branched.branched_layer_2.weight"", ""branched.branched_layer_2.bias"", ""branched.branched_layer_3.weight"", ""branched.branched_layer_3.bias"", ""output.weight"", ""output.bias""]",0,0,0,0,179620,141,0,0,0,0,0,179620,141,0
20260405T043520Z_5c53f49c,19,random_all_per_seed,all_rows,7,719203,719203,719203,False,False,0.15,0.15,K562,0,B3_with_RC_weighted_bcap_8,True,True,8.0,0.1,1,536,0.1999254009697874,branched_only,random,2681,843,1838,174,362,0.3246268656716418,574,574,0.0001,2e-05,0.0001,536,0.25295811891555786,0.32589444518089294,0.18796762467397543,0.43659768542940985,0.36465127555881005,0.19061753892231792,0.810517430305481,574,0.27283433079719543,0.35692349076271057,0.16651328122547415,0.4111696132748966,0.28916793289791204,0.16906045088062802,0.9722068905830383,574,0.2558717131614685,0.33487454056739807,0.1002013544499547,0.31982789288421637,0.26022865869294126,0.10228988106675778,0.8558007478713989,87,0.9722068905830383,179761,3747661,179761,2,"[""branched.branched_layer_1.weight"", ""branched.branched_layer_1.bias"", ""branched.branched_layer_2.weight"", ""branched.branched_layer_2.bias"", ""branched.branched_layer_3.weight"", ""branched.branched_layer_3.bias"", ""output.weight"", ""output.bias""]","[""branched.branched_layer_1.weight"", ""branched.branched_layer_1.bias"", ""branched.branched_layer_2.weight"", ""branched.branched_layer_2.bias"", ""branched.branched_layer_3.weight"", ""branched.branched_layer_3.bias"", ""output.weight"", ""output.bias""]",0,0,0,0,179620,141,0,0,0,0,0,179620,141,0
20260405T043520Z_5c53f49c,23,random_all_per_seed,all_rows,7,723239,723239,723239,False,False,0.15,0.15,K562,0,B3_with_RC_weighted_bcap_8,True,True,8.0,0.1,1,536,0.1999254009697874,branched_only,random,2681,852,1829,165,371,0.30783582089552236,574,574,0.0001,2e-05,0.0001,536,0.2786296010017395,0.3608732223510742,0.1837216472991463,0.4347813133674101,0.4053612510926105,0.18903479045349006,0.8147555589675903,574,0.27415382862091064,0.3550562560558319,0.08206782035291937,0.29774231667712453,0.20691760829890826,0.08865048714026111,0.7887008786201477,574,0.2790886461734772,0.3649756908416748,0.08604093508267219,0.31786652630624807,0.26306051653460527,0.1010391285460007,0.8333854675292969,89,0.7887008786201477,179761,3747661,179761,2,"[""branched.branched_layer_1.weight"", ""branched.branched_layer_1.bias"", ""branched.branched_layer_2.weight"", ""branched.branched_layer_2.bias"", ""branched.branched_layer_3.weight"", ""branched.branched_layer_3.bias"", ""output.weight"", ""output.bias""]","[""branched.branched_layer_1.weight"", ""branched.branched_layer_1.bias"", ""branched.branched_layer_2.weight"", ""branched.branched_layer_2.bias"", ""branched.branched_layer_3.weight"", ""branched.branched_layer_3.bias"", ""output.weight"", ""output.bias""]",0,0,0,0,179620,141,0,0,0,0,0,179620,141,0
20260405T043520Z_5c53f49c,31,random_all_per_seed,all_rows,7,731311,731311,731311,False,False,0.15,0.15,K562,0,B3_with_RC_weighted_bcap_8,True,True,8.0,0.1,1,536,0.1999254009697874,branched_only,random,2681,864,1817,157,379,0.292910447761194,574,574,0.0001,2e-05,0.0001,536,0.2502467930316925,0.32353895902633667,0.25560838990107204,0.506832307137063,0.4145221577642393,0.25687898755787814,0.7430029511451721,574,0.28167757391929626,0.37405699491500854,0.13565606829342636,0.3933139142728961,0.2923183296322394,0.15469583516066704,0.9931453466415405,574,0.2761354446411133,0.35807183384895325,0.05114409642232809,0.27390229187845894,0.18035522492500886,0.0750224654962725,0.9100759625434875,159,0.9931453466415405,179761,3747661,179761,2,"[""branched.branched_layer_1.weight"", ""branched.branched_layer_1.bias"", ""branched.branched_layer_2.weight"", ""branched.branched_layer_2.bias"", ""branched.branched_layer_3.weight"", ""branched.branched_layer_3.bias"", ""output.weight"", ""output.bias""]","[""branched.branched_layer_1.weight"", ""branched.branched_layer_1.bias"", ""branched.branched_layer_2.weight"", ""branched.branched_layer_2.bias"", ""branched.branched_layer_3.weight"", ""branched.branched_layer_3.bias"", ""output.weight"", ""output.bias""]",0,0,0,0,179620,141,0,0,0,0,0,179620,141,0
20260405T043520Z_5c53f49c,17,random_all_per_seed,all_rows,7,717185,717185,717185,False,False,0.15,0.15,K562,0,B3_with_RC_weighted_bcap_8,True,True,8.0,0.1,1,938,0.34986945169712796,branched_only,random,2681,852,1829,297,641,0.31663113006396587,574,574,0.0001,2e-05,0.0001,938,0.24774111807346344,0.3213953375816345,0.1911510018281759,0.4409613920078933,0.350342482222218,0.19444694924153894,0.8079866766929626,574,0.2822258174419403,0.36242926120758057,0.11682752132028673,0.3446155918368413,0.21139209085880528,0.1187599061370564,1.0274758338928223,574,0.2811938524246216,0.3712415397167206,0.05359216715120574,0.25234467709225217,0.17769498409579992,0.06367783605679302,1.0780482292175293,113,1.0274758338928223,179761,3747661,179761,2,"[""branched.branched_layer_1.weight"", ""branched.branched_layer_1.bias"", ""branched.branched_layer_2.weight"", ""branched.branched_layer_2.bias"", ""branched.branched_layer_3.weight"", ""branched.branched_layer_3.bias"", ""output.weight"", ""output.bias""]","[""branched.branched_layer_1.weight"", ""branched.branched_layer_1.bias"", ""branched.branched_layer_2.weight"", ""branched.branched_layer_2.bias"", ""branched.branched_layer_3.weight"", ""branched.branched_layer_3.bias"", ""output.weight"", ""output.bias""]",0,0,0,0,179620,141,0,0,0,0,0,179620,141,0
20260405T043520Z_5c53f49c,19,random_all_per_seed,all_rows,7,719203,719203,719203,False,False,0.15,0.15,K562,0,B3_with_RC_weighted_bcap_8,True,True,8.0,0.1,1,938,0.34986945169712796,branched_only,random,2681,843,1838,295,643,0.31449893390191896,574,574,0.0001,2e-05,0.0001,938,0.2601865828037262,0.3350333273410797,0.1729214286300762,0.4186316752952944,0.33826396087107247,0.1752524795605448,0.8261967301368713,574,0.27244457602500916,0.3572043180465698,0.16520120740706024,0.40895843065206017,0.2910888440879342,0.16724699800139592,0.9391628503799438,574,0.25554096698760986,0.3346482813358307,0.10141683997227113,0.3236913050712051,0.25925149799555947,0.10477606097869996,0.8242989182472229,82,0.9391628503799438,179761,3747661,179761,2,"[""branched.branched_layer_1.weight"", ""branched.branched_layer_1.bias"", ""branched.branched_layer_2.weight"", ""branched.branched_layer_2.bias"", ""branched.branched_layer_3.weight"", ""branched.branched_layer_3.bias"", ""output.weight"", ""output.bias""]","[""branched.branched_layer_1.weight"", ""branched.branched_layer_1.bias"", ""branched.branched_layer_2.weight"", ""branched.branched_layer_2.bias"", ""branched.branched_layer_3.weight"", ""branched.branched_layer_3.bias"", ""output.weight"", ""output.bias""]",0,0,0,0,179620,141,0,0,0,0,0,179620,141,0
20260405T043520Z_5c53f49c,23,random_all_per_seed,all_rows,7,723239,723239,723239,False,False,0.15,0.15,K562,0,B3_with_RC_weighted_bcap_8,True,True,8.0,0.1,1,938,0.34986945169712796,branched_only,random,2681,852,1829,292,646,0.31130063965884863,574,574,0.0001,2e-05,0.0001,938,0.2620590627193451,0.3428814113140106,0.181336983963868,0.43180876836755394,0.3853269035290697,0.18645881243910387,0.817790150642395,574,0.27252188324928284,0.3533264398574829,0.09099024699049207,0.3018061519296585,0.20282586431923014,0.0910869533425881,0.8683730363845825,574,0.2763802707195282,0.36226168274879456,0.09958312365793309,0.32338376230978905,0.247684346852944,0.10457705772563414,0.9128488302230835,76,0.8683730363845825,179761,3747661,179761,2,"[""branched.branched_layer_1.weight"", ""branched.branched_layer_1.bias"", ""branched.branched_layer_2.weight"", ""branched.branched_layer_2.bias"", ""branched.branched_layer_3.weight"", ""branched.branched_layer_3.bias"", ""output.weight"", ""output.bias""]","[""branched.branched_layer_1.weight"", ""branched.branched_layer_1.bias"", ""branched.branched_layer_2.weight"", ""branched.branched_layer_2.bias"", ""branched.branched_layer_3.weight"", ""branched.branched_layer_3.bias"", ""output.weight"", ""output.bias""]",0,0,0,0,179620,141,0,0,0,0,0,179620,141,0
20260405T043520Z_5c53f49c,31,random_all_per_seed,all_rows,7,731311,731311,731311,False,False,0.15,0.15,K562,0,B3_with_RC_weighted_bcap_8,True,True,8.0,0.1,1,938,0.34986945169712796,branched_only,random,2681,864,1817,294,644,0.31343283582089554,574,574,0.0001,2e-05,0.0001,938,0.2594296932220459,0.33645543456077576,0.22880858831714568,0.4817668120670013,0.3800494077525562,0.23209926120920132,0.7703693509101868,574,0.27710458636283875,0.37076592445373535,0.15079863857191278,0.4200692751884315,0.3015775637795431,0.1764581959573342,0.9354994297027588,574,0.2733037769794464,0.3557646870613098,0.06333213853332331,0.27267390765233035,0.19049295168319502,0.07435105991439157,0.8613299131393433,131,0.9354994297027588,179761,3747661,179761,2,"[""branched.branched_layer_1.weight"", ""branched.branched_layer_1.bias"", ""branched.branched_layer_2.weight"", ""branched.branched_layer_2.bias"", ""branched.branched_layer_3.weight"", ""branched.branched_layer_3.bias"", ""output.weight"", ""output.bias""]","[""branched.branched_layer_1.weight"", ""branched.branched_layer_1.bias"", ""branched.branched_layer_2.weight"", ""branched.branched_layer_2.bias"", ""branched.branched_layer_3.weight"", ""branched.branched_layer_3.bias"", ""output.weight"", ""output.bias""]",0,0,0,0,179620,141,0,0,0,0,0,179620,141,0
20260405T043520Z_5c53f49c,17,random_all_per_seed,all_rows,7,717185,717185,717185,False,False,0.15,0.15,K562,0,B3_with_RC_weighted_bcap_8,True,True,8.0,0.1,1,1340,0.4998135024244685,branched_only,random,2681,852,1829,436,904,0.3253731343283582,574,574,0.0001,2e-05,0.0001,1340,0.2573474049568176,0.3347429931163788,0.16388860330135413,0.4107446310425512,0.3304392452876217,0.16871115193028152,0.8354874849319458,574,0.28142738342285156,0.3600956201553345,0.12816426227714994,0.36058755862700986,0.2282877380589417,0.13002338743658728,0.9668353796005249,574,0.2779711186885834,0.36884626746177673,0.06576527667286469,0.26815068765102085,0.19426598281851531,0.07190479128771535,1.0143963098526,99,0.9668353796005249,179761,3747661,179761,2,"[""branched.branched_layer_1.weight"", ""branched.branched_layer_1.bias"", ""branched.branched_layer_2.weight"", ""branched.branched_layer_2.bias"", ""branched.branched_layer_3.weight"", ""branched.branched_layer_3.bias"", ""output.weight"", ""output.bias""]","[""branched.branched_layer_1.weight"", ""branched.branched_layer_1.bias"", ""branched.branched_layer_2.weight"", ""branched.branched_layer_2.bias"", ""branched.branched_layer_3.weight"", ""branched.branched_layer_3.bias"", ""output.weight"", ""output.bias""]",0,0,0,0,179620,141,0,0,0,0,0,179620,141,0
20260405T043520Z_5c53f49c,19,random_all_per_seed,all_rows,7,719203,719203,719203,False,False,0.15,0.15,K562,0,B3_with_RC_weighted_bcap_8,True,True,8.0,0.1,1,1340,0.4998135024244685,branched_only,random,2681,843,1838,419,921,0.3126865671641791,574,574,0.0001,2e-05,0.0001,1340,0.2560873031616211,0.33230191469192505,0.19671675142982958,0.44896715763460354,0.3715600178290873,0.20157150863449494,0.8026838302612305,574,0.26696425676345825,0.35174405574798584,0.1905277627358687,0.43688433641506963,0.3063740410064733,0.19086792340483574,0.8993574976921082,574,0.25620904564857483,0.3330937325954437,0.10974590732149525,0.33932140003911787,0.2506430435826554,0.11513901252450706,0.806513786315918,115,0.8993574976921082,179761,3747661,179761,2,"[""branched.branched_layer_1.weight"", ""branched.branched_layer_1.bias"", ""branched.branched_layer_2.weight"", ""branched.branched_layer_2.bias"", ""branched.branched_layer_3.weight"", ""branched.branched_layer_3.bias"", ""output.weight"", ""output.bias""]","[""branched.branched_layer_1.weight"", ""branched.branched_layer_1.bias"", ""branched.branched_layer_2.weight"", ""branched.branched_layer_2.bias"", ""branched.branched_layer_3.weight"", ""branched.branched_layer_3.bias"", ""output.weight"", ""output.bias""]",0,0,0,0,179620,141,0,0,0,0,0,179620,141,0
20260405T043520Z_5c53f49c,23,random_all_per_seed,all_rows,7,723239,723239,723239,False,False,0.15,0.15,K562,0,B3_with_RC_weighted_bcap_8,True,True,8.0,0.1,1,1340,0.4998135024244685,branched_only,random,2681,852,1829,414,926,0.30895522388059704,574,574,0.0001,2e-05,0.0001,1340,0.2739136219024658,0.36053258180618286,0.16128609894874057,0.4092756633342758,0.345599708131214,0.16750656859771146,0.8380880951881409,574,0.27141159772872925,0.3523319363594055,0.09610014146620616,0.3102766610756099,0.2174785852656487,0.0962716064082289,0.8003954887390137,574,0.2751399576663971,0.36087825894355774,0.10644701013974733,0.33052030736160437,0.2530664710410076,0.10924367357840943,0.8396958708763123,60,0.8003954887390137,179761,3747661,179761,2,"[""branched.branched_layer_1.weight"", ""branched.branched_layer_1.bias"", ""branched.branched_layer_2.weight"", ""branched.branched_layer_2.bias"", ""branched.branched_layer_3.weight"", ""branched.branched_layer_3.bias"", ""output.weight"", ""output.bias""]","[""branched.branched_layer_1.weight"", ""branched.branched_layer_1.bias"", ""branched.branched_layer_2.weight"", ""branched.branched_layer_2.bias"", ""branched.branched_layer_3.weight"", ""branched.branched_layer_3.bias"", ""output.weight"", ""output.bias""]",0,0,0,0,179620,141,0,0,0,0,0,179620,141,0
20260405T043520Z_5c53f49c,31,random_all_per_seed,all_rows,7,731311,731311,731311,False,False,0.15,0.15,K562,0,B3_with_RC_weighted_bcap_8,True,True,8.0,0.1,1,1340,0.4998135024244685,branched_only,random,2681,864,1817,418,922,0.3119402985074627,574,574,0.0001,2e-05,0.0001,1340,0.25586754083633423,0.3336421847343445,0.21586357365161868,0.4663826820169362,0.38542923713117117,0.21751280608531065,0.7835512757301331,574,0.27677518129348755,0.37023454904556274,0.15323102697632374,0.42584774049909624,0.3058280884110982,0.18134629808818561,0.9648489356040955,574,0.2724362015724182,0.35286834836006165,0.07852118120735652,0.2929585349803034,0.19266849216587353,0.08582470321780564,0.876457691192627,150,0.9648489356040955,179761,3747661,179761,2,"[""branched.branched_layer_1.weight"", ""branched.branched_layer_1.bias"", ""branched.branched_layer_2.weight"", ""branched.branched_layer_2.bias"", ""branched.branched_layer_3.weight"", ""branched.branched_layer_3.bias"", ""output.weight"", ""output.bias""]","[""branched.branched_layer_1.weight"", ""branched.branched_layer_1.bias"", ""branched.branched_layer_2.weight"", ""branched.branched_layer_2.bias"", ""branched.branched_layer_3.weight"", ""branched.branched_layer_3.bias"", ""output.weight"", ""output.bias""]",0,0,0,0,179620,141,0,0,0,0,0,179620,141,0
20260405T043520Z_5c53f49c,17,random_all_per_seed,all_rows,7,717185,717185,717185,False,False,0.15,0.15,K562,0,B3_with_RC_weighted_bcap_8,True,True,8.0,0.1,1,2011,0.7500932487877657,branched_only,random,2681,852,1829,647,1364,0.321730482347091,574,574,0.0001,2e-05,0.0001,2011,0.2573893368244171,0.3351660966873169,0.16435219704344073,0.4079142919713254,0.32701597339674277,0.1663940695944677,0.8352322578430176,574,0.28161755204200745,0.36091792583465576,0.12417786822513188,0.35378449704435744,0.23191974397130774,0.12516347034892897,0.9685099124908447,574,0.27867138385772705,0.36735212802886963,0.07331886591927284,0.28042839555397076,0.20125293725002916,0.07864008503297429,1.0033495426177979,59,0.9685099124908447,179761,3747661,179761,2,"[""branched.branched_layer_1.weight"", ""branched.branched_layer_1.bias"", ""branched.branched_layer_2.weight"", ""branched.branched_layer_2.bias"", ""branched.branched_layer_3.weight"", ""branched.branched_layer_3.bias"", ""output.weight"", ""output.bias""]","[""branched.branched_layer_1.weight"", ""branched.branched_layer_1.bias"", ""branched.branched_layer_2.weight"", ""branched.branched_layer_2.bias"", ""branched.branched_layer_3.weight"", ""branched.branched_layer_3.bias"", ""output.weight"", ""output.bias""]",0,0,0,0,179620,141,0,0,0,0,0,179620,141,0
20260405T043520Z_5c53f49c,19,random_all_per_seed,all_rows,7,719203,719203,719203,False,False,0.15,0.15,K562,0,B3_with_RC_weighted_bcap_8,True,True,8.0,0.1,1,2011,0.7500932487877657,branched_only,random,2681,843,1838,631,1380,0.3137742416708105,574,574,0.0001,2e-05,0.0001,2011,0.26629477739334106,0.3462986350059509,0.16052505725226118,0.4018571833611013,0.3273890799802179,0.1614891958189178,0.8390575647354126,574,0.2677505314350128,0.3521380126476288,0.1887135737114949,0.43675808363933266,0.3100227877207337,0.1907576236243023,0.8675928115844727,574,0.2543220818042755,0.33228176832199097,0.11408098820658152,0.340891416060617,0.27524252229938917,0.11620695754381269,0.7725083231925964,69,0.8675928115844727,179761,3747661,179761,2,"[""branched.branched_layer_1.weight"", ""branched.branched_layer_1.bias"", ""branched.branched_layer_2.weight"", ""branched.branched_layer_2.bias"", ""branched.branched_layer_3.weight"", ""branched.branched_layer_3.bias"", ""output.weight"", ""output.bias""]","[""branched.branched_layer_1.weight"", ""branched.branched_layer_1.bias"", ""branched.branched_layer_2.weight"", ""branched.branched_layer_2.bias"", ""branched.branched_layer_3.weight"", ""branched.branched_layer_3.bias"", ""output.weight"", ""output.bias""]",0,0,0,0,179620,141,0,0,0,0,0,179620,141,0
20260405T043520Z_5c53f49c,23,random_all_per_seed,all_rows,7,723239,723239,723239,False,False,0.15,0.15,K562,0,B3_with_RC_weighted_bcap_8,True,True,8.0,0.1,1,2011,0.7500932487877657,branched_only,random,2681,852,1829,631,1380,0.3137742416708105,574,574,0.0001,2e-05,0.0001,2011,0.26200464367866516,0.34454354643821716,0.18638092833011288,0.43390843111805005,0.3389326564955149,0.1882765265953276,0.8132144808769226,574,0.2695086598396301,0.34946969151496887,0.1107266070960734,0.33313344201238243,0.22474474501535693,0.11097789018701737,0.836634635925293,574,0.2747800052165985,0.36059537529945374,0.10784741990278113,0.33503240840848664,0.24144613499066322,0.11224671468399099,0.8907524943351746,96,0.836634635925293,179761,3747661,179761,2,"[""branched.branched_layer_1.weight"", ""branched.branched_layer_1.bias"", ""branched.branched_layer_2.weight"", ""branched.branched_layer_2.bias"", ""branched.branched_layer_3.weight"", ""branched.branched_layer_3.bias"", ""output.weight"", ""output.bias""]","[""branched.branched_layer_1.weight"", ""branched.branched_layer_1.bias"", ""branched.branched_layer_2.weight"", ""branched.branched_layer_2.bias"", ""branched.branched_layer_3.weight"", ""branched.branched_layer_3.bias"", ""output.weight"", ""output.bias""]",0,0,0,0,179620,141,0,0,0,0,0,179620,141,0
20260405T043520Z_5c53f49c,31,random_all_per_seed,all_rows,7,731311,731311,731311,False,False,0.15,0.15,K562,0,B3_with_RC_weighted_bcap_8,True,True,8.0,0.1,1,2011,0.7500932487877657,branched_only,random,2681,864,1817,633,1378,0.3147687717553456,574,574,0.0001,2e-05,0.0001,2011,0.2616759240627289,0.33993667364120483,0.17976569418223098,0.4249122560036651,0.33267427239662073,0.18055042530212423,0.8198264241218567,574,0.2768506705760956,0.36928728222846985,0.15755856650017208,0.4304111494898225,0.2948113895071253,0.18525375760515034,0.9675078988075256,574,0.270159512758255,0.3506189286708832,0.09023205744168272,0.3074297072562311,0.22630741804950902,0.09451302490365195,0.8721609115600586,75,0.9675078988075256,179761,3747661,179761,2,"[""branched.branched_layer_1.weight"", ""branched.branched_layer_1.bias"", ""branched.branched_layer_2.weight"", ""branched.branched_layer_2.bias"", ""branched.branched_layer_3.weight"", ""branched.branched_layer_3.bias"", ""output.weight"", ""output.bias""]","[""branched.branched_layer_1.weight"", ""branched.branched_layer_1.bias"", ""branched.branched_layer_2.weight"", ""branched.branched_layer_2.bias"", ""branched.branched_layer_3.weight"", ""branched.branched_layer_3.bias"", ""output.weight"", ""output.bias""]",0,0,0,0,179620,141,0,0,0,0,0,179620,141,0
20260405T043520Z_5c53f49c,17,random_all_per_seed,all_rows,7,717185,717185,717185,False,False,0.15,0.15,K562,0,B3_with_RC_weighted_bcap_8,True,True,8.0,0.1,1,2681,1.0,branched_only,random,2681,852,1829,852,1829,0.3177918687057068,574,574,0.0001,2e-05,0.0001,2681,0.2623327374458313,0.34425774216651917,0.16491117748781636,0.41269581236141384,0.3280923884466428,0.1703178335406473,0.8347773551940918,574,0.2810054421424866,0.3601515293121338,0.12789339088091922,0.358746302155348,0.2410929883911327,0.12869890931013622,0.9136371612548828,574,0.2790549695491791,0.3676473796367645,0.07182873930871125,0.27964504966193704,0.19849800478614207,0.07820135380042724,0.9520639181137085,37,0.9136371612548828,179761,3747661,179761,2,"[""branched.branched_layer_1.weight"", ""branched.branched_layer_1.bias"", ""branched.branched_layer_2.weight"", ""branched.branched_layer_2.bias"", ""branched.branched_layer_3.weight"", ""branched.branched_layer_3.bias"", ""output.weight"", ""output.bias""]","[""branched.branched_layer_1.weight"", ""branched.branched_layer_1.bias"", ""branched.branched_layer_2.weight"", ""branched.branched_layer_2.bias"", ""branched.branched_layer_3.weight"", ""branched.branched_layer_3.bias"", ""output.weight"", ""output.bias""]",0,0,0,0,179620,141,0,0,0,0,0,179620,141,0
20260405T043520Z_5c53f49c,19,random_all_per_seed,all_rows,7,719203,719203,719203,False,False,0.15,0.15,K562,0,B3_with_RC_weighted_bcap_8,True,True,8.0,0.1,1,2681,1.0,branched_only,random,2681,843,1838,843,1838,0.3144349123461395,574,574,0.0001,2e-05,0.0001,2681,0.2680424451828003,0.35024842619895935,0.15823721601227214,0.40034327237163975,0.3128744193251943,0.16027473573323292,0.8414487242698669,574,0.26684877276420593,0.35161545872688293,0.19111953515993463,0.43926070886356683,0.3039197186260927,0.19294997035132322,0.848030149936676,574,0.2547408640384674,0.33272215723991394,0.11173112443543709,0.341546147963895,0.27206455293629495,0.11665377118897485,0.7593443393707275,68,0.848030149936676,179761,3747661,179761,2,"[""branched.branched_layer_1.weight"", ""branched.branched_layer_1.bias"", ""branched.branched_layer_2.weight"", ""branched.branched_layer_2.bias"", ""branched.branched_layer_3.weight"", ""branched.branched_layer_3.bias"", ""output.weight"", ""output.bias""]","[""branched.branched_layer_1.weight"", ""branched.branched_layer_1.bias"", ""branched.branched_layer_2.weight"", ""branched.branched_layer_2.bias"", ""branched.branched_layer_3.weight"", ""branched.branched_layer_3.bias"", ""output.weight"", ""output.bias""]",0,0,0,0,179620,141,0,0,0,0,0,179620,141,0
20260405T043520Z_5c53f49c,23,random_all_per_seed,all_rows,7,723239,723239,723239,False,False,0.15,0.15,K562,0,B3_with_RC_weighted_bcap_8,True,True,8.0,0.1,1,2681,1.0,branched_only,random,2681,852,1829,852,1829,0.3177918687057068,574,574,0.0001,2e-05,0.0001,2681,0.2608126103878021,0.34142938256263733,0.19302363404183298,0.4412923616046449,0.3405114799981446,0.19473894841060468,0.8066754341125488,574,0.26834267377853394,0.3474874496459961,0.12078612510443987,0.3475610854501558,0.22706771426867273,0.1207987081192905,0.835555374622345,574,0.2749466300010681,0.35948964953422546,0.11331034944400376,0.34225580991204857,0.24695129620206055,0.11713903941855232,0.8942724466323853,90,0.835555374622345,179761,3747661,179761,2,"[""branched.branched_layer_1.weight"", ""branched.branched_layer_1.bias"", ""branched.branched_layer_2.weight"", ""branched.branched_layer_2.bias"", ""branched.branched_layer_3.weight"", ""branched.branched_layer_3.bias"", ""output.weight"", ""output.bias""]","[""branched.branched_layer_1.weight"", ""branched.branched_layer_1.bias"", ""branched.branched_layer_2.weight"", ""branched.branched_layer_2.bias"", ""branched.branched_layer_3.weight"", ""branched.branched_layer_3.bias"", ""output.weight"", ""output.bias""]",0,0,0,0,179620,141,0,0,0,0,0,179620,141,0
20260405T043520Z_5c53f49c,31,random_all_per_seed,all_rows,7,731311,731311,731311,False,False,0.15,0.15,K562,0,B3_with_RC_weighted_bcap_8,True,True,8.0,0.1,1,2681,1.0,branched_only,random,2681,864,1817,864,1817,0.32226781051846326,574,574,0.0001,2e-05,0.0001,2681,0.26005852222442627,0.33860063552856445,0.18676448491326358,0.4323409126954241,0.3528131729770442,0.1869186647903123,0.8129321932792664,574,0.2764381170272827,0.3678491711616516,0.1641072287193932,0.4299156996796293,0.2883420231851461,0.1848275088310252,0.9594409465789795,574,0.2706102430820465,0.3519687354564667,0.08321375496789585,0.3006106706930813,0.21081850259525273,0.09036677533454415,0.8783891797065735,101,0.9594409465789795,179761,3747661,179761,2,"[""branched.branched_layer_1.weight"", ""branched.branched_layer_1.bias"", ""branched.branched_layer_2.weight"", ""branched.branched_layer_2.bias"", ""branched.branched_layer_3.weight"", ""branched.branched_layer_3.bias"", ""output.weight"", ""output.bias""]","[""branched.branched_layer_1.weight"", ""branched.branched_layer_1.bias"", ""branched.branched_layer_2.weight"", ""branched.branched_layer_2.bias"", ""branched.branched_layer_3.weight"", ""branched.branched_layer_3.bias"", ""output.weight"", ""output.bias""]",0,0,0,0,179620,141,0,0,0,0,0,179620,141,0
20260405T043520Z_5c53f49c,17,random_all_per_seed,all_rows,7,717185,717185,717185,False,False,0.15,0.15,K562,0,B3_with_RC_weighted_bcap_8,True,True,8.0,0.1,1,134,0.04998135024244685,conv3_plus,random,2681,852,1829,46,88,0.34328358208955223,574,574,0.0001,2e-05,0.0001,134,0.225850448012352,0.3153872489929199,0.2521697595098936,0.5091873804101645,0.4824254591675315,0.25927178836896564,0.7422495484352112,574,0.29640626907348633,0.37863752245903015,0.03606816629269549,0.31084449934033365,0.22793839262622542,0.09662430277014268,1.0698155164718628,574,0.296793669462204,0.39073413610458374,-0.048402189242976235,0.213597006825548,0.17680516426115167,0.045623681324833194,1.1392639875411987,39,1.0698155164718628,179761,3747661,3063361,2,"[""branched.branched_layer_1.weight"", ""branched.branched_layer_1.bias"", ""branched.branched_layer_2.weight"", ""branched.branched_layer_2.bias"", ""branched.branched_layer_3.weight"", ""branched.branched_layer_3.bias"", ""output.weight"", ""output.bias""]","[""conv3.conv.weight"", ""conv3.conv.bias"", ""conv3.bn_layer.weight"", ""conv3.bn_layer.bias"", ""linear1.linear.weight"", ""linear1.linear.bias"", ""linear1.bn_layer.weight"", ""linear1.bn_layer.bias"", ""branched.branched_layer_1.weight"", ""branched.branched_layer_1.bias"", ""branched.branched_layer_2.weight"", ""branched.branched_layer_2.bias"", ""branched.branched_layer_3.weight"", ""branched.branched_layer_3.bias"", ""output.weight"", ""output.bias""]",0,0,0,0,179620,141,0,0,0,280600,2603000,179620,141,0
20260405T043520Z_5c53f49c,19,random_all_per_seed,all_rows,7,719203,719203,719203,False,False,0.15,0.15,K562,0,B3_with_RC_weighted_bcap_8,True,True,8.0,0.1,1,134,0.04998135024244685,conv3_plus,random,2681,843,1838,46,88,0.34328358208955223,574,574,0.0001,2e-05,0.0001,134,0.19609545171260834,0.24895158410072327,0.3766866699782836,0.6234653440205492,0.5947098635558842,0.38870903519466177,0.6186617612838745,574,0.2751990556716919,0.3632049262523651,0.13691839880034995,0.37126237766048426,0.252527372884354,0.13783575306611603,1.3168213367462158,574,0.26179245114326477,0.3398422598838806,0.07330720418066439,0.2961882462442298,0.22818528174254218,0.0877274772132325,1.1528640985488892,63,1.3168213367462158,179761,3747661,3063361,2,"[""branched.branched_layer_1.weight"", ""branched.branched_layer_1.bias"", ""branched.branched_layer_2.weight"", ""branched.branched_layer_2.bias"", ""branched.branched_layer_3.weight"", ""branched.branched_layer_3.bias"", ""output.weight"", ""output.bias""]","[""conv3.conv.weight"", ""conv3.conv.bias"", ""conv3.bn_layer.weight"", ""conv3.bn_layer.bias"", ""linear1.linear.weight"", ""linear1.linear.bias"", ""linear1.bn_layer.weight"", ""linear1.bn_layer.bias"", ""branched.branched_layer_1.weight"", ""branched.branched_layer_1.bias"", ""branched.branched_layer_2.weight"", ""branched.branched_layer_2.bias"", ""branched.branched_layer_3.weight"", ""branched.branched_layer_3.bias"", ""output.weight"", ""output.bias""]",0,0,0,0,179620,141,0,0,0,280600,2603000,179620,141,0
20260405T043520Z_5c53f49c,23,random_all_per_seed,all_rows,7,723239,723239,723239,False,False,0.15,0.15,K562,0,B3_with_RC_weighted_bcap_8,True,True,8.0,0.1,1,134,0.04998135024244685,conv3_plus,random,2681,852,1829,40,94,0.29850746268656714,574,574,0.0001,2e-05,0.0001,134,0.2728992998600006,0.35690566897392273,0.30444793972198114,0.5571509859390319,0.5483376610793,0.3104172211328353,0.6903613805770874,574,0.2858658730983734,0.3691748082637787,0.007614611870908727,0.2680678509200932,0.19731916408494451,0.07186037269691732,0.7386415004730225,574,0.28781041502952576,0.3762800395488739,0.028548350706524728,0.2932192664506202,0.23840828171985232,0.0859775382178398,0.7673472166061401,40,0.7386415004730225,179761,3747661,3063361,2,"[""branched.branched_layer_1.weight"", ""branched.branched_layer_1.bias"", ""branched.branched_layer_2.weight"", ""branched.branched_layer_2.bias"", ""branched.branched_layer_3.weight"", ""branched.branched_layer_3.bias"", ""output.weight"", ""output.bias""]","[""conv3.conv.weight"", ""conv3.conv.bias"", ""conv3.bn_layer.weight"", ""conv3.bn_layer.bias"", ""linear1.linear.weight"", ""linear1.linear.bias"", ""linear1.bn_layer.weight"", ""linear1.bn_layer.bias"", ""branched.branched_layer_1.weight"", ""branched.branched_layer_1.bias"", ""branched.branched_layer_2.weight"", ""branched.branched_layer_2.bias"", ""branched.branched_layer_3.weight"", ""branched.branched_layer_3.bias"", ""output.weight"", ""output.bias""]",0,0,0,0,179620,141,0,0,0,280600,2603000,179620,141,0
20260405T043520Z_5c53f49c,31,random_all_per_seed,all_rows,7,731311,731311,731311,False,False,0.15,0.15,K562,0,B3_with_RC_weighted_bcap_8,True,True,8.0,0.1,1,134,0.04998135024244685,conv3_plus,random,2681,864,1817,34,100,0.2537313432835821,574,574,0.0001,2e-05,0.0001,134,0.27447623014450073,0.34556618332862854,0.16263763245478458,0.4540815866673198,0.4247084230465998,0.20619008735031066,0.8311134576797485,574,0.29431456327438354,0.3879992663860321,0.0700215683157599,0.3116253460703791,0.2356863891453893,0.09711035631348355,1.0477550029754639,574,0.27685800194740295,0.36158838868141174,0.03241560626526374,0.2832979250209931,0.24862658909002164,0.08025771432120023,0.9099695086479187,17,1.0477550029754639,179761,3747661,3063361,2,"[""branched.branched_layer_1.weight"", ""branched.branched_layer_1.bias"", ""branched.branched_layer_2.weight"", ""branched.branched_layer_2.bias"", ""branched.branched_layer_3.weight"", ""branched.branched_layer_3.bias"", ""output.weight"", ""output.bias""]","[""conv3.conv.weight"", ""conv3.conv.bias"", ""conv3.bn_layer.weight"", ""conv3.bn_layer.bias"", ""linear1.linear.weight"", ""linear1.linear.bias"", ""linear1.bn_layer.weight"", ""linear1.bn_layer.bias"", ""branched.branched_layer_1.weight"", ""branched.branched_layer_1.bias"", ""branched.branched_layer_2.weight"", ""branched.branched_layer_2.bias"", ""branched.branched_layer_3.weight"", ""branched.branched_layer_3.bias"", ""output.weight"", ""output.bias""]",0,0,0,0,179620,141,0,0,0,280600,2603000,179620,141,0
20260405T043520Z_5c53f49c,17,random_all_per_seed,all_rows,7,717185,717185,717185,False,False,0.15,0.15,K562,0,B3_with_RC_weighted_bcap_8,True,True,8.0,0.1,1,268,0.0999627004848937,conv3_plus,random,2681,852,1829,85,183,0.31716417910447764,574,574,0.0001,2e-05,0.0001,268,0.23864716291427612,0.3174167275428772,0.23173828432378107,0.49062569842005904,0.41382276092667375,0.24071357595017073,0.7653949856758118,574,0.287991464138031,0.37043511867523193,0.07737895864559652,0.32080484504587087,0.22924138668455124,0.10291574860490522,1.0424383878707886,574,0.2889905869960785,0.38070935010910034,0.004703856731710365,0.22449978925708344,0.1972610898580384,0.05040015537647488,1.1010656356811523,26,1.0424383878707886,179761,3747661,3063361,2,"[""branched.branched_layer_1.weight"", ""branched.branched_layer_1.bias"", ""branched.branched_layer_2.weight"", ""branched.branched_layer_2.bias"", ""branched.branched_layer_3.weight"", ""branched.branched_layer_3.bias"", ""output.weight"", ""output.bias""]","[""conv3.conv.weight"", ""conv3.conv.bias"", ""conv3.bn_layer.weight"", ""conv3.bn_layer.bias"", ""linear1.linear.weight"", ""linear1.linear.bias"", ""linear1.bn_layer.weight"", ""linear1.bn_layer.bias"", ""branched.branched_layer_1.weight"", ""branched.branched_layer_1.bias"", ""branched.branched_layer_2.weight"", ""branched.branched_layer_2.bias"", ""branched.branched_layer_3.weight"", ""branched.branched_layer_3.bias"", ""output.weight"", ""output.bias""]",0,0,0,0,179620,141,0,0,0,280600,2603000,179620,141,0
20260405T043520Z_5c53f49c,19,random_all_per_seed,all_rows,7,719203,719203,719203,False,False,0.15,0.15,K562,0,B3_with_RC_weighted_bcap_8,True,True,8.0,0.1,1,268,0.0999627004848937,conv3_plus,random,2681,843,1838,84,184,0.31343283582089554,574,574,0.0001,2e-05,0.0001,268,0.2048700749874115,0.2627759575843811,0.37577013573484497,0.6330647014817467,0.5417277165839028,0.400770916262173,0.6219005584716797,574,0.27639099955558777,0.3630022704601288,0.13788114861766576,0.3734032447850828,0.23578892549983957,0.13942998321602845,1.1867752075195312,574,0.2599804103374481,0.3383830487728119,0.0812481203007519,0.3066017741434379,0.22091776208329827,0.09400464790790372,1.0312570333480835,38,1.1867752075195312,179761,3747661,3063361,2,"[""branched.branched_layer_1.weight"", ""branched.branched_layer_1.bias"", ""branched.branched_layer_2.weight"", ""branched.branched_layer_2.bias"", ""branched.branched_layer_3.weight"", ""branched.branched_layer_3.bias"", ""output.weight"", ""output.bias""]","[""conv3.conv.weight"", ""conv3.conv.bias"", ""conv3.bn_layer.weight"", ""conv3.bn_layer.bias"", ""linear1.linear.weight"", ""linear1.linear.bias"", ""linear1.bn_layer.weight"", ""linear1.bn_layer.bias"", ""branched.branched_layer_1.weight"", ""branched.branched_layer_1.bias"", ""branched.branched_layer_2.weight"", ""branched.branched_layer_2.bias"", ""branched.branched_layer_3.weight"", ""branched.branched_layer_3.bias"", ""output.weight"", ""output.bias""]",0,0,0,0,179620,141,0,0,0,280600,2603000,179620,141,0
20260405T043520Z_5c53f49c,23,random_all_per_seed,all_rows,7,723239,723239,723239,False,False,0.15,0.15,K562,0,B3_with_RC_weighted_bcap_8,True,True,8.0,0.1,1,268,0.0999627004848937,conv3_plus,random,2681,852,1829,85,183,0.31716417910447764,574,574,0.0001,2e-05,0.0001,268,0.2728089988231659,0.35303279757499695,0.2505285086529222,0.5076280792719673,0.4806161200115671,0.25768626686534674,0.7466748952865601,574,0.2801256775856018,0.36246258020401,0.04337293683824728,0.2673546750736078,0.19014571116777773,0.07147852228371439,0.7870962023735046,574,0.2820878326892853,0.36968469619750977,0.062304555016058805,0.29550464248488906,0.23954991173806214,0.0873229937301221,0.8187747597694397,26,0.7870962023735046,179761,3747661,3063361,2,"[""branched.branched_layer_1.weight"", ""branched.branched_layer_1.bias"", ""branched.branched_layer_2.weight"", ""branched.branched_layer_2.bias"", ""branched.branched_layer_3.weight"", ""branched.branched_layer_3.bias"", ""output.weight"", ""output.bias""]","[""conv3.conv.weight"", ""conv3.conv.bias"", ""conv3.bn_layer.weight"", ""conv3.bn_layer.bias"", ""linear1.linear.weight"", ""linear1.linear.bias"", ""linear1.bn_layer.weight"", ""linear1.bn_layer.bias"", ""branched.branched_layer_1.weight"", ""branched.branched_layer_1.bias"", ""branched.branched_layer_2.weight"", ""branched.branched_layer_2.bias"", ""branched.branched_layer_3.weight"", ""branched.branched_layer_3.bias"", ""output.weight"", ""output.bias""]",0,0,0,0,179620,141,0,0,0,280600,2603000,179620,141,0
20260405T043520Z_5c53f49c,31,random_all_per_seed,all_rows,7,731311,731311,731311,False,False,0.15,0.15,K562,0,B3_with_RC_weighted_bcap_8,True,True,8.0,0.1,1,268,0.0999627004848937,conv3_plus,random,2681,864,1817,76,192,0.2835820895522388,574,574,0.0001,2e-05,0.0001,268,0.26557713747024536,0.3415461778640747,0.1891826782047159,0.44916541783169955,0.34275264291090857,0.20174957257592524,0.8077918887138367,574,0.29054680466651917,0.3849228322505951,0.08471073430147169,0.3123841560976334,0.24052402560194336,0.0975838609808306,1.026001214981079,574,0.27471980452537537,0.3599264621734619,0.04128955381498589,0.2822100448777986,0.2460327242076706,0.0796425094299291,0.8970736861228943,11,1.026001214981079,179761,3747661,3063361,2,"[""branched.branched_layer_1.weight"", ""branched.branched_layer_1.bias"", ""branched.branched_layer_2.weight"", ""branched.branched_layer_2.bias"", ""branched.branched_layer_3.weight"", ""branched.branched_layer_3.bias"", ""output.weight"", ""output.bias""]","[""conv3.conv.weight"", ""conv3.conv.bias"", ""conv3.bn_layer.weight"", ""conv3.bn_layer.bias"", ""linear1.linear.weight"", ""linear1.linear.bias"", ""linear1.bn_layer.weight"", ""linear1.bn_layer.bias"", ""branched.branched_layer_1.weight"", ""branched.branched_layer_1.bias"", ""branched.branched_layer_2.weight"", ""branched.branched_layer_2.bias"", ""branched.branched_layer_3.weight"", ""branched.branched_layer_3.bias"", ""output.weight"", ""output.bias""]",0,0,0,0,179620,141,0,0,0,280600,2603000,179620,141,0
20260405T043520Z_5c53f49c,17,random_all_per_seed,all_rows,7,717185,717185,717185,False,False,0.15,0.15,K562,0,B3_with_RC_weighted_bcap_8,True,True,8.0,0.1,1,536,0.1999254009697874,conv3_plus,random,2681,852,1829,173,363,0.32276119402985076,574,574,0.0001,2e-05,0.0001,536,0.24741733074188232,0.3165961503982544,0.22572432511004714,0.4848658248440505,0.4028919883719238,0.23509486810170147,0.7728312611579895,574,0.2852693796157837,0.3671548068523407,0.09364679227854766,0.32706765395476034,0.23324621597171055,0.10697325026347086,1.0393739938735962,574,0.2872944474220276,0.37522339820861816,0.0331813755896706,0.24020892598607793,0.2016527311506354,0.05770032812338507,1.085558533668518,15,1.0393739938735962,179761,3747661,3063361,2,"[""branched.branched_layer_1.weight"", ""branched.branched_layer_1.bias"", ""branched.branched_layer_2.weight"", ""branched.branched_layer_2.bias"", ""branched.branched_layer_3.weight"", ""branched.branched_layer_3.bias"", ""output.weight"", ""output.bias""]","[""conv3.conv.weight"", ""conv3.conv.bias"", ""conv3.bn_layer.weight"", ""conv3.bn_layer.bias"", ""linear1.linear.weight"", ""linear1.linear.bias"", ""linear1.bn_layer.weight"", ""linear1.bn_layer.bias"", ""branched.branched_layer_1.weight"", ""branched.branched_layer_1.bias"", ""branched.branched_layer_2.weight"", ""branched.branched_layer_2.bias"", ""branched.branched_layer_3.weight"", ""branched.branched_layer_3.bias"", ""output.weight"", ""output.bias""]",0,0,0,0,179620,141,0,0,0,280600,2603000,179620,141,0
20260405T043520Z_5c53f49c,19,random_all_per_seed,all_rows,7,719203,719203,719203,False,False,0.15,0.15,K562,0,B3_with_RC_weighted_bcap_8,True,True,8.0,0.1,1,536,0.1999254009697874,conv3_plus,random,2681,843,1838,174,362,0.3246268656716418,574,574,0.0001,2e-05,0.0001,536,0.22768829762935638,0.29714760184288025,0.3249066301465513,0.5796125545418908,0.5084943780166231,0.33595071338257626,0.6738338470458984,574,0.2739172577857971,0.3593100309371948,0.15532986942830607,0.39660517651261945,0.2689371365596411,0.15729566603660602,0.9852514863014221,574,0.25804275274276733,0.33529266715049744,0.097952967525196,0.3309651568371545,0.2634702407447024,0.10953793504024227,0.8579393625259399,24,0.9852514863014221,179761,3747661,3063361,2,"[""branched.branched_layer_1.weight"", ""branched.branched_layer_1.bias"", ""branched.branched_layer_2.weight"", ""branched.branched_layer_2.bias"", ""branched.branched_layer_3.weight"", ""branched.branched_layer_3.bias"", ""output.weight"", ""output.bias""]","[""conv3.conv.weight"", ""conv3.conv.bias"", ""conv3.bn_layer.weight"", ""conv3.bn_layer.bias"", ""linear1.linear.weight"", ""linear1.linear.bias"", ""linear1.bn_layer.weight"", ""linear1.bn_layer.bias"", ""branched.branched_layer_1.weight"", ""branched.branched_layer_1.bias"", ""branched.branched_layer_2.weight"", ""branched.branched_layer_2.bias"", ""branched.branched_layer_3.weight"", ""branched.branched_layer_3.bias"", ""output.weight"", ""output.bias""]",0,0,0,0,179620,141,0,0,0,280600,2603000,179620,141,0
20260405T043520Z_5c53f49c,23,random_all_per_seed,all_rows,7,723239,723239,723239,False,False,0.15,0.15,K562,0,B3_with_RC_weighted_bcap_8,True,True,8.0,0.1,1,536,0.1999254009697874,conv3_plus,random,2681,852,1829,165,371,0.30783582089552236,574,574,0.0001,2e-05,0.0001,536,0.281218022108078,0.3611436188220978,0.18249792834981016,0.4303304478583174,0.39589598902533896,0.18518429435394004,0.8159769773483276,574,0.277498722076416,0.3599795699119568,0.05643472835188146,0.26694822953418046,0.19437649946776833,0.0712613572514335,0.810725212097168,574,0.2808384299278259,0.36787211894989014,0.07147716600692255,0.29534711889505677,0.2323220418384299,0.0872299206396108,0.8466652035713196,13,0.810725212097168,179761,3747661,3063361,2,"[""branched.branched_layer_1.weight"", ""branched.branched_layer_1.bias"", ""branched.branched_layer_2.weight"", ""branched.branched_layer_2.bias"", ""branched.branched_layer_3.weight"", ""branched.branched_layer_3.bias"", ""output.weight"", ""output.bias""]","[""conv3.conv.weight"", ""conv3.conv.bias"", ""conv3.bn_layer.weight"", ""conv3.bn_layer.bias"", ""linear1.linear.weight"", ""linear1.linear.bias"", ""linear1.bn_layer.weight"", ""linear1.bn_layer.bias"", ""branched.branched_layer_1.weight"", ""branched.branched_layer_1.bias"", ""branched.branched_layer_2.weight"", ""branched.branched_layer_2.bias"", ""branched.branched_layer_3.weight"", ""branched.branched_layer_3.bias"", ""output.weight"", ""output.bias""]",0,0,0,0,179620,141,0,0,0,280600,2603000,179620,141,0
20260405T043520Z_5c53f49c,31,random_all_per_seed,all_rows,7,731311,731311,731311,False,False,0.15,0.15,K562,0,B3_with_RC_weighted_bcap_8,True,True,8.0,0.1,1,536,0.1999254009697874,conv3_plus,random,2681,864,1817,157,379,0.292910447761194,574,574,0.0001,2e-05,0.0001,536,0.22812625765800476,0.29925334453582764,0.36316589444643177,0.608069441782716,0.5279427163458149,0.3697484460299439,0.6356460452079773,574,0.2902335524559021,0.3836180567741394,0.09090534376617543,0.35907215017989114,0.2324843215453886,0.1289328090348103,1.0445647239685059,574,0.277924120426178,0.3606524169445038,0.037418224726537,0.2759818094882305,0.1642691383614486,0.07616595916839794,0.9232408404350281,25,1.0445647239685059,179761,3747661,3063361,2,"[""branched.branched_layer_1.weight"", ""branched.branched_layer_1.bias"", ""branched.branched_layer_2.weight"", ""branched.branched_layer_2.bias"", ""branched.branched_layer_3.weight"", ""branched.branched_layer_3.bias"", ""output.weight"", ""output.bias""]","[""conv3.conv.weight"", ""conv3.conv.bias"", ""conv3.bn_layer.weight"", ""conv3.bn_layer.bias"", ""linear1.linear.weight"", ""linear1.linear.bias"", ""linear1.bn_layer.weight"", ""linear1.bn_layer.bias"", ""branched.branched_layer_1.weight"", ""branched.branched_layer_1.bias"", ""branched.branched_layer_2.weight"", ""branched.branched_layer_2.bias"", ""branched.branched_layer_3.weight"", ""branched.branched_layer_3.bias"", ""output.weight"", ""output.bias""]",0,0,0,0,179620,141,0,0,0,280600,2603000,179620,141,0
20260405T043520Z_5c53f49c,17,random_all_per_seed,all_rows,7,717185,717185,717185,False,False,0.15,0.15,K562,0,B3_with_RC_weighted_bcap_8,True,True,8.0,0.1,1,938,0.34986945169712796,conv3_plus,random,2681,852,1829,297,641,0.31663113006396587,574,574,0.0001,2e-05,0.0001,938,0.24514944851398468,0.31691640615463257,0.21353787707402172,0.47538365392750037,0.39103958393215993,0.22598961842146145,0.7856236696243286,574,0.28103116154670715,0.3628575801849365,0.11473883564799836,0.3418654589395652,0.23538892718267476,0.11687199201595955,1.0299056768417358,574,0.2824938893318176,0.3692058026790619,0.0639431893565201,0.2666712652608113,0.21490703637429717,0.07111356371580199,1.0662575960159302,15,1.0299056768417358,179761,3747661,3063361,2,"[""branched.branched_layer_1.weight"", ""branched.branched_layer_1.bias"", ""branched.branched_layer_2.weight"", ""branched.branched_layer_2.bias"", ""branched.branched_layer_3.weight"", ""branched.branched_layer_3.bias"", ""output.weight"", ""output.bias""]","[""conv3.conv.weight"", ""conv3.conv.bias"", ""conv3.bn_layer.weight"", ""conv3.bn_layer.bias"", ""linear1.linear.weight"", ""linear1.linear.bias"", ""linear1.bn_layer.weight"", ""linear1.bn_layer.bias"", ""branched.branched_layer_1.weight"", ""branched.branched_layer_1.bias"", ""branched.branched_layer_2.weight"", ""branched.branched_layer_2.bias"", ""branched.branched_layer_3.weight"", ""branched.branched_layer_3.bias"", ""output.weight"", ""output.bias""]",0,0,0,0,179620,141,0,0,0,280600,2603000,179620,141,0
20260405T043520Z_5c53f49c,19,random_all_per_seed,all_rows,7,719203,719203,719203,False,False,0.15,0.15,K562,0,B3_with_RC_weighted_bcap_8,True,True,8.0,0.1,1,938,0.34986945169712796,conv3_plus,random,2681,843,1838,295,643,0.31449893390191896,574,574,0.0001,2e-05,0.0001,938,0.24103733897209167,0.3125605583190918,0.2801548064748258,0.5373767584990036,0.46674813428640644,0.2887737805748964,0.7190777063369751,574,0.2745124101638794,0.359296590089798,0.15539309037647597,0.39723346087949335,0.2663157999970613,0.15779442244229996,0.9501972198486328,574,0.25745639204978943,0.3361273407936096,0.0934563003252813,0.3299005046932475,0.25276484391909293,0.10883434299685942,0.8316013216972351,17,0.9501972198486328,179761,3747661,3063361,2,"[""branched.branched_layer_1.weight"", ""branched.branched_layer_1.bias"", ""branched.branched_layer_2.weight"", ""branched.branched_layer_2.bias"", ""branched.branched_layer_3.weight"", ""branched.branched_layer_3.bias"", ""output.weight"", ""output.bias""]","[""conv3.conv.weight"", ""conv3.conv.bias"", ""conv3.bn_layer.weight"", ""conv3.bn_layer.bias"", ""linear1.linear.weight"", ""linear1.linear.bias"", ""linear1.bn_layer.weight"", ""linear1.bn_layer.bias"", ""branched.branched_layer_1.weight"", ""branched.branched_layer_1.bias"", ""branched.branched_layer_2.weight"", ""branched.branched_layer_2.bias"", ""branched.branched_layer_3.weight"", ""branched.branched_layer_3.bias"", ""output.weight"", ""output.bias""]",0,0,0,0,179620,141,0,0,0,280600,2603000,179620,141,0
20260405T043520Z_5c53f49c,23,random_all_per_seed,all_rows,7,723239,723239,723239,False,False,0.15,0.15,K562,0,B3_with_RC_weighted_bcap_8,True,True,8.0,0.1,1,938,0.34986945169712796,conv3_plus,random,2681,852,1829,292,646,0.31130063965884863,574,574,0.0001,2e-05,0.0001,938,0.2568264901638031,0.3377368450164795,0.20571900022473788,0.46420132463030755,0.4223198961549547,0.21548286978853218,0.793434202671051,574,0.2738620340824127,0.3557734489440918,0.07835574787638577,0.28515487495382974,0.1938811936055273,0.08131330270993428,0.8804426789283752,574,0.27795422077178955,0.3638799488544464,0.09152055353940891,0.31274556264906767,0.24247751393716474,0.09780978695668191,0.9210226535797119,13,0.8804426789283752,179761,3747661,3063361,2,"[""branched.branched_layer_1.weight"", ""branched.branched_layer_1.bias"", ""branched.branched_layer_2.weight"", ""branched.branched_layer_2.bias"", ""branched.branched_layer_3.weight"", ""branched.branched_layer_3.bias"", ""output.weight"", ""output.bias""]","[""conv3.conv.weight"", ""conv3.conv.bias"", ""conv3.bn_layer.weight"", ""conv3.bn_layer.bias"", ""linear1.linear.weight"", ""linear1.linear.bias"", ""linear1.bn_layer.weight"", ""linear1.bn_layer.bias"", ""branched.branched_layer_1.weight"", ""branched.branched_layer_1.bias"", ""branched.branched_layer_2.weight"", ""branched.branched_layer_2.bias"", ""branched.branched_layer_3.weight"", ""branched.branched_layer_3.bias"", ""output.weight"", ""output.bias""]",0,0,0,0,179620,141,0,0,0,280600,2603000,179620,141,0
20260405T043520Z_5c53f49c,31,random_all_per_seed,all_rows,7,731311,731311,731311,False,False,0.15,0.15,K562,0,B3_with_RC_weighted_bcap_8,True,True,8.0,0.1,1,938,0.34986945169712796,conv3_plus,random,2681,864,1817,294,644,0.31343283582089554,574,574,0.0001,2e-05,0.0001,938,0.24825511872768402,0.32520365715026855,0.2795266899347638,0.5352048031631025,0.4221071971647041,0.2864441813288553,0.7197052836418152,574,0.28671523928642273,0.3818613886833191,0.09921211766900595,0.36700220456590893,0.23667690395606827,0.13469061815623726,0.9923282861709595,574,0.2731095552444458,0.3541526198387146,0.07180151315978434,0.2960250823408219,0.20238792629282687,0.0876308493748904,0.8535418510437012,16,0.9923282861709595,179761,3747661,3063361,2,"[""branched.branched_layer_1.weight"", ""branched.branched_layer_1.bias"", ""branched.branched_layer_2.weight"", ""branched.branched_layer_2.bias"", ""branched.branched_layer_3.weight"", ""branched.branched_layer_3.bias"", ""output.weight"", ""output.bias""]","[""conv3.conv.weight"", ""conv3.conv.bias"", ""conv3.bn_layer.weight"", ""conv3.bn_layer.bias"", ""linear1.linear.weight"", ""linear1.linear.bias"", ""linear1.bn_layer.weight"", ""linear1.bn_layer.bias"", ""branched.branched_layer_1.weight"", ""branched.branched_layer_1.bias"", ""branched.branched_layer_2.weight"", ""branched.branched_layer_2.bias"", ""branched.branched_layer_3.weight"", ""branched.branched_layer_3.bias"", ""output.weight"", ""output.bias""]",0,0,0,0,179620,141,0,0,0,280600,2603000,179620,141,0
20260405T043520Z_5c53f49c,17,random_all_per_seed,all_rows,7,717185,717185,717185,False,False,0.15,0.15,K562,0,B3_with_RC_weighted_bcap_8,True,True,8.0,0.1,1,1340,0.4998135024244685,conv3_plus,random,2681,852,1829,436,904,0.3253731343283582,574,574,0.0001,2e-05,0.0001,1340,0.244797021150589,0.3181587755680084,0.24468358270081592,0.5030720259329199,0.41177784933469824,0.2530814632762524,0.7547527551651001,574,0.2763189375400543,0.3584621846675873,0.1360557264054123,0.37061948419883306,0.23216924469629918,0.13735880206780907,0.9580839276313782,574,0.2791554033756256,0.3673936426639557,0.07310948514966431,0.29138337915072116,0.23420795441315667,0.08490427364529292,1.0064220428466797,15,0.9580839276313782,179761,3747661,3063361,2,"[""branched.branched_layer_1.weight"", ""branched.branched_layer_1.bias"", ""branched.branched_layer_2.weight"", ""branched.branched_layer_2.bias"", ""branched.branched_layer_3.weight"", ""branched.branched_layer_3.bias"", ""output.weight"", ""output.bias""]","[""conv3.conv.weight"", ""conv3.conv.bias"", ""conv3.bn_layer.weight"", ""conv3.bn_layer.bias"", ""linear1.linear.weight"", ""linear1.linear.bias"", ""linear1.bn_layer.weight"", ""linear1.bn_layer.bias"", ""branched.branched_layer_1.weight"", ""branched.branched_layer_1.bias"", ""branched.branched_layer_2.weight"", ""branched.branched_layer_2.bias"", ""branched.branched_layer_3.weight"", ""branched.branched_layer_3.bias"", ""output.weight"", ""output.bias""]",0,0,0,0,179620,141,0,0,0,280600,2603000,179620,141,0
20260405T043520Z_5c53f49c,19,random_all_per_seed,all_rows,7,719203,719203,719203,False,False,0.15,0.15,K562,0,B3_with_RC_weighted_bcap_8,True,True,8.0,0.1,1,1340,0.4998135024244685,conv3_plus,random,2681,843,1838,419,921,0.3126865671641791,574,574,0.0001,2e-05,0.0001,1340,0.25066834688186646,0.32657960057258606,0.2241438666515132,0.47936886464418815,0.3817353158148974,0.22979450839025797,0.7752771973609924,574,0.2713505029678345,0.3562811017036438,0.16951075421373707,0.41211767180179815,0.2850249895647833,0.1698409754113346,0.9227084517478943,574,0.25603359937667847,0.33369237184524536,0.10654305977710232,0.33801187277232336,0.2568404025964386,0.11425202613505332,0.8094152808189392,12,0.9227084517478943,179761,3747661,3063361,2,"[""branched.branched_layer_1.weight"", ""branched.branched_layer_1.bias"", ""branched.branched_layer_2.weight"", ""branched.branched_layer_2.bias"", ""branched.branched_layer_3.weight"", ""branched.branched_layer_3.bias"", ""output.weight"", ""output.bias""]","[""conv3.conv.weight"", ""conv3.conv.bias"", ""conv3.bn_layer.weight"", ""conv3.bn_layer.bias"", ""linear1.linear.weight"", ""linear1.linear.bias"", ""linear1.bn_layer.weight"", ""linear1.bn_layer.bias"", ""branched.branched_layer_1.weight"", ""branched.branched_layer_1.bias"", ""branched.branched_layer_2.weight"", ""branched.branched_layer_2.bias"", ""branched.branched_layer_3.weight"", ""branched.branched_layer_3.bias"", ""output.weight"", ""output.bias""]",0,0,0,0,179620,141,0,0,0,280600,2603000,179620,141,0
20260405T043520Z_5c53f49c,23,random_all_per_seed,all_rows,7,723239,723239,723239,False,False,0.15,0.15,K562,0,B3_with_RC_weighted_bcap_8,True,True,8.0,0.1,1,1340,0.4998135024244685,conv3_plus,random,2681,852,1829,414,926,0.30895522388059704,574,574,0.0001,2e-05,0.0001,1340,0.26986461877822876,0.3549054265022278,0.18726291888417512,0.4397368994077574,0.37357625840193165,0.19336854070074816,0.8121306896209717,574,0.2735334038734436,0.35590264201164246,0.07768621020482647,0.28936063554331753,0.20509032542724775,0.08372957740203264,0.8167008757591248,574,0.2765854597091675,0.3626948595046997,0.09742852082767539,0.31696450927180364,0.24183469466698299,0.10046650013791529,0.8481708765029907,10,0.8167008757591248,179761,3747661,3063361,2,"[""branched.branched_layer_1.weight"", ""branched.branched_layer_1.bias"", ""branched.branched_layer_2.weight"", ""branched.branched_layer_2.bias"", ""branched.branched_layer_3.weight"", ""branched.branched_layer_3.bias"", ""output.weight"", ""output.bias""]","[""conv3.conv.weight"", ""conv3.conv.bias"", ""conv3.bn_layer.weight"", ""conv3.bn_layer.bias"", ""linear1.linear.weight"", ""linear1.linear.bias"", ""linear1.bn_layer.weight"", ""linear1.bn_layer.bias"", ""branched.branched_layer_1.weight"", ""branched.branched_layer_1.bias"", ""branched.branched_layer_2.weight"", ""branched.branched_layer_2.bias"", ""branched.branched_layer_3.weight"", ""branched.branched_layer_3.bias"", ""output.weight"", ""output.bias""]",0,0,0,0,179620,141,0,0,0,280600,2603000,179620,141,0
20260405T043520Z_5c53f49c,31,random_all_per_seed,all_rows,7,731311,731311,731311,False,False,0.15,0.15,K562,0,B3_with_RC_weighted_bcap_8,True,True,8.0,0.1,1,1340,0.4998135024244685,conv3_plus,random,2681,864,1817,418,922,0.3119402985074627,574,574,0.0001,2e-05,0.0001,1340,0.25640690326690674,0.3355664312839508,0.20679260114865083,0.4590513307109541,0.3508605356753131,0.21072812422749776,0.7926154732704163,574,0.2838909924030304,0.380421906709671,0.10599068427427727,0.36843600456904335,0.2566830096029393,0.13574508946280014,1.018676996231079,574,0.26999756693840027,0.35144999623298645,0.08591405545157338,0.3024433930173186,0.23067065422723626,0.09147200597982824,0.8694260120391846,11,1.018676996231079,179761,3747661,3063361,2,"[""branched.branched_layer_1.weight"", ""branched.branched_layer_1.bias"", ""branched.branched_layer_2.weight"", ""branched.branched_layer_2.bias"", ""branched.branched_layer_3.weight"", ""branched.branched_layer_3.bias"", ""output.weight"", ""output.bias""]","[""conv3.conv.weight"", ""conv3.conv.bias"", ""conv3.bn_layer.weight"", ""conv3.bn_layer.bias"", ""linear1.linear.weight"", ""linear1.linear.bias"", ""linear1.bn_layer.weight"", ""linear1.bn_layer.bias"", ""branched.branched_layer_1.weight"", ""branched.branched_layer_1.bias"", ""branched.branched_layer_2.weight"", ""branched.branched_layer_2.bias"", ""branched.branched_layer_3.weight"", ""branched.branched_layer_3.bias"", ""output.weight"", ""output.bias""]",0,0,0,0,179620,141,0,0,0,280600,2603000,179620,141,0
20260405T043520Z_5c53f49c,17,random_all_per_seed,all_rows,7,717185,717185,717185,False,False,0.15,0.15,K562,0,B3_with_RC_weighted_bcap_8,True,True,8.0,0.1,1,2011,0.7500932487877657,conv3_plus,random,2681,852,1829,647,1364,0.321730482347091,574,574,0.0001,2e-05,0.0001,2011,0.24910040199756622,0.323312908411026,0.2224125986499027,0.47401282661215793,0.36674847051634174,0.2246881597928477,0.7772008180618286,574,0.2770634889602661,0.35847601294517517,0.13598905861867916,0.3723128220458362,0.23964712788257336,0.1386168374597345,0.955448567867279,574,0.27924054861068726,0.3661629557609558,0.07930876233877038,0.297817504728649,0.2269652912475856,0.08869526612279886,0.9968641400337219,11,0.955448567867279,179761,3747661,3063361,2,"[""branched.branched_layer_1.weight"", ""branched.branched_layer_1.bias"", ""branched.branched_layer_2.weight"", ""branched.branched_layer_2.bias"", ""branched.branched_layer_3.weight"", ""branched.branched_layer_3.bias"", ""output.weight"", ""output.bias""]","[""conv3.conv.weight"", ""conv3.conv.bias"", ""conv3.bn_layer.weight"", ""conv3.bn_layer.bias"", ""linear1.linear.weight"", ""linear1.linear.bias"", ""linear1.bn_layer.weight"", ""linear1.bn_layer.bias"", ""branched.branched_layer_1.weight"", ""branched.branched_layer_1.bias"", ""branched.branched_layer_2.weight"", ""branched.branched_layer_2.bias"", ""branched.branched_layer_3.weight"", ""branched.branched_layer_3.bias"", ""output.weight"", ""output.bias""]",0,0,0,0,179620,141,0,0,0,280600,2603000,179620,141,0
20260405T043520Z_5c53f49c,19,random_all_per_seed,all_rows,7,719203,719203,719203,False,False,0.15,0.15,K562,0,B3_with_RC_weighted_bcap_8,True,True,8.0,0.1,1,2011,0.7500932487877657,conv3_plus,random,2681,843,1838,631,1380,0.3137742416708105,574,574,0.0001,2e-05,0.0001,2011,0.25044485926628113,0.32665255665779114,0.25307273453880885,0.505029743292031,0.39513203008843123,0.25505504160961473,0.746555745601654,574,0.26884886622428894,0.3541985750198364,0.1791911249267676,0.4276066335236308,0.29538328384409307,0.18284743303341272,0.8777761459350586,574,0.256661593914032,0.3339900076389313,0.10494863702355495,0.34568229679010654,0.27467689286619584,0.1194962503140833,0.7804716229438782,14,0.8777761459350586,179761,3747661,3063361,2,"[""branched.branched_layer_1.weight"", ""branched.branched_layer_1.bias"", ""branched.branched_layer_2.weight"", ""branched.branched_layer_2.bias"", ""branched.branched_layer_3.weight"", ""branched.branched_layer_3.bias"", ""output.weight"", ""output.bias""]","[""conv3.conv.weight"", ""conv3.conv.bias"", ""conv3.bn_layer.weight"", ""conv3.bn_layer.bias"", ""linear1.linear.weight"", ""linear1.linear.bias"", ""linear1.bn_layer.weight"", ""linear1.bn_layer.bias"", ""branched.branched_layer_1.weight"", ""branched.branched_layer_1.bias"", ""branched.branched_layer_2.weight"", ""branched.branched_layer_2.bias"", ""branched.branched_layer_3.weight"", ""branched.branched_layer_3.bias"", ""output.weight"", ""output.bias""]",0,0,0,0,179620,141,0,0,0,280600,2603000,179620,141,0
20260405T043520Z_5c53f49c,23,random_all_per_seed,all_rows,7,723239,723239,723239,False,False,0.15,0.15,K562,0,B3_with_RC_weighted_bcap_8,True,True,8.0,0.1,1,2011,0.7500932487877657,conv3_plus,random,2681,852,1829,631,1380,0.3137742416708105,574,574,0.0001,2e-05,0.0001,2011,0.2576267123222351,0.33829396963119507,0.21562934692550484,0.4699717496204762,0.36923399938032153,0.22087344544133158,0.7839806079864502,574,0.2713487148284912,0.35276371240615845,0.09388335043309448,0.31284456544227623,0.21285685460064235,0.09787172212676666,0.8524808883666992,574,0.27511337399482727,0.3617444336414337,0.10215257827329371,0.3325938381962556,0.24152647140145486,0.11061866120611705,0.8964385390281677,11,0.8524808883666992,179761,3747661,3063361,2,"[""branched.branched_layer_1.weight"", ""branched.branched_layer_1.bias"", ""branched.branched_layer_2.weight"", ""branched.branched_layer_2.bias"", ""branched.branched_layer_3.weight"", ""branched.branched_layer_3.bias"", ""output.weight"", ""output.bias""]","[""conv3.conv.weight"", ""conv3.conv.bias"", ""conv3.bn_layer.weight"", ""conv3.bn_layer.bias"", ""linear1.linear.weight"", ""linear1.linear.bias"", ""linear1.bn_layer.weight"", ""linear1.bn_layer.bias"", ""branched.branched_layer_1.weight"", ""branched.branched_layer_1.bias"", ""branched.branched_layer_2.weight"", ""branched.branched_layer_2.bias"", ""branched.branched_layer_3.weight"", ""branched.branched_layer_3.bias"", ""output.weight"", ""output.bias""]",0,0,0,0,179620,141,0,0,0,280600,2603000,179620,141,0
20260405T043520Z_5c53f49c,31,random_all_per_seed,all_rows,7,731311,731311,731311,False,False,0.15,0.15,K562,0,B3_with_RC_weighted_bcap_8,True,True,8.0,0.1,1,2011,0.7500932487877657,conv3_plus,random,2681,864,1817,633,1378,0.3147687717553456,574,574,0.0001,2e-05,0.0001,2011,0.23028187453746796,0.30387941002845764,0.3445426107473125,0.5884492185090191,0.4986605050647881,0.3462724827638753,0.655131459236145,574,0.28411439061164856,0.37588468194007874,0.12718885397261637,0.39562549052950957,0.2767027097200396,0.15651952875671507,1.0023863315582275,574,0.279132217168808,0.36058974266052246,0.037752860536149124,0.2924889733876526,0.1793799913920269,0.08554979955336296,0.9224706888198853,20,1.0023863315582275,179761,3747661,3063361,2,"[""branched.branched_layer_1.weight"", ""branched.branched_layer_1.bias"", ""branched.branched_layer_2.weight"", ""branched.branched_layer_2.bias"", ""branched.branched_layer_3.weight"", ""branched.branched_layer_3.bias"", ""output.weight"", ""output.bias""]","[""conv3.conv.weight"", ""conv3.conv.bias"", ""conv3.bn_layer.weight"", ""conv3.bn_layer.bias"", ""linear1.linear.weight"", ""linear1.linear.bias"", ""linear1.bn_layer.weight"", ""linear1.bn_layer.bias"", ""branched.branched_layer_1.weight"", ""branched.branched_layer_1.bias"", ""branched.branched_layer_2.weight"", ""branched.branched_layer_2.bias"", ""branched.branched_layer_3.weight"", ""branched.branched_layer_3.bias"", ""output.weight"", ""output.bias""]",0,0,0,0,179620,141,0,0,0,280600,2603000,179620,141,0
20260405T043520Z_5c53f49c,17,random_all_per_seed,all_rows,7,717185,717185,717185,False,False,0.15,0.15,K562,0,B3_with_RC_weighted_bcap_8,True,True,8.0,0.1,1,2681,1.0,conv3_plus,random,2681,852,1829,852,1829,0.3177918687057068,574,574,0.0001,2e-05,0.0001,2681,0.25406327843666077,0.3325425982475281,0.2207804093182627,0.47318704914574894,0.3649678568996593,0.2239059834792614,0.7789288759231567,574,0.27697497606277466,0.3581247329711914,0.13768158035184153,0.37534542624020073,0.2439967339218286,0.14088418899943797,0.9033828377723694,574,0.27927902340888977,0.3668035566806793,0.07608444452395358,0.29569796918734315,0.22510395414998488,0.08743728898151894,0.9476988315582275,10,0.9033828377723694,179761,3747661,3063361,2,"[""branched.branched_layer_1.weight"", ""branched.branched_layer_1.bias"", ""branched.branched_layer_2.weight"", ""branched.branched_layer_2.bias"", ""branched.branched_layer_3.weight"", ""branched.branched_layer_3.bias"", ""output.weight"", ""output.bias""]","[""conv3.conv.weight"", ""conv3.conv.bias"", ""conv3.bn_layer.weight"", ""conv3.bn_layer.bias"", ""linear1.linear.weight"", ""linear1.linear.bias"", ""linear1.bn_layer.weight"", ""linear1.bn_layer.bias"", ""branched.branched_layer_1.weight"", ""branched.branched_layer_1.bias"", ""branched.branched_layer_2.weight"", ""branched.branched_layer_2.bias"", ""branched.branched_layer_3.weight"", ""branched.branched_layer_3.bias"", ""output.weight"", ""output.bias""]",0,0,0,0,179620,141,0,0,0,280600,2603000,179620,141,0
20260405T043520Z_5c53f49c,19,random_all_per_seed,all_rows,7,719203,719203,719203,False,False,0.15,0.15,K562,0,B3_with_RC_weighted_bcap_8,True,True,8.0,0.1,1,2681,1.0,conv3_plus,random,2681,843,1838,843,1838,0.3144349123461395,574,574,0.0001,2e-05,0.0001,2681,0.2629574239253998,0.3429289758205414,0.19305166864147505,0.44021097045099444,0.3343344651116544,0.1937856985054063,0.8066473603248596,574,0.2697671353816986,0.35465970635414124,0.17705256982718942,0.42156485783562764,0.3028355118691908,0.17771692936197295,0.8627778887748718,574,0.2541305124759674,0.3323391377925873,0.11377506385377656,0.3479827194094709,0.28391954684976206,0.12109197300761056,0.7575971484184265,9,0.8627778887748718,179761,3747661,3063361,2,"[""branched.branched_layer_1.weight"", ""branched.branched_layer_1.bias"", ""branched.branched_layer_2.weight"", ""branched.branched_layer_2.bias"", ""branched.branched_layer_3.weight"", ""branched.branched_layer_3.bias"", ""output.weight"", ""output.bias""]","[""conv3.conv.weight"", ""conv3.conv.bias"", ""conv3.bn_layer.weight"", ""conv3.bn_layer.bias"", ""linear1.linear.weight"", ""linear1.linear.bias"", ""linear1.bn_layer.weight"", ""linear1.bn_layer.bias"", ""branched.branched_layer_1.weight"", ""branched.branched_layer_1.bias"", ""branched.branched_layer_2.weight"", ""branched.branched_layer_2.bias"", ""branched.branched_layer_3.weight"", ""branched.branched_layer_3.bias"", ""output.weight"", ""output.bias""]",0,0,0,0,179620,141,0,0,0,280600,2603000,179620,141,0
20260405T043520Z_5c53f49c,23,random_all_per_seed,all_rows,7,723239,723239,723239,False,False,0.15,0.15,K562,0,B3_with_RC_weighted_bcap_8,True,True,8.0,0.1,1,2681,1.0,conv3_plus,random,2681,852,1829,852,1829,0.3177918687057068,574,574,0.0001,2e-05,0.0001,2681,0.25620248913764954,0.33511942625045776,0.22257544503631854,0.4755394869957654,0.368010298845708,0.22613780369219574,0.7771345973014832,574,0.2705889344215393,0.3514604866504669,0.1005660487105593,0.3239963443869402,0.21794849659240148,0.10497363117610076,0.8547714948654175,574,0.274301141500473,0.3606785535812378,0.10743575998676558,0.338544926584861,0.25122484982996335,0.11461266731634893,0.9001973271369934,10,0.8547714948654175,179761,3747661,3063361,2,"[""branched.branched_layer_1.weight"", ""branched.branched_layer_1.bias"", ""branched.branched_layer_2.weight"", ""branched.branched_layer_2.bias"", ""branched.branched_layer_3.weight"", ""branched.branched_layer_3.bias"", ""output.weight"", ""output.bias""]","[""conv3.conv.weight"", ""conv3.conv.bias"", ""conv3.bn_layer.weight"", ""conv3.bn_layer.bias"", ""linear1.linear.weight"", ""linear1.linear.bias"", ""linear1.bn_layer.weight"", ""linear1.bn_layer.bias"", ""branched.branched_layer_1.weight"", ""branched.branched_layer_1.bias"", ""branched.branched_layer_2.weight"", ""branched.branched_layer_2.bias"", ""branched.branched_layer_3.weight"", ""branched.branched_layer_3.bias"", ""output.weight"", ""output.bias""]",0,0,0,0,179620,141,0,0,0,280600,2603000,179620,141,0
20260405T043520Z_5c53f49c,31,random_all_per_seed,all_rows,7,731311,731311,731311,False,False,0.15,0.15,K562,0,B3_with_RC_weighted_bcap_8,True,True,8.0,0.1,1,2681,1.0,conv3_plus,random,2681,864,1817,864,1817,0.32226781051846326,574,574,0.0001,2e-05,0.0001,2681,0.24865399301052094,0.32547616958618164,0.24858608398370874,0.49952539171392574,0.392629098529043,0.24952561696695094,0.7511337399482727,574,0.28013554215431213,0.3723498582839966,0.14352741971081973,0.40773791005506577,0.2783322821359052,0.1662502032960729,0.9830626249313354,574,0.2716785967350006,0.35269972681999207,0.07940164126962523,0.31245293662021795,0.21048803111111125,0.09762683760259794,0.8820415735244751,13,0.9830626249313354,179761,3747661,3063361,2,"[""branched.branched_layer_1.weight"", ""branched.branched_layer_1.bias"", ""branched.branched_layer_2.weight"", ""branched.branched_layer_2.bias"", ""branched.branched_layer_3.weight"", ""branched.branched_layer_3.bias"", ""output.weight"", ""output.bias""]","[""conv3.conv.weight"", ""conv3.conv.bias"", ""conv3.bn_layer.weight"", ""conv3.bn_layer.bias"", ""linear1.linear.weight"", ""linear1.linear.bias"", ""linear1.bn_layer.weight"", ""linear1.bn_layer.bias"", ""branched.branched_layer_1.weight"", ""branched.branched_layer_1.bias"", ""branched.branched_layer_2.weight"", ""branched.branched_layer_2.bias"", ""branched.branched_layer_3.weight"", ""branched.branched_layer_3.bias"", ""output.weight"", ""output.bias""]",0,0,0,0,179620,141,0,0,0,280600,2603000,179620,141,0
20260405T043520Z_5c53f49c,17,random_all_per_seed,all_rows,7,717185,717185,717185,False,False,0.15,0.15,K562,0,B3_with_RC_weighted_bcap_8,True,True,8.0,0.1,1,134,0.04998135024244685,full,random,2681,852,1829,46,88,0.34328358208955223,574,574,0.0001,2e-05,0.0001,134,0.19490031898021698,0.2863020598888397,0.38374046399497297,0.6468594512052542,0.6484455587661783,0.4184271496135627,0.6116606593132019,574,0.31419527530670166,0.3986464738845825,-0.0685008827672886,0.3002068577332697,0.2198166427419634,0.09012415743008365,1.1858710050582886,574,0.31115803122520447,0.40900325775146484,-0.14873208717395836,0.20132265422124565,0.16769870885859592,0.04053081110268724,1.2482891082763672,21,1.1858710050582886,179761,3747661,3747661,2,"[""branched.branched_layer_1.weight"", ""branched.branched_layer_1.bias"", ""branched.branched_layer_2.weight"", ""branched.branched_layer_2.bias"", ""branched.branched_layer_3.weight"", ""branched.branched_layer_3.bias"", ""output.weight"", ""output.bias""]","[""conv1.conv.weight"", ""conv1.conv.bias"", ""conv1.bn_layer.weight"", ""conv1.bn_layer.bias"", ""conv2.conv.weight"", ""conv2.conv.bias"", ""conv2.bn_layer.weight"", ""conv2.bn_layer.bias"", ""conv3.conv.weight"", ""conv3.conv.bias"", ""conv3.bn_layer.weight"", ""conv3.bn_layer.bias"", ""linear1.linear.weight"", ""linear1.linear.bias"", ""linear1.bn_layer.weight"", ""linear1.bn_layer.bias"", ""branched.branched_layer_1.weight"", ""branched.branched_layer_1.bias"", ""branched.branched_layer_2.weight"", ""branched.branched_layer_2.bias"", ""branched.branched_layer_3.weight"", ""branched.branched_layer_3.bias"", ""output.weight"", ""output.bias""]",0,0,0,0,179620,141,0,23700,660600,280600,2603000,179620,141,0
20260405T043520Z_5c53f49c,19,random_all_per_seed,all_rows,7,719203,719203,719203,False,False,0.15,0.15,K562,0,B3_with_RC_weighted_bcap_8,True,True,8.0,0.1,1,134,0.04998135024244685,full,random,2681,843,1838,46,88,0.34328358208955223,574,574,0.0001,2e-05,0.0001,134,0.17046861350536346,0.22485767304897308,0.49149875957517775,0.7122904582820264,0.6273570410218898,0.5073576969596192,0.5047064423561096,574,0.28125354647636414,0.3703652620315552,0.10255281318870724,0.3419677993171405,0.24381003075070673,0.11694197576980808,1.3692537546157837,574,0.2651989459991455,0.3439502418041229,0.050768197088465805,0.2854567523579457,0.22247787517048787,0.08148555746674555,1.1809041500091553,28,1.3692537546157837,179761,3747661,3747661,2,"[""branched.branched_layer_1.weight"", ""branched.branched_layer_1.bias"", ""branched.branched_layer_2.weight"", ""branched.branched_layer_2.bias"", ""branched.branched_layer_3.weight"", ""branched.branched_layer_3.bias"", ""output.weight"", ""output.bias""]","[""conv1.conv.weight"", ""conv1.conv.bias"", ""conv1.bn_layer.weight"", ""conv1.bn_layer.bias"", ""conv2.conv.weight"", ""conv2.conv.bias"", ""conv2.bn_layer.weight"", ""conv2.bn_layer.bias"", ""conv3.conv.weight"", ""conv3.conv.bias"", ""conv3.bn_layer.weight"", ""conv3.bn_layer.bias"", ""linear1.linear.weight"", ""linear1.linear.bias"", ""linear1.bn_layer.weight"", ""linear1.bn_layer.bias"", ""branched.branched_layer_1.weight"", ""branched.branched_layer_1.bias"", ""branched.branched_layer_2.weight"", ""branched.branched_layer_2.bias"", ""branched.branched_layer_3.weight"", ""branched.branched_layer_3.bias"", ""output.weight"", ""output.bias""]",0,0,0,0,179620,141,0,23700,660600,280600,2603000,179620,141,0
20260405T043520Z_5c53f49c,23,random_all_per_seed,all_rows,7,723239,723239,723239,False,False,0.15,0.15,K562,0,B3_with_RC_weighted_bcap_8,True,True,8.0,0.1,1,134,0.04998135024244685,full,random,2681,852,1829,40,94,0.29850746268656714,574,574,0.0001,2e-05,0.0001,134,0.22311441600322723,0.31194671988487244,0.4686464563214967,0.709238909968179,0.6789681182102362,0.5030198314128507,0.5273882150650024,574,0.2978595197200775,0.3842441439628601,-0.07505528912016768,0.2594881265055259,0.19740739738449883,0.0673340877973478,0.8001734614372253,574,0.29644525051116943,0.39028090238571167,-0.045089345887532106,0.27666011338957214,0.22647207238319786,0.07654081834073091,0.8255135416984558,26,0.8001734614372253,179761,3747661,3747661,2,"[""branched.branched_layer_1.weight"", ""branched.branched_layer_1.bias"", ""branched.branched_layer_2.weight"", ""branched.branched_layer_2.bias"", ""branched.branched_layer_3.weight"", ""branched.branched_layer_3.bias"", ""output.weight"", ""output.bias""]","[""conv1.conv.weight"", ""conv1.conv.bias"", ""conv1.bn_layer.weight"", ""conv1.bn_layer.bias"", ""conv2.conv.weight"", ""conv2.conv.bias"", ""conv2.bn_layer.weight"", ""conv2.bn_layer.bias"", ""conv3.conv.weight"", ""conv3.conv.bias"", ""conv3.bn_layer.weight"", ""conv3.bn_layer.bias"", ""linear1.linear.weight"", ""linear1.linear.bias"", ""linear1.bn_layer.weight"", ""linear1.bn_layer.bias"", ""branched.branched_layer_1.weight"", ""branched.branched_layer_1.bias"", ""branched.branched_layer_2.weight"", ""branched.branched_layer_2.bias"", ""branched.branched_layer_3.weight"", ""branched.branched_layer_3.bias"", ""output.weight"", ""output.bias""]",0,0,0,0,179620,141,0,23700,660600,280600,2603000,179620,141,0
20260405T043520Z_5c53f49c,31,random_all_per_seed,all_rows,7,731311,731311,731311,False,False,0.15,0.15,K562,0,B3_with_RC_weighted_bcap_8,True,True,8.0,0.1,1,134,0.04998135024244685,full,random,2681,864,1817,34,100,0.2537313432835821,574,574,0.0001,2e-05,0.0001,134,0.2369777113199234,0.3075736463069916,0.3366400887914295,0.6315733972464866,0.5589522280610708,0.39888495610946845,0.6584094762802124,574,0.29823926091194153,0.39134785532951355,0.053900262222373985,0.3102470503422909,0.23483543393013426,0.09625323224609197,1.0659178495407104,574,0.2833186686038971,0.3689420223236084,-0.007340249271217791,0.286472761340008,0.2508594251199242,0.08206664298976918,0.9473578929901123,14,1.0659178495407104,179761,3747661,3747661,2,"[""branched.branched_layer_1.weight"", ""branched.branched_layer_1.bias"", ""branched.branched_layer_2.weight"", ""branched.branched_layer_2.bias"", ""branched.branched_layer_3.weight"", ""branched.branched_layer_3.bias"", ""output.weight"", ""output.bias""]","[""conv1.conv.weight"", ""conv1.conv.bias"", ""conv1.bn_layer.weight"", ""conv1.bn_layer.bias"", ""conv2.conv.weight"", ""conv2.conv.bias"", ""conv2.bn_layer.weight"", ""conv2.bn_layer.bias"", ""conv3.conv.weight"", ""conv3.conv.bias"", ""conv3.bn_layer.weight"", ""conv3.bn_layer.bias"", ""linear1.linear.weight"", ""linear1.linear.bias"", ""linear1.bn_layer.weight"", ""linear1.bn_layer.bias"", ""branched.branched_layer_1.weight"", ""branched.branched_layer_1.bias"", ""branched.branched_layer_2.weight"", ""branched.branched_layer_2.bias"", ""branched.branched_layer_3.weight"", ""branched.branched_layer_3.bias"", ""output.weight"", ""output.bias""]",0,0,0,0,179620,141,0,23700,660600,280600,2603000,179620,141,0
20260405T043520Z_5c53f49c,17,random_all_per_seed,all_rows,7,717185,717185,717185,False,False,0.15,0.15,K562,0,B3_with_RC_weighted_bcap_8,True,True,8.0,0.1,1,268,0.0999627004848937,full,random,2681,852,1829,85,183,0.31716417910447764,574,574,0.0001,2e-05,0.0001,268,0.20624776184558868,0.28615307807922363,0.37562362226773505,0.628365344825227,0.5422119677320486,0.3948430065773264,0.6220466494560242,574,0.3029797077178955,0.3862287402153015,-0.002970559290897734,0.3179028610280217,0.22921086535985108,0.10106222904980167,1.1332224607467651,574,0.2995414137840271,0.395045667886734,-0.07166682061416663,0.2176545441578393,0.1864004716929544,0.04737350059255682,1.1855522394180298,15,1.1332224607467651,179761,3747661,3747661,2,"[""branched.branched_layer_1.weight"", ""branched.branched_layer_1.bias"", ""branched.branched_layer_2.weight"", ""branched.branched_layer_2.bias"", ""branched.branched_layer_3.weight"", ""branched.branched_layer_3.bias"", ""output.weight"", ""output.bias""]","[""conv1.conv.weight"", ""conv1.conv.bias"", ""conv1.bn_layer.weight"", ""conv1.bn_layer.bias"", ""conv2.conv.weight"", ""conv2.conv.bias"", ""conv2.bn_layer.weight"", ""conv2.bn_layer.bias"", ""conv3.conv.weight"", ""conv3.conv.bias"", ""conv3.bn_layer.weight"", ""conv3.bn_layer.bias"", ""linear1.linear.weight"", ""linear1.linear.bias"", ""linear1.bn_layer.weight"", ""linear1.bn_layer.bias"", ""branched.branched_layer_1.weight"", ""branched.branched_layer_1.bias"", ""branched.branched_layer_2.weight"", ""branched.branched_layer_2.bias"", ""branched.branched_layer_3.weight"", ""branched.branched_layer_3.bias"", ""output.weight"", ""output.bias""]",0,0,0,0,179620,141,0,23700,660600,280600,2603000,179620,141,0
20260405T043520Z_5c53f49c,19,random_all_per_seed,all_rows,7,719203,719203,719203,False,False,0.15,0.15,K562,0,B3_with_RC_weighted_bcap_8,True,True,8.0,0.1,1,268,0.0999627004848937,full,random,2681,843,1838,84,184,0.31343283582089554,574,574,0.0001,2e-05,0.0001,268,0.17509786784648895,0.23210270702838898,0.5129946984718466,0.7282622231461257,0.6199229158397762,0.5303658656617373,0.48518815636634827,574,0.28076082468032837,0.36890873312950134,0.10959773128105554,0.3605018114894741,0.24292564063720656,0.12996155608719231,1.2257096767425537,574,0.2645346522331238,0.34218961000442505,0.060461259531808254,0.31078710657103714,0.2344537807829622,0.0965886256107972,1.0545893907546997,21,1.2257096767425537,179761,3747661,3747661,2,"[""branched.branched_layer_1.weight"", ""branched.branched_layer_1.bias"", ""branched.branched_layer_2.weight"", ""branched.branched_layer_2.bias"", ""branched.branched_layer_3.weight"", ""branched.branched_layer_3.bias"", ""output.weight"", ""output.bias""]","[""conv1.conv.weight"", ""conv1.conv.bias"", ""conv1.bn_layer.weight"", ""conv1.bn_layer.bias"", ""conv2.conv.weight"", ""conv2.conv.bias"", ""conv2.bn_layer.weight"", ""conv2.bn_layer.bias"", ""conv3.conv.weight"", ""conv3.conv.bias"", ""conv3.bn_layer.weight"", ""conv3.bn_layer.bias"", ""linear1.linear.weight"", ""linear1.linear.bias"", ""linear1.bn_layer.weight"", ""linear1.bn_layer.bias"", ""branched.branched_layer_1.weight"", ""branched.branched_layer_1.bias"", ""branched.branched_layer_2.weight"", ""branched.branched_layer_2.bias"", ""branched.branched_layer_3.weight"", ""branched.branched_layer_3.bias"", ""output.weight"", ""output.bias""]",0,0,0,0,179620,141,0,23700,660600,280600,2603000,179620,141,0
20260405T043520Z_5c53f49c,23,random_all_per_seed,all_rows,7,723239,723239,723239,False,False,0.15,0.15,K562,0,B3_with_RC_weighted_bcap_8,True,True,8.0,0.1,1,268,0.0999627004848937,full,random,2681,852,1829,85,183,0.31716417910447764,574,574,0.0001,2e-05,0.0001,268,0.2508302628993988,0.3295964300632477,0.346734031369336,0.5990213903855782,0.5467870598291399,0.3588266261394713,0.6508284211158752,574,0.2890361547470093,0.3718598783016205,-0.006873552323188203,0.26206638555855705,0.19766587875503802,0.06867879043972627,0.8284382224082947,574,0.287396103143692,0.37771379947662354,0.021131085321214216,0.28255278621490976,0.22342156006846994,0.0798360769978085,0.8547264337539673,13,0.8284382224082947,179761,3747661,3747661,2,"[""branched.branched_layer_1.weight"", ""branched.branched_layer_1.bias"", ""branched.branched_layer_2.weight"", ""branched.branched_layer_2.bias"", ""branched.branched_layer_3.weight"", ""branched.branched_layer_3.bias"", ""output.weight"", ""output.bias""]","[""conv1.conv.weight"", ""conv1.conv.bias"", ""conv1.bn_layer.weight"", ""conv1.bn_layer.bias"", ""conv2.conv.weight"", ""conv2.conv.bias"", ""conv2.bn_layer.weight"", ""conv2.bn_layer.bias"", ""conv3.conv.weight"", ""conv3.conv.bias"", ""conv3.bn_layer.weight"", ""conv3.bn_layer.bias"", ""linear1.linear.weight"", ""linear1.linear.bias"", ""linear1.bn_layer.weight"", ""linear1.bn_layer.bias"", ""branched.branched_layer_1.weight"", ""branched.branched_layer_1.bias"", ""branched.branched_layer_2.weight"", ""branched.branched_layer_2.bias"", ""branched.branched_layer_3.weight"", ""branched.branched_layer_3.bias"", ""output.weight"", ""output.bias""]",0,0,0,0,179620,141,0,23700,660600,280600,2603000,179620,141,0
20260405T043520Z_5c53f49c,31,random_all_per_seed,all_rows,7,731311,731311,731311,False,False,0.15,0.15,K562,0,B3_with_RC_weighted_bcap_8,True,True,8.0,0.1,1,268,0.0999627004848937,full,random,2681,864,1817,76,192,0.2835820895522388,574,574,0.0001,2e-05,0.0001,268,0.23004025220870972,0.3032084107398987,0.360991501593,0.6208240559256717,0.5094868511353216,0.3854225084160015,0.6366240978240967,574,0.2922723591327667,0.38629671931266785,0.07816527432191345,0.314305451902223,0.2362475798484739,0.0987879170954606,1.0333385467529297,574,0.2772483229637146,0.3617880046367645,0.031346975037860436,0.29355176595670934,0.251122539560975,0.08617263929630266,0.9063769578933716,11,1.0333385467529297,179761,3747661,3747661,2,"[""branched.branched_layer_1.weight"", ""branched.branched_layer_1.bias"", ""branched.branched_layer_2.weight"", ""branched.branched_layer_2.bias"", ""branched.branched_layer_3.weight"", ""branched.branched_layer_3.bias"", ""output.weight"", ""output.bias""]","[""conv1.conv.weight"", ""conv1.conv.bias"", ""conv1.bn_layer.weight"", ""conv1.bn_layer.bias"", ""conv2.conv.weight"", ""conv2.conv.bias"", ""conv2.bn_layer.weight"", ""conv2.bn_layer.bias"", ""conv3.conv.weight"", ""conv3.conv.bias"", ""conv3.bn_layer.weight"", ""conv3.bn_layer.bias"", ""linear1.linear.weight"", ""linear1.linear.bias"", ""linear1.bn_layer.weight"", ""linear1.bn_layer.bias"", ""branched.branched_layer_1.weight"", ""branched.branched_layer_1.bias"", ""branched.branched_layer_2.weight"", ""branched.branched_layer_2.bias"", ""branched.branched_layer_3.weight"", ""branched.branched_layer_3.bias"", ""output.weight"", ""output.bias""]",0,0,0,0,179620,141,0,23700,660600,280600,2603000,179620,141,0
20260405T043520Z_5c53f49c,17,random_all_per_seed,all_rows,7,717185,717185,717185,False,False,0.15,0.15,K562,0,B3_with_RC_weighted_bcap_8,True,True,8.0,0.1,1,536,0.1999254009697874,full,random,2681,852,1829,173,363,0.32276119402985076,574,574,0.0001,2e-05,0.0001,536,0.22566823661327362,0.2929529547691345,0.33705095757526715,0.5953062938126894,0.5050702648625638,0.3543895834530001,0.6617122888565063,574,0.2937908172607422,0.3753216564655304,0.052877206516070197,0.3231668495164792,0.22771782687849648,0.10443681262640674,1.0861270427703857,574,0.29415860772132874,0.38420370221138,-0.013650549154463176,0.22663158100011604,0.18810076174353682,0.05136187350661216,1.1381421089172363,9,1.0861270427703857,179761,3747661,3747661,2,"[""branched.branched_layer_1.weight"", ""branched.branched_layer_1.bias"", ""branched.branched_layer_2.weight"", ""branched.branched_layer_2.bias"", ""branched.branched_layer_3.weight"", ""branched.branched_layer_3.bias"", ""output.weight"", ""output.bias""]","[""conv1.conv.weight"", ""conv1.conv.bias"", ""conv1.bn_layer.weight"", ""conv1.bn_layer.bias"", ""conv2.conv.weight"", ""conv2.conv.bias"", ""conv2.bn_layer.weight"", ""conv2.bn_layer.bias"", ""conv3.conv.weight"", ""conv3.conv.bias"", ""conv3.bn_layer.weight"", ""conv3.bn_layer.bias"", ""linear1.linear.weight"", ""linear1.linear.bias"", ""linear1.bn_layer.weight"", ""linear1.bn_layer.bias"", ""branched.branched_layer_1.weight"", ""branched.branched_layer_1.bias"", ""branched.branched_layer_2.weight"", ""branched.branched_layer_2.bias"", ""branched.branched_layer_3.weight"", ""branched.branched_layer_3.bias"", ""output.weight"", ""output.bias""]",0,0,0,0,179620,141,0,23700,660600,280600,2603000,179620,141,0
20260405T043520Z_5c53f49c,19,random_all_per_seed,all_rows,7,719203,719203,719203,False,False,0.15,0.15,K562,0,B3_with_RC_weighted_bcap_8,True,True,8.0,0.1,1,536,0.1999254009697874,full,random,2681,843,1838,174,362,0.3246268656716418,574,574,0.0001,2e-05,0.0001,536,0.2219008207321167,0.29173070192337036,0.34929564773179655,0.5990308519519321,0.5081026737624179,0.35883796159025755,0.6494903564453125,574,0.27820369601249695,0.36486682295799255,0.12900195341424858,0.37628670543385867,0.2604491287763464,0.1415916846862675,1.0159614086151123,574,0.2612607777118683,0.3378414213657379,0.08418685010398341,0.3253569732867542,0.25654702277992864,0.10585716006631771,0.8710322976112366,11,1.0159614086151123,179761,3747661,3747661,2,"[""branched.branched_layer_1.weight"", ""branched.branched_layer_1.bias"", ""branched.branched_layer_2.weight"", ""branched.branched_layer_2.bias"", ""branched.branched_layer_3.weight"", ""branched.branched_layer_3.bias"", ""output.weight"", ""output.bias""]","[""conv1.conv.weight"", ""conv1.conv.bias"", ""conv1.bn_layer.weight"", ""conv1.bn_layer.bias"", ""conv2.conv.weight"", ""conv2.conv.bias"", ""conv2.bn_layer.weight"", ""conv2.bn_layer.bias"", ""conv3.conv.weight"", ""conv3.conv.bias"", ""conv3.bn_layer.weight"", ""conv3.bn_layer.bias"", ""linear1.linear.weight"", ""linear1.linear.bias"", ""linear1.bn_layer.weight"", ""linear1.bn_layer.bias"", ""branched.branched_layer_1.weight"", ""branched.branched_layer_1.bias"", ""branched.branched_layer_2.weight"", ""branched.branched_layer_2.bias"", ""branched.branched_layer_3.weight"", ""branched.branched_layer_3.bias"", ""output.weight"", ""output.bias""]",0,0,0,0,179620,141,0,23700,660600,280600,2603000,179620,141,0
20260405T043520Z_5c53f49c,23,random_all_per_seed,all_rows,7,723239,723239,723239,False,False,0.15,0.15,K562,0,B3_with_RC_weighted_bcap_8,True,True,8.0,0.1,1,536,0.1999254009697874,full,random,2681,852,1829,165,371,0.30783582089552236,574,574,0.0001,2e-05,0.0001,536,0.26407590508461,0.3398783504962921,0.27593769382687494,0.5324249099330517,0.4649183714410253,0.2834762847172182,0.7227115631103516,574,0.2831643521785736,0.3656521141529083,0.026462997397629584,0.2626411197379913,0.19568670527085957,0.06898035777722589,0.8364773392677307,574,0.283345490694046,0.37147894501686096,0.053180369239063885,0.28995162670383806,0.222371081511848,0.08407194582820186,0.8633490800857544,8,0.8364773392677307,179761,3747661,3747661,2,"[""branched.branched_layer_1.weight"", ""branched.branched_layer_1.bias"", ""branched.branched_layer_2.weight"", ""branched.branched_layer_2.bias"", ""branched.branched_layer_3.weight"", ""branched.branched_layer_3.bias"", ""output.weight"", ""output.bias""]","[""conv1.conv.weight"", ""conv1.conv.bias"", ""conv1.bn_layer.weight"", ""conv1.bn_layer.bias"", ""conv2.conv.weight"", ""conv2.conv.bias"", ""conv2.bn_layer.weight"", ""conv2.bn_layer.bias"", ""conv3.conv.weight"", ""conv3.conv.bias"", ""conv3.bn_layer.weight"", ""conv3.bn_layer.bias"", ""linear1.linear.weight"", ""linear1.linear.bias"", ""linear1.bn_layer.weight"", ""linear1.bn_layer.bias"", ""branched.branched_layer_1.weight"", ""branched.branched_layer_1.bias"", ""branched.branched_layer_2.weight"", ""branched.branched_layer_2.bias"", ""branched.branched_layer_3.weight"", ""branched.branched_layer_3.bias"", ""output.weight"", ""output.bias""]",0,0,0,0,179620,141,0,23700,660600,280600,2603000,179620,141,0
20260405T043520Z_5c53f49c,31,random_all_per_seed,all_rows,7,731311,731311,731311,False,False,0.15,0.15,K562,0,B3_with_RC_weighted_bcap_8,True,True,8.0,0.1,1,536,0.1999254009697874,full,random,2681,864,1817,157,379,0.292910447761194,574,574,0.0001,2e-05,0.0001,536,0.2644258737564087,0.33922308683395386,0.1816877622780385,0.4538452874921092,0.35130844808112577,0.20597554497879522,0.8167855739593506,574,0.29137980937957764,0.385111004114151,0.08381558515264342,0.3116281152573731,0.23913101118484517,0.09711208221886261,1.052711009979248,574,0.27727702260017395,0.363282710313797,0.02332653569507659,0.28245389100518137,0.2462614462667113,0.07978020054396688,0.9367564916610718,4,1.052711009979248,179761,3747661,3747661,2,"[""branched.branched_layer_1.weight"", ""branched.branched_layer_1.bias"", ""branched.branched_layer_2.weight"", ""branched.branched_layer_2.bias"", ""branched.branched_layer_3.weight"", ""branched.branched_layer_3.bias"", ""output.weight"", ""output.bias""]","[""conv1.conv.weight"", ""conv1.conv.bias"", ""conv1.bn_layer.weight"", ""conv1.bn_layer.bias"", ""conv2.conv.weight"", ""conv2.conv.bias"", ""conv2.bn_layer.weight"", ""conv2.bn_layer.bias"", ""conv3.conv.weight"", ""conv3.conv.bias"", ""conv3.bn_layer.weight"", ""conv3.bn_layer.bias"", ""linear1.linear.weight"", ""linear1.linear.bias"", ""linear1.bn_layer.weight"", ""linear1.bn_layer.bias"", ""branched.branched_layer_1.weight"", ""branched.branched_layer_1.bias"", ""branched.branched_layer_2.weight"", ""branched.branched_layer_2.bias"", ""branched.branched_layer_3.weight"", ""branched.branched_layer_3.bias"", ""output.weight"", ""output.bias""]",0,0,0,0,179620,141,0,23700,660600,280600,2603000,179620,141,0
20260405T043520Z_5c53f49c,17,random_all_per_seed,all_rows,7,717185,717185,717185,False,False,0.15,0.15,K562,0,B3_with_RC_weighted_bcap_8,True,True,8.0,0.1,1,938,0.34986945169712796,full,random,2681,852,1829,297,641,0.31663113006396587,574,574,0.0001,2e-05,0.0001,938,0.23654526472091675,0.307326078414917,0.260416602976034,0.5224173485933954,0.43199229551891066,0.2729198861113532,0.7387949228286743,574,0.28449398279190063,0.3663490414619446,0.09762058558267106,0.3341993263550104,0.23314303993436666,0.11168918973614272,1.049820899963379,574,0.2875993549823761,0.3743814527988434,0.037515301955546976,0.24205607562712897,0.1961864910632179,0.05859114374800638,1.0963612794876099,8,1.049820899963379,179761,3747661,3747661,2,"[""branched.branched_layer_1.weight"", ""branched.branched_layer_1.bias"", ""branched.branched_layer_2.weight"", ""branched.branched_layer_2.bias"", ""branched.branched_layer_3.weight"", ""branched.branched_layer_3.bias"", ""output.weight"", ""output.bias""]","[""conv1.conv.weight"", ""conv1.conv.bias"", ""conv1.bn_layer.weight"", ""conv1.bn_layer.bias"", ""conv2.conv.weight"", ""conv2.conv.bias"", ""conv2.bn_layer.weight"", ""conv2.bn_layer.bias"", ""conv3.conv.weight"", ""conv3.conv.bias"", ""conv3.bn_layer.weight"", ""conv3.bn_layer.bias"", ""linear1.linear.weight"", ""linear1.linear.bias"", ""linear1.bn_layer.weight"", ""linear1.bn_layer.bias"", ""branched.branched_layer_1.weight"", ""branched.branched_layer_1.bias"", ""branched.branched_layer_2.weight"", ""branched.branched_layer_2.bias"", ""branched.branched_layer_3.weight"", ""branched.branched_layer_3.bias"", ""output.weight"", ""output.bias""]",0,0,0,0,179620,141,0,23700,660600,280600,2603000,179620,141,0
20260405T043520Z_5c53f49c,19,random_all_per_seed,all_rows,7,719203,719203,719203,False,False,0.15,0.15,K562,0,B3_with_RC_weighted_bcap_8,True,True,8.0,0.1,1,938,0.34986945169712796,full,random,2681,843,1838,295,643,0.31449893390191896,574,574,0.0001,2e-05,0.0001,938,0.23789562284946442,0.30895280838012695,0.2966765907886959,0.5518282031635209,0.45401256375217414,0.30451436580668007,0.7025735974311829,574,0.27498674392700195,0.3619662821292877,0.14279507725347673,0.38560136208473694,0.2698795669527212,0.1486884104416044,0.9643701314926147,574,0.26029303669929504,0.33718961477279663,0.08771737855276485,0.32551959704330086,0.2432245586974301,0.10596300805923296,0.8368657827377319,8,0.9643701314926147,179761,3747661,3747661,2,"[""branched.branched_layer_1.weight"", ""branched.branched_layer_1.bias"", ""branched.branched_layer_2.weight"", ""branched.branched_layer_2.bias"", ""branched.branched_layer_3.weight"", ""branched.branched_layer_3.bias"", ""output.weight"", ""output.bias""]","[""conv1.conv.weight"", ""conv1.conv.bias"", ""conv1.bn_layer.weight"", ""conv1.bn_layer.bias"", ""conv2.conv.weight"", ""conv2.conv.bias"", ""conv2.bn_layer.weight"", ""conv2.bn_layer.bias"", ""conv3.conv.weight"", ""conv3.conv.bias"", ""conv3.bn_layer.weight"", ""conv3.bn_layer.bias"", ""linear1.linear.weight"", ""linear1.linear.bias"", ""linear1.bn_layer.weight"", ""linear1.bn_layer.bias"", ""branched.branched_layer_1.weight"", ""branched.branched_layer_1.bias"", ""branched.branched_layer_2.weight"", ""branched.branched_layer_2.bias"", ""branched.branched_layer_3.weight"", ""branched.branched_layer_3.bias"", ""output.weight"", ""output.bias""]",0,0,0,0,179620,141,0,23700,660600,280600,2603000,179620,141,0
20260405T043520Z_5c53f49c,23,random_all_per_seed,all_rows,7,723239,723239,723239,False,False,0.15,0.15,K562,0,B3_with_RC_weighted_bcap_8,True,True,8.0,0.1,1,938,0.34986945169712796,full,random,2681,852,1829,292,646,0.31130063965884863,574,574,0.0001,2e-05,0.0001,938,0.2550533711910248,0.3353852927684784,0.21674112240237497,0.47250182742386476,0.40391951744168547,0.22325797691889168,0.7824238538742065,574,0.2770126163959503,0.3592516779899597,0.06024667982191734,0.269383449986066,0.20070740527851094,0.07256744312639532,0.8977422714233398,574,0.27923497557640076,0.3655068278312683,0.0833789162637768,0.2994312761248186,0.2342149020367573,0.08965908912173738,0.9292766451835632,6,0.8977422714233398,179761,3747661,3747661,2,"[""branched.branched_layer_1.weight"", ""branched.branched_layer_1.bias"", ""branched.branched_layer_2.weight"", ""branched.branched_layer_2.bias"", ""branched.branched_layer_3.weight"", ""branched.branched_layer_3.bias"", ""output.weight"", ""output.bias""]","[""conv1.conv.weight"", ""conv1.conv.bias"", ""conv1.bn_layer.weight"", ""conv1.bn_layer.bias"", ""conv2.conv.weight"", ""conv2.conv.bias"", ""conv2.bn_layer.weight"", ""conv2.bn_layer.bias"", ""conv3.conv.weight"", ""conv3.conv.bias"", ""conv3.bn_layer.weight"", ""conv3.bn_layer.bias"", ""linear1.linear.weight"", ""linear1.linear.bias"", ""linear1.bn_layer.weight"", ""linear1.bn_layer.bias"", ""branched.branched_layer_1.weight"", ""branched.branched_layer_1.bias"", ""branched.branched_layer_2.weight"", ""branched.branched_layer_2.bias"", ""branched.branched_layer_3.weight"", ""branched.branched_layer_3.bias"", ""output.weight"", ""output.bias""]",0,0,0,0,179620,141,0,23700,660600,280600,2603000,179620,141,0
20260405T043520Z_5c53f49c,31,random_all_per_seed,all_rows,7,731311,731311,731311,False,False,0.15,0.15,K562,0,B3_with_RC_weighted_bcap_8,True,True,8.0,0.1,1,938,0.34986945169712796,full,random,2681,864,1817,294,644,0.31343283582089554,574,574,0.0001,2e-05,0.0001,938,0.27314040064811707,0.35263556241989136,0.1528519820548846,0.4004728275472138,0.29658534038112744,0.16037848560366044,0.8462450504302979,574,0.2896198332309723,0.3848010301589966,0.0852898470281902,0.3111083434863288,0.23931566348538522,0.09678840138680755,1.0076652765274048,574,0.27191704511642456,0.356636106967926,0.058737929208296125,0.2895986197037257,0.25636096945763664,0.08386736053430313,0.865554690361023,3,1.0076652765274048,179761,3747661,3747661,2,"[""branched.branched_layer_1.weight"", ""branched.branched_layer_1.bias"", ""branched.branched_layer_2.weight"", ""branched.branched_layer_2.bias"", ""branched.branched_layer_3.weight"", ""branched.branched_layer_3.bias"", ""output.weight"", ""output.bias""]","[""conv1.conv.weight"", ""conv1.conv.bias"", ""conv1.bn_layer.weight"", ""conv1.bn_layer.bias"", ""conv2.conv.weight"", ""conv2.conv.bias"", ""conv2.bn_layer.weight"", ""conv2.bn_layer.bias"", ""conv3.conv.weight"", ""conv3.conv.bias"", ""conv3.bn_layer.weight"", ""conv3.bn_layer.bias"", ""linear1.linear.weight"", ""linear1.linear.bias"", ""linear1.bn_layer.weight"", ""linear1.bn_layer.bias"", ""branched.branched_layer_1.weight"", ""branched.branched_layer_1.bias"", ""branched.branched_layer_2.weight"", ""branched.branched_layer_2.bias"", ""branched.branched_layer_3.weight"", ""branched.branched_layer_3.bias"", ""output.weight"", ""output.bias""]",0,0,0,0,179620,141,0,23700,660600,280600,2603000,179620,141,0
20260405T043520Z_5c53f49c,17,random_all_per_seed,all_rows,7,717185,717185,717185,False,False,0.15,0.15,K562,0,B3_with_RC_weighted_bcap_8,True,True,8.0,0.1,1,1340,0.4998135024244685,full,random,2681,852,1829,436,904,0.3253731343283582,574,574,0.0001,2e-05,0.0001,1340,0.2460397481918335,0.3196912407875061,0.23738982811784404,0.4955798371438531,0.3929715308127038,0.245599374983528,0.7620410323143005,574,0.28133323788642883,0.3621014654636383,0.11842433098965377,0.3533896571517031,0.2509644794991077,0.12488424978179828,0.9776365756988525,574,0.2852397859096527,0.37254828214645386,0.046917904118576326,0.25575543210106716,0.21002156188886334,0.06541084104920357,1.0348609685897827,7,0.9776365756988525,179761,3747661,3747661,2,"[""branched.branched_layer_1.weight"", ""branched.branched_layer_1.bias"", ""branched.branched_layer_2.weight"", ""branched.branched_layer_2.bias"", ""branched.branched_layer_3.weight"", ""branched.branched_layer_3.bias"", ""output.weight"", ""output.bias""]","[""conv1.conv.weight"", ""conv1.conv.bias"", ""conv1.bn_layer.weight"", ""conv1.bn_layer.bias"", ""conv2.conv.weight"", ""conv2.conv.bias"", ""conv2.bn_layer.weight"", ""conv2.bn_layer.bias"", ""conv3.conv.weight"", ""conv3.conv.bias"", ""conv3.bn_layer.weight"", ""conv3.bn_layer.bias"", ""linear1.linear.weight"", ""linear1.linear.bias"", ""linear1.bn_layer.weight"", ""linear1.bn_layer.bias"", ""branched.branched_layer_1.weight"", ""branched.branched_layer_1.bias"", ""branched.branched_layer_2.weight"", ""branched.branched_layer_2.bias"", ""branched.branched_layer_3.weight"", ""branched.branched_layer_3.bias"", ""output.weight"", ""output.bias""]",0,0,0,0,179620,141,0,23700,660600,280600,2603000,179620,141,0
20260405T043520Z_5c53f49c,19,random_all_per_seed,all_rows,7,719203,719203,719203,False,False,0.15,0.15,K562,0,B3_with_RC_weighted_bcap_8,True,True,8.0,0.1,1,1340,0.4998135024244685,full,random,2681,843,1838,419,921,0.3126865671641791,574,574,0.0001,2e-05,0.0001,1340,0.23677752912044525,0.30958595871925354,0.3027868133280893,0.5541867259272916,0.43330381637361726,0.30712292719401096,0.6966928839683533,574,0.27258825302124023,0.35797256231307983,0.16160657038704695,0.4107847345402481,0.2765476304560155,0.16874409813130212,0.9314900636672974,574,0.25845611095428467,0.3356304168701172,0.096134805097851,0.34145557650513686,0.24699550619079041,0.11659191072645538,0.8188444972038269,8,0.9314900636672974,179761,3747661,3747661,2,"[""branched.branched_layer_1.weight"", ""branched.branched_layer_1.bias"", ""branched.branched_layer_2.weight"", ""branched.branched_layer_2.bias"", ""branched.branched_layer_3.weight"", ""branched.branched_layer_3.bias"", ""output.weight"", ""output.bias""]","[""conv1.conv.weight"", ""conv1.conv.bias"", ""conv1.bn_layer.weight"", ""conv1.bn_layer.bias"", ""conv2.conv.weight"", ""conv2.conv.bias"", ""conv2.bn_layer.weight"", ""conv2.bn_layer.bias"", ""conv3.conv.weight"", ""conv3.conv.bias"", ""conv3.bn_layer.weight"", ""conv3.bn_layer.bias"", ""linear1.linear.weight"", ""linear1.linear.bias"", ""linear1.bn_layer.weight"", ""linear1.bn_layer.bias"", ""branched.branched_layer_1.weight"", ""branched.branched_layer_1.bias"", ""branched.branched_layer_2.weight"", ""branched.branched_layer_2.bias"", ""branched.branched_layer_3.weight"", ""branched.branched_layer_3.bias"", ""output.weight"", ""output.bias""]",0,0,0,0,179620,141,0,23700,660600,280600,2603000,179620,141,0
20260405T043520Z_5c53f49c,23,random_all_per_seed,all_rows,7,723239,723239,723239,False,False,0.15,0.15,K562,0,B3_with_RC_weighted_bcap_8,True,True,8.0,0.1,1,1340,0.4998135024244685,full,random,2681,852,1829,414,926,0.30895522388059704,574,574,0.0001,2e-05,0.0001,1340,0.2664334774017334,0.3498784899711609,0.21012336686025634,0.4667371151387731,0.37735076174384147,0.21784353464806433,0.7892872095108032,574,0.2764360308647156,0.3586288392543793,0.06350242530778849,0.2782161624973117,0.20973283739797435,0.07740423307473054,0.8292606472969055,574,0.2783089280128479,0.36448240280151367,0.08850989141990939,0.306198217510393,0.2331931046222431,0.09375734840654194,0.8565519452095032,5,0.8292606472969055,179761,3747661,3747661,2,"[""branched.branched_layer_1.weight"", ""branched.branched_layer_1.bias"", ""branched.branched_layer_2.weight"", ""branched.branched_layer_2.bias"", ""branched.branched_layer_3.weight"", ""branched.branched_layer_3.bias"", ""output.weight"", ""output.bias""]","[""conv1.conv.weight"", ""conv1.conv.bias"", ""conv1.bn_layer.weight"", ""conv1.bn_layer.bias"", ""conv2.conv.weight"", ""conv2.conv.bias"", ""conv2.bn_layer.weight"", ""conv2.bn_layer.bias"", ""conv3.conv.weight"", ""conv3.conv.bias"", ""conv3.bn_layer.weight"", ""conv3.bn_layer.bias"", ""linear1.linear.weight"", ""linear1.linear.bias"", ""linear1.bn_layer.weight"", ""linear1.bn_layer.bias"", ""branched.branched_layer_1.weight"", ""branched.branched_layer_1.bias"", ""branched.branched_layer_2.weight"", ""branched.branched_layer_2.bias"", ""branched.branched_layer_3.weight"", ""branched.branched_layer_3.bias"", ""output.weight"", ""output.bias""]",0,0,0,0,179620,141,0,23700,660600,280600,2603000,179620,141,0
20260405T043520Z_5c53f49c,31,random_all_per_seed,all_rows,7,731311,731311,731311,False,False,0.15,0.15,K562,0,B3_with_RC_weighted_bcap_8,True,True,8.0,0.1,1,1340,0.4998135024244685,full,random,2681,864,1817,418,922,0.3119402985074627,574,574,0.0001,2e-05,0.0001,1340,0.2501043975353241,0.3273114860057831,0.24533849905348604,0.5013560717766066,0.3738128435376726,0.25135791070726987,0.7540982961654663,574,0.28696057200431824,0.3834676146507263,0.09161812947164027,0.34006553118942656,0.24502297420484356,0.11564456550314685,1.0350537300109863,574,0.2699698507785797,0.3518698513507843,0.08372879115223708,0.3047993826725427,0.26511294744390096,0.09290266367756313,0.871504545211792,6,1.0350537300109863,179761,3747661,3747661,2,"[""branched.branched_layer_1.weight"", ""branched.branched_layer_1.bias"", ""branched.branched_layer_2.weight"", ""branched.branched_layer_2.bias"", ""branched.branched_layer_3.weight"", ""branched.branched_layer_3.bias"", ""output.weight"", ""output.bias""]","[""conv1.conv.weight"", ""conv1.conv.bias"", ""conv1.bn_layer.weight"", ""conv1.bn_layer.bias"", ""conv2.conv.weight"", ""conv2.conv.bias"", ""conv2.bn_layer.weight"", ""conv2.bn_layer.bias"", ""conv3.conv.weight"", ""conv3.conv.bias"", ""conv3.bn_layer.weight"", ""conv3.bn_layer.bias"", ""linear1.linear.weight"", ""linear1.linear.bias"", ""linear1.bn_layer.weight"", ""linear1.bn_layer.bias"", ""branched.branched_layer_1.weight"", ""branched.branched_layer_1.bias"", ""branched.branched_layer_2.weight"", ""branched.branched_layer_2.bias"", ""branched.branched_layer_3.weight"", ""branched.branched_layer_3.bias"", ""output.weight"", ""output.bias""]",0,0,0,0,179620,141,0,23700,660600,280600,2603000,179620,141,0
20260405T043520Z_5c53f49c,17,random_all_per_seed,all_rows,7,717185,717185,717185,False,False,0.15,0.15,K562,0,B3_with_RC_weighted_bcap_8,True,True,8.0,0.1,1,2011,0.7500932487877657,full,random,2681,852,1829,647,1364,0.321730482347091,574,574,0.0001,2e-05,0.0001,2011,0.23348014056682587,0.3059205114841461,0.3038220018280803,0.5549256896746448,0.4366195750229623,0.3079425210608802,0.6958317160606384,574,0.28042763471603394,0.36175787448883057,0.12009656641237587,0.36464900851250037,0.23660654402190695,0.13296889940914958,0.9730231165885925,574,0.2831856906414032,0.37138599157333374,0.052855592255503736,0.27881657202320953,0.22371443159852464,0.07773868083477359,1.0255059003829956,7,0.9730231165885925,179761,3747661,3747661,2,"[""branched.branched_layer_1.weight"", ""branched.branched_layer_1.bias"", ""branched.branched_layer_2.weight"", ""branched.branched_layer_2.bias"", ""branched.branched_layer_3.weight"", ""branched.branched_layer_3.bias"", ""output.weight"", ""output.bias""]","[""conv1.conv.weight"", ""conv1.conv.bias"", ""conv1.bn_layer.weight"", ""conv1.bn_layer.bias"", ""conv2.conv.weight"", ""conv2.conv.bias"", ""conv2.bn_layer.weight"", ""conv2.bn_layer.bias"", ""conv3.conv.weight"", ""conv3.conv.bias"", ""conv3.bn_layer.weight"", ""conv3.bn_layer.bias"", ""linear1.linear.weight"", ""linear1.linear.bias"", ""linear1.bn_layer.weight"", ""linear1.bn_layer.bias"", ""branched.branched_layer_1.weight"", ""branched.branched_layer_1.bias"", ""branched.branched_layer_2.weight"", ""branched.branched_layer_2.bias"", ""branched.branched_layer_3.weight"", ""branched.branched_layer_3.bias"", ""output.weight"", ""output.bias""]",0,0,0,0,179620,141,0,23700,660600,280600,2603000,179620,141,0
20260405T043520Z_5c53f49c,19,random_all_per_seed,all_rows,7,719203,719203,719203,False,False,0.15,0.15,K562,0,B3_with_RC_weighted_bcap_8,True,True,8.0,0.1,1,2011,0.7500932487877657,full,random,2681,843,1838,631,1380,0.3137742416708105,574,574,0.0001,2e-05,0.0001,2011,0.24775147438049316,0.32387664914131165,0.2657136981147068,0.5202772299592329,0.40770966530132025,0.2706883960140525,0.7339211702346802,574,0.27087390422821045,0.35602930188179016,0.17068429849922861,0.41643024772314435,0.27980808729561935,0.17341415121875936,0.8868734836578369,574,0.25627726316452026,0.3335743844509125,0.107174840593522,0.3454586885186399,0.2599610729491925,0.11934170547301867,0.7785304188728333,6,0.8868734836578369,179761,3747661,3747661,2,"[""branched.branched_layer_1.weight"", ""branched.branched_layer_1.bias"", ""branched.branched_layer_2.weight"", ""branched.branched_layer_2.bias"", ""branched.branched_layer_3.weight"", ""branched.branched_layer_3.bias"", ""output.weight"", ""output.bias""]","[""conv1.conv.weight"", ""conv1.conv.bias"", ""conv1.bn_layer.weight"", ""conv1.bn_layer.bias"", ""conv2.conv.weight"", ""conv2.conv.bias"", ""conv2.bn_layer.weight"", ""conv2.bn_layer.bias"", ""conv3.conv.weight"", ""conv3.conv.bias"", ""conv3.bn_layer.weight"", ""conv3.bn_layer.bias"", ""linear1.linear.weight"", ""linear1.linear.bias"", ""linear1.bn_layer.weight"", ""linear1.bn_layer.bias"", ""branched.branched_layer_1.weight"", ""branched.branched_layer_1.bias"", ""branched.branched_layer_2.weight"", ""branched.branched_layer_2.bias"", ""branched.branched_layer_3.weight"", ""branched.branched_layer_3.bias"", ""output.weight"", ""output.bias""]",0,0,0,0,179620,141,0,23700,660600,280600,2603000,179620,141,0
20260405T043520Z_5c53f49c,23,random_all_per_seed,all_rows,7,723239,723239,723239,False,False,0.15,0.15,K562,0,B3_with_RC_weighted_bcap_8,True,True,8.0,0.1,1,2011,0.7500932487877657,full,random,2681,852,1829,631,1380,0.3137742416708105,574,574,0.0001,2e-05,0.0001,2011,0.26113906502723694,0.3421594202518463,0.1976019376457816,0.4498090374719271,0.34354470932623943,0.2023281701914215,0.8019989728927612,574,0.2740032970905304,0.3566667437553406,0.07372163356739403,0.2879393831107418,0.22016121737268482,0.08290908834619454,0.8714491128921509,574,0.2765226364135742,0.362766295671463,0.09707285541507882,0.3189935373428804,0.2394634241347595,0.10175687686652363,0.9015102982521057,4,0.8714491128921509,179761,3747661,3747661,2,"[""branched.branched_layer_1.weight"", ""branched.branched_layer_1.bias"", ""branched.branched_layer_2.weight"", ""branched.branched_layer_2.bias"", ""branched.branched_layer_3.weight"", ""branched.branched_layer_3.bias"", ""output.weight"", ""output.bias""]","[""conv1.conv.weight"", ""conv1.conv.bias"", ""conv1.bn_layer.weight"", ""conv1.bn_layer.bias"", ""conv2.conv.weight"", ""conv2.conv.bias"", ""conv2.bn_layer.weight"", ""conv2.bn_layer.bias"", ""conv3.conv.weight"", ""conv3.conv.bias"", ""conv3.bn_layer.weight"", ""conv3.bn_layer.bias"", ""linear1.linear.weight"", ""linear1.linear.bias"", ""linear1.bn_layer.weight"", ""linear1.bn_layer.bias"", ""branched.branched_layer_1.weight"", ""branched.branched_layer_1.bias"", ""branched.branched_layer_2.weight"", ""branched.branched_layer_2.bias"", ""branched.branched_layer_3.weight"", ""branched.branched_layer_3.bias"", ""output.weight"", ""output.bias""]",0,0,0,0,179620,141,0,23700,660600,280600,2603000,179620,141,0
20260405T043520Z_5c53f49c,31,random_all_per_seed,all_rows,7,731311,731311,731311,False,False,0.15,0.15,K562,0,B3_with_RC_weighted_bcap_8,True,True,8.0,0.1,1,2011,0.7500932487877657,full,random,2681,864,1817,633,1378,0.3147687717553456,574,574,0.0001,2e-05,0.0001,2011,0.25205889344215393,0.3283936679363251,0.23452421179146754,0.487115097084691,0.3642486700677058,0.2372811178078279,0.7650951743125916,574,0.2840682566165924,0.37951570749282837,0.11024481861200808,0.3627470713849699,0.25178229540218977,0.13158543779837245,1.0218459367752075,574,0.2692565321922302,0.35044506192207336,0.09113415767976396,0.3153717688117314,0.26444001154818003,0.09945935256344016,0.8712959885597229,5,1.0218459367752075,179761,3747661,3747661,2,"[""branched.branched_layer_1.weight"", ""branched.branched_layer_1.bias"", ""branched.branched_layer_2.weight"", ""branched.branched_layer_2.bias"", ""branched.branched_layer_3.weight"", ""branched.branched_layer_3.bias"", ""output.weight"", ""output.bias""]","[""conv1.conv.weight"", ""conv1.conv.bias"", ""conv1.bn_layer.weight"", ""conv1.bn_layer.bias"", ""conv2.conv.weight"", ""conv2.conv.bias"", ""conv2.bn_layer.weight"", ""conv2.bn_layer.bias"", ""conv3.conv.weight"", ""conv3.conv.bias"", ""conv3.bn_layer.weight"", ""conv3.bn_layer.bias"", ""linear1.linear.weight"", ""linear1.linear.bias"", ""linear1.bn_layer.weight"", ""linear1.bn_layer.bias"", ""branched.branched_layer_1.weight"", ""branched.branched_layer_1.bias"", ""branched.branched_layer_2.weight"", ""branched.branched_layer_2.bias"", ""branched.branched_layer_3.weight"", ""branched.branched_layer_3.bias"", ""output.weight"", ""output.bias""]",0,0,0,0,179620,141,0,23700,660600,280600,2603000,179620,141,0
20260405T043520Z_5c53f49c,17,random_all_per_seed,all_rows,7,717185,717185,717185,False,False,0.15,0.15,K562,0,B3_with_RC_weighted_bcap_8,True,True,8.0,0.1,1,2681,1.0,full,random,2681,852,1829,852,1829,0.3177918687057068,574,574,0.0001,2e-05,0.0001,2681,0.24045784771442413,0.3169666826725006,0.29206645085325433,0.542338204329094,0.4235876985499933,0.2941307278749061,0.7076694369316101,574,0.28019848465919495,0.3617384433746338,0.12019111670508853,0.36898752884154984,0.24316910473666498,0.13615179644059358,0.9217062592506409,574,0.28224998712539673,0.37065422534942627,0.05658428589109499,0.2878304893350178,0.22409956755277105,0.0828463905908358,0.9677008390426636,6,0.9217062592506409,179761,3747661,3747661,2,"[""branched.branched_layer_1.weight"", ""branched.branched_layer_1.bias"", ""branched.branched_layer_2.weight"", ""branched.branched_layer_2.bias"", ""branched.branched_layer_3.weight"", ""branched.branched_layer_3.bias"", ""output.weight"", ""output.bias""]","[""conv1.conv.weight"", ""conv1.conv.bias"", ""conv1.bn_layer.weight"", ""conv1.bn_layer.bias"", ""conv2.conv.weight"", ""conv2.conv.bias"", ""conv2.bn_layer.weight"", ""conv2.bn_layer.bias"", ""conv3.conv.weight"", ""conv3.conv.bias"", ""conv3.bn_layer.weight"", ""conv3.bn_layer.bias"", ""linear1.linear.weight"", ""linear1.linear.bias"", ""linear1.bn_layer.weight"", ""linear1.bn_layer.bias"", ""branched.branched_layer_1.weight"", ""branched.branched_layer_1.bias"", ""branched.branched_layer_2.weight"", ""branched.branched_layer_2.bias"", ""branched.branched_layer_3.weight"", ""branched.branched_layer_3.bias"", ""output.weight"", ""output.bias""]",0,0,0,0,179620,141,0,23700,660600,280600,2603000,179620,141,0
20260405T043520Z_5c53f49c,19,random_all_per_seed,all_rows,7,719203,719203,719203,False,False,0.15,0.15,K562,0,B3_with_RC_weighted_bcap_8,True,True,8.0,0.1,1,2681,1.0,full,random,2681,843,1838,843,1838,0.3144349123461395,574,574,0.0001,2e-05,0.0001,2681,0.2544921040534973,0.3330548107624054,0.23885251266702234,0.49192043781292466,0.37919000914080303,0.24198571713805947,0.7608636021614075,574,0.2706172466278076,0.3560212552547455,0.17072186583019067,0.41570423363246545,0.2856218378810224,0.17281000985995543,0.8694150447845459,574,0.25511398911476135,0.33273428678512573,0.11166638813348395,0.3485048844163601,0.2796237074255766,0.1214556544620605,0.7593997120857239,5,0.8694150447845459,179761,3747661,3747661,2,"[""branched.branched_layer_1.weight"", ""branched.branched_layer_1.bias"", ""branched.branched_layer_2.weight"", ""branched.branched_layer_2.bias"", ""branched.branched_layer_3.weight"", ""branched.branched_layer_3.bias"", ""output.weight"", ""output.bias""]","[""conv1.conv.weight"", ""conv1.conv.bias"", ""conv1.bn_layer.weight"", ""conv1.bn_layer.bias"", ""conv2.conv.weight"", ""conv2.conv.bias"", ""conv2.bn_layer.weight"", ""conv2.bn_layer.bias"", ""conv3.conv.weight"", ""conv3.conv.bias"", ""conv3.bn_layer.weight"", ""conv3.bn_layer.bias"", ""linear1.linear.weight"", ""linear1.linear.bias"", ""linear1.bn_layer.weight"", ""linear1.bn_layer.bias"", ""branched.branched_layer_1.weight"", ""branched.branched_layer_1.bias"", ""branched.branched_layer_2.weight"", ""branched.branched_layer_2.bias"", ""branched.branched_layer_3.weight"", ""branched.branched_layer_3.bias"", ""output.weight"", ""output.bias""]",0,0,0,0,179620,141,0,23700,660600,280600,2603000,179620,141,0
20260405T043520Z_5c53f49c,23,random_all_per_seed,all_rows,7,723239,723239,723239,False,False,0.15,0.15,K562,0,B3_with_RC_weighted_bcap_8,True,True,8.0,0.1,1,2681,1.0,full,random,2681,852,1829,852,1829,0.3177918687057068,574,574,0.0001,2e-05,0.0001,2681,0.256673663854599,0.3351489305496216,0.2224385738224387,0.47446442929561455,0.364288855369994,0.22511649466681322,0.7772714495658875,574,0.2736976444721222,0.35544684529304504,0.08004701280996485,0.3037640787248465,0.2247341164086145,0.09227261552355474,0.8742717504501343,574,0.2753262221813202,0.3617709279060364,0.10202098207063293,0.33125471937953554,0.24573418782425535,0.10972968911121485,0.9056583642959595,4,0.8742717504501343,179761,3747661,3747661,2,"[""branched.branched_layer_1.weight"", ""branched.branched_layer_1.bias"", ""branched.branched_layer_2.weight"", ""branched.branched_layer_2.bias"", ""branched.branched_layer_3.weight"", ""branched.branched_layer_3.bias"", ""output.weight"", ""output.bias""]","[""conv1.conv.weight"", ""conv1.conv.bias"", ""conv1.bn_layer.weight"", ""conv1.bn_layer.bias"", ""conv2.conv.weight"", ""conv2.conv.bias"", ""conv2.bn_layer.weight"", ""conv2.bn_layer.bias"", ""conv3.conv.weight"", ""conv3.conv.bias"", ""conv3.bn_layer.weight"", ""conv3.bn_layer.bias"", ""linear1.linear.weight"", ""linear1.linear.bias"", ""linear1.bn_layer.weight"", ""linear1.bn_layer.bias"", ""branched.branched_layer_1.weight"", ""branched.branched_layer_1.bias"", ""branched.branched_layer_2.weight"", ""branched.branched_layer_2.bias"", ""branched.branched_layer_3.weight"", ""branched.branched_layer_3.bias"", ""output.weight"", ""output.bias""]",0,0,0,0,179620,141,0,23700,660600,280600,2603000,179620,141,0
20260405T043520Z_5c53f49c,31,random_all_per_seed,all_rows,7,731311,731311,731311,False,False,0.15,0.15,K562,0,B3_with_RC_weighted_bcap_8,True,True,8.0,0.1,1,2681,1.0,full,random,2681,864,1817,864,1817,0.32226781051846326,574,574,0.0001,2e-05,0.0001,2681,0.23503859341144562,0.3110209107398987,0.31384854104665993,0.5613970105103047,0.44242213813954534,0.3151666034099071,0.685895562171936,574,0.2847646176815033,0.3778373599052429,0.11809695659142438,0.3811148379423923,0.26185891738777745,0.14524851969985594,1.012251853942871,574,0.2725062370300293,0.3530917167663574,0.07735428390887678,0.3204177102440789,0.2500323897726589,0.1026675090380585,0.884003221988678,7,1.012251853942871,179761,3747661,3747661,2,"[""branched.branched_layer_1.weight"", ""branched.branched_layer_1.bias"", ""branched.branched_layer_2.weight"", ""branched.branched_layer_2.bias"", ""branched.branched_layer_3.weight"", ""branched.branched_layer_3.bias"", ""output.weight"", ""output.bias""]","[""conv1.conv.weight"", ""conv1.conv.bias"", ""conv1.bn_layer.weight"", ""conv1.bn_layer.bias"", ""conv2.conv.weight"", ""conv2.conv.bias"", ""conv2.bn_layer.weight"", ""conv2.bn_layer.bias"", ""conv3.conv.weight"", ""conv3.conv.bias"", ""conv3.bn_layer.weight"", ""conv3.bn_layer.bias"", ""linear1.linear.weight"", ""linear1.linear.bias"", ""linear1.bn_layer.weight"", ""linear1.bn_layer.bias"", ""branched.branched_layer_1.weight"", ""branched.branched_layer_1.bias"", ""branched.branched_layer_2.weight"", ""branched.branched_layer_2.bias"", ""branched.branched_layer_3.weight"", ""branched.branched_layer_3.bias"", ""output.weight"", ""output.bias""]",0,0,0,0,179620,141,0,23700,660600,280600,2603000,179620,141,0
