timestamp,run_id,run_name,run_url,wandb_entity,wandb_project,wandb_sweep_id,wandb_sweep_path,logger_project,task_family,target_family,comparison_group,launch_script,config_path,data_module,model_module,graph_module,checkpoint_monitor,best_epoch,best_metric_name,best_metric_value,val_loss,val_r2,val_pearson,val_spearman,test_loss,test_r2,test_pearson,test_spearman,train_loss,train_r2,train_pearson,train_spearman,artifact_path,status,hostname,git_commit,notes
2026-04-19T20:46:33,bvcppioe,lib1_scratch_basic_7660c9o4,https://wandb.ai/minhangxu1998-baylor-college-of-medicine/enhancer__bashor_in_house__scratch_basic__bassetvl_vs_resnet1d/runs/bvcppioe,minhangxu1998-baylor-college-of-medicine,enhancer__bashor_in_house__scratch_basic__bassetvl_vs_resnet1d,cnq0y7r1,minhangxu1998-baylor-college-of-medicine/enhancer__bashor_in_house__scratch_basic__bassetvl_vs_resnet1d/cnq0y7r1,enhancer__bashor_in_house__scratch_basic__bassetvl_vs_resnet1d,enhancer,bashor_in_house,enhancer__bashor_in_house__scratch_basic__bassetvl_vs_resnet1d,launch/lib1_enhancer_scratch_compare_loss_modes.sh,/home/minhang/synBio_AL/boda2_EU/src/learn/configs/enhancer/bashor_in_house/lib1_enhancer__scratch_basic__bayes.yml,Lib1EnhancerDataModule,BassetVL,CNNBasicTraining,epoch_end_val_r2,4,epoch_end_val_r2,0.005372140985105595,1.0479841232299805,0.0010881449980061739,0.032987046986818314,0.008517412468791008,0.6948599815368652,0.0009825686925015323,0.031345952302217484,0.03873376175761223,0.49566325545310974,0.6068622378704176,0.7790136933326721,0.7456281185150146,/home/minhang/synBio_AL/boda2_EU/src/learn/local_artifacts/enhancer/bashor_in_house/lib1_scratch_basic/model_artifacts__enhancer__bashor_in_house__scratch_basic__bassetvl_vs_resnet1d__bvcppioe__20260419_204633.tar.gz,completed,ankitlab2,ace1046,all_regions_pilot
2026-04-19T20:51:44,zjxj6gde,lib1_scratch_weighted_990kviii,https://wandb.ai/minhangxu1998-baylor-college-of-medicine/enhancer__bashor_in_house__scratch_weighted__bassetvl_vs_resnet1d/runs/zjxj6gde,minhangxu1998-baylor-college-of-medicine,enhancer__bashor_in_house__scratch_weighted__bassetvl_vs_resnet1d,dpp6cjul,minhangxu1998-baylor-college-of-medicine/enhancer__bashor_in_house__scratch_weighted__bassetvl_vs_resnet1d/dpp6cjul,enhancer__bashor_in_house__scratch_weighted__bassetvl_vs_resnet1d,enhancer,bashor_in_house,enhancer__bashor_in_house__scratch_weighted__bassetvl_vs_resnet1d,launch/lib1_enhancer_scratch_weighted_sweep.sh,/home/minhang/synBio_AL/boda2_EU/src/learn/configs/enhancer/bashor_in_house/lib1_enhancer__scratch_weighted__bayes.yml,Lib1EnhancerDataModule,ResNet1DRegressor,CNNWeightedRegressionTraining,val_r2_score,11,val_r2_score,0.04023557820548725,2.0650033950805664,0.026509749495316703,0.16281813383102417,0.16619344055652618,0.8743380308151245,0.005558773529476501,0.07455717772245407,0.1122165098786354,0.34832438826560974,,,,/home/minhang/synBio_AL/boda2_EU/src/learn/local_artifacts/enhancer/bashor_in_house/lib1_scratch_weighted/model_artifacts__enhancer__bashor_in_house__scratch_weighted__bassetvl_vs_resnet1d__zjxj6gde__20260419_205144.tar.gz,completed,ankitlab2,ace1046,all_regions_pilot
2026-04-19T21:51:28,jtzrkk2l,promoter_test_ka2b1hi4,https://wandb.ai/minhangxu1998-baylor-college-of-medicine/promoter__deboer_core__scratch__utr_bassetvl/runs/jtzrkk2l,minhangxu1998-baylor-college-of-medicine,promoter__deboer_core__scratch__utr_bassetvl,4l988tty,minhangxu1998-baylor-college-of-medicine/promoter__deboer_core__scratch__utr_bassetvl/4l988tty,promoter__deboer_core__scratch__utr_bassetvl,promoter,deboer_core,promoter__deboer_core__baseline_architecture,launch/promoter_deboer_utr_bassetvl_sweep.sh,/home/minhang/synBio_AL/boda2_EU/src/learn/configs/promoter/deboer_core/utr_bassetvl/promoter__deboer_core__utr_bassetvl__bayes.yml,PromoterDataModule,UTR_BassetVL,CNNBasicTraining,epoch_end_val_r2,53,epoch_end_val_r2,0.4165172912032736,0.617037296295166,0.3988770511569869,0.6315823793411255,0.6184486150741577,,,,,0.5541984438896179,0.44302617421155216,0.6656022071838379,0.6521976590156555,/home/minhang/synBio_AL/boda2_EU/src/learn/local_artifacts/promoter/deboer_core/utr_bassetvl/bayes/model_artifacts__promoter__deboer_core__scratch__utr_bassetvl__jtzrkk2l__20260419_215128.tar.gz,completed,ankitlab2,ace1046,all_regions_pilot
2026-04-19T22:02:34,d1x2h3au,utr5_hani_model_nu3sljb7,https://wandb.ai/minhangxu1998-baylor-college-of-medicine/utr5__hani_rna_activity__scratch__utr_bassetvl/runs/d1x2h3au,minhangxu1998-baylor-college-of-medicine,utr5__hani_rna_activity__scratch__utr_bassetvl,jre0er4f,minhangxu1998-baylor-college-of-medicine/utr5__hani_rna_activity__scratch__utr_bassetvl/jre0er4f,utr5__hani_rna_activity__scratch__utr_bassetvl,utr5,hani_rna_activity,utr5__hani_rna_activity__baseline_architecture,launch/utr5_hani_utr_bassetvl_sweep.sh,/home/minhang/synBio_AL/boda2_EU/src/learn/configs/utr5/hani_rna_activity/utr_bassetvl/utr5__hani_rna_activity__utr_bassetvl__bayes.yml,UTR5_RNA_Activity_DataModule,UTR_BassetVL,CNNBasicTraining,epoch_end_val_r2,4,epoch_end_val_r2,0.30892680188482846,0.8031277060508728,0.2827081230451457,0.5317444205284119,0.3869777321815491,0.6683741211891174,0.2810836215718636,0.5301765203475952,0.38152220845222473,0.6080183982849121,0.39255971217649605,0.6265459060668945,0.44705912470817566,/home/minhang/synBio_AL/boda2_EU/src/learn/local_artifacts/utr5/hani_rna_activity/utr_bassetvl/bayes/model_artifacts__utr5__hani_rna_activity__scratch__utr_bassetvl__d1x2h3au__20260419_220234.tar.gz,completed,ankitlab2,ace1046,all_regions_pilot
2026-04-20T12:49:00,px7bci1r,utr3_model_n428hgx9,https://wandb.ai/minhangxu1998-baylor-college-of-medicine/utr3__hani_rna_activity__scratch__utr_bassetvl/runs/px7bci1r,minhangxu1998-baylor-college-of-medicine,utr3__hani_rna_activity__scratch__utr_bassetvl,52br5o1t,minhangxu1998-baylor-college-of-medicine/utr3__hani_rna_activity__scratch__utr_bassetvl/52br5o1t,utr3__hani_rna_activity__scratch__utr_bassetvl,utr3,hani_rna_activity,utr3__hani_rna_activity__baseline_architecture,launch/utr3_hani_utr_bassetvl_sweep.sh,/home/minhang/synBio_AL/boda2_EU/src/learn/configs/utr3/hani_rna_activity/utr_bassetvl/utr3__hani_rna_activity__utr_bassetvl__bayes.yml,UTR3_RNA_Activity_DataModule,UTR_BassetVL,CNNBasicTraining,epoch_end_val_r2,49,epoch_end_val_r2,0.4531290583219275,0.599362313747406,0.4192709523361553,0.6475909948348999,0.6349443197250366,0.5749551653862,0.4167803999678194,0.6457153558731079,0.6432725787162781,0.4971412420272827,0.5037564418070941,0.7097578644752502,0.7091799378395081,/home/minhang/synBio_AL/boda2_EU/src/learn/local_artifacts/utr3/hani_rna_activity/utr_bassetvl/bayes/model_artifacts__utr3__hani_rna_activity__scratch__utr_bassetvl__px7bci1r__20260420_124900.tar.gz,completed,ankitlab2,ace1046,utr3_pilot_retry_after_parser_fix
2026-04-20T13:36:06,2xmrc6wh,promoter_resnet1d_sxc3moa5,https://wandb.ai/minhangxu1998-baylor-college-of-medicine/promoter__deboer_core__scratch__resnet1d/runs/2xmrc6wh,minhangxu1998-baylor-college-of-medicine,promoter__deboer_core__scratch__resnet1d,5f7tj28r,minhangxu1998-baylor-college-of-medicine/promoter__deboer_core__scratch__resnet1d/5f7tj28r,promoter__deboer_core__scratch__resnet1d,promoter,deboer_core,promoter__deboer_core__architecture_comparison,launch/promoter_deboer_compare_architectures.sh,/home/minhang/synBio_AL/boda2_EU/src/learn/configs/promoter/deboer_core/resnet1d/promoter__deboer_core__resnet1d__bayes.yml,PromoterDataModule,ResNet1DRegressor,CNNBasicTraining,epoch_end_val_r2,12,epoch_end_val_r2,0.40485949579152075,0.703230619430542,0.3331689696403425,0.5769754648208618,0.5687656402587891,,,,,0.5052627921104431,0.4961608039933676,0.7043867707252502,0.6878156065940857,/home/minhang/synBio_AL/boda2_EU/src/learn/local_artifacts/promoter/deboer_core/resnet1d/bayes/model_artifacts__promoter__deboer_core__scratch__resnet1d__2xmrc6wh__20260420_133606.tar.gz,completed,ankitlab2,ace1046,promoter_resnet1d_pilot_v2
2026-04-20T14:56:00,vjizxjnx,promoter_bassetvl_ylju9b6w,https://wandb.ai/minhangxu1998-baylor-college-of-medicine/promoter__deboer_core__scratch__bassetvl/runs/vjizxjnx,minhangxu1998-baylor-college-of-medicine,promoter__deboer_core__scratch__bassetvl,xyxijztm,minhangxu1998-baylor-college-of-medicine/promoter__deboer_core__scratch__bassetvl/xyxijztm,promoter__deboer_core__scratch__bassetvl,promoter,deboer_core,promoter__deboer_core__architecture_comparison,launch/promoter_deboer_compare_architectures.sh,/home/minhang/synBio_AL/boda2_EU/src/learn/configs/promoter/deboer_core/bassetvl/promoter__deboer_core__bassetvl__bayes.yml,PromoterDataModule,BassetVL,CNNBasicTraining,epoch_end_val_r2,5,epoch_end_val_r2,0.40315586895843714,0.7620916962623596,0.31739412434371006,0.5631780624389648,0.5438868403434753,,,,,0.4772191345691681,0.5366877501506977,0.732589840888977,0.712698221206665,/home/minhang/synBio_AL/boda2_EU/src/learn/local_artifacts/promoter/deboer_core/bassetvl/bayes/model_artifacts__promoter__deboer_core__scratch__bassetvl__vjizxjnx__20260420_145600.tar.gz,completed,ankitlab2,ace1046,promoter_bassetvl_pilot_v2
2026-04-20T17:53:06,91pe2hw8,utr5_polysome__egfp_1__hpo_rly6x7fi,https://wandb.ai/minhangxu1998-baylor-college-of-medicine/utr5__polysome__scratch__utr_bassetvl/runs/91pe2hw8,minhangxu1998-baylor-college-of-medicine,utr5__polysome__scratch__utr_bassetvl,23xe4fns,minhangxu1998-baylor-college-of-medicine/utr5__polysome__scratch__utr_bassetvl/23xe4fns,utr5__polysome__scratch__utr_bassetvl,utr5,polysome,utr5__polysome__within_library__egfp_1,launch/utr5_polysome_utr_bassetvl_sweep.sh,/home/minhang/synBio_AL/boda2_EU/src/learn/configs/utr5/polysome/utr_bassetvl/utr5__polysome__utr_bassetvl__bayes__egfp_1.yml,UTR_Polysome_MPRA_DataModule,UTR_BassetVL,CNNBasicTraining,epoch_end_val_pearson_r2,24,epoch_end_val_pearson_r2,0.9460113048553467,0.08850284665822983,0.9442261457443237,0.9717361927032471,0.9565169811248779,0.07969094812870026,0.9460113048553467,0.9726861715316772,0.9579640030860901,0.07018187642097473,,,,/home/minhang/synBio_AL/boda2_EU/src/learn/local_artifacts/utr5/polysome/utr_bassetvl/bayes_egfp_1/model_artifacts__utr5__polysome__scratch__utr_bassetvl__91pe2hw8__20260420_175306.tar.gz,completed,ankitlab2,ace1046,pilot
2026-04-20T23:57:19,oh0p144e,utr3_model_l9n8tim8,https://wandb.ai/minhangxu1998-baylor-college-of-medicine/utr3__hani_rna_activity__scratch__utr_bassetvl/runs/oh0p144e,minhangxu1998-baylor-college-of-medicine,utr3__hani_rna_activity__scratch__utr_bassetvl,2y649ywz,minhangxu1998-baylor-college-of-medicine/utr3__hani_rna_activity__scratch__utr_bassetvl/2y649ywz,utr3__hani_rna_activity__scratch__utr_bassetvl,utr3,hani_rna_activity,utr3__hani_rna_activity__baseline_architecture,launch/utr3_hani_utr_bassetvl_sweep.sh,/home/minhang/synBio_AL/boda2_EU/src/learn/configs/utr3/hani_rna_activity/utr_bassetvl/utr3__hani_rna_activity__utr_bassetvl__bayes.yml,UTR3_RNA_Activity_DataModule,UTR_BassetVL,CNNBasicTraining,epoch_end_val_pearson_r2,191,epoch_end_val_pearson_r2,0.3640765845775604,0.6466140747070312,0.36347487568855286,0.6027500629425049,0.5898851156234741,0.6564592123031616,0.33583998680114746,0.579319953918457,0.5677185654640198,0.6356405019760132,0.37355146173466014,0.6111886501312256,0.5943068265914917,/home/minhang/synBio_AL/boda2_EU/src/learn/local_artifacts/utr3/hani_rna_activity/utr_bassetvl/bayes/model_artifacts__utr3__hani_rna_activity__scratch__utr_bassetvl__oh0p144e__20260420_235719.tar.gz,completed,ankitlab2,ace1046,all_regions_pilot_after_cleanup
2026-04-21T00:15:42,gcxhx5bl,utr5_hani_model_1yhdf0a1,https://wandb.ai/minhangxu1998-baylor-college-of-medicine/utr5__hani_rna_activity__scratch__utr_bassetvl/runs/gcxhx5bl,minhangxu1998-baylor-college-of-medicine,utr5__hani_rna_activity__scratch__utr_bassetvl,00un2l3t,minhangxu1998-baylor-college-of-medicine/utr5__hani_rna_activity__scratch__utr_bassetvl/00un2l3t,utr5__hani_rna_activity__scratch__utr_bassetvl,utr5,hani_rna_activity,utr5__hani_rna_activity__baseline_architecture,launch/utr5_hani_utr_bassetvl_sweep.sh,/home/minhang/synBio_AL/boda2_EU/src/learn/configs/utr5/hani_rna_activity/utr_bassetvl/utr5__hani_rna_activity__utr_bassetvl__bayes.yml,UTR5_RNA_Activity_DataModule,UTR_BassetVL,CNNBasicTraining,epoch_end_val_pearson_r2,16,epoch_end_val_pearson_r2,0.3086569011211395,0.8218436241149902,0.26495546102523804,0.5148035287857056,0.34543576836586,0.7096043825149536,0.25962814688682556,0.509313702583313,0.3605365753173828,0.4329805374145508,0.5723821080080637,0.7565593719482422,0.5180714726448059,/home/minhang/synBio_AL/boda2_EU/src/learn/local_artifacts/utr5/hani_rna_activity/utr_bassetvl/bayes/model_artifacts__utr5__hani_rna_activity__scratch__utr_bassetvl__gcxhx5bl__20260421_001542.tar.gz,completed,ankitlab2,ace1046,all_regions_pilot_after_cleanup
2026-04-21T01:27:46,as9q2mhn,utr5_hani_model_ibp2159k,https://wandb.ai/minhangxu1998-baylor-college-of-medicine/utr5__hani_rna_activity__scratch__utr_bassetvl/runs/as9q2mhn,minhangxu1998-baylor-college-of-medicine,utr5__hani_rna_activity__scratch__utr_bassetvl,ro3h7qcs,minhangxu1998-baylor-college-of-medicine/utr5__hani_rna_activity__scratch__utr_bassetvl/ro3h7qcs,utr5__hani_rna_activity__scratch__utr_bassetvl,utr5,hani_rna_activity,utr5__hani_rna_activity__baseline_architecture,launch/utr5_hani_utr_bassetvl_sweep.sh,/home/minhang/synBio_AL/boda2_EU/src/learn/configs/utr5/hani_rna_activity/utr_bassetvl/utr5__hani_rna_activity__utr_bassetvl__bayes.yml,UTR5_RNA_Activity_DataModule,UTR_BassetVL,CNNBasicTraining,epoch_end_val_pearson_r2,49,epoch_end_val_pearson_r2,0.5420146584510803,0.5270261764526367,0.5234904885292053,0.7236867547035217,0.4759151041507721,0.4837101101875305,0.4833616614341736,0.6950809955596924,0.44824451208114624,0.2583140432834625,0.7434721160950204,0.8622483015060425,0.7254515886306763,/home/minhang/synBio_AL/boda2_EU/src/learn/local_artifacts/utr5/hani_rna_activity/utr_bassetvl/bayes/model_artifacts__utr5__hani_rna_activity__scratch__utr_bassetvl__as9q2mhn__20260421_012746.tar.gz,completed,ankitlab2,ace1046,utr5_baseline_hpo_v1
2026-04-21T01:40:22,5a9b7jvd,utr5_hani_model_4wof6jqt,https://wandb.ai/minhangxu1998-baylor-college-of-medicine/utr5__hani_rna_activity__scratch__utr_bassetvl/runs/5a9b7jvd,minhangxu1998-baylor-college-of-medicine,utr5__hani_rna_activity__scratch__utr_bassetvl,ro3h7qcs,minhangxu1998-baylor-college-of-medicine/utr5__hani_rna_activity__scratch__utr_bassetvl/ro3h7qcs,utr5__hani_rna_activity__scratch__utr_bassetvl,utr5,hani_rna_activity,utr5__hani_rna_activity__baseline_architecture,launch/utr5_hani_utr_bassetvl_sweep.sh,/home/minhang/synBio_AL/boda2_EU/src/learn/configs/utr5/hani_rna_activity/utr_bassetvl/utr5__hani_rna_activity__utr_bassetvl__bayes.yml,UTR5_RNA_Activity_DataModule,UTR_BassetVL,CNNBasicTraining,epoch_end_val_pearson_r2,3,epoch_end_val_pearson_r2,0.28293171525001526,0.8513404726982117,0.25809967517852783,0.5080262422561646,0.3617735207080841,0.709894061088562,0.24856892228126526,0.4985170066356659,0.3614087998867035,0.5842792987823486,0.4422478068546039,0.6650171279907227,0.49784162640571594,/home/minhang/synBio_AL/boda2_EU/src/learn/local_artifacts/utr5/hani_rna_activity/utr_bassetvl/bayes/model_artifacts__utr5__hani_rna_activity__scratch__utr_bassetvl__5a9b7jvd__20260421_014023.tar.gz,completed,ankitlab2,ace1046,utr5_baseline_hpo_v1
2026-04-21T01:48:43,u0n4yr9b,promoter_test_rdi9lgl7,https://wandb.ai/minhangxu1998-baylor-college-of-medicine/promoter__deboer_core__scratch__utr_bassetvl/runs/u0n4yr9b,minhangxu1998-baylor-college-of-medicine,promoter__deboer_core__scratch__utr_bassetvl,ktzra2ju,minhangxu1998-baylor-college-of-medicine/promoter__deboer_core__scratch__utr_bassetvl/ktzra2ju,promoter__deboer_core__scratch__utr_bassetvl,promoter,deboer_core,promoter__deboer_core__architecture_comparison,launch/promoter_deboer_compare_architectures.sh,/home/minhang/synBio_AL/boda2_EU/src/learn/configs/promoter/deboer_core/utr_bassetvl/promoter__deboer_core__utr_bassetvl__bayes.yml,PromoterDataModule,UTR_BassetVL,CNNBasicTraining,epoch_end_val_pearson_r2,45,epoch_end_val_pearson_r2,0.4248804450035095,0.6001701354980469,0.420291006565094,0.6482720971107483,0.6339821219444275,,,,,0.4681190550327301,0.5371961647263075,0.7329367399215698,0.7137577533721924,/home/minhang/synBio_AL/boda2_EU/src/learn/local_artifacts/promoter/deboer_core/utr_bassetvl/bayes/model_artifacts__promoter__deboer_core__scratch__utr_bassetvl__u0n4yr9b__20260421_014843.tar.gz,completed,ankitlab2,ace1046,promoter_arch_screen_v1
2026-04-21T01:52:22,3mihzclw,promoter_bassetvl_tw96d1w8,https://wandb.ai/minhangxu1998-baylor-college-of-medicine/promoter__deboer_core__scratch__bassetvl/runs/3mihzclw,minhangxu1998-baylor-college-of-medicine,promoter__deboer_core__scratch__bassetvl,orw195cw,minhangxu1998-baylor-college-of-medicine/promoter__deboer_core__scratch__bassetvl/orw195cw,promoter__deboer_core__scratch__bassetvl,promoter,deboer_core,promoter__deboer_core__architecture_comparison,launch/promoter_deboer_compare_architectures.sh,/home/minhang/synBio_AL/boda2_EU/src/learn/configs/promoter/deboer_core/bassetvl/promoter__deboer_core__bassetvl__bayes.yml,PromoterDataModule,BassetVL,CNNBasicTraining,epoch_end_val_pearson_r2,3,epoch_end_val_pearson_r2,0.3906250298023224,0.7832074165344238,0.2973653972148895,0.5450918078422546,0.5178090333938599,,,,,0.5277395844459534,0.46945847154072595,0.6851703524589539,0.6704567074775696,/home/minhang/synBio_AL/boda2_EU/src/learn/local_artifacts/promoter/deboer_core/bassetvl/bayes/model_artifacts__promoter__deboer_core__scratch__bassetvl__3mihzclw__20260421_015222.tar.gz,completed,ankitlab2,ace1046,promoter_arch_screen_v1
2026-04-21T01:52:32,06f8sj7u,utr5_hani_model_t6lvtrsw,https://wandb.ai/minhangxu1998-baylor-college-of-medicine/utr5__hani_rna_activity__scratch__utr_bassetvl/runs/06f8sj7u,minhangxu1998-baylor-college-of-medicine,utr5__hani_rna_activity__scratch__utr_bassetvl,ro3h7qcs,minhangxu1998-baylor-college-of-medicine/utr5__hani_rna_activity__scratch__utr_bassetvl/ro3h7qcs,utr5__hani_rna_activity__scratch__utr_bassetvl,utr5,hani_rna_activity,utr5__hani_rna_activity__baseline_architecture,launch/utr5_hani_utr_bassetvl_sweep.sh,/home/minhang/synBio_AL/boda2_EU/src/learn/configs/utr5/hani_rna_activity/utr_bassetvl/utr5__hani_rna_activity__utr_bassetvl__bayes.yml,UTR5_RNA_Activity_DataModule,UTR_BassetVL,CNNBasicTraining,epoch_end_val_pearson_r2,23,epoch_end_val_pearson_r2,0.5358291268348694,0.5343374013900757,0.5195669531822205,0.7207177877426147,0.4767442047595978,0.4929808974266052,0.4831774830818176,0.6951245665550232,0.47545066475868225,0.281850665807724,0.7213381553875653,0.8493162989616394,0.6823262572288513,/home/minhang/synBio_AL/boda2_EU/src/learn/local_artifacts/utr5/hani_rna_activity/utr_bassetvl/bayes/model_artifacts__utr5__hani_rna_activity__scratch__utr_bassetvl__06f8sj7u__20260421_015232.tar.gz,completed,ankitlab2,ace1046,utr5_baseline_hpo_v1
2026-04-21T01:56:09,xqvfagf1,promoter_resnet1d_ib0nqz1f,https://wandb.ai/minhangxu1998-baylor-college-of-medicine/promoter__deboer_core__scratch__resnet1d/runs/xqvfagf1,minhangxu1998-baylor-college-of-medicine,promoter__deboer_core__scratch__resnet1d,dujehdgh,minhangxu1998-baylor-college-of-medicine/promoter__deboer_core__scratch__resnet1d/dujehdgh,promoter__deboer_core__scratch__resnet1d,promoter,deboer_core,promoter__deboer_core__architecture_comparison,launch/promoter_deboer_compare_architectures.sh,/home/minhang/synBio_AL/boda2_EU/src/learn/configs/promoter/deboer_core/resnet1d/promoter__deboer_core__resnet1d__bayes.yml,PromoterDataModule,ResNet1DRegressor,CNNBasicTraining,epoch_end_val_pearson_r2,24,epoch_end_val_pearson_r2,0.4015730023384094,0.6675465106964111,0.3737611770629883,0.6111323237419128,0.6057739853858948,,,,,0.4911719560623169,0.5071866740056026,0.7121704816818237,0.692034125328064,/home/minhang/synBio_AL/boda2_EU/src/learn/local_artifacts/promoter/deboer_core/resnet1d/bayes/model_artifacts__promoter__deboer_core__scratch__resnet1d__xqvfagf1__20260421_015609.tar.gz,completed,ankitlab2,ace1046,promoter_arch_screen_v1
2026-04-21T01:56:19,k3oxkxqj,utr3_model_bj23xj6b,https://wandb.ai/minhangxu1998-baylor-college-of-medicine/utr3__hani_rna_activity__scratch__utr_bassetvl/runs/k3oxkxqj,minhangxu1998-baylor-college-of-medicine,utr3__hani_rna_activity__scratch__utr_bassetvl,p0gplq2k,minhangxu1998-baylor-college-of-medicine/utr3__hani_rna_activity__scratch__utr_bassetvl/p0gplq2k,utr3__hani_rna_activity__scratch__utr_bassetvl,utr3,hani_rna_activity,utr3__hani_rna_activity__baseline_architecture,launch/utr3_hani_utr_bassetvl_sweep.sh,/home/minhang/synBio_AL/boda2_EU/src/learn/configs/utr3/hani_rna_activity/utr_bassetvl/utr3__hani_rna_activity__utr_bassetvl__bayes.yml,UTR3_RNA_Activity_DataModule,UTR_BassetVL,CNNBasicTraining,epoch_end_val_pearson_r2,178,epoch_end_val_pearson_r2,0.44377684593200684,0.6133242845535278,0.42886534333229065,0.6546208262443542,0.651817798614502,0.5793022513389587,0.4131893813610077,0.6426380276679993,0.640304684638977,0.5396963953971863,0.47328472309259184,0.6879570484161377,0.6866474747657776,/home/minhang/synBio_AL/boda2_EU/src/learn/local_artifacts/utr3/hani_rna_activity/utr_bassetvl/bayes/model_artifacts__utr3__hani_rna_activity__scratch__utr_bassetvl__k3oxkxqj__20260421_015619.tar.gz,completed,ankitlab2,ace1046,utr3_baseline_hpo_v1
2026-04-21T02:13:12,zpmgdn79,promoter_bassetvl_dcgfdo51,https://wandb.ai/minhangxu1998-baylor-college-of-medicine/promoter__deboer_core__scratch__bassetvl/runs/zpmgdn79,minhangxu1998-baylor-college-of-medicine,promoter__deboer_core__scratch__bassetvl,orw195cw,minhangxu1998-baylor-college-of-medicine/promoter__deboer_core__scratch__bassetvl/orw195cw,promoter__deboer_core__scratch__bassetvl,promoter,deboer_core,promoter__deboer_core__architecture_comparison,launch/promoter_deboer_compare_architectures.sh,/home/minhang/synBio_AL/boda2_EU/src/learn/configs/promoter/deboer_core/bassetvl/promoter__deboer_core__bassetvl__bayes.yml,PromoterDataModule,BassetVL,CNNBasicTraining,epoch_end_val_pearson_r2,3,epoch_end_val_pearson_r2,0.39872121810913086,0.7974777221679688,0.29960665106773376,0.5475618839263916,0.5489240884780884,,,,,0.5443009734153748,0.4536123512698989,0.6735075116157532,0.6586836576461792,/home/minhang/synBio_AL/boda2_EU/src/learn/local_artifacts/promoter/deboer_core/bassetvl/bayes/model_artifacts__promoter__deboer_core__scratch__bassetvl__zpmgdn79__20260421_021312.tar.gz,completed,ankitlab2,ace1046,promoter_arch_screen_v1
2026-04-21T02:14:37,7ghywu2l,utr3_model_h1f6fwvy,https://wandb.ai/minhangxu1998-baylor-college-of-medicine/utr3__hani_rna_activity__scratch__utr_bassetvl/runs/7ghywu2l,minhangxu1998-baylor-college-of-medicine,utr3__hani_rna_activity__scratch__utr_bassetvl,p0gplq2k,minhangxu1998-baylor-college-of-medicine/utr3__hani_rna_activity__scratch__utr_bassetvl/p0gplq2k,utr3__hani_rna_activity__scratch__utr_bassetvl,utr3,hani_rna_activity,utr3__hani_rna_activity__baseline_architecture,launch/utr3_hani_utr_bassetvl_sweep.sh,/home/minhang/synBio_AL/boda2_EU/src/learn/configs/utr3/hani_rna_activity/utr_bassetvl/utr3__hani_rna_activity__utr_bassetvl__bayes.yml,UTR3_RNA_Activity_DataModule,UTR_BassetVL,CNNBasicTraining,epoch_end_val_pearson_r2,48,epoch_end_val_pearson_r2,0.4527708888053894,0.5961822867393494,0.42123347520828247,0.6488518118858337,0.6432077288627625,0.582027018070221,0.4095214009284973,0.6397757530212402,0.6391139626502991,0.4918827414512634,0.5102370343650008,0.7143087387084961,0.7141400575637817,/home/minhang/synBio_AL/boda2_EU/src/learn/local_artifacts/utr3/hani_rna_activity/utr_bassetvl/bayes/model_artifacts__utr3__hani_rna_activity__scratch__utr_bassetvl__7ghywu2l__20260421_021437.tar.gz,completed,ankitlab2,ace1046,utr3_baseline_hpo_v1
2026-04-21T02:17:07,84hnad9t,utr5_hani_model_8bk0f4za,https://wandb.ai/minhangxu1998-baylor-college-of-medicine/utr5__hani_rna_activity__scratch__utr_bassetvl/runs/84hnad9t,minhangxu1998-baylor-college-of-medicine,utr5__hani_rna_activity__scratch__utr_bassetvl,ro3h7qcs,minhangxu1998-baylor-college-of-medicine/utr5__hani_rna_activity__scratch__utr_bassetvl/ro3h7qcs,utr5__hani_rna_activity__scratch__utr_bassetvl,utr5,hani_rna_activity,utr5__hani_rna_activity__baseline_architecture,launch/utr5_hani_utr_bassetvl_sweep.sh,/home/minhang/synBio_AL/boda2_EU/src/learn/configs/utr5/hani_rna_activity/utr_bassetvl/utr5__hani_rna_activity__utr_bassetvl__bayes.yml,UTR5_RNA_Activity_DataModule,UTR_BassetVL,CNNBasicTraining,epoch_end_val_pearson_r2,100,epoch_end_val_pearson_r2,0.5878464579582214,0.48162180185317993,0.5724295973777771,0.7565369009971619,0.4993796646595001,0.4431145191192627,0.5259838700294495,0.7254106998443604,0.4942089915275574,0.34900593757629395,0.6558629806101445,0.809853732585907,0.5798054337501526,/home/minhang/synBio_AL/boda2_EU/src/learn/local_artifacts/utr5/hani_rna_activity/utr_bassetvl/bayes/model_artifacts__utr5__hani_rna_activity__scratch__utr_bassetvl__84hnad9t__20260421_021707.tar.gz,completed,ankitlab2,ace1046,utr5_baseline_hpo_v1
2026-04-21T02:30:45,0k2kxs8r,promoter_resnet1d_f53e02rx,https://wandb.ai/minhangxu1998-baylor-college-of-medicine/promoter__deboer_core__scratch__resnet1d/runs/0k2kxs8r,minhangxu1998-baylor-college-of-medicine,promoter__deboer_core__scratch__resnet1d,dujehdgh,minhangxu1998-baylor-college-of-medicine/promoter__deboer_core__scratch__resnet1d/dujehdgh,promoter__deboer_core__scratch__resnet1d,promoter,deboer_core,promoter__deboer_core__architecture_comparison,launch/promoter_deboer_compare_architectures.sh,/home/minhang/synBio_AL/boda2_EU/src/learn/configs/promoter/deboer_core/resnet1d/promoter__deboer_core__resnet1d__bayes.yml,PromoterDataModule,ResNet1DRegressor,CNNBasicTraining,epoch_end_val_pearson_r2,11,epoch_end_val_pearson_r2,0.41427144408226013,0.7241116762161255,0.34214338660240173,0.5847700238227844,0.5833545923233032,,,,,0.5066649913787842,0.497017590625607,0.7049947381019592,0.6886457204818726,/home/minhang/synBio_AL/boda2_EU/src/learn/local_artifacts/promoter/deboer_core/resnet1d/bayes/model_artifacts__promoter__deboer_core__scratch__resnet1d__0k2kxs8r__20260421_023045.tar.gz,completed,ankitlab2,ace1046,promoter_arch_screen_v1
2026-04-21T02:37:09,is8cxcpb,promoter_test_vu4sl9ms,https://wandb.ai/minhangxu1998-baylor-college-of-medicine/promoter__deboer_core__scratch__utr_bassetvl/runs/is8cxcpb,minhangxu1998-baylor-college-of-medicine,promoter__deboer_core__scratch__utr_bassetvl,ktzra2ju,minhangxu1998-baylor-college-of-medicine/promoter__deboer_core__scratch__utr_bassetvl/ktzra2ju,promoter__deboer_core__scratch__utr_bassetvl,promoter,deboer_core,promoter__deboer_core__architecture_comparison,launch/promoter_deboer_compare_architectures.sh,/home/minhang/synBio_AL/boda2_EU/src/learn/configs/promoter/deboer_core/utr_bassetvl/promoter__deboer_core__utr_bassetvl__bayes.yml,PromoterDataModule,UTR_BassetVL,CNNBasicTraining,epoch_end_val_pearson_r2,14,epoch_end_val_pearson_r2,0.41346052289009094,0.6172361969947815,0.3984069228172302,0.6314307451248169,0.6199269890785217,,,,,0.504080593585968,0.4946272545629577,0.7032973766326904,0.6881317496299744,/home/minhang/synBio_AL/boda2_EU/src/learn/local_artifacts/promoter/deboer_core/utr_bassetvl/bayes/model_artifacts__promoter__deboer_core__scratch__utr_bassetvl__is8cxcpb__20260421_023709.tar.gz,completed,ankitlab2,ace1046,promoter_arch_screen_v1
2026-04-21T02:43:01,a0qe5ppm,utr5_hani_model_utra49tw,https://wandb.ai/minhangxu1998-baylor-college-of-medicine/utr5__hani_rna_activity__scratch__utr_bassetvl/runs/a0qe5ppm,minhangxu1998-baylor-college-of-medicine,utr5__hani_rna_activity__scratch__utr_bassetvl,ro3h7qcs,minhangxu1998-baylor-college-of-medicine/utr5__hani_rna_activity__scratch__utr_bassetvl/ro3h7qcs,utr5__hani_rna_activity__scratch__utr_bassetvl,utr5,hani_rna_activity,utr5__hani_rna_activity__baseline_architecture,launch/utr5_hani_utr_bassetvl_sweep.sh,/home/minhang/synBio_AL/boda2_EU/src/learn/configs/utr5/hani_rna_activity/utr_bassetvl/utr5__hani_rna_activity__utr_bassetvl__bayes.yml,UTR5_RNA_Activity_DataModule,UTR_BassetVL,CNNBasicTraining,epoch_end_val_pearson_r2,32,epoch_end_val_pearson_r2,0.3719831705093384,0.7666610479354858,0.3337143659591675,0.5778494477272034,0.4053191840648651,0.6902163624763489,0.33713605999946594,0.5807362198829651,0.3872787356376648,0.7862927317619324,0.25858487250834644,0.5085123777389526,0.3641694486141205,/home/minhang/synBio_AL/boda2_EU/src/learn/local_artifacts/utr5/hani_rna_activity/utr_bassetvl/bayes/model_artifacts__utr5__hani_rna_activity__scratch__utr_bassetvl__a0qe5ppm__20260421_024301.tar.gz,completed,ankitlab2,ace1046,utr5_baseline_hpo_v1
2026-04-21T02:43:57,koi2o3c1,utr3_model_wkh12k99,https://wandb.ai/minhangxu1998-baylor-college-of-medicine/utr3__hani_rna_activity__scratch__utr_bassetvl/runs/koi2o3c1,minhangxu1998-baylor-college-of-medicine,utr3__hani_rna_activity__scratch__utr_bassetvl,p0gplq2k,minhangxu1998-baylor-college-of-medicine/utr3__hani_rna_activity__scratch__utr_bassetvl/p0gplq2k,utr3__hani_rna_activity__scratch__utr_bassetvl,utr3,hani_rna_activity,utr3__hani_rna_activity__baseline_architecture,launch/utr3_hani_utr_bassetvl_sweep.sh,/home/minhang/synBio_AL/boda2_EU/src/learn/configs/utr3/hani_rna_activity/utr_bassetvl/utr3__hani_rna_activity__utr_bassetvl__bayes.yml,UTR3_RNA_Activity_DataModule,UTR_BassetVL,CNNBasicTraining,epoch_end_val_pearson_r2,161,epoch_end_val_pearson_r2,0.45569542050361633,0.5952444076538086,0.44803452491760254,0.6691300272941589,0.6632078886032104,0.5970418453216553,0.42040324211120605,0.6485617160797119,0.6446123123168945,0.15690113604068756,0.8540385754906238,0.9241421222686768,0.9307876825332642,/home/minhang/synBio_AL/boda2_EU/src/learn/local_artifacts/utr3/hani_rna_activity/utr_bassetvl/bayes/model_artifacts__utr3__hani_rna_activity__scratch__utr_bassetvl__koi2o3c1__20260421_024357.tar.gz,completed,ankitlab2,ace1046,utr3_baseline_hpo_v1
2026-04-21T02:54:08,a58w4wna,utr3_model_ltiz2727,https://wandb.ai/minhangxu1998-baylor-college-of-medicine/utr3__hani_rna_activity__scratch__utr_bassetvl/runs/a58w4wna,minhangxu1998-baylor-college-of-medicine,utr3__hani_rna_activity__scratch__utr_bassetvl,p0gplq2k,minhangxu1998-baylor-college-of-medicine/utr3__hani_rna_activity__scratch__utr_bassetvl/p0gplq2k,utr3__hani_rna_activity__scratch__utr_bassetvl,utr3,hani_rna_activity,utr3__hani_rna_activity__baseline_architecture,launch/utr3_hani_utr_bassetvl_sweep.sh,/home/minhang/synBio_AL/boda2_EU/src/learn/configs/utr3/hani_rna_activity/utr_bassetvl/utr3__hani_rna_activity__utr_bassetvl__bayes.yml,UTR3_RNA_Activity_DataModule,UTR_BassetVL,CNNBasicTraining,epoch_end_val_pearson_r2,13,epoch_end_val_pearson_r2,0.4738854467868805,0.583684504032135,0.45201680064201355,0.6723005771636963,0.663616955280304,0.606552243232727,0.44704487919807434,0.6686484813690186,0.6694640517234802,0.3715340793132782,0.6512911957143871,0.807026207447052,0.8174275159835815,/home/minhang/synBio_AL/boda2_EU/src/learn/local_artifacts/utr3/hani_rna_activity/utr_bassetvl/bayes/model_artifacts__utr3__hani_rna_activity__scratch__utr_bassetvl__a58w4wna__20260421_025408.tar.gz,completed,ankitlab2,ace1046,utr3_baseline_hpo_v1
2026-04-21T02:57:14,tcfht0mb,promoter_bassetvl_tgg1jddx,https://wandb.ai/minhangxu1998-baylor-college-of-medicine/promoter__deboer_core__scratch__bassetvl/runs/tcfht0mb,minhangxu1998-baylor-college-of-medicine,promoter__deboer_core__scratch__bassetvl,orw195cw,minhangxu1998-baylor-college-of-medicine/promoter__deboer_core__scratch__bassetvl/orw195cw,promoter__deboer_core__scratch__bassetvl,promoter,deboer_core,promoter__deboer_core__architecture_comparison,launch/promoter_deboer_compare_architectures.sh,/home/minhang/synBio_AL/boda2_EU/src/learn/configs/promoter/deboer_core/bassetvl/promoter__deboer_core__bassetvl__bayes.yml,PromoterDataModule,BassetVL,CNNBasicTraining,epoch_end_val_pearson_r2,7,epoch_end_val_pearson_r2,0.4044320583343506,0.7985407710075378,0.32954198122024536,0.5740764737129211,0.5619986057281494,,,,,0.4897420406341553,0.5076717240887612,0.7125108242034912,0.6925699710845947,/home/minhang/synBio_AL/boda2_EU/src/learn/local_artifacts/promoter/deboer_core/bassetvl/bayes/model_artifacts__promoter__deboer_core__scratch__bassetvl__tcfht0mb__20260421_025714.tar.gz,completed,ankitlab2,ace1046,promoter_arch_screen_v1
2026-04-21T02:59:34,es9iiu77,utr5_hani_model_1l69io9s,https://wandb.ai/minhangxu1998-baylor-college-of-medicine/utr5__hani_rna_activity__scratch__utr_bassetvl/runs/es9iiu77,minhangxu1998-baylor-college-of-medicine,utr5__hani_rna_activity__scratch__utr_bassetvl,ro3h7qcs,minhangxu1998-baylor-college-of-medicine/utr5__hani_rna_activity__scratch__utr_bassetvl/ro3h7qcs,utr5__hani_rna_activity__scratch__utr_bassetvl,utr5,hani_rna_activity,utr5__hani_rna_activity__baseline_architecture,launch/utr5_hani_utr_bassetvl_sweep.sh,/home/minhang/synBio_AL/boda2_EU/src/learn/configs/utr5/hani_rna_activity/utr_bassetvl/utr5__hani_rna_activity__utr_bassetvl__bayes.yml,UTR5_RNA_Activity_DataModule,UTR_BassetVL,CNNBasicTraining,epoch_end_val_pearson_r2,55,epoch_end_val_pearson_r2,0.5854426622390747,0.4900040924549103,0.5771738290786743,0.7595676779747009,0.5013259649276733,0.4436180591583252,0.5270890593528748,0.7258701324462891,0.4953131079673767,0.37916794419288635,0.6295204149477246,0.7934231758117676,0.5468102097511292,/home/minhang/synBio_AL/boda2_EU/src/learn/local_artifacts/utr5/hani_rna_activity/utr_bassetvl/bayes/model_artifacts__utr5__hani_rna_activity__scratch__utr_bassetvl__es9iiu77__20260421_025934.tar.gz,completed,ankitlab2,ace1046,utr5_baseline_hpo_v1
2026-04-21T03:11:23,tjo3j2tn,utr3_model_nheklqfq,https://wandb.ai/minhangxu1998-baylor-college-of-medicine/utr3__hani_rna_activity__scratch__utr_bassetvl/runs/tjo3j2tn,minhangxu1998-baylor-college-of-medicine,utr3__hani_rna_activity__scratch__utr_bassetvl,p0gplq2k,minhangxu1998-baylor-college-of-medicine/utr3__hani_rna_activity__scratch__utr_bassetvl/p0gplq2k,utr3__hani_rna_activity__scratch__utr_bassetvl,utr3,hani_rna_activity,utr3__hani_rna_activity__baseline_architecture,launch/utr3_hani_utr_bassetvl_sweep.sh,/home/minhang/synBio_AL/boda2_EU/src/learn/configs/utr3/hani_rna_activity/utr_bassetvl/utr3__hani_rna_activity__utr_bassetvl__bayes.yml,UTR3_RNA_Activity_DataModule,UTR_BassetVL,CNNBasicTraining,epoch_end_val_pearson_r2,79,epoch_end_val_pearson_r2,0.48233774304389954,0.5853207111358643,0.4679414629936218,0.6839088201522827,0.6796778440475464,0.5332191586494446,0.45983967185020447,0.6783279180526733,0.6758176684379578,0.3879629373550415,0.6142204577207807,0.7837222814559937,0.786354124546051,/home/minhang/synBio_AL/boda2_EU/src/learn/local_artifacts/utr3/hani_rna_activity/utr_bassetvl/bayes/model_artifacts__utr3__hani_rna_activity__scratch__utr_bassetvl__tjo3j2tn__20260421_031123.tar.gz,completed,ankitlab2,ace1046,utr3_baseline_hpo_v1
2026-04-21T03:17:25,b4ycxsct,utr5_hani_model_foj4cz4c,https://wandb.ai/minhangxu1998-baylor-college-of-medicine/utr5__hani_rna_activity__scratch__utr_bassetvl/runs/b4ycxsct,minhangxu1998-baylor-college-of-medicine,utr5__hani_rna_activity__scratch__utr_bassetvl,ro3h7qcs,minhangxu1998-baylor-college-of-medicine/utr5__hani_rna_activity__scratch__utr_bassetvl/ro3h7qcs,utr5__hani_rna_activity__scratch__utr_bassetvl,utr5,hani_rna_activity,utr5__hani_rna_activity__baseline_architecture,launch/utr5_hani_utr_bassetvl_sweep.sh,/home/minhang/synBio_AL/boda2_EU/src/learn/configs/utr5/hani_rna_activity/utr_bassetvl/utr5__hani_rna_activity__utr_bassetvl__bayes.yml,UTR5_RNA_Activity_DataModule,UTR_BassetVL,CNNBasicTraining,epoch_end_val_pearson_r2,10,epoch_end_val_pearson_r2,0.3990522027015686,0.7628234624862671,0.32239750027656555,0.5676794052124023,0.40828943252563477,0.6724162697792053,0.35176512598991394,0.5931819677352905,0.3993697762489319,0.7692309617996216,0.26579425624332004,0.5155524611473083,0.3703458607196808,/home/minhang/synBio_AL/boda2_EU/src/learn/local_artifacts/utr5/hani_rna_activity/utr_bassetvl/bayes/model_artifacts__utr5__hani_rna_activity__scratch__utr_bassetvl__b4ycxsct__20260421_031725.tar.gz,completed,ankitlab2,ace1046,utr5_baseline_hpo_v1
2026-04-21T03:19:21,8gdt99i7,promoter_bassetvl_r9dxz1tt,https://wandb.ai/minhangxu1998-baylor-college-of-medicine/promoter__deboer_core__scratch__bassetvl/runs/8gdt99i7,minhangxu1998-baylor-college-of-medicine,promoter__deboer_core__scratch__bassetvl,orw195cw,minhangxu1998-baylor-college-of-medicine/promoter__deboer_core__scratch__bassetvl/orw195cw,promoter__deboer_core__scratch__bassetvl,promoter,deboer_core,promoter__deboer_core__architecture_comparison,launch/promoter_deboer_compare_architectures.sh,/home/minhang/synBio_AL/boda2_EU/src/learn/configs/promoter/deboer_core/bassetvl/promoter__deboer_core__bassetvl__bayes.yml,PromoterDataModule,BassetVL,CNNBasicTraining,epoch_end_val_pearson_r2,6,epoch_end_val_pearson_r2,0.4062333106994629,0.7805284857749939,0.3052839934825897,0.5523806214332581,0.5399768948554993,,,,,0.5059543251991272,0.4942368566047711,0.7030197978019714,0.685187816619873,/home/minhang/synBio_AL/boda2_EU/src/learn/local_artifacts/promoter/deboer_core/bassetvl/bayes/model_artifacts__promoter__deboer_core__scratch__bassetvl__8gdt99i7__20260421_031922.tar.gz,completed,ankitlab2,ace1046,promoter_arch_screen_v1
2026-04-21T03:22:17,7l7qsatt,utr3_model_qctuovrb,https://wandb.ai/minhangxu1998-baylor-college-of-medicine/utr3__hani_rna_activity__scratch__utr_bassetvl/runs/7l7qsatt,minhangxu1998-baylor-college-of-medicine,utr3__hani_rna_activity__scratch__utr_bassetvl,p0gplq2k,minhangxu1998-baylor-college-of-medicine/utr3__hani_rna_activity__scratch__utr_bassetvl/p0gplq2k,utr3__hani_rna_activity__scratch__utr_bassetvl,utr3,hani_rna_activity,utr3__hani_rna_activity__baseline_architecture,launch/utr3_hani_utr_bassetvl_sweep.sh,/home/minhang/synBio_AL/boda2_EU/src/learn/configs/utr3/hani_rna_activity/utr_bassetvl/utr3__hani_rna_activity__utr_bassetvl__bayes.yml,UTR3_RNA_Activity_DataModule,UTR_BassetVL,CNNBasicTraining,epoch_end_val_pearson_r2,27,epoch_end_val_pearson_r2,0.4725055694580078,0.6046380996704102,0.443771630525589,0.6662581562995911,0.6609984040260315,0.5601406097412109,0.441062331199646,0.6638991236686707,0.6649463772773743,0.4632810056209564,0.5534402922457721,0.743935763835907,0.7478116154670715,/home/minhang/synBio_AL/boda2_EU/src/learn/local_artifacts/utr3/hani_rna_activity/utr_bassetvl/bayes/model_artifacts__utr3__hani_rna_activity__scratch__utr_bassetvl__7l7qsatt__20260421_032217.tar.gz,completed,ankitlab2,ace1046,utr3_baseline_hpo_v1
2026-04-21T03:27:16,qyohj9ml,utr5_hani_model_0mftqehs,https://wandb.ai/minhangxu1998-baylor-college-of-medicine/utr5__hani_rna_activity__scratch__utr_bassetvl/runs/qyohj9ml,minhangxu1998-baylor-college-of-medicine,utr5__hani_rna_activity__scratch__utr_bassetvl,ro3h7qcs,minhangxu1998-baylor-college-of-medicine/utr5__hani_rna_activity__scratch__utr_bassetvl/ro3h7qcs,utr5__hani_rna_activity__scratch__utr_bassetvl,utr5,hani_rna_activity,utr5__hani_rna_activity__baseline_architecture,launch/utr5_hani_utr_bassetvl_sweep.sh,/home/minhang/synBio_AL/boda2_EU/src/learn/configs/utr5/hani_rna_activity/utr_bassetvl/utr5__hani_rna_activity__utr_bassetvl__bayes.yml,UTR5_RNA_Activity_DataModule,UTR_BassetVL,CNNBasicTraining,epoch_end_val_pearson_r2,5,epoch_end_val_pearson_r2,0.522159218788147,0.5712356567382812,0.49811097979545593,0.7058130502700806,0.45285364985466003,0.5027013421058655,0.4623112380504608,0.6800682544708252,0.4572018086910248,0.3196104168891907,0.6817695952469627,0.8256934881210327,0.6263135075569153,/home/minhang/synBio_AL/boda2_EU/src/learn/local_artifacts/utr5/hani_rna_activity/utr_bassetvl/bayes/model_artifacts__utr5__hani_rna_activity__scratch__utr_bassetvl__qyohj9ml__20260421_032716.tar.gz,completed,ankitlab2,ace1046,utr5_baseline_hpo_v1
2026-04-21T03:37:43,awmi61eq,utr3_model_pb9zxcv9,https://wandb.ai/minhangxu1998-baylor-college-of-medicine/utr3__hani_rna_activity__scratch__utr_bassetvl/runs/awmi61eq,minhangxu1998-baylor-college-of-medicine,utr3__hani_rna_activity__scratch__utr_bassetvl,p0gplq2k,minhangxu1998-baylor-college-of-medicine/utr3__hani_rna_activity__scratch__utr_bassetvl/p0gplq2k,utr3__hani_rna_activity__scratch__utr_bassetvl,utr3,hani_rna_activity,utr3__hani_rna_activity__baseline_architecture,launch/utr3_hani_utr_bassetvl_sweep.sh,/home/minhang/synBio_AL/boda2_EU/src/learn/configs/utr3/hani_rna_activity/utr_bassetvl/utr3__hani_rna_activity__utr_bassetvl__bayes.yml,UTR3_RNA_Activity_DataModule,UTR_BassetVL,CNNBasicTraining,epoch_end_val_pearson_r2,47,epoch_end_val_pearson_r2,0.470523476600647,0.5787105560302734,0.4462466239929199,0.6681283116340637,0.6591984629631042,0.567115306854248,0.4375547766685486,0.6613696217536926,0.6585251688957214,0.4101834297180176,0.5936037329232078,0.7704567313194275,0.7756618857383728,/home/minhang/synBio_AL/boda2_EU/src/learn/local_artifacts/utr3/hani_rna_activity/utr_bassetvl/bayes/model_artifacts__utr3__hani_rna_activity__scratch__utr_bassetvl__awmi61eq__20260421_033743.tar.gz,completed,ankitlab2,ace1046,utr3_baseline_hpo_v1
2026-04-21T03:39:38,2c9ionb4,utr5_hani_model_oemq0llw,https://wandb.ai/minhangxu1998-baylor-college-of-medicine/utr5__hani_rna_activity__scratch__utr_bassetvl/runs/2c9ionb4,minhangxu1998-baylor-college-of-medicine,utr5__hani_rna_activity__scratch__utr_bassetvl,ro3h7qcs,minhangxu1998-baylor-college-of-medicine/utr5__hani_rna_activity__scratch__utr_bassetvl/ro3h7qcs,utr5__hani_rna_activity__scratch__utr_bassetvl,utr5,hani_rna_activity,utr5__hani_rna_activity__baseline_architecture,launch/utr5_hani_utr_bassetvl_sweep.sh,/home/minhang/synBio_AL/boda2_EU/src/learn/configs/utr5/hani_rna_activity/utr_bassetvl/utr5__hani_rna_activity__utr_bassetvl__bayes.yml,UTR5_RNA_Activity_DataModule,UTR_BassetVL,CNNBasicTraining,epoch_end_val_pearson_r2,22,epoch_end_val_pearson_r2,0.5534951090812683,0.5160379409790039,0.5422881841659546,0.7362191677093506,0.47552767395973206,0.46425101161003113,0.5047081112861633,0.7108196020126343,0.4750898480415344,0.2985351085662842,0.7040540877641862,0.8390793204307556,0.6646689772605896,/home/minhang/synBio_AL/boda2_EU/src/learn/local_artifacts/utr5/hani_rna_activity/utr_bassetvl/bayes/model_artifacts__utr5__hani_rna_activity__scratch__utr_bassetvl__2c9ionb4__20260421_033938.tar.gz,completed,ankitlab2,ace1046,utr5_baseline_hpo_v1
2026-04-21T03:47:07,x7iymef4,utr3_model_qwqmhq8c,https://wandb.ai/minhangxu1998-baylor-college-of-medicine/utr3__hani_rna_activity__scratch__utr_bassetvl/runs/x7iymef4,minhangxu1998-baylor-college-of-medicine,utr3__hani_rna_activity__scratch__utr_bassetvl,p0gplq2k,minhangxu1998-baylor-college-of-medicine/utr3__hani_rna_activity__scratch__utr_bassetvl/p0gplq2k,utr3__hani_rna_activity__scratch__utr_bassetvl,utr3,hani_rna_activity,utr3__hani_rna_activity__baseline_architecture,launch/utr3_hani_utr_bassetvl_sweep.sh,/home/minhang/synBio_AL/boda2_EU/src/learn/configs/utr3/hani_rna_activity/utr_bassetvl/utr3__hani_rna_activity__utr_bassetvl__bayes.yml,UTR3_RNA_Activity_DataModule,UTR_BassetVL,CNNBasicTraining,epoch_end_val_pearson_r2,21,epoch_end_val_pearson_r2,0.48485732078552246,0.5803698301315308,0.4567452073097229,0.6759114265441895,0.6679840683937073,0.5639370679855347,0.4644745886325836,0.6813793182373047,0.683681070804596,0.3849574327468872,0.6392369383480445,0.7995229363441467,0.8104068040847778,/home/minhang/synBio_AL/boda2_EU/src/learn/local_artifacts/utr3/hani_rna_activity/utr_bassetvl/bayes/model_artifacts__utr3__hani_rna_activity__scratch__utr_bassetvl__x7iymef4__20260421_034707.tar.gz,completed,ankitlab2,ace1046,utr3_baseline_hpo_v1
2026-04-21T03:50:52,5vm17klr,promoter_test_nvha805w,https://wandb.ai/minhangxu1998-baylor-college-of-medicine/promoter__deboer_core__scratch__utr_bassetvl/runs/5vm17klr,minhangxu1998-baylor-college-of-medicine,promoter__deboer_core__scratch__utr_bassetvl,ktzra2ju,minhangxu1998-baylor-college-of-medicine/promoter__deboer_core__scratch__utr_bassetvl/ktzra2ju,promoter__deboer_core__scratch__utr_bassetvl,promoter,deboer_core,promoter__deboer_core__architecture_comparison,launch/promoter_deboer_compare_architectures.sh,/home/minhang/synBio_AL/boda2_EU/src/learn/configs/promoter/deboer_core/utr_bassetvl/promoter__deboer_core__utr_bassetvl__bayes.yml,PromoterDataModule,UTR_BassetVL,CNNBasicTraining,epoch_end_val_pearson_r2,49,epoch_end_val_pearson_r2,0.418186217546463,0.6469878554344177,0.4009430706501007,0.6333483457565308,0.6172608733177185,,,,,0.4739589989185333,0.5444743522284325,0.737885057926178,0.7191227674484253,/home/minhang/synBio_AL/boda2_EU/src/learn/local_artifacts/promoter/deboer_core/utr_bassetvl/bayes/model_artifacts__promoter__deboer_core__scratch__utr_bassetvl__5vm17klr__20260421_035052.tar.gz,completed,ankitlab2,ace1046,promoter_arch_screen_v1
2026-04-21T03:52:32,2dd5856l,utr5_hani_model_hay69ysq,https://wandb.ai/minhangxu1998-baylor-college-of-medicine/utr5__hani_rna_activity__scratch__utr_bassetvl/runs/2dd5856l,minhangxu1998-baylor-college-of-medicine,utr5__hani_rna_activity__scratch__utr_bassetvl,ro3h7qcs,minhangxu1998-baylor-college-of-medicine/utr5__hani_rna_activity__scratch__utr_bassetvl/ro3h7qcs,utr5__hani_rna_activity__scratch__utr_bassetvl,utr5,hani_rna_activity,utr5__hani_rna_activity__baseline_architecture,launch/utr5_hani_utr_bassetvl_sweep.sh,/home/minhang/synBio_AL/boda2_EU/src/learn/configs/utr5/hani_rna_activity/utr_bassetvl/utr5__hani_rna_activity__utr_bassetvl__bayes.yml,UTR5_RNA_Activity_DataModule,UTR_BassetVL,CNNBasicTraining,epoch_end_val_pearson_r2,30,epoch_end_val_pearson_r2,0.5235769748687744,0.5626757740974426,0.5142698884010315,0.7170150876045227,0.46615302562713623,0.5075761079788208,0.4673885703086853,0.6836760640144348,0.46514078974723816,0.24561865627765656,0.756811232898928,0.8699489235877991,0.7358894348144531,/home/minhang/synBio_AL/boda2_EU/src/learn/local_artifacts/utr5/hani_rna_activity/utr_bassetvl/bayes/model_artifacts__utr5__hani_rna_activity__scratch__utr_bassetvl__2dd5856l__20260421_035232.tar.gz,completed,ankitlab2,ace1046,utr5_baseline_hpo_v1
2026-04-21T03:58:49,ibemqtsf,promoter_bassetvl_70tc404j,https://wandb.ai/minhangxu1998-baylor-college-of-medicine/promoter__deboer_core__scratch__bassetvl/runs/ibemqtsf,minhangxu1998-baylor-college-of-medicine,promoter__deboer_core__scratch__bassetvl,orw195cw,minhangxu1998-baylor-college-of-medicine/promoter__deboer_core__scratch__bassetvl/orw195cw,promoter__deboer_core__scratch__bassetvl,promoter,deboer_core,promoter__deboer_core__architecture_comparison,launch/promoter_deboer_compare_architectures.sh,/home/minhang/synBio_AL/boda2_EU/src/learn/configs/promoter/deboer_core/bassetvl/promoter__deboer_core__bassetvl__bayes.yml,PromoterDataModule,BassetVL,CNNBasicTraining,epoch_end_val_pearson_r2,3,epoch_end_val_pearson_r2,0.3989640474319458,0.8308713436126709,0.3328937888145447,0.5770246982574463,0.5668002963066101,,,,,0.5396161079406738,0.4589877328866014,0.6774864196777344,0.6636072397232056,/home/minhang/synBio_AL/boda2_EU/src/learn/local_artifacts/promoter/deboer_core/bassetvl/bayes/model_artifacts__promoter__deboer_core__scratch__bassetvl__ibemqtsf__20260421_035849.tar.gz,completed,ankitlab2,ace1046,promoter_arch_screen_v1
2026-04-21T04:01:13,7inzdhz5,promoter_resnet1d_re0jyqu4,https://wandb.ai/minhangxu1998-baylor-college-of-medicine/promoter__deboer_core__scratch__resnet1d/runs/7inzdhz5,minhangxu1998-baylor-college-of-medicine,promoter__deboer_core__scratch__resnet1d,dujehdgh,minhangxu1998-baylor-college-of-medicine/promoter__deboer_core__scratch__resnet1d/dujehdgh,promoter__deboer_core__scratch__resnet1d,promoter,deboer_core,promoter__deboer_core__architecture_comparison,launch/promoter_deboer_compare_architectures.sh,/home/minhang/synBio_AL/boda2_EU/src/learn/configs/promoter/deboer_core/resnet1d/promoter__deboer_core__resnet1d__bayes.yml,PromoterDataModule,ResNet1DRegressor,CNNBasicTraining,epoch_end_val_pearson_r2,23,epoch_end_val_pearson_r2,0.4205418825149536,0.6543812155723572,0.3862965404987335,0.621630072593689,0.6143844723701477,,,,,0.4976494610309601,0.5103808436060366,0.7144094109535217,0.6967076659202576,/home/minhang/synBio_AL/boda2_EU/src/learn/local_artifacts/promoter/deboer_core/resnet1d/bayes/model_artifacts__promoter__deboer_core__scratch__resnet1d__7inzdhz5__20260421_040113.tar.gz,completed,ankitlab2,ace1046,promoter_arch_screen_v1
2026-04-21T04:07:10,8e2dj4rq,utr5_hani_model_6w8mtc9s,https://wandb.ai/minhangxu1998-baylor-college-of-medicine/utr5__hani_rna_activity__scratch__utr_bassetvl/runs/8e2dj4rq,minhangxu1998-baylor-college-of-medicine,utr5__hani_rna_activity__scratch__utr_bassetvl,ro3h7qcs,minhangxu1998-baylor-college-of-medicine/utr5__hani_rna_activity__scratch__utr_bassetvl/ro3h7qcs,utr5__hani_rna_activity__scratch__utr_bassetvl,utr5,hani_rna_activity,utr5__hani_rna_activity__baseline_architecture,launch/utr5_hani_utr_bassetvl_sweep.sh,/home/minhang/synBio_AL/boda2_EU/src/learn/configs/utr5/hani_rna_activity/utr_bassetvl/utr5__hani_rna_activity__utr_bassetvl__bayes.yml,UTR5_RNA_Activity_DataModule,UTR_BassetVL,CNNBasicTraining,epoch_end_val_pearson_r2,41,epoch_end_val_pearson_r2,0.5733491778373718,0.4810645282268524,0.5664112567901611,0.7525013089179993,0.5044617056846619,0.4489639103412628,0.5195152163505554,0.7207039594650269,0.4874069094657898,0.2812659740447998,0.7198113202953225,0.8484169244766235,0.6637434363365173,/home/minhang/synBio_AL/boda2_EU/src/learn/local_artifacts/utr5/hani_rna_activity/utr_bassetvl/bayes/model_artifacts__utr5__hani_rna_activity__scratch__utr_bassetvl__8e2dj4rq__20260421_040710.tar.gz,completed,ankitlab2,ace1046,utr5_baseline_hpo_v1
2026-04-21T04:11:05,gjp5d0hn,utr3_model_p647wk6e,https://wandb.ai/minhangxu1998-baylor-college-of-medicine/utr3__hani_rna_activity__scratch__utr_bassetvl/runs/gjp5d0hn,minhangxu1998-baylor-college-of-medicine,utr3__hani_rna_activity__scratch__utr_bassetvl,p0gplq2k,minhangxu1998-baylor-college-of-medicine/utr3__hani_rna_activity__scratch__utr_bassetvl/p0gplq2k,utr3__hani_rna_activity__scratch__utr_bassetvl,utr3,hani_rna_activity,utr3__hani_rna_activity__baseline_architecture,launch/utr3_hani_utr_bassetvl_sweep.sh,/home/minhang/synBio_AL/boda2_EU/src/learn/configs/utr3/hani_rna_activity/utr_bassetvl/utr3__hani_rna_activity__utr_bassetvl__bayes.yml,UTR3_RNA_Activity_DataModule,UTR_BassetVL,CNNBasicTraining,epoch_end_val_pearson_r2,117,epoch_end_val_pearson_r2,0.48689642548561096,0.5672425031661987,0.4823552370071411,0.6946205496788025,0.6891070008277893,0.562592625617981,0.45988550782203674,0.6782454252243042,0.6757561564445496,0.45125019550323486,0.5698201419153124,0.7548643350601196,0.7574790716171265,/home/minhang/synBio_AL/boda2_EU/src/learn/local_artifacts/utr3/hani_rna_activity/utr_bassetvl/bayes/model_artifacts__utr3__hani_rna_activity__scratch__utr_bassetvl__gjp5d0hn__20260421_041106.tar.gz,completed,ankitlab2,ace1046,utr3_baseline_hpo_v1
2026-04-21T04:19:07,ejieonv9,utr3_model_4ucpzn8k,https://wandb.ai/minhangxu1998-baylor-college-of-medicine/utr3__hani_rna_activity__scratch__utr_bassetvl/runs/ejieonv9,minhangxu1998-baylor-college-of-medicine,utr3__hani_rna_activity__scratch__utr_bassetvl,p0gplq2k,minhangxu1998-baylor-college-of-medicine/utr3__hani_rna_activity__scratch__utr_bassetvl/p0gplq2k,utr3__hani_rna_activity__scratch__utr_bassetvl,utr3,hani_rna_activity,utr3__hani_rna_activity__baseline_architecture,launch/utr3_hani_utr_bassetvl_sweep.sh,/home/minhang/synBio_AL/boda2_EU/src/learn/configs/utr3/hani_rna_activity/utr_bassetvl/utr3__hani_rna_activity__utr_bassetvl__bayes.yml,UTR3_RNA_Activity_DataModule,UTR_BassetVL,CNNBasicTraining,epoch_end_val_pearson_r2,0,epoch_end_val_pearson_r2,0.22212658822536469,57391.18359375,0.22212658822536469,0.0,0.479275107383728,57289.9921875,0.19749228656291962,0.0,0.450937420129776,57320.3984375,0.21498761582375564,0.46366754174232483,0.47371000051498413,/home/minhang/synBio_AL/boda2_EU/src/learn/local_artifacts/utr3/hani_rna_activity/utr_bassetvl/bayes/model_artifacts__utr3__hani_rna_activity__scratch__utr_bassetvl__ejieonv9__20260421_041907.tar.gz,completed,ankitlab2,ace1046,utr3_baseline_hpo_v1
2026-04-21T04:21:06,ou1foej7,promoter_bassetvl_vjpic739,https://wandb.ai/minhangxu1998-baylor-college-of-medicine/promoter__deboer_core__scratch__bassetvl/runs/ou1foej7,minhangxu1998-baylor-college-of-medicine,promoter__deboer_core__scratch__bassetvl,orw195cw,minhangxu1998-baylor-college-of-medicine/promoter__deboer_core__scratch__bassetvl/orw195cw,promoter__deboer_core__scratch__bassetvl,promoter,deboer_core,promoter__deboer_core__architecture_comparison,launch/promoter_deboer_compare_architectures.sh,/home/minhang/synBio_AL/boda2_EU/src/learn/configs/promoter/deboer_core/bassetvl/promoter__deboer_core__bassetvl__bayes.yml,PromoterDataModule,BassetVL,CNNBasicTraining,epoch_end_val_pearson_r2,5,epoch_end_val_pearson_r2,0.4024154245853424,0.7657243609428406,0.34563562273979187,0.5880826115608215,0.5873494148254395,,,,,0.5190804600715637,0.4951319021733558,0.7036561369895935,0.6850296854972839,/home/minhang/synBio_AL/boda2_EU/src/learn/local_artifacts/promoter/deboer_core/bassetvl/bayes/model_artifacts__promoter__deboer_core__scratch__bassetvl__ou1foej7__20260421_042106.tar.gz,completed,ankitlab2,ace1046,promoter_arch_screen_v1
2026-04-21T04:23:29,0nfn6w2x,utr5_hani_model_tulc40tt,https://wandb.ai/minhangxu1998-baylor-college-of-medicine/utr5__hani_rna_activity__scratch__utr_bassetvl/runs/0nfn6w2x,minhangxu1998-baylor-college-of-medicine,utr5__hani_rna_activity__scratch__utr_bassetvl,ro3h7qcs,minhangxu1998-baylor-college-of-medicine/utr5__hani_rna_activity__scratch__utr_bassetvl/ro3h7qcs,utr5__hani_rna_activity__scratch__utr_bassetvl,utr5,hani_rna_activity,utr5__hani_rna_activity__baseline_architecture,launch/utr5_hani_utr_bassetvl_sweep.sh,/home/minhang/synBio_AL/boda2_EU/src/learn/configs/utr5/hani_rna_activity/utr_bassetvl/utr5__hani_rna_activity__utr_bassetvl__bayes.yml,UTR5_RNA_Activity_DataModule,UTR_BassetVL,CNNBasicTraining,epoch_end_val_pearson_r2,8,epoch_end_val_pearson_r2,0.3228749930858612,0.8220247030258179,0.2635234296321869,0.5133983492851257,0.38751158118247986,0.6699040532112122,0.29223331809043884,0.5404508709907532,0.3909190893173218,0.6358950138092041,0.38575526287152967,0.6210920214653015,0.42326125502586365,/home/minhang/synBio_AL/boda2_EU/src/learn/local_artifacts/utr5/hani_rna_activity/utr_bassetvl/bayes/model_artifacts__utr5__hani_rna_activity__scratch__utr_bassetvl__0nfn6w2x__20260421_042329.tar.gz,completed,ankitlab2,ace1046,utr5_baseline_hpo_v1
2026-04-21T04:28:01,0z82ksjl,utr3_model_g51tjlql,https://wandb.ai/minhangxu1998-baylor-college-of-medicine/utr3__hani_rna_activity__scratch__utr_bassetvl/runs/0z82ksjl,minhangxu1998-baylor-college-of-medicine,utr3__hani_rna_activity__scratch__utr_bassetvl,p0gplq2k,minhangxu1998-baylor-college-of-medicine/utr3__hani_rna_activity__scratch__utr_bassetvl/p0gplq2k,utr3__hani_rna_activity__scratch__utr_bassetvl,utr3,hani_rna_activity,utr3__hani_rna_activity__baseline_architecture,launch/utr3_hani_utr_bassetvl_sweep.sh,/home/minhang/synBio_AL/boda2_EU/src/learn/configs/utr3/hani_rna_activity/utr_bassetvl/utr3__hani_rna_activity__utr_bassetvl__bayes.yml,UTR3_RNA_Activity_DataModule,UTR_BassetVL,CNNBasicTraining,epoch_end_val_pearson_r2,16,epoch_end_val_pearson_r2,0.4739677906036377,0.5727270841598511,0.44977647066116333,0.6707803010940552,0.6668921709060669,0.5380895137786865,0.4566122591495514,0.675724983215332,0.6757043600082397,0.3729059100151062,0.6286163137837815,0.7928532361984253,0.7966014742851257,/home/minhang/synBio_AL/boda2_EU/src/learn/local_artifacts/utr3/hani_rna_activity/utr_bassetvl/bayes/model_artifacts__utr3__hani_rna_activity__scratch__utr_bassetvl__0z82ksjl__20260421_042801.tar.gz,completed,ankitlab2,ace1046,utr3_baseline_hpo_v1
2026-04-21T04:35:53,pctdqalk,utr5_hani_model_ypch52nx,https://wandb.ai/minhangxu1998-baylor-college-of-medicine/utr5__hani_rna_activity__scratch__utr_bassetvl/runs/pctdqalk,minhangxu1998-baylor-college-of-medicine,utr5__hani_rna_activity__scratch__utr_bassetvl,ro3h7qcs,minhangxu1998-baylor-college-of-medicine/utr5__hani_rna_activity__scratch__utr_bassetvl/ro3h7qcs,utr5__hani_rna_activity__scratch__utr_bassetvl,utr5,hani_rna_activity,utr5__hani_rna_activity__baseline_architecture,launch/utr5_hani_utr_bassetvl_sweep.sh,/home/minhang/synBio_AL/boda2_EU/src/learn/configs/utr5/hani_rna_activity/utr_bassetvl/utr5__hani_rna_activity__utr_bassetvl__bayes.yml,UTR5_RNA_Activity_DataModule,UTR_BassetVL,CNNBasicTraining,epoch_end_val_pearson_r2,35,epoch_end_val_pearson_r2,0.5434800982475281,0.5278083682060242,0.525132417678833,0.7243834733963013,0.464315801858902,0.48757806420326233,0.4795079231262207,0.6923174262046814,0.462136447429657,0.2964510917663574,0.7071875387269475,0.8409444093704224,0.6585583686828613,/home/minhang/synBio_AL/boda2_EU/src/learn/local_artifacts/utr5/hani_rna_activity/utr_bassetvl/bayes/model_artifacts__utr5__hani_rna_activity__scratch__utr_bassetvl__pctdqalk__20260421_043553.tar.gz,completed,ankitlab2,ace1046,utr5_baseline_hpo_v1
2026-04-21T04:36:31,uvdvgs65,promoter_test_ap78409x,https://wandb.ai/minhangxu1998-baylor-college-of-medicine/promoter__deboer_core__scratch__utr_bassetvl/runs/uvdvgs65,minhangxu1998-baylor-college-of-medicine,promoter__deboer_core__scratch__utr_bassetvl,ktzra2ju,minhangxu1998-baylor-college-of-medicine/promoter__deboer_core__scratch__utr_bassetvl/ktzra2ju,promoter__deboer_core__scratch__utr_bassetvl,promoter,deboer_core,promoter__deboer_core__architecture_comparison,launch/promoter_deboer_compare_architectures.sh,/home/minhang/synBio_AL/boda2_EU/src/learn/configs/promoter/deboer_core/utr_bassetvl/promoter__deboer_core__utr_bassetvl__bayes.yml,PromoterDataModule,UTR_BassetVL,CNNBasicTraining,epoch_end_val_pearson_r2,72,epoch_end_val_pearson_r2,0.4079313278198242,0.6239234209060669,0.39596736431121826,0.6290127038955688,0.620165228843689,,,,,0.5652323365211487,0.43395778542159824,0.6587547063827515,0.6437052488327026,/home/minhang/synBio_AL/boda2_EU/src/learn/local_artifacts/promoter/deboer_core/utr_bassetvl/bayes/model_artifacts__promoter__deboer_core__scratch__utr_bassetvl__uvdvgs65__20260421_043632.tar.gz,completed,ankitlab2,ace1046,promoter_arch_screen_v1
2026-04-21T04:39:21,yzjbtet6,utr3_model_sx35v9vu,https://wandb.ai/minhangxu1998-baylor-college-of-medicine/utr3__hani_rna_activity__scratch__utr_bassetvl/runs/yzjbtet6,minhangxu1998-baylor-college-of-medicine,utr3__hani_rna_activity__scratch__utr_bassetvl,p0gplq2k,minhangxu1998-baylor-college-of-medicine/utr3__hani_rna_activity__scratch__utr_bassetvl/p0gplq2k,utr3__hani_rna_activity__scratch__utr_bassetvl,utr3,hani_rna_activity,utr3__hani_rna_activity__baseline_architecture,launch/utr3_hani_utr_bassetvl_sweep.sh,/home/minhang/synBio_AL/boda2_EU/src/learn/configs/utr3/hani_rna_activity/utr_bassetvl/utr3__hani_rna_activity__utr_bassetvl__bayes.yml,UTR3_RNA_Activity_DataModule,UTR_BassetVL,CNNBasicTraining,epoch_end_val_pearson_r2,15,epoch_end_val_pearson_r2,0.4868221580982208,0.6230525970458984,0.4715695083141327,0.6864591836929321,0.683382511138916,0.5373027324676514,0.460301011800766,0.6782611012458801,0.678585946559906,0.42311957478523254,0.5818970448840394,0.7628217339515686,0.7675832509994507,/home/minhang/synBio_AL/boda2_EU/src/learn/local_artifacts/utr3/hani_rna_activity/utr_bassetvl/bayes/model_artifacts__utr3__hani_rna_activity__scratch__utr_bassetvl__yzjbtet6__20260421_043921.tar.gz,completed,ankitlab2,ace1046,utr3_baseline_hpo_v1
2026-04-21T04:48:43,2982qg09,utr3_model_hh1odlc4,https://wandb.ai/minhangxu1998-baylor-college-of-medicine/utr3__hani_rna_activity__scratch__utr_bassetvl/runs/2982qg09,minhangxu1998-baylor-college-of-medicine,utr3__hani_rna_activity__scratch__utr_bassetvl,p0gplq2k,minhangxu1998-baylor-college-of-medicine/utr3__hani_rna_activity__scratch__utr_bassetvl/p0gplq2k,utr3__hani_rna_activity__scratch__utr_bassetvl,utr3,hani_rna_activity,utr3__hani_rna_activity__baseline_architecture,launch/utr3_hani_utr_bassetvl_sweep.sh,/home/minhang/synBio_AL/boda2_EU/src/learn/configs/utr3/hani_rna_activity/utr_bassetvl/utr3__hani_rna_activity__utr_bassetvl__bayes.yml,UTR3_RNA_Activity_DataModule,UTR_BassetVL,CNNBasicTraining,epoch_end_val_pearson_r2,20,epoch_end_val_pearson_r2,0.49367812275886536,0.5676912069320679,0.4666210412979126,0.6830919981002808,0.6759645342826843,0.5318991541862488,0.46314337849617004,0.6804332733154297,0.6824268698692322,0.4052965044975281,0.5983154632355019,0.7735084891319275,0.7763532996177673,/home/minhang/synBio_AL/boda2_EU/src/learn/local_artifacts/utr3/hani_rna_activity/utr_bassetvl/bayes/model_artifacts__utr3__hani_rna_activity__scratch__utr_bassetvl__2982qg09__20260421_044843.tar.gz,completed,ankitlab2,ace1046,utr3_baseline_hpo_v1
2026-04-21T04:54:21,uksmpd4u,utr5_hani_model_l5cc1qta,https://wandb.ai/minhangxu1998-baylor-college-of-medicine/utr5__hani_rna_activity__scratch__utr_bassetvl/runs/uksmpd4u,minhangxu1998-baylor-college-of-medicine,utr5__hani_rna_activity__scratch__utr_bassetvl,ro3h7qcs,minhangxu1998-baylor-college-of-medicine/utr5__hani_rna_activity__scratch__utr_bassetvl/ro3h7qcs,utr5__hani_rna_activity__scratch__utr_bassetvl,utr5,hani_rna_activity,utr5__hani_rna_activity__baseline_architecture,launch/utr5_hani_utr_bassetvl_sweep.sh,/home/minhang/synBio_AL/boda2_EU/src/learn/configs/utr5/hani_rna_activity/utr_bassetvl/utr5__hani_rna_activity__utr_bassetvl__bayes.yml,UTR5_RNA_Activity_DataModule,UTR_BassetVL,CNNBasicTraining,epoch_end_val_pearson_r2,54,epoch_end_val_pearson_r2,0.5484325885772705,0.5413385033607483,0.5300672650337219,0.7280241250991821,0.47751545906066895,0.47467198967933655,0.49130961298942566,0.7009637951850891,0.46374842524528503,0.23948653042316437,0.7633531795227865,0.8737009167671204,0.7403091788291931,/home/minhang/synBio_AL/boda2_EU/src/learn/local_artifacts/utr5/hani_rna_activity/utr_bassetvl/bayes/model_artifacts__utr5__hani_rna_activity__scratch__utr_bassetvl__uksmpd4u__20260421_045421.tar.gz,completed,ankitlab2,ace1046,utr5_baseline_hpo_v1
2026-04-21T05:00:49,8s7vji11,promoter_bassetvl_a4m8u0ax,https://wandb.ai/minhangxu1998-baylor-college-of-medicine/promoter__deboer_core__scratch__bassetvl/runs/8s7vji11,minhangxu1998-baylor-college-of-medicine,promoter__deboer_core__scratch__bassetvl,orw195cw,minhangxu1998-baylor-college-of-medicine/promoter__deboer_core__scratch__bassetvl/orw195cw,promoter__deboer_core__scratch__bassetvl,promoter,deboer_core,promoter__deboer_core__architecture_comparison,launch/promoter_deboer_compare_architectures.sh,/home/minhang/synBio_AL/boda2_EU/src/learn/configs/promoter/deboer_core/bassetvl/promoter__deboer_core__bassetvl__bayes.yml,PromoterDataModule,BassetVL,CNNBasicTraining,epoch_end_val_pearson_r2,5,epoch_end_val_pearson_r2,0.40166348218917847,0.8182451725006104,0.29259300231933594,0.5410807132720947,0.5139874815940857,,,,,0.5040383338928223,0.49782823247481045,0.7055695056915283,0.685724675655365,/home/minhang/synBio_AL/boda2_EU/src/learn/local_artifacts/promoter/deboer_core/bassetvl/bayes/model_artifacts__promoter__deboer_core__scratch__bassetvl__8s7vji11__20260421_050050.tar.gz,completed,ankitlab2,ace1046,promoter_arch_screen_v1
2026-04-21T05:13:15,re8nopvn,utr3_model_dhzxl8gb,https://wandb.ai/minhangxu1998-baylor-college-of-medicine/utr3__hani_rna_activity__scratch__utr_bassetvl/runs/re8nopvn,minhangxu1998-baylor-college-of-medicine,utr3__hani_rna_activity__scratch__utr_bassetvl,p0gplq2k,minhangxu1998-baylor-college-of-medicine/utr3__hani_rna_activity__scratch__utr_bassetvl/p0gplq2k,utr3__hani_rna_activity__scratch__utr_bassetvl,utr3,hani_rna_activity,utr3__hani_rna_activity__baseline_architecture,launch/utr3_hani_utr_bassetvl_sweep.sh,/home/minhang/synBio_AL/boda2_EU/src/learn/configs/utr3/hani_rna_activity/utr_bassetvl/utr3__hani_rna_activity__utr_bassetvl__bayes.yml,UTR3_RNA_Activity_DataModule,UTR_BassetVL,CNNBasicTraining,epoch_end_val_pearson_r2,71,epoch_end_val_pearson_r2,0.49812406301498413,0.5600926876068115,0.48783373832702637,0.6983509659767151,0.694214940071106,0.551013708114624,0.4539106488227844,0.673880934715271,0.6709945201873779,0.40161749720573425,0.6139509654154981,0.7835502624511719,0.790017306804657,/home/minhang/synBio_AL/boda2_EU/src/learn/local_artifacts/utr3/hani_rna_activity/utr_bassetvl/bayes/model_artifacts__utr3__hani_rna_activity__scratch__utr_bassetvl__re8nopvn__20260421_051315.tar.gz,completed,ankitlab2,ace1046,utr3_baseline_hpo_v1
2026-04-21T05:16:19,lsewp5xr,promoter_resnet1d_1zfbqe1u,https://wandb.ai/minhangxu1998-baylor-college-of-medicine/promoter__deboer_core__scratch__resnet1d/runs/lsewp5xr,minhangxu1998-baylor-college-of-medicine,promoter__deboer_core__scratch__resnet1d,dujehdgh,minhangxu1998-baylor-college-of-medicine/promoter__deboer_core__scratch__resnet1d/dujehdgh,promoter__deboer_core__scratch__resnet1d,promoter,deboer_core,promoter__deboer_core__architecture_comparison,launch/promoter_deboer_compare_architectures.sh,/home/minhang/synBio_AL/boda2_EU/src/learn/configs/promoter/deboer_core/resnet1d/promoter__deboer_core__resnet1d__bayes.yml,PromoterDataModule,ResNet1DRegressor,CNNBasicTraining,epoch_end_val_pearson_r2,20,epoch_end_val_pearson_r2,0.3313710689544678,0.7451731562614441,0.2809882164001465,0.5301596522331238,0.5835393667221069,,,,,0.5550671815872192,0.46193092784007483,0.6796550750732422,0.6948983073234558,/home/minhang/synBio_AL/boda2_EU/src/learn/local_artifacts/promoter/deboer_core/resnet1d/bayes/model_artifacts__promoter__deboer_core__scratch__resnet1d__lsewp5xr__20260421_051619.tar.gz,completed,ankitlab2,ace1046,promoter_arch_screen_v1
2026-04-21T05:22:44,qa4u3as1,promoter_bassetvl_syvvk12r,https://wandb.ai/minhangxu1998-baylor-college-of-medicine/promoter__deboer_core__scratch__bassetvl/runs/qa4u3as1,minhangxu1998-baylor-college-of-medicine,promoter__deboer_core__scratch__bassetvl,orw195cw,minhangxu1998-baylor-college-of-medicine/promoter__deboer_core__scratch__bassetvl/orw195cw,promoter__deboer_core__scratch__bassetvl,promoter,deboer_core,promoter__deboer_core__architecture_comparison,launch/promoter_deboer_compare_architectures.sh,/home/minhang/synBio_AL/boda2_EU/src/learn/configs/promoter/deboer_core/bassetvl/promoter__deboer_core__bassetvl__bayes.yml,PromoterDataModule,BassetVL,CNNBasicTraining,epoch_end_val_pearson_r2,5,epoch_end_val_pearson_r2,0.40710949897766113,0.7133253216743469,0.3618778586387634,0.6016581058502197,0.5872623324394226,,,,,0.5283693075180054,0.4686165132410602,0.6845555901527405,0.6695495843887329,/home/minhang/synBio_AL/boda2_EU/src/learn/local_artifacts/promoter/deboer_core/bassetvl/bayes/model_artifacts__promoter__deboer_core__scratch__bassetvl__qa4u3as1__20260421_052244.tar.gz,completed,ankitlab2,ace1046,promoter_arch_screen_v1
2026-04-21T05:26:09,qavoy7d4,utr3_model_j4i819be,https://wandb.ai/minhangxu1998-baylor-college-of-medicine/utr3__hani_rna_activity__scratch__utr_bassetvl/runs/qavoy7d4,minhangxu1998-baylor-college-of-medicine,utr3__hani_rna_activity__scratch__utr_bassetvl,p0gplq2k,minhangxu1998-baylor-college-of-medicine/utr3__hani_rna_activity__scratch__utr_bassetvl/p0gplq2k,utr3__hani_rna_activity__scratch__utr_bassetvl,utr3,hani_rna_activity,utr3__hani_rna_activity__baseline_architecture,launch/utr3_hani_utr_bassetvl_sweep.sh,/home/minhang/synBio_AL/boda2_EU/src/learn/configs/utr3/hani_rna_activity/utr_bassetvl/utr3__hani_rna_activity__utr_bassetvl__bayes.yml,UTR3_RNA_Activity_DataModule,UTR_BassetVL,CNNBasicTraining,epoch_end_val_pearson_r2,40,epoch_end_val_pearson_r2,0.4407961666584015,0.6407458186149597,0.4060794711112976,0.637192964553833,0.6324971318244934,0.5960376858711243,0.40350162982940674,0.6350756287574768,0.6320412755012512,0.49729517102241516,0.5051600075379455,0.7107460498809814,0.708943784236908,/home/minhang/synBio_AL/boda2_EU/src/learn/local_artifacts/utr3/hani_rna_activity/utr_bassetvl/bayes/model_artifacts__utr3__hani_rna_activity__scratch__utr_bassetvl__qavoy7d4__20260421_052609.tar.gz,completed,ankitlab2,ace1046,utr3_baseline_hpo_v1
2026-04-21T05:28:55,m6ln3x2m,promoter_test_hjc3cvg6,https://wandb.ai/minhangxu1998-baylor-college-of-medicine/promoter__deboer_core__scratch__utr_bassetvl/runs/m6ln3x2m,minhangxu1998-baylor-college-of-medicine,promoter__deboer_core__scratch__utr_bassetvl,ktzra2ju,minhangxu1998-baylor-college-of-medicine/promoter__deboer_core__scratch__utr_bassetvl/ktzra2ju,promoter__deboer_core__scratch__utr_bassetvl,promoter,deboer_core,promoter__deboer_core__architecture_comparison,launch/promoter_deboer_compare_architectures.sh,/home/minhang/synBio_AL/boda2_EU/src/learn/configs/promoter/deboer_core/utr_bassetvl/promoter__deboer_core__utr_bassetvl__bayes.yml,PromoterDataModule,UTR_BassetVL,CNNBasicTraining,epoch_end_val_pearson_r2,17,epoch_end_val_pearson_r2,0.4174099862575531,0.6248463988304138,0.3941443860530853,0.6277948617935181,0.6130058765411377,,,,,0.48565301299095154,0.5137623809086352,0.716772198677063,0.7000075578689575,/home/minhang/synBio_AL/boda2_EU/src/learn/local_artifacts/promoter/deboer_core/utr_bassetvl/bayes/model_artifacts__promoter__deboer_core__scratch__utr_bassetvl__m6ln3x2m__20260421_052855.tar.gz,completed,ankitlab2,ace1046,promoter_arch_screen_v1
2026-04-21T05:36:19,0dq5iqtw,utr5_hani_model_zchhx75q,https://wandb.ai/minhangxu1998-baylor-college-of-medicine/utr5__hani_rna_activity__scratch__utr_bassetvl/runs/0dq5iqtw,minhangxu1998-baylor-college-of-medicine,utr5__hani_rna_activity__scratch__utr_bassetvl,ro3h7qcs,minhangxu1998-baylor-college-of-medicine/utr5__hani_rna_activity__scratch__utr_bassetvl/ro3h7qcs,utr5__hani_rna_activity__scratch__utr_bassetvl,utr5,hani_rna_activity,utr5__hani_rna_activity__baseline_architecture,launch/utr5_hani_utr_bassetvl_sweep.sh,/home/minhang/synBio_AL/boda2_EU/src/learn/configs/utr5/hani_rna_activity/utr_bassetvl/utr5__hani_rna_activity__utr_bassetvl__bayes.yml,UTR5_RNA_Activity_DataModule,UTR_BassetVL,CNNBasicTraining,epoch_end_val_pearson_r2,190,epoch_end_val_pearson_r2,0.5620419383049011,0.4885800778865814,0.5602875351905823,0.7485759854316711,0.4984768033027649,0.4524376690387726,0.5166762471199036,0.7190855741500854,0.4814492166042328,0.22956545650959015,0.7731535082466172,0.8792914152145386,0.7498833537101746,/home/minhang/synBio_AL/boda2_EU/src/learn/local_artifacts/utr5/hani_rna_activity/utr_bassetvl/bayes/model_artifacts__utr5__hani_rna_activity__scratch__utr_bassetvl__0dq5iqtw__20260421_053619.tar.gz,completed,ankitlab2,ace1046,utr5_baseline_hpo_v1
2026-04-21T05:53:20,djyeycyg,utr3_model_dulghz38,https://wandb.ai/minhangxu1998-baylor-college-of-medicine/utr3__hani_rna_activity__scratch__utr_bassetvl/runs/djyeycyg,minhangxu1998-baylor-college-of-medicine,utr3__hani_rna_activity__scratch__utr_bassetvl,p0gplq2k,minhangxu1998-baylor-college-of-medicine/utr3__hani_rna_activity__scratch__utr_bassetvl/p0gplq2k,utr3__hani_rna_activity__scratch__utr_bassetvl,utr3,hani_rna_activity,utr3__hani_rna_activity__baseline_architecture,launch/utr3_hani_utr_bassetvl_sweep.sh,/home/minhang/synBio_AL/boda2_EU/src/learn/configs/utr3/hani_rna_activity/utr_bassetvl/utr3__hani_rna_activity__utr_bassetvl__bayes.yml,UTR3_RNA_Activity_DataModule,UTR_BassetVL,CNNBasicTraining,epoch_end_val_pearson_r2,120,epoch_end_val_pearson_r2,0.4609479010105133,0.5866732597351074,0.45169299840927124,0.6720277667045593,0.6653749942779541,0.56666100025177,0.42566367983818054,0.6525694131851196,0.6491982936859131,0.4931250512599945,0.5138231248834475,0.7168145179748535,0.7170271873474121,/home/minhang/synBio_AL/boda2_EU/src/learn/local_artifacts/utr3/hani_rna_activity/utr_bassetvl/bayes/model_artifacts__utr3__hani_rna_activity__scratch__utr_bassetvl__djyeycyg__20260421_055320.tar.gz,completed,ankitlab2,ace1046,utr3_baseline_hpo_v1
2026-04-21T05:55:32,cl8l2u2b,promoter_test_3h3n1fvr,https://wandb.ai/minhangxu1998-baylor-college-of-medicine/promoter__deboer_core__scratch__utr_bassetvl/runs/cl8l2u2b,minhangxu1998-baylor-college-of-medicine,promoter__deboer_core__scratch__utr_bassetvl,ktzra2ju,minhangxu1998-baylor-college-of-medicine/promoter__deboer_core__scratch__utr_bassetvl/ktzra2ju,promoter__deboer_core__scratch__utr_bassetvl,promoter,deboer_core,promoter__deboer_core__architecture_comparison,launch/promoter_deboer_compare_architectures.sh,/home/minhang/synBio_AL/boda2_EU/src/learn/configs/promoter/deboer_core/utr_bassetvl/promoter__deboer_core__utr_bassetvl__bayes.yml,PromoterDataModule,UTR_BassetVL,CNNBasicTraining,epoch_end_val_pearson_r2,16,epoch_end_val_pearson_r2,0.41814789175987244,0.6463754177093506,0.39480748772621155,0.6282404065132141,0.6169206500053406,,,,,0.47315120697021484,0.5244637838657296,0.7241987586021423,0.7048738598823547,/home/minhang/synBio_AL/boda2_EU/src/learn/local_artifacts/promoter/deboer_core/utr_bassetvl/bayes/model_artifacts__promoter__deboer_core__scratch__utr_bassetvl__cl8l2u2b__20260421_055532.tar.gz,completed,ankitlab2,ace1046,promoter_arch_screen_v1
2026-04-21T05:58:12,mli5qo53,utr5_hani_model_6gq8j0ep,https://wandb.ai/minhangxu1998-baylor-college-of-medicine/utr5__hani_rna_activity__scratch__utr_bassetvl/runs/mli5qo53,minhangxu1998-baylor-college-of-medicine,utr5__hani_rna_activity__scratch__utr_bassetvl,ro3h7qcs,minhangxu1998-baylor-college-of-medicine/utr5__hani_rna_activity__scratch__utr_bassetvl/ro3h7qcs,utr5__hani_rna_activity__scratch__utr_bassetvl,utr5,hani_rna_activity,utr5__hani_rna_activity__baseline_architecture,launch/utr5_hani_utr_bassetvl_sweep.sh,/home/minhang/synBio_AL/boda2_EU/src/learn/configs/utr5/hani_rna_activity/utr_bassetvl/utr5__hani_rna_activity__utr_bassetvl__bayes.yml,UTR5_RNA_Activity_DataModule,UTR_BassetVL,CNNBasicTraining,epoch_end_val_pearson_r2,94,epoch_end_val_pearson_r2,0.5640954971313477,0.5156233906745911,0.5495033860206604,0.7412689328193665,0.49743711948394775,0.45380815863609314,0.5164394974708557,0.7185245752334595,0.49557068943977356,0.3292185068130493,0.6686473912210299,0.8177086114883423,0.6161234974861145,/home/minhang/synBio_AL/boda2_EU/src/learn/local_artifacts/utr5/hani_rna_activity/utr_bassetvl/bayes/model_artifacts__utr5__hani_rna_activity__scratch__utr_bassetvl__mli5qo53__20260421_055812.tar.gz,completed,ankitlab2,ace1046,utr5_baseline_hpo_v1
2026-04-21T06:01:16,hcjg31ye,promoter_bassetvl_9oik78iw,https://wandb.ai/minhangxu1998-baylor-college-of-medicine/promoter__deboer_core__scratch__bassetvl/runs/hcjg31ye,minhangxu1998-baylor-college-of-medicine,promoter__deboer_core__scratch__bassetvl,orw195cw,minhangxu1998-baylor-college-of-medicine/promoter__deboer_core__scratch__bassetvl/orw195cw,promoter__deboer_core__scratch__bassetvl,promoter,deboer_core,promoter__deboer_core__architecture_comparison,launch/promoter_deboer_compare_architectures.sh,/home/minhang/synBio_AL/boda2_EU/src/learn/configs/promoter/deboer_core/bassetvl/promoter__deboer_core__bassetvl__bayes.yml,PromoterDataModule,BassetVL,CNNBasicTraining,epoch_end_val_pearson_r2,3,epoch_end_val_pearson_r2,0.40306127071380615,0.7300639152526855,0.3367193043231964,0.5803517699241638,0.5651743412017822,,,,,0.4847918450832367,0.5160500596484565,0.718366265296936,0.6993357539176941,/home/minhang/synBio_AL/boda2_EU/src/learn/local_artifacts/promoter/deboer_core/bassetvl/bayes/model_artifacts__promoter__deboer_core__scratch__bassetvl__hcjg31ye__20260421_060116.tar.gz,completed,ankitlab2,ace1046,promoter_arch_screen_v1
2026-04-21T06:20:44,yoj8mw00,promoter_bassetvl_7tbrg2or,https://wandb.ai/minhangxu1998-baylor-college-of-medicine/promoter__deboer_core__scratch__bassetvl/runs/yoj8mw00,minhangxu1998-baylor-college-of-medicine,promoter__deboer_core__scratch__bassetvl,orw195cw,minhangxu1998-baylor-college-of-medicine/promoter__deboer_core__scratch__bassetvl/orw195cw,promoter__deboer_core__scratch__bassetvl,promoter,deboer_core,promoter__deboer_core__architecture_comparison,launch/promoter_deboer_compare_architectures.sh,/home/minhang/synBio_AL/boda2_EU/src/learn/configs/promoter/deboer_core/bassetvl/promoter__deboer_core__bassetvl__bayes.yml,PromoterDataModule,BassetVL,CNNBasicTraining,epoch_end_val_pearson_r2,4,epoch_end_val_pearson_r2,0.4131288528442383,0.8025344014167786,0.3249557316303253,0.5701014399528503,0.5637158155441284,,,,,0.4638119339942932,0.5338868558173084,0.7306756377220154,0.7122368812561035,/home/minhang/synBio_AL/boda2_EU/src/learn/local_artifacts/promoter/deboer_core/bassetvl/bayes/model_artifacts__promoter__deboer_core__scratch__bassetvl__yoj8mw00__20260421_062045.tar.gz,completed,ankitlab2,ace1046,promoter_arch_screen_v1
2026-04-21T06:31:28,5zc74e4t,promoter_resnet1d_z9l52xzw,https://wandb.ai/minhangxu1998-baylor-college-of-medicine/promoter__deboer_core__scratch__resnet1d/runs/5zc74e4t,minhangxu1998-baylor-college-of-medicine,promoter__deboer_core__scratch__resnet1d,dujehdgh,minhangxu1998-baylor-college-of-medicine/promoter__deboer_core__scratch__resnet1d/dujehdgh,promoter__deboer_core__scratch__resnet1d,promoter,deboer_core,promoter__deboer_core__architecture_comparison,launch/promoter_deboer_compare_architectures.sh,/home/minhang/synBio_AL/boda2_EU/src/learn/configs/promoter/deboer_core/resnet1d/promoter__deboer_core__resnet1d__bayes.yml,PromoterDataModule,ResNet1DRegressor,CNNBasicTraining,epoch_end_val_pearson_r2,11,epoch_end_val_pearson_r2,0.4118494987487793,0.7320636510848999,0.3314790427684784,0.5759910941123962,0.5614504218101501,,,,,0.524784505367279,0.48100454628968115,0.693544864654541,0.6759731769561768,/home/minhang/synBio_AL/boda2_EU/src/learn/local_artifacts/promoter/deboer_core/resnet1d/bayes/model_artifacts__promoter__deboer_core__scratch__resnet1d__5zc74e4t__20260421_063128.tar.gz,completed,ankitlab2,ace1046,promoter_arch_screen_v1
2026-04-21T06:38:36,alkbudex,promoter_test_3qujj6tg,https://wandb.ai/minhangxu1998-baylor-college-of-medicine/promoter__deboer_core__scratch__utr_bassetvl/runs/alkbudex,minhangxu1998-baylor-college-of-medicine,promoter__deboer_core__scratch__utr_bassetvl,ktzra2ju,minhangxu1998-baylor-college-of-medicine/promoter__deboer_core__scratch__utr_bassetvl/ktzra2ju,promoter__deboer_core__scratch__utr_bassetvl,promoter,deboer_core,promoter__deboer_core__architecture_comparison,launch/promoter_deboer_compare_architectures.sh,/home/minhang/synBio_AL/boda2_EU/src/learn/configs/promoter/deboer_core/utr_bassetvl/promoter__deboer_core__utr_bassetvl__bayes.yml,PromoterDataModule,UTR_BassetVL,CNNBasicTraining,epoch_end_val_pearson_r2,19,epoch_end_val_pearson_r2,0.4070168137550354,0.6533181071281433,0.3724222779273987,0.6101447343826294,0.5896210670471191,,,,,0.5287013053894043,0.4738704859069509,0.6883825063705444,0.6738320589065552,/home/minhang/synBio_AL/boda2_EU/src/learn/local_artifacts/promoter/deboer_core/utr_bassetvl/bayes/model_artifacts__promoter__deboer_core__scratch__utr_bassetvl__alkbudex__20260421_063836.tar.gz,completed,ankitlab2,ace1046,promoter_arch_screen_v1
2026-04-21T06:40:00,kpbuihlg,promoter_bassetvl_z8t1x8xm,https://wandb.ai/minhangxu1998-baylor-college-of-medicine/promoter__deboer_core__scratch__bassetvl/runs/kpbuihlg,minhangxu1998-baylor-college-of-medicine,promoter__deboer_core__scratch__bassetvl,orw195cw,minhangxu1998-baylor-college-of-medicine/promoter__deboer_core__scratch__bassetvl/orw195cw,promoter__deboer_core__scratch__bassetvl,promoter,deboer_core,promoter__deboer_core__architecture_comparison,launch/promoter_deboer_compare_architectures.sh,/home/minhang/synBio_AL/boda2_EU/src/learn/configs/promoter/deboer_core/bassetvl/promoter__deboer_core__bassetvl__bayes.yml,PromoterDataModule,BassetVL,CNNBasicTraining,epoch_end_val_pearson_r2,4,epoch_end_val_pearson_r2,0.3945130407810211,0.816727340221405,0.3395916819572449,0.5829665064811707,0.5848001837730408,,,,,0.5068721771240234,0.522691494279449,0.7229741215705872,0.7017514109611511,/home/minhang/synBio_AL/boda2_EU/src/learn/local_artifacts/promoter/deboer_core/bassetvl/bayes/model_artifacts__promoter__deboer_core__scratch__bassetvl__kpbuihlg__20260421_064001.tar.gz,completed,ankitlab2,ace1046,promoter_arch_screen_v1
2026-04-21T07:16:56,2cvaf1ei,promoter_bassetvl_uyxik15e,https://wandb.ai/minhangxu1998-baylor-college-of-medicine/promoter__deboer_core__scratch__bassetvl/runs/2cvaf1ei,minhangxu1998-baylor-college-of-medicine,promoter__deboer_core__scratch__bassetvl,orw195cw,minhangxu1998-baylor-college-of-medicine/promoter__deboer_core__scratch__bassetvl/orw195cw,promoter__deboer_core__scratch__bassetvl,promoter,deboer_core,promoter__deboer_core__architecture_comparison,launch/promoter_deboer_compare_architectures.sh,/home/minhang/synBio_AL/boda2_EU/src/learn/configs/promoter/deboer_core/bassetvl/promoter__deboer_core__bassetvl__bayes.yml,PromoterDataModule,BassetVL,CNNBasicTraining,epoch_end_val_pearson_r2,4,epoch_end_val_pearson_r2,0.4042305052280426,0.7920597195625305,0.32699841260910034,0.5718813538551331,0.5541115999221802,,,,,0.5004593133926392,0.5016207837987685,0.708251953125,0.6925371885299683,/home/minhang/synBio_AL/boda2_EU/src/learn/local_artifacts/promoter/deboer_core/bassetvl/bayes/model_artifacts__promoter__deboer_core__scratch__bassetvl__2cvaf1ei__20260421_071656.tar.gz,completed,ankitlab2,ace1046,promoter_arch_screen_v1
2026-04-21T07:19:29,704sz6gr,promoter_test_m4pqn0dm,https://wandb.ai/minhangxu1998-baylor-college-of-medicine/promoter__deboer_core__scratch__utr_bassetvl/runs/704sz6gr,minhangxu1998-baylor-college-of-medicine,promoter__deboer_core__scratch__utr_bassetvl,ktzra2ju,minhangxu1998-baylor-college-of-medicine/promoter__deboer_core__scratch__utr_bassetvl/ktzra2ju,promoter__deboer_core__scratch__utr_bassetvl,promoter,deboer_core,promoter__deboer_core__architecture_comparison,launch/promoter_deboer_compare_architectures.sh,/home/minhang/synBio_AL/boda2_EU/src/learn/configs/promoter/deboer_core/utr_bassetvl/promoter__deboer_core__utr_bassetvl__bayes.yml,PromoterDataModule,UTR_BassetVL,CNNBasicTraining,epoch_end_val_pearson_r2,11,epoch_end_val_pearson_r2,0.40817180275917053,0.6355719566345215,0.3787749707698822,0.6154751181602478,0.601826548576355,,,,,0.5750368237495422,0.4222418501660196,0.6498014330863953,0.6369330286979675,/home/minhang/synBio_AL/boda2_EU/src/learn/local_artifacts/promoter/deboer_core/utr_bassetvl/bayes/model_artifacts__promoter__deboer_core__scratch__utr_bassetvl__704sz6gr__20260421_071929.tar.gz,completed,ankitlab2,ace1046,promoter_arch_screen_v1
2026-04-21T07:36:28,0yidasfs,promoter_bassetvl_jxgap1yg,https://wandb.ai/minhangxu1998-baylor-college-of-medicine/promoter__deboer_core__scratch__bassetvl/runs/0yidasfs,minhangxu1998-baylor-college-of-medicine,promoter__deboer_core__scratch__bassetvl,orw195cw,minhangxu1998-baylor-college-of-medicine/promoter__deboer_core__scratch__bassetvl/orw195cw,promoter__deboer_core__scratch__bassetvl,promoter,deboer_core,promoter__deboer_core__architecture_comparison,launch/promoter_deboer_compare_architectures.sh,/home/minhang/synBio_AL/boda2_EU/src/learn/configs/promoter/deboer_core/bassetvl/promoter__deboer_core__bassetvl__bayes.yml,PromoterDataModule,BassetVL,CNNBasicTraining,epoch_end_val_pearson_r2,5,epoch_end_val_pearson_r2,0.39864304661750793,0.6789776086807251,0.3668454885482788,0.6058294177055359,0.5973416566848755,,,,,0.5702530145645142,0.4662947800415921,0.6828578114509583,0.665142297744751,/home/minhang/synBio_AL/boda2_EU/src/learn/local_artifacts/promoter/deboer_core/bassetvl/bayes/model_artifacts__promoter__deboer_core__scratch__bassetvl__0yidasfs__20260421_073628.tar.gz,completed,ankitlab2,ace1046,promoter_arch_screen_v1
2026-04-21T07:52:58,ykaxnqm6,promoter_resnet1d_mqd2es9w,https://wandb.ai/minhangxu1998-baylor-college-of-medicine/promoter__deboer_core__scratch__resnet1d/runs/ykaxnqm6,minhangxu1998-baylor-college-of-medicine,promoter__deboer_core__scratch__resnet1d,dujehdgh,minhangxu1998-baylor-college-of-medicine/promoter__deboer_core__scratch__resnet1d/dujehdgh,promoter__deboer_core__scratch__resnet1d,promoter,deboer_core,promoter__deboer_core__architecture_comparison,launch/promoter_deboer_compare_architectures.sh,/home/minhang/synBio_AL/boda2_EU/src/learn/configs/promoter/deboer_core/resnet1d/promoter__deboer_core__resnet1d__bayes.yml,PromoterDataModule,ResNet1DRegressor,CNNBasicTraining,epoch_end_val_pearson_r2,45,epoch_end_val_pearson_r2,0.4125804305076599,0.6811394691467285,0.3677937388420105,0.606619119644165,0.5915013551712036,,,,,0.4705994725227356,0.5320388054107403,0.72940993309021,0.7109466195106506,/home/minhang/synBio_AL/boda2_EU/src/learn/local_artifacts/promoter/deboer_core/resnet1d/bayes/model_artifacts__promoter__deboer_core__scratch__resnet1d__ykaxnqm6__20260421_075259.tar.gz,completed,ankitlab2,ace1046,promoter_arch_screen_v1
2026-04-21T07:59:01,3xhhr2g4,promoter_test_0b3i7vcq,https://wandb.ai/minhangxu1998-baylor-college-of-medicine/promoter__deboer_core__scratch__utr_bassetvl/runs/3xhhr2g4,minhangxu1998-baylor-college-of-medicine,promoter__deboer_core__scratch__utr_bassetvl,ktzra2ju,minhangxu1998-baylor-college-of-medicine/promoter__deboer_core__scratch__utr_bassetvl/ktzra2ju,promoter__deboer_core__scratch__utr_bassetvl,promoter,deboer_core,promoter__deboer_core__architecture_comparison,launch/promoter_deboer_compare_architectures.sh,/home/minhang/synBio_AL/boda2_EU/src/learn/configs/promoter/deboer_core/utr_bassetvl/promoter__deboer_core__utr_bassetvl__bayes.yml,PromoterDataModule,UTR_BassetVL,CNNBasicTraining,epoch_end_val_pearson_r2,11,epoch_end_val_pearson_r2,0.41352805495262146,0.6265574097633362,0.39440426230430603,0.6278040409088135,0.61689692735672,,,,,0.5261138081550598,0.4781981241312202,0.6915187835693359,0.6766055822372437,/home/minhang/synBio_AL/boda2_EU/src/learn/local_artifacts/promoter/deboer_core/utr_bassetvl/bayes/model_artifacts__promoter__deboer_core__scratch__utr_bassetvl__3xhhr2g4__20260421_075901.tar.gz,completed,ankitlab2,ace1046,promoter_arch_screen_v1
2026-04-21T08:11:08,yfbfl5u5,promoter_bassetvl_lyajfi2b,https://wandb.ai/minhangxu1998-baylor-college-of-medicine/promoter__deboer_core__scratch__bassetvl/runs/yfbfl5u5,minhangxu1998-baylor-college-of-medicine,promoter__deboer_core__scratch__bassetvl,orw195cw,minhangxu1998-baylor-college-of-medicine/promoter__deboer_core__scratch__bassetvl/orw195cw,promoter__deboer_core__scratch__bassetvl,promoter,deboer_core,promoter__deboer_core__architecture_comparison,launch/promoter_deboer_compare_architectures.sh,/home/minhang/synBio_AL/boda2_EU/src/learn/configs/promoter/deboer_core/bassetvl/promoter__deboer_core__bassetvl__bayes.yml,PromoterDataModule,BassetVL,CNNBasicTraining,epoch_end_val_pearson_r2,3,epoch_end_val_pearson_r2,0.3996356129646301,0.7601457238197327,0.3155439794063568,0.5618180632591248,0.5495473146438599,,,,,0.5414736866950989,0.47528876328450836,0.6894119381904602,0.6737298369407654,/home/minhang/synBio_AL/boda2_EU/src/learn/local_artifacts/promoter/deboer_core/bassetvl/bayes/model_artifacts__promoter__deboer_core__scratch__bassetvl__yfbfl5u5__20260421_081108.tar.gz,completed,ankitlab2,ace1046,promoter_arch_screen_v1
2026-04-21T08:23:49,9rdlzl78,promoter_test_qbckryjj,https://wandb.ai/minhangxu1998-baylor-college-of-medicine/promoter__deboer_core__scratch__utr_bassetvl/runs/9rdlzl78,minhangxu1998-baylor-college-of-medicine,promoter__deboer_core__scratch__utr_bassetvl,ktzra2ju,minhangxu1998-baylor-college-of-medicine/promoter__deboer_core__scratch__utr_bassetvl/ktzra2ju,promoter__deboer_core__scratch__utr_bassetvl,promoter,deboer_core,promoter__deboer_core__architecture_comparison,launch/promoter_deboer_compare_architectures.sh,/home/minhang/synBio_AL/boda2_EU/src/learn/configs/promoter/deboer_core/utr_bassetvl/promoter__deboer_core__utr_bassetvl__bayes.yml,PromoterDataModule,UTR_BassetVL,CNNBasicTraining,epoch_end_val_pearson_r2,23,epoch_end_val_pearson_r2,0.420532763004303,0.6303367018699646,0.40098053216934204,0.6333006024360657,0.6220582723617554,,,,,0.4661616086959839,0.5318531957878293,0.7292826175689697,0.7087278962135315,/home/minhang/synBio_AL/boda2_EU/src/learn/local_artifacts/promoter/deboer_core/utr_bassetvl/bayes/model_artifacts__promoter__deboer_core__scratch__utr_bassetvl__9rdlzl78__20260421_082350.tar.gz,completed,ankitlab2,ace1046,promoter_arch_screen_v1
2026-04-21T08:36:58,leclcqe9,promoter_bassetvl_2sfqe219,https://wandb.ai/minhangxu1998-baylor-college-of-medicine/promoter__deboer_core__scratch__bassetvl/runs/leclcqe9,minhangxu1998-baylor-college-of-medicine,promoter__deboer_core__scratch__bassetvl,orw195cw,minhangxu1998-baylor-college-of-medicine/promoter__deboer_core__scratch__bassetvl/orw195cw,promoter__deboer_core__scratch__bassetvl,promoter,deboer_core,promoter__deboer_core__architecture_comparison,launch/promoter_deboer_compare_architectures.sh,/home/minhang/synBio_AL/boda2_EU/src/learn/configs/promoter/deboer_core/bassetvl/promoter__deboer_core__bassetvl__bayes.yml,PromoterDataModule,BassetVL,CNNBasicTraining,epoch_end_val_pearson_r2,17,epoch_end_val_pearson_r2,0.4010775089263916,0.7228260040283203,0.35130229592323303,0.592841386795044,0.5770556926727295,,,,,0.4988194704055786,0.5025884208322129,0.7089345455169678,0.6879618167877197,/home/minhang/synBio_AL/boda2_EU/src/learn/local_artifacts/promoter/deboer_core/bassetvl/bayes/model_artifacts__promoter__deboer_core__scratch__bassetvl__leclcqe9__20260421_083658.tar.gz,completed,ankitlab2,ace1046,promoter_arch_screen_v1
2026-04-21T08:53:58,uj0oeo85,promoter_bassetvl_ouhienp5,https://wandb.ai/minhangxu1998-baylor-college-of-medicine/promoter__deboer_core__scratch__bassetvl/runs/uj0oeo85,minhangxu1998-baylor-college-of-medicine,promoter__deboer_core__scratch__bassetvl,orw195cw,minhangxu1998-baylor-college-of-medicine/promoter__deboer_core__scratch__bassetvl/orw195cw,promoter__deboer_core__scratch__bassetvl,promoter,deboer_core,promoter__deboer_core__architecture_comparison,launch/promoter_deboer_compare_architectures.sh,/home/minhang/synBio_AL/boda2_EU/src/learn/configs/promoter/deboer_core/bassetvl/promoter__deboer_core__bassetvl__bayes.yml,PromoterDataModule,BassetVL,CNNBasicTraining,epoch_end_val_pearson_r2,3,epoch_end_val_pearson_r2,0.4087805151939392,0.7730967402458191,0.3402485251426697,0.5833682417869568,0.5805896520614624,,,,,0.5407699942588806,0.4696156624796785,0.6852850914001465,0.6702512502670288,/home/minhang/synBio_AL/boda2_EU/src/learn/local_artifacts/promoter/deboer_core/bassetvl/bayes/model_artifacts__promoter__deboer_core__scratch__bassetvl__uj0oeo85__20260421_085358.tar.gz,completed,ankitlab2,ace1046,promoter_arch_screen_v1
2026-04-21T09:01:45,006qc5xq,promoter_resnet1d_dik5dmbf,https://wandb.ai/minhangxu1998-baylor-college-of-medicine/promoter__deboer_core__scratch__resnet1d/runs/006qc5xq,minhangxu1998-baylor-college-of-medicine,promoter__deboer_core__scratch__resnet1d,dujehdgh,minhangxu1998-baylor-college-of-medicine/promoter__deboer_core__scratch__resnet1d/dujehdgh,promoter__deboer_core__scratch__resnet1d,promoter,deboer_core,promoter__deboer_core__architecture_comparison,launch/promoter_deboer_compare_architectures.sh,/home/minhang/synBio_AL/boda2_EU/src/learn/configs/promoter/deboer_core/resnet1d/promoter__deboer_core__resnet1d__bayes.yml,PromoterDataModule,ResNet1DRegressor,CNNBasicTraining,epoch_end_val_pearson_r2,9,epoch_end_val_pearson_r2,0.399795264005661,0.7185909152030945,0.33294883370399475,0.5770311951637268,0.5613976716995239,,,,,0.47633710503578186,0.5287251278161087,0.7271349430084229,0.7055159211158752,/home/minhang/synBio_AL/boda2_EU/src/learn/local_artifacts/promoter/deboer_core/resnet1d/bayes/model_artifacts__promoter__deboer_core__scratch__resnet1d__006qc5xq__20260421_090145.tar.gz,completed,ankitlab2,ace1046,promoter_arch_screen_v1
2026-04-21T09:40:43,hpcad5gr,promoter_resnet1d_fce8d0rg,https://wandb.ai/minhangxu1998-baylor-college-of-medicine/promoter__deboer_core__scratch__resnet1d/runs/hpcad5gr,minhangxu1998-baylor-college-of-medicine,promoter__deboer_core__scratch__resnet1d,dujehdgh,minhangxu1998-baylor-college-of-medicine/promoter__deboer_core__scratch__resnet1d/dujehdgh,promoter__deboer_core__scratch__resnet1d,promoter,deboer_core,promoter__deboer_core__architecture_comparison,launch/promoter_deboer_compare_architectures.sh,/home/minhang/synBio_AL/boda2_EU/src/learn/configs/promoter/deboer_core/resnet1d/promoter__deboer_core__resnet1d__bayes.yml,PromoterDataModule,ResNet1DRegressor,CNNBasicTraining,epoch_end_val_pearson_r2,49,epoch_end_val_pearson_r2,0.409668505191803,0.644426167011261,0.3909910321235657,0.6254212260246277,0.6149380803108215,,,,,0.5180147290229797,0.5254051088021174,0.7248482704162598,0.7043957114219666,/home/minhang/synBio_AL/boda2_EU/src/learn/local_artifacts/promoter/deboer_core/resnet1d/bayes/model_artifacts__promoter__deboer_core__scratch__resnet1d__hpcad5gr__20260421_094043.tar.gz,completed,ankitlab2,ace1046,promoter_arch_screen_v1
2026-04-21T09:53:54,ohbze1c9,promoter_test_fwzhwadz,https://wandb.ai/minhangxu1998-baylor-college-of-medicine/promoter__deboer_core__scratch__utr_bassetvl/runs/ohbze1c9,minhangxu1998-baylor-college-of-medicine,promoter__deboer_core__scratch__utr_bassetvl,ktzra2ju,minhangxu1998-baylor-college-of-medicine/promoter__deboer_core__scratch__utr_bassetvl/ktzra2ju,promoter__deboer_core__scratch__utr_bassetvl,promoter,deboer_core,promoter__deboer_core__architecture_comparison,launch/promoter_deboer_compare_architectures.sh,/home/minhang/synBio_AL/boda2_EU/src/learn/configs/promoter/deboer_core/utr_bassetvl/promoter__deboer_core__utr_bassetvl__bayes.yml,PromoterDataModule,UTR_BassetVL,CNNBasicTraining,epoch_end_val_pearson_r2,108,epoch_end_val_pearson_r2,0.4162135124206543,0.6123718023300171,0.4140765070915222,0.6435624957084656,0.6285067796707153,,,,,0.48973891139030457,0.518759590338822,0.720249593257904,0.7043591141700745,/home/minhang/synBio_AL/boda2_EU/src/learn/local_artifacts/promoter/deboer_core/utr_bassetvl/bayes/model_artifacts__promoter__deboer_core__scratch__utr_bassetvl__ohbze1c9__20260421_095354.tar.gz,completed,ankitlab2,ace1046,promoter_arch_screen_v1
2026-04-21T10:14:54,u667np00,promoter_resnet1d_pxs1gssh,https://wandb.ai/minhangxu1998-baylor-college-of-medicine/promoter__deboer_core__scratch__resnet1d/runs/u667np00,minhangxu1998-baylor-college-of-medicine,promoter__deboer_core__scratch__resnet1d,dujehdgh,minhangxu1998-baylor-college-of-medicine/promoter__deboer_core__scratch__resnet1d/dujehdgh,promoter__deboer_core__scratch__resnet1d,promoter,deboer_core,promoter__deboer_core__architecture_comparison,launch/promoter_deboer_compare_architectures.sh,/home/minhang/synBio_AL/boda2_EU/src/learn/configs/promoter/deboer_core/resnet1d/promoter__deboer_core__resnet1d__bayes.yml,PromoterDataModule,ResNet1DRegressor,CNNBasicTraining,epoch_end_val_pearson_r2,9,epoch_end_val_pearson_r2,0.40854403376579285,0.7479736804962158,0.3205333948135376,0.5663548707962036,0.5617430806159973,,,,,0.5090310573577881,0.49105434777007634,0.7007526755332947,0.6873810291290283,/home/minhang/synBio_AL/boda2_EU/src/learn/local_artifacts/promoter/deboer_core/resnet1d/bayes/model_artifacts__promoter__deboer_core__scratch__resnet1d__u667np00__20260421_101455.tar.gz,completed,ankitlab2,ace1046,promoter_arch_screen_v1
2026-04-21T10:30:14,pe044fyw,promoter_test_ruus11ul,https://wandb.ai/minhangxu1998-baylor-college-of-medicine/promoter__deboer_core__scratch__utr_bassetvl/runs/pe044fyw,minhangxu1998-baylor-college-of-medicine,promoter__deboer_core__scratch__utr_bassetvl,ktzra2ju,minhangxu1998-baylor-college-of-medicine/promoter__deboer_core__scratch__utr_bassetvl/ktzra2ju,promoter__deboer_core__scratch__utr_bassetvl,promoter,deboer_core,promoter__deboer_core__architecture_comparison,launch/promoter_deboer_compare_architectures.sh,/home/minhang/synBio_AL/boda2_EU/src/learn/configs/promoter/deboer_core/utr_bassetvl/promoter__deboer_core__utr_bassetvl__bayes.yml,PromoterDataModule,UTR_BassetVL,CNNBasicTraining,epoch_end_val_pearson_r2,16,epoch_end_val_pearson_r2,0.41396427154541016,0.6218135356903076,0.39690715074539185,0.630097508430481,0.6164562106132507,,,,,0.48896774649620056,0.5103968145781957,0.7144206166267395,0.6978919506072998,/home/minhang/synBio_AL/boda2_EU/src/learn/local_artifacts/promoter/deboer_core/utr_bassetvl/bayes/model_artifacts__promoter__deboer_core__scratch__utr_bassetvl__pe044fyw__20260421_103014.tar.gz,completed,ankitlab2,ace1046,promoter_arch_screen_v1
2026-04-21T10:41:12,lw15iam2,promoter_resnet1d_wy1sl0vb,https://wandb.ai/minhangxu1998-baylor-college-of-medicine/promoter__deboer_core__scratch__resnet1d/runs/lw15iam2,minhangxu1998-baylor-college-of-medicine,promoter__deboer_core__scratch__resnet1d,dujehdgh,minhangxu1998-baylor-college-of-medicine/promoter__deboer_core__scratch__resnet1d/dujehdgh,promoter__deboer_core__scratch__resnet1d,promoter,deboer_core,promoter__deboer_core__architecture_comparison,launch/promoter_deboer_compare_architectures.sh,/home/minhang/synBio_AL/boda2_EU/src/learn/configs/promoter/deboer_core/resnet1d/promoter__deboer_core__resnet1d__bayes.yml,PromoterDataModule,ResNet1DRegressor,CNNBasicTraining,epoch_end_val_pearson_r2,16,epoch_end_val_pearson_r2,0.42354005575180054,0.6582208275794983,0.3840155005455017,0.6194968223571777,0.609199583530426,,,,,0.5022615194320679,0.4960579736805148,0.7043138146400452,0.6885167360305786,/home/minhang/synBio_AL/boda2_EU/src/learn/local_artifacts/promoter/deboer_core/resnet1d/bayes/model_artifacts__promoter__deboer_core__scratch__resnet1d__lw15iam2__20260421_104112.tar.gz,completed,ankitlab2,ace1046,promoter_arch_screen_v1
2026-04-21T11:08:34,bvyp7all,promoter_test_v75ay7h3,https://wandb.ai/minhangxu1998-baylor-college-of-medicine/promoter__deboer_core__scratch__utr_bassetvl/runs/bvyp7all,minhangxu1998-baylor-college-of-medicine,promoter__deboer_core__scratch__utr_bassetvl,ktzra2ju,minhangxu1998-baylor-college-of-medicine/promoter__deboer_core__scratch__utr_bassetvl/ktzra2ju,promoter__deboer_core__scratch__utr_bassetvl,promoter,deboer_core,promoter__deboer_core__architecture_comparison,launch/promoter_deboer_compare_architectures.sh,/home/minhang/synBio_AL/boda2_EU/src/learn/configs/promoter/deboer_core/utr_bassetvl/promoter__deboer_core__utr_bassetvl__bayes.yml,PromoterDataModule,UTR_BassetVL,CNNBasicTraining,epoch_end_val_pearson_r2,13,epoch_end_val_pearson_r2,0.413588285446167,0.623049259185791,0.3939669728279114,0.627666711807251,0.6177924275398254,,,,,0.5086174011230469,0.4965058769965465,0.7046317458152771,0.6887402534484863,/home/minhang/synBio_AL/boda2_EU/src/learn/local_artifacts/promoter/deboer_core/utr_bassetvl/bayes/model_artifacts__promoter__deboer_core__scratch__utr_bassetvl__bvyp7all__20260421_110834.tar.gz,completed,ankitlab2,ace1046,promoter_arch_screen_v1
2026-04-21T11:33:11,fovhcixs,promoter_resnet1d_lr68tzaf,https://wandb.ai/minhangxu1998-baylor-college-of-medicine/promoter__deboer_core__scratch__resnet1d/runs/fovhcixs,minhangxu1998-baylor-college-of-medicine,promoter__deboer_core__scratch__resnet1d,dujehdgh,minhangxu1998-baylor-college-of-medicine/promoter__deboer_core__scratch__resnet1d/dujehdgh,promoter__deboer_core__scratch__resnet1d,promoter,deboer_core,promoter__deboer_core__architecture_comparison,launch/promoter_deboer_compare_architectures.sh,/home/minhang/synBio_AL/boda2_EU/src/learn/configs/promoter/deboer_core/resnet1d/promoter__deboer_core__resnet1d__bayes.yml,PromoterDataModule,ResNet1DRegressor,CNNBasicTraining,epoch_end_val_pearson_r2,17,epoch_end_val_pearson_r2,0.41469907760620117,0.6544601917266846,0.3748290240764618,0.6123484969139099,0.6040709614753723,,,,,0.5051432251930237,0.4950339769630467,0.7035864591598511,0.6864582300186157,/home/minhang/synBio_AL/boda2_EU/src/learn/local_artifacts/promoter/deboer_core/resnet1d/bayes/model_artifacts__promoter__deboer_core__scratch__resnet1d__fovhcixs__20260421_113311.tar.gz,completed,ankitlab2,ace1046,promoter_arch_screen_v1
2026-04-21T12:05:53,0rm93fr1,promoter_test_nxx3sloa,https://wandb.ai/minhangxu1998-baylor-college-of-medicine/promoter__deboer_core__scratch__utr_bassetvl/runs/0rm93fr1,minhangxu1998-baylor-college-of-medicine,promoter__deboer_core__scratch__utr_bassetvl,ktzra2ju,minhangxu1998-baylor-college-of-medicine/promoter__deboer_core__scratch__utr_bassetvl/ktzra2ju,promoter__deboer_core__scratch__utr_bassetvl,promoter,deboer_core,promoter__deboer_core__architecture_comparison,launch/promoter_deboer_compare_architectures.sh,/home/minhang/synBio_AL/boda2_EU/src/learn/configs/promoter/deboer_core/utr_bassetvl/promoter__deboer_core__utr_bassetvl__bayes.yml,PromoterDataModule,UTR_BassetVL,CNNBasicTraining,epoch_end_val_pearson_r2,42,epoch_end_val_pearson_r2,0.40834173560142517,0.6312366724014282,0.38866662979125977,0.6233094334602356,0.605369508266449,,,,,0.493951678276062,0.5038004738615544,0.7097890377044678,0.6940270662307739,/home/minhang/synBio_AL/boda2_EU/src/learn/local_artifacts/promoter/deboer_core/utr_bassetvl/bayes/model_artifacts__promoter__deboer_core__scratch__utr_bassetvl__0rm93fr1__20260421_120553.tar.gz,completed,ankitlab2,ace1046,promoter_arch_screen_v1
2026-04-21T12:52:28,a4h93hpe,promoter_test_yjn2ohju,https://wandb.ai/minhangxu1998-baylor-college-of-medicine/promoter__deboer_core__scratch__utr_bassetvl/runs/a4h93hpe,minhangxu1998-baylor-college-of-medicine,promoter__deboer_core__scratch__utr_bassetvl,ktzra2ju,minhangxu1998-baylor-college-of-medicine/promoter__deboer_core__scratch__utr_bassetvl/ktzra2ju,promoter__deboer_core__scratch__utr_bassetvl,promoter,deboer_core,promoter__deboer_core__architecture_comparison,launch/promoter_deboer_compare_architectures.sh,/home/minhang/synBio_AL/boda2_EU/src/learn/configs/promoter/deboer_core/utr_bassetvl/promoter__deboer_core__utr_bassetvl__bayes.yml,PromoterDataModule,UTR_BassetVL,CNNBasicTraining,epoch_end_val_pearson_r2,20,epoch_end_val_pearson_r2,0.4177093207836151,0.6287475228309631,0.3952789604663849,0.628664493560791,0.6146503686904907,,,,,0.4907287359237671,0.5098746756182252,0.7140551209449768,0.6958343386650085,/home/minhang/synBio_AL/boda2_EU/src/learn/local_artifacts/promoter/deboer_core/utr_bassetvl/bayes/model_artifacts__promoter__deboer_core__scratch__utr_bassetvl__a4h93hpe__20260421_125229.tar.gz,completed,ankitlab2,ace1046,promoter_arch_screen_v1
2026-04-21T13:02:04,5ieq4j8b,promoter_resnet1d_o0btjcsh,https://wandb.ai/minhangxu1998-baylor-college-of-medicine/promoter__deboer_core__scratch__resnet1d/runs/5ieq4j8b,minhangxu1998-baylor-college-of-medicine,promoter__deboer_core__scratch__resnet1d,dujehdgh,minhangxu1998-baylor-college-of-medicine/promoter__deboer_core__scratch__resnet1d/dujehdgh,promoter__deboer_core__scratch__resnet1d,promoter,deboer_core,promoter__deboer_core__architecture_comparison,launch/promoter_deboer_compare_architectures.sh,/home/minhang/synBio_AL/boda2_EU/src/learn/configs/promoter/deboer_core/resnet1d/promoter__deboer_core__resnet1d__bayes.yml,PromoterDataModule,ResNet1DRegressor,CNNBasicTraining,epoch_end_val_pearson_r2,45,epoch_end_val_pearson_r2,0.4079042673110962,0.6630732417106628,0.38276124000549316,0.6184824705123901,0.6045117378234863,,,,,0.4985419511795044,0.5137644059263592,0.7167735695838928,0.7002452611923218,/home/minhang/synBio_AL/boda2_EU/src/learn/local_artifacts/promoter/deboer_core/resnet1d/bayes/model_artifacts__promoter__deboer_core__scratch__resnet1d__5ieq4j8b__20260421_130204.tar.gz,completed,ankitlab2,ace1046,promoter_arch_screen_v1
2026-04-21T13:38:03,olj6rjq8,promoter_resnet1d_okyotxle,https://wandb.ai/minhangxu1998-baylor-college-of-medicine/promoter__deboer_core__scratch__resnet1d/runs/olj6rjq8,minhangxu1998-baylor-college-of-medicine,promoter__deboer_core__scratch__resnet1d,dujehdgh,minhangxu1998-baylor-college-of-medicine/promoter__deboer_core__scratch__resnet1d/dujehdgh,promoter__deboer_core__scratch__resnet1d,promoter,deboer_core,promoter__deboer_core__architecture_comparison,launch/promoter_deboer_compare_architectures.sh,/home/minhang/synBio_AL/boda2_EU/src/learn/configs/promoter/deboer_core/resnet1d/promoter__deboer_core__resnet1d__bayes.yml,PromoterDataModule,ResNet1DRegressor,CNNBasicTraining,epoch_end_val_pearson_r2,12,epoch_end_val_pearson_r2,0.4128299355506897,0.7052922248840332,0.3721269369125366,0.61012864112854,0.6018902063369751,,,,,0.5285730361938477,0.5013272953288713,0.7080447673797607,0.6890168786048889,/home/minhang/synBio_AL/boda2_EU/src/learn/local_artifacts/promoter/deboer_core/resnet1d/bayes/model_artifacts__promoter__deboer_core__scratch__resnet1d__olj6rjq8__20260421_133803.tar.gz,completed,ankitlab2,ace1046,promoter_arch_screen_v1
2026-04-21T14:06:07,zlg6tf23,promoter_test_5e445qla,https://wandb.ai/minhangxu1998-baylor-college-of-medicine/promoter__deboer_core__scratch__utr_bassetvl/runs/zlg6tf23,minhangxu1998-baylor-college-of-medicine,promoter__deboer_core__scratch__utr_bassetvl,ktzra2ju,minhangxu1998-baylor-college-of-medicine/promoter__deboer_core__scratch__utr_bassetvl/ktzra2ju,promoter__deboer_core__scratch__utr_bassetvl,promoter,deboer_core,promoter__deboer_core__architecture_comparison,launch/promoter_deboer_compare_architectures.sh,/home/minhang/synBio_AL/boda2_EU/src/learn/configs/promoter/deboer_core/utr_bassetvl/promoter__deboer_core__utr_bassetvl__bayes.yml,PromoterDataModule,UTR_BassetVL,CNNBasicTraining,epoch_end_val_pearson_r2,85,epoch_end_val_pearson_r2,0.424067884683609,0.640602171421051,0.37661993503570557,0.6136699318885803,0.6020172238349915,,,,,0.5171442031860352,0.4793386476304503,0.6923428773880005,0.6789121031761169,/home/minhang/synBio_AL/boda2_EU/src/learn/local_artifacts/promoter/deboer_core/utr_bassetvl/bayes/model_artifacts__promoter__deboer_core__scratch__utr_bassetvl__zlg6tf23__20260421_140607.tar.gz,completed,ankitlab2,ace1046,promoter_arch_screen_v1
2026-04-21T14:21:31,qnn1c2i6,promoter_resnet1d_nhhk1tgz,https://wandb.ai/minhangxu1998-baylor-college-of-medicine/promoter__deboer_core__scratch__resnet1d/runs/qnn1c2i6,minhangxu1998-baylor-college-of-medicine,promoter__deboer_core__scratch__resnet1d,dujehdgh,minhangxu1998-baylor-college-of-medicine/promoter__deboer_core__scratch__resnet1d/dujehdgh,promoter__deboer_core__scratch__resnet1d,promoter,deboer_core,promoter__deboer_core__architecture_comparison,launch/promoter_deboer_compare_architectures.sh,/home/minhang/synBio_AL/boda2_EU/src/learn/configs/promoter/deboer_core/resnet1d/promoter__deboer_core__resnet1d__bayes.yml,PromoterDataModule,ResNet1DRegressor,CNNBasicTraining,epoch_end_val_pearson_r2,26,epoch_end_val_pearson_r2,0.4062899649143219,0.7213614583015442,0.3309318721294403,0.5753603577613831,0.5592384338378906,,,,,0.4772120416164398,0.5342552552612319,0.7309276461601257,0.7095463275909424,/home/minhang/synBio_AL/boda2_EU/src/learn/local_artifacts/promoter/deboer_core/resnet1d/bayes/model_artifacts__promoter__deboer_core__scratch__resnet1d__qnn1c2i6__20260421_142131.tar.gz,completed,ankitlab2,ace1046,promoter_arch_screen_v1
2026-04-21T14:58:29,rjbeyyly,promoter_resnet1d_un7proxf,https://wandb.ai/minhangxu1998-baylor-college-of-medicine/promoter__deboer_core__scratch__resnet1d/runs/rjbeyyly,minhangxu1998-baylor-college-of-medicine,promoter__deboer_core__scratch__resnet1d,dujehdgh,minhangxu1998-baylor-college-of-medicine/promoter__deboer_core__scratch__resnet1d/dujehdgh,promoter__deboer_core__scratch__resnet1d,promoter,deboer_core,promoter__deboer_core__architecture_comparison,launch/promoter_deboer_compare_architectures.sh,/home/minhang/synBio_AL/boda2_EU/src/learn/configs/promoter/deboer_core/resnet1d/promoter__deboer_core__resnet1d__bayes.yml,PromoterDataModule,ResNet1DRegressor,CNNBasicTraining,epoch_end_val_pearson_r2,15,epoch_end_val_pearson_r2,0.412086546421051,0.6819541454315186,0.3597450256347656,0.5997070670127869,0.5909651517868042,,,,,0.538558840751648,0.48377824104269485,0.6955416798591614,0.6791596412658691,/home/minhang/synBio_AL/boda2_EU/src/learn/local_artifacts/promoter/deboer_core/resnet1d/bayes/model_artifacts__promoter__deboer_core__scratch__resnet1d__rjbeyyly__20260421_145829.tar.gz,completed,ankitlab2,ace1046,promoter_arch_screen_v1
2026-04-21T15:47:01,hk0p72kg,promoter_resnet1d_0of6yymy,https://wandb.ai/minhangxu1998-baylor-college-of-medicine/promoter__deboer_core__scratch__resnet1d/runs/hk0p72kg,minhangxu1998-baylor-college-of-medicine,promoter__deboer_core__scratch__resnet1d,dujehdgh,minhangxu1998-baylor-college-of-medicine/promoter__deboer_core__scratch__resnet1d/dujehdgh,promoter__deboer_core__scratch__resnet1d,promoter,deboer_core,promoter__deboer_core__architecture_comparison,launch/promoter_deboer_compare_architectures.sh,/home/minhang/synBio_AL/boda2_EU/src/learn/configs/promoter/deboer_core/resnet1d/promoter__deboer_core__resnet1d__bayes.yml,PromoterDataModule,ResNet1DRegressor,CNNBasicTraining,epoch_end_val_pearson_r2,14,epoch_end_val_pearson_r2,0.3942829370498657,0.6812820434570312,0.3745909333229065,0.6123247146606445,0.591559112071991,,,,,0.6531814336776733,0.4274873975682134,0.6538252830505371,0.6361009478569031,/home/minhang/synBio_AL/boda2_EU/src/learn/local_artifacts/promoter/deboer_core/resnet1d/bayes/model_artifacts__promoter__deboer_core__scratch__resnet1d__hk0p72kg__20260421_154701.tar.gz,completed,ankitlab2,ace1046,promoter_arch_screen_v1
